:020000042400D6
:100000000000022055D103244D0B0124C9470124CF
:1000100099480124A9480124A148012400000000B6
:100020000000000000000000000000004D0B012453
:100030004D0B0124000000004D0B0124B1A4000071
:100040004D0B01244D0B01244D0B01244D0B0124BC
:100050004D0B01244D0B01244D0B01244D0B0124AC
:100060004D0B01244D0B01244D0B012479B80000E8
:1000700085B800006DB8000091B800009DB8000080
:10008000C9B700003DB800004D0B01244D0B012401
:100090004D0B01244D0B01244D0B01244D0B01246C
:1000A0004D0B01244D0B01244D0B01244D0B01245C
:1000B00075AE022481AE02248DAE02246922012491
:1000C0004D0B0124752201244D0B0124C51E012472
:1000D000D11E01244D0B01244D0B01244D0B012495
:1000E0004D0B01244D0B0124000000004D0B012499
:1000F0004D0B01244D0B01244D0B01244D0B01240C
:100100004D0B01244D0B012499AE0224DD1E012468
:10011000C1B800004D0B012465AB02244D0B012436
:10012000A9B80000B5B80000D5B7000009B80000B4
:100130004D0B01244D0B01244D0B01244D0B0124CB
:1001400000000000000000000000000000000000AF
:100150004D0B01244D0B01244D0B01244D0B0124AB
:10016000812201244D0B0124CD130124F11301241C
:100170004D0B0124151401244D0B01244D0B0124BA
:100180004D0B01244D0B01244D0B01244D0B01247B
:10019000E91E0124F51E01244D0B01244D0B012401
:1001A0004D0B01244D0B01244D0B01244D0B01245B
:1001B000892C01244D0B01244D0B01244D0B0124EE
:1001C0004D0B01244D0B01244D0B01244D0B01243B
:1001D0004D0B0124A52F01244D0B01244D0B0124AF
:1001E0004D0B01244D0B01244D0B01244D0B01241B
:1001F0004D0B01244D0B01244D0B01244D0B01240B
:100200004D0B01244D0B01244D0B01244D0B0124FA
:100210004D0B01244D0B01244D0B01244D0B0124EA
:100220004D0B01244D0B01244D0B01240000000057
:100230004D0B01244D0B0124000000004D0B012447
:100240004D0B01244D0B01244D0B01244D0B0124BA
:100250004D0B01244D0B01244D0B01244D0B0124AA
:100260004D0B01244D0B01244D0B01244D0B01249A
:100270004D0B01244D0B01244D0B01240000000007
:100280004D0B01244D0B01244D0B012400000000F7
:08029000000000004D0B0124E9
:100298000000000000000000000000000000000056
:1002A8000000000000000000000000000000000046
:1002B8002DE9F04F83B00E4605465E496846144660
:1002C8000BF002FD5C4A5D4913685D4F1B1B012B57
:1002D8000B6013605B4B5C4ADB68D8BF023BD362A0
:1002E800D7F88424D7F88034D21A584BA3FB0213CA
:1002F8009B0903EBC303A2EB431294425CD3002C8B
:1003080054D0A20003D0304600210BF04DFC002150
:100318004F4A05F1040CD2F8048747F6FF7055F8E8
:10032800213008F1010A4B4E83F400034A4FA6FB23
:100338000AE902EB4808A3F500034FEA991987FB7D
:1003480003EB4FEAE37E09EB49095CF82130CEEB79
:10035800AB1E0231AAEB491983F400030EF30F0E0A
:10036800A0EB0E0EC2F80497A3F500038C42A8F880
:1003780040E6D2F8CCE787FB03974FEAE3730EF128
:10038800010802EB4E0EC3EBA713A6FB089603F376
:100398000F034FEA9616A0EB030006EB4606AEF8ED
:1003A8000807A8EB4616C2F8CC67B4D868460BF025
:1003B80067FC03B0BDE8F08FD7F8803404EB03087E
:1003C800B8F5907F27D84FEA8802A146A2EB8302AE
:1003D80007EB8301042A23DD30460BF031FC4C4542
:1003E8000BD0A4EB09024FEA890306EB89009200BF
:1003F800042A1ADD12490BF023FC144BA3FB082333
:100408009B0903EBC303A8EB4313C7F88034002C04
:100418007FF47DAFCAE7C3F590794FF49062D5E7D2
:10042800DDD157F823303360D9E7E6D13A68F25086
:10043800E3E700BFF45E0020243A0020203A0020C1
:10044800283A0020B03E002000100040398EE338E2
:10045800F41F0120ABAAAAAA61606060032804D82F
:10046800024B03EB80000AF073B97047AC0100201F
:1004780003280AD904380123064AC0B21268834007
:10048800134214BF012000207047034B03EB800088
:100498000AF070B96C470020AC01002038B5002183
:1004A80011480AF055F901210F4800240F4D0AF0B0
:1004B8004FF90CE0134301210D4801342B600AF079
:1004C80047F900210A480AF043F9092C0AD00948DB
:1004D8000AF050F901232A68A3400028EAD122EA49
:1004E8000303E8E738BD00BFC40100206C470020C3
:1004F800C80100207047002038B5144C0020FFF7D1
:10050800CDFF6579201D0BF0E3FB002240EA450092
:100518000F49607120460F4C00F074FD6579201D6D
:100528000BF0D6FB40EA4500C0B28028607103D0CA
:10053800BDE8384000F0D6BD082300220220194645
:100548000BF076FBBDE8384000F0CCBD043F00203E
:10055800A4010020FC3E00202DE9F0470C4680460F
:100568006FF001002DED028B0BF092FB05464FF06A
:10057800FF300BF08DFB064620460BF021FB0746AB
:1005880020460BF0D5FB97F805906022B9F1000FD3
:1005980000F09080B9F10A0F4FF0000128463ED9CB
:1005A80007EB04090BF000FB6022002130469FEDA9
:1005B800468A0BF0F9FA99F806302946082000EE29
:1005C800103AB8EE400A80EE080A0BF01DFB99F8C5
:1005D80006303146092000EE103AB8EE400A80EEA7
:1005E800080A0BF011FB394B93F80090B9F1000F92
:1005F80011D007F1060E0027BC4205D09EF8003046
:1006080013B1D8F800200ABB01370EF1010E08F12A
:100618000C084F45F0D1BDEC028BBDE8F0870BF01C
:10062800C3FA3B19787929469B799FED270A013847
:1006380007EE903AF8EE677A87EE800A0BF0E4FA54
:100648006022294630460BF0FBFACCE7D8F80410B4
:10065800B44602F1600A002914BF0846104629462C
:1006680001E09EF8003007EE903AB2EC017ADFED37
:10067800166AF8EEE77A91ED006A524567EE877AD6
:1006880087EEA67A77EE067AE1EC017A9EF80030DA
:10069800B0EC017A07EE903A9CED006AF8EEE77A42
:1006A80067EE877A87EEA67A77EE067AECEC017A1F
:1006B800D7D1A9E7494628460BF076FA4946602281
:1006C80030460BF071FA8EE70000C842A8010020FE
:1006D8002DE9F047D44C804622682DED048BB0B04C
:1006E800002A71D0616800296ED0D04B1820D1ED56
:1006F800006A92ED007A93ED005A93ED023A93ED79
:10070800014AD3ED035AD3ED053AD3ED044AC8495B
:1007180040E0B8EEC46AF8EEC57AE7EE467AFDEE38
:10072800E77A17EE902AD1F884641202C14B751C3F
:10073800DFEDC17A41F82620A3FB0523F4EEE76A32
:100748009B09F1EE10FA03EBC303A5EB4313C1F8C1
:10075800843440F17082B8EEE46AF8EEE57AE6EEA9
:10076800C67AFDEEE77A17EE902AD1F88464120271
:10077800B04B013806F1010541F82620A3FB0523FB
:100788004FEA931303EBC303A5EB4313C1F8843477
:1007980000F06982DFEDA87AB4EEE77AF1EE10FA9C
:1007A800B7D4DFEDA67AB4EEE77AF1EE10FA40F3AB
:1007B8005482B8EEC36AF8EEC57AE7EE467AFDEEE3
:1007C800E77A17EE902AAEE7002618AC60220021DF
:1007D8006846B14637460BF0E7F96022002120460B
:1007E8000BF0E2F948460BF0A3FAC3680546D0F8C7
:1007F80040A2DA0740F1BF8040F601029A4300F0B8
:100808000D81B7EE008AF0EE488A9AF80500F8B133
:100818009AF80F30E3B107EE903A9FED899A0A28CB
:10082800F8EE677A87EE890A00F21881013869467E
:100838000BF0EAF99AF80F309AF80500214600EE15
:10084800103A0138B8EE400A80EE090A0BF0DCF9DC
:100858009AF80B30022B00F0D580032B00F0C480EF
:10086800012B0DD1D8F80020002A40F04681D8F895
:100878000420002A40F03581EB6803F001031E4391
:1008880009F1010908F10C08B9F1040FAAD1684A65
:10089800D2F8845405F13001B1F5907F00F250810F
:1008A800644B02EB8505A3FB01039B0903EBC30320
:1008B800A1EB4313C2F88434002E00F045815B4B52
:1008C80093ED006A93ED025AD3ED015A002F40F0E0
:1008D8002E825C4B05F1080269462046D3ED004A9A
:1008E8002DE0F8EEE56AF8EEC67AE7EE667AFDEEF8
:1008F800E77A17EE903AF0EC017A1B029FED527AF4
:1009080077EEA47A42F8083CF4EEC77AF1EE10FAD2
:1009180040F26F829FED4D7AF4EEC77AF1EE10FA4D
:1009280080F28582B0EE677ABEEEE47A17EE103A6E
:100938008C4242F8043C02F1080200F05581B1EC07
:10094800017ADFED3D7AB4EEE77AF1EE10FAC8D419
:10095800DFED3A7AB4EEE77AF1EE10FA40F3698205
:10096800F8EEC56AF8EEC67AE7EE667AFDEEE77A43
:1009780017EE903ABFE79AF80D309FED359A07EEDB
:10098800903ADFED348A9FED348AF8EE677A87EE85
:10099800890A20EE280A09F0C1FF9AF80D30B0EE56
:1009A800407A07EE903A9AF80C30F8EE677A87EEBC
:1009B800890A07EE903AF8EEE77A20EE280A67EE01
:1009C800888A68EEA78A68EE878A09F0E3FF9AF8B2
:1009D8000C3007EE903AF8EEE77A27EE888A28EE90
:1009E800278A28EE008A10E7D8F80020002A40F06D
:1009F8009580D8F80420002A62D1EB6803F001033F
:100A08001F433DE7D8E90002C8BB002A40F0018136
:100A1800EB6803F001031E431F4331E7B2EE008A7F
:100A2800F0EE488AF1E600BF60F20020781F01204E
:100A3800283A0020398EE33817B751B917B751391A
:100A48000000C842183A002004FF7FBF04FF7F3F20
:100A580000007F43DB0FC93F8000803869460820CB
:100A68000BF0D2F89AF80F302146092000EE103A20
:100A7800B8EE400A80EE090A0BF0C6F8E8E601462F
:100A88006B46F3EC017AB1EC017AA342E8EE877A7F
:100A980043ED017AF5D1002A40F0BB802346F3EC00
:100AA800017A30AAB0EC017A9342E8EE077A43ED76
:100AB800017AF4D1EB6803F001031E431F43DFE61C
:100AC8002346F3EC017A30A9B2EC017A8B42E8EEC6
:100AD800077A43ED017AF4D1EB6803F001031F4371
:100AE800CEE66B46F3EC017AB2EC017AA342E8EE6B
:100AF800077A43ED017AF5D1BEE66B46F3EC017A4D
:100B0800B2EC017AA342E8EE877A43ED017AF5D197
:100B1800D8F80420002A3FF4AFAEE2E72346F3EC0E
:100B2800017A30A9B2EC017A8B42E8EE877A43ED7C
:100B3800017AF4D1D8F80420002A3FF45EAFBFE769
:100B48000025002E7FF4BBAEBE4BD3ED006A002F0C
:100B580040F0A880BC4B05F108026946204693ED99
:100B6800006A13E09FEDB97AF4EEC77AF1EE10FA55
:100B780080F24181B0EE677ABEEEE47A17EE103A61
:100B8800A14242F8043C02F108022DD0F1EC017AAE
:100B98009FEDAF7A77EEA67AF4EEC77AF1EE10FA07
:100BA80040F213819FEDA97AF4EEC77AF1EE10FABC
:100BB80080F22381B0EE677ABEEEE47A17EE103A3F
:100BC800F0EC017A9FEDA27A77EE867A42F8083C3B
:100BD800F4EEC77AF1EE10FAC4D89E4BA14202F1A6
:100BE800080242F80C3CD1D12146684618220BF085
:100BF80083F82A68984B9949134499488B4294BFC3
:100C08000021012109F0A4FD30B0BDEC048BBDE842
:100C1800F0872346F3EC017A30A9B2EC017A8B42D3
:100C2800E8EE077A43ED017AF4D1EB6803F00103AB
:100C38001E431F4324E6DFED8B7AF4EEE76AF1EEFC
:100C480010FA0DDDB8EEE36AF8EEE57AE6EEC67A5C
:100C5800FDEEE77A17EE902A87E515EE102A62E591
:100C680015EE902A81E5DFED807AB4EEE77AF1EEB1
:100C780010FA15DADFED7D7AB4EEE77AF1EE10FAC4
:100C880094BF01210021764809F062FD0122D4E9D0
:100C9800000130B0BDEC048BBDE8F0470BF02CB878
:100CA8000121F0E7724B05F1080269462046D3EDB1
:100CB800035AD3ED054A93ED045A2BE09FED637A6E
:100CC800F4EEC77AF1EE10FA80F2B680B0EE677AE9
:100CD800BEEEE47A17EE103AB0EC017ADFED657AF1
:100CE80042F8083CB4EEE77AF1EE10FA40F187805A
:100CF800B8EEC56AF8EEE57AE7EE467AFDEEE77AF1
:100D080017EE903A1B028C4202F1080242F80C3CA2
:100D18003FF46AAFF1EC017A9FED4D7A77EEA67A4F
:100D2800F4EEC77AF1EE10FAC8D84A4BD4E7D3EDFF
:100D3800034A05F10802D3ED053A694693ED044AE2
:100D4800204627E0F8EEE56AF8EEC67AE7EE667A1E
:100D5800FDEEE77A17EE903AB0EC017A1B02DFED70
:100D6800457A42F8083CB4EEE77AF1EE10FA2ED54F
:100D7800F8EEC46AF8EEE47AE7EE667AFDEEE77A12
:100D880017EE903A1B028C4202F1080242F80C3C22
:100D98003FF42AAFB1EC017ADFED367AB4EEE77AA8
:100DA800F1EE10FACED4DFED2F7AB4EEE77AF1EE59
:100DB80010FA36DDF8EEC56AF8EEC67AE7EE667A1E
:100DC800FDEEE77A17EE903AC6E7224BF8E6DFED3C
:100DD800257AB4EEE77AF1EE10FA25DDF8EEE36A4B
:100DE800F8EEE47AE7EE667AFDEEE77A17EE903AE7
:100DF800C8E7184B9CE5204BC2E61F4BE0E6DFED49
:100E0800197AB4EEE77AF1EE10FA17DDB8EEE46A73
:100E1800F8EEE57AE7EE467AFDEEE77A17EE903AD5
:100E280070E716EE103A97E714EE903AAAE7124BDD
:100E38007EE516EE103A5EE50F4B4DE715EE903A5B
:100E480060E700BF1C3A0020183A002004FF7F3FEB
:100E580004FF7FBF7E0080FF81FF7F0002FFFF004D
:100E6800BC01002017B7513904FFFF4A04FFFFCA2D
:100E7800781F012017B751B982FF7F0070B582B083
:100E880009F07CFE0AF0B8FE00214FF0FF300AF0AE
:100E980007FF514A138801339BB21380002B00F0DF
:100EA80097804E488468002C40F08D804C494D4A0C
:100EB800D1F88034D1F88414013B5B1AA2FB0312E9
:100EC800920902EBC202A3EB42132F2B28D8464CFF
:100ED800D4F80431D4F800219B1ADBB2D3B1434DC6
:100EE800D4F800212868531CA15C0668DBB272683C
:100EF800C4F80031904709F041FED4F80431D4F821
:100F080000219B1ADBB2002BEAD10AF029FE28B196
:100F180009F034FE0AF024FE0028F9D102B070BDB1
:100F2800334D0AF0E5FE334E0AF022FE22462846EB
:100F3800C8214FF0640C10F8013F01FB02611B014E
:100F4800D1F8C4405BB2611E5F2988BF04F15F011C
:100F58000CFB0211013236F81110B1F50F4F88BFA2
:100F680043F00F03082A0370E2D1234E00243068AF
:100F7800234606E0FF2901D1104301240133082B41
:100F880010D015F8011F4FF480320F2902FA03F22E
:100F9800F0D14FF0011201249A400133082B40EAA6
:100FA8000200EED104B1306000F0DEF900231349ED
:100FB800684633600AF088FE01200AF091FE684610
:100FC8000AF05EFE83E7C36802B0BDE870401847C8
:100FD8000B4809F0DDFB64E7143A0020FC390020D7
:100FE800283A0020398EE338080100301CE200203E
:100FF8000B3A0020F41F012004280120F05E002095
:101008009847002038B543790D46802B13D0044605
:1010180023B90B68013312D1002038BD7F2BFBD1D7
:1010280012B10B680133F7D04FF0FF332B60206803
:10103800A0B9022038BD0AF0BFFD2860ECE70AF02D
:10104800BBFD254B2A681B68801A8342E4D24FF007
:10105800FF332B602068F8B9032038BD1F4980B2E0
:101068001F4A0D88D2F88030D2F88410013B5B1AF1
:101078001B07F7D0D2F884404FF0020C02EBC403F0
:10108800611C22F834C001F00F0158800020DD8077
:10109800C2F884109880CCE7104980B2104A0C88B6
:1010A8000443D2F88030D2F88410013B5B1A190748
:1010B800F7D0D2F884504FF0030C02EBC503691C3B
:1010C80022F835C001F00F0158800020DC80C2F8FA
:1010D80084109880C0E700BF20E300202AE30020A6
:1010E80048E200202DE9F843964C0026251F04F11C
:1010F8002008677820460AF0EBFD40EA4700C0B2B6
:101108006070C00702D434F8043C1E430834A0457C
:10111800EFD18D4F05F120098C4CB8462680284622
:10112800083541460022FFF76DFF4D4508F10408D8
:10113800F5D1874D95F80C8028460AF0C9FD40EA9C
:10114800480095F80D802873681C0AF0C1FD40EA34
:101158004800DFF8108298F80C90687340460AF04F
:10116800B7FD40EA490098F80D9088F80C0008F19E
:1011780001000AF0ADFD98F8021040EA4900D8F8DD
:101188000820C0B288F80D0011B1002A40F088800C
:1011980098F80C3000F0030003F00303022B79D118
:1011A800002877D1012398F8030000B15B4221B1F0
:1011B800D8F80410994200F0AE800022C8F8043034
:1011C800C8F8082018B2634AD2F88030D2F88410E0
:1011D800013B5B1A1907F7D0D2F88430042122F8B2
:1011E8003310591C02EBC30301F00F019880C2F8B9
:1011F80084104FF48072DE805A80002E40F09E806A
:10120800A878A96818B111B1103921EAE1712B7BCE
:101218006A7B03F0030302F00302022B47D1002A82
:1012280045D10123EA7802B15B42002845D100226A
:101238006B60AA605B42474A18B2D2F88030D2F895
:101248008410013B5B1A1B07F7D0D2F884300421C5
:1012580022F83310591C02EBC30301F00F019880E8
:10126800C2F884104FF40072DE805A80002E61D1DB
:10127800394A218813888B4233D00023374811809C
:10128800374C03600AF098FC2368C01A31282CD820
:10129800BDE8F883022807D133B94FF0FF3382E75E
:1012A800103A22EAE27273E7C8F80820A8E7022A8F
:1012B8002FD173BB4FF0FF33B4E76A689A42B6D1B7
:1012C800D031B1F5805FA8BF4FF48051A9600912F1
:1012D80001FB0333002BADD11F4A218813888B42B1
:1012E800CBD11E4803680133CAE70AF065FC194BE5
:1012F80001252060D3F8841000244A1903EBC100AB
:1013080043F8315002F00F024460C3F88420BDE86E
:10131800F883A960ACE7D032B2F5805FA8BF4FF47C
:101328008052C8F80820121202FB0333002B3FF446
:1013380067AF47E70AF040FCF86099E70AF03CFC21
:10134800B8605DE7F4E2002010E300202AE3002003
:10135800E0E2002048E2002028E3002024E3002007
:1013680044E20020D0E20020814B824A5B682DE9EC
:10137800F04F002487B0CDE902327F4A01237F482D
:101388001268A3409442A4EB020180F2DD807C4AFB
:101398001268134214BF01230023002B40F0DB80A6
:1013A8000134102CE9D1DFF804A2DAF80030013357
:1013B800CAF800300AF060FC724B8AF80400D3F8CF
:1013C80000B0BBF1000F00F0CC806F4B0025DFF8B8
:1013D800E0915846DFF8DC819E4609E001350EF1C0
:1013E800300E09F1040908F10608854200F0B980B9
:1013F800092DF3D8DFF8C0C1C8230022602103FB00
:1014080005C34FF6FF7714461646D3F8C030CDF81B
:1014180000904FF0640B03F101090BFB053B3CF80E
:101428001B309F4228BF1F469E4238BF1E469B184E
:101438001A46564B44F100040139A3FB09B34FEA9D
:10144800931303EB4303A9EB4313E2D1D31BDDF85A
:10145800009064F100029B1B62F10002D90D41EA81
:101468004221D717C1F31604C3F3160107F0150676
:1014780027F02D072144464C01EB92313144A4FB5F
:101488000164444E640904EB440BC4EB0B14091BC0
:1014980039445B1A62EBE1713F4A02FB03F206FB37
:1014A8000122A3FB0636921900D50133C3F34F037B
:1014B800AEF13004834607EE903AB8F8303007EEC4
:1014C800103AF8EE677AB8EEC77A77EEC77AF5EE93
:1014D800C07AF1EE10FA4CBFB8F83230B8F83430B0
:1014E80007EE103AB8EEC77AC7EE876AC9ED006A08
:1014F80013E0D1F8C0707A1C06FB0577A3FB0263E2
:101508003CF817609B0924F8026F744503EB43030A
:10151800A2EB4313C1F8C03014D0C8211B4B1F4F96
:10152800642601FB05C1D1F8C420D1F8C000121A05
:1015380003FB02F2B7EB721FDBD3268824F8026F95
:101548007445EAD1584649E7435CA3F10F03B3FA5F
:1015580083F35B0921E70AF02FFB114B43F82400C2
:101568001EE7074B00250F4A1C682B460E492AE048
:10157800001000E01CF70020741F01204CF0002030
:1015880004280120701F012082F00020ABAAAAAA1B
:101598005D414CAECF467D67A3BEB351AAAAAA024D
:1015A800C42701204CEF00202CF000206804002004
:1015B80034F20020781F0120F41F0120013342ED8E
:1015C800017A082B19D0B7EE007AF2EC016AF1EC37
:1015D800017AF4EEC76AF1EE10FAEFD5F4EEC77AA5
:1015E8004FF480709840F1EE10FAE7DD01330443C0
:1015F800012542ED017A082BE5D10DB1A44B1C6001
:10160800A44B4FF00008A44F0093DFF8BC92A34B03
:10161800DFF8C8B20193009B00227D680593002380
:10162800CAE90433AAF81C309D4B5B6804933C2339
:10163800CAF818300023CAE90223EB6818071CD53A
:101648003A7AD2B1974B1968531E8A4200F26A81DE
:1016580001228F499A4009680A424FF4803202FAFF
:1016680003F314BF012200220B42CAF8102014BF52
:1016780001230023CAF80C30EB68D90612D57A7A10
:1016880082B18849013A09688A4280F2728101214F
:1016980001FA02F27E4909680A4214BF01220022B7
:1016A800CAF808209A0651D5BB7A83B15A1E092A6E
:1016B80000F368817C4B03EB8203D3ED007A9FED46
:1016C8007B7A67EE877AFDEEE77ACAED057AD5F878
:1016D8004022774CD378D5F82001002B04EBC303C4
:1016E800127C596808BF0021884203D195F824313B
:1016F80093422BD005F110000AF00AFBD5F84032CE
:10170800DB78002B04EBC304D5F83832616808BFD6
:1017180000218B4240F0008195F83C32002B40F0CC
:10172800FB80D5F854328BB105F5117402E0236EB5
:1017380050345BB1E36C5B07F9D500222046503486
:1017480011460AF065FA2369002BF3D1BB7C3BB143
:10175800584B594A186803681B68934240F018812F
:10176800AB68012B03D1CAE903330023AB60DAF875
:1017780010300BB10223AB6040F20442EB681A420E
:1017880040F0AE80D5F85432002B00F0B28005F559
:1017980011744A4EA36C314620465BB10AF040FAF8
:1017A800A36C0644464AD3F800C018462146DCF824
:1017B80010309847236E5034002BEBD1DAF81030F4
:1017C800002B48D1DAF80C30002B40F099802B68B8
:1017D80000225B69C9E900223A4A934240F08B80B3
:1017E80040460AF0A1FA354B9E423DD104A808F1C3
:1017F80001080AF045FA009BB8F1040F07F51F67C6
:1018080003F1040309F10C090BF1040B0093019B8C
:1018180003F1040301937FF4FEAE2B48FEF758FF53
:101828002A4B1B6833B92A4B186818B10368264934
:101838005B689847274B1B78002B40F0AD80264B00
:101848001A68612A01D101221A6002A80AF018FA5E
:1018580007B0BDE8F08F0AF0FFF9DAF81030CBF8DE
:101868000000002BB3D1ADE7D5F85432002BBDD022
:1018780005F51175114CAB6C2146284613B10AF0D9
:10188800A3FA04442B6E5035002BF4D1AEE700BF09
:10189800042801200CF7002020F70020501F012009
:1018A800001000E0741F012034F200200000C04442
:1018B800F4E600201CE20020DD240224ECEE0020E7
:1018C80068040020E1240224201F0120580400207D
:1018D80068E6002084540020181F0120601F0120A2
:1018E80041465048FEF738FED5F85432002B7FF4B5
:1018F8004EAF4D4E62E74A464C49284698476FE737
:101908000AF0AAF90199DBF800300A68C31A934271
:1019180038BF13460B605AE7002205F594700AF0A9
:10192800F7F9FEE60A2A43D8012101FA03F34049F0
:1019380009680B42A2F1050314BF01210021092BFC
:10194800CAF8101062D93B4B03EB820252ED0F7AB2
:101958009FED397A67EE877AFDEEE77A17EE903ACF
:10196800B3F5407FD4BF00230123CAF80C30EB68DD
:1019780083E6521A31498A5CA2F10F02B2FA82F266
:1019880052098DE62B4A02EB830353ED0B7A96E658
:10199800264A41469847E3E60AF0EEF90368284AE2
:1019A8005B6993423FF44BAF1E4A2049984746E78C
:1019B800994222DC5B1A2148C35CA3F10F03B3FAF6
:1019C80083F35B09CAF810301E4B1B685B1A13447B
:1019D8005A1E092A20D81C4B03EB820393ED007A88
:1019E800F7EE007AB4EEE77AF1EE10FACCBF0123F5
:1019F8000023CAF80C30EB683FE6012098400C4BF6
:101A08001B68184214BF01230023DBE70E4A02EBD0
:101A18008303D3ED007A9BE7064A02EB830313EDB9
:101A28000B7ADDE7201F0120ECEE0020680400207F
:101A3800042801202CF000200000C0444CF00020B5
:101A4800E1240224701F012034F20020704700BFF7
:101A5800806B08B5FFF7FAFF08BD00BF836B5A6DAE
:101A680012F0500F5A6D10B51DD1196842F400726A
:101A78005A650A6812F0080FCA681BD012F4406F42
:101A88000DD1CA6894040AD45A6D22F480725A653A
:101A98005A6DD10403D45A6D42F001025A651846B2
:101AA80009F0EEFA10BDD2060AD4DB6CBDE810408E
:101AB800DB6C18479007E7D0184609F0E1FAF1E720
:101AC800184609F03BFB10BD806B08B5436D43F029
:101AD80040034365836D43F00403836509F02EFBDF
:101AE80008BD00BFF0B5002283B0019290F85020E5
:101AF800012A00F0F580034601201A6883F8500097
:101B08009468640754D40C68C4F31305C4F3846E52
:101B1800002D40F09E8000FA0EF0D5694C682843ED
:101B28001F254FEA941CD06104F01F000CF00C0430
:101B380002F1300C0EFA00FE85405CF8040020EA41
:101B4800050040EA0E004CF80400906810F0040FFD
:101B5800906801D1070735D59068C60714D4CE68B8
:101B6800086806F01807B64CD2F8C050FC40C0F31D
:101B78001307044025EA07052C43C2F8C040B14CBE
:101B8800A64271D0002801DB002016E0AE498A4247
:101B980004D001F580718A4240F0C180AB48AA495F
:101BA800AB4A806889689268D20701D4CF07EBD521
:101BB8005A6D012042F020025A65002283F8502015
:101BC80003B0F0BD0C6802F1140C4FF0070E8E68DC
:101BD800E50DC4F3045405F004050EFA04FE06FAF4
:101BE80004F45CF8050020EA0E0020434CF80500D8
:101BF80098484D69006800F07040B0F1805FD06887
:101C08002DD010F0100FD06829D0400800F008003F
:101C180085400E690868042E65D002F1600C00F05A
:101C2800F8445CF8260000F00040204328434CF8B4
:101C380026004C7E0D69A4F101045CF82500B4FA75
:101C480084F420F00040640940EAC4704CF8250090
:101C580082E794FAA4F4B4FA84F4A0405DE7C0F3F0
:101C6800820040008540D4E7002F79D090FAA0F494
:101C7800B4FA84F4013404F01F04092C00F29380B0
:101C880090FAA0F4B4FA84F490FAA0F5B5FA85F5C0
:101C9800013401260135A40605F01F0504F0F844B7
:101CA80006FA05F52C4390FAA0F0B0FA80F030441B
:101CB80000F01F0000EB40000005044302F1140689
:101CC8000727E50DC4F3045405F00405A74070592F
:101CD80020EA07008F68A74038437051086851E729
:101CE800022003B0F0BD156E840605F0F845B5EB8B
:101CF800806F4ED0506E00F0F840844244D0906E11
:101D080000F0F840844249D0D06E00F0F840844298
:101D18007FF422AFD06E20F00040D0661CE74E4C16
:101D28004E49A6688D68ED073FF542AF4C4D06F069
:101D3800E077A84262D04B4DA84251D04A4DA84204
:101D48007FF422AF70023FF51FAF8A427FF41CAFC9
:101D5800A26822F0E0723A4342F48002A26013E7DC
:101D6800800E0124013000F01F058006AC4000F011
:101D7800F840092D44EA000405EB45009CD91E38BB
:101D8800000540F0007098E7506E20F00040506663
:101D9800B5E7106E20F000401066ABE7906E20F0BB
:101DA80000409066B0E790FAA0F4B4FA84F490FA90
:101DB800A0F5B5FA85F5013401260135A40605F02C
:101DC8001F0504F0F84406FA05F52C4390FAA0F034
:101DD800B0FA80F0304400F01F0000EB4000CEE77E
:101DE800F5013FF5D1AE8A427FF4CEAEA26822F06B
:101DF800E0723A4342F08072A260C5E636023FF5CF
:101E0800C3AE8A427FF4C0AEA268184922F0E072DD
:101E18003A4342F40002A2600A6815499209A1FBFC
:101E28000212920952000192019A002A3FF4ACAEC4
:101E3800019A013A0192019A002AF9D1A4E600BF59
:101E4800FFFF0F000000FF47002002400023024070
:101E5800002102400010005C006302580060025834
:101E6800000084CB000052C70000B8CF5405002002
:101E7800632D3E0503689A68D20701D50020704794
:101E88009968234A114270B5044609D0636D012050
:101E980043F010036365A36D43F00103A36570BDB0
:101EA80099681C4A0A4042F001029A6009F0D4FA83
:101EB8002368194A0546934221D002F5807293425D
:101EC8001DD002F1C05202F584429268114E0AE018
:101ED8009A68324042F001029A6009F0BDFA401B4C
:101EE8000228D3D823681A68D2070FD49A68D10772
:101EF800EED509F0B1FA401B0228F3D9C6E7074A24
:101F08009268D006E2D0064A9342DFD1002070BD25
:101F18003F000080C0FFFF7F0020024000230240F6
:101F28000021024038B503689A68910702D59B687A
:101F3800002038BD9A68D207FAD59A68044602F09C
:101F48000D02012A09D0636D012043F01003636577
:101F5800A36D43F00103A36538BD98680321094ABE
:101F6800024042F002029A60196009F075FA0546CB
:101F780023689B68DB07DBD509F06EFA401B022853
:101F8800F6D9E0E7C0FFFF7F38B5554A0446036835
:101F9800934224D002F58072934220D0514B9B6823
:101FA80013F4403F20D004F08FFB63680546B3F577
:101FB800003F75D0B3F5403F7AD0B3F5803F6FD07E
:101FC80009F062FA41F2030398422CD8464A236882
:101FD800954248D99A6842F480729A6038BD434B5A
:101FE8009B6813F4403FDED14FF4002005F0DCFC81
:101FF80063680546B3F5101F58D027D8B3F5E01F1E
:1020080052D057D8B3F5801F08D061D8B3F5002F48
:1020180004D023F40022B2F5802FD1D19B0C5B00B1
:10202800B5FBF3F5CCE7324A2368954226D9314A05
:1020380031492A448A422CD9304A31492A448A42B1
:102048003FD99A6842F440729A6038BDB3F5201FB0
:1020580035D0B3F5301FB3D109F016FA41F20303B6
:10206800984205D823689A6822F480729A6038BD2D
:102078001F4B2A0AB3EB152F05D323689A6822F45D
:1020880040729A6038BD1B4B1B4913448B4223682E
:1020980017D89A6822F4407242F480729A6038BD68
:1020A8001B0CB5FBF3F58BE7050989E7850987E77D
:1020B800850885E7B3F5001F82D1450980E7C50982
:1020C8007EE79A6822F4407242F400729A6038BD42
:1020D800B3F5A01FA2D0B3F5C01F9FD070E700BF13
:1020E8000020024000630258002D31010023024005
:1020F800105E5F00EFA1A0FF0F5E5F00DF4341FFAE
:102108001FBCBE0030B5002383B00193002800F047
:10211800A880456D0446002D00F0A98022689368C8
:10212800990003D59168704B0B4093609368DB006E
:1021380015D46E4B90686E491B6801406D489B0929
:1021480041F08051A0FB030391609B090193019B1F
:102158002BB1019B013B0193019B002BF9D19368A3
:10216800DD0000F18280636D012543F01003636593
:10217800A36D2B43A365936813F0040F636D6CD1B3
:10218800D8066AD4636D23F4817343F00203636550
:102198009368D9070CD4584B9A4200F0818003F514
:1021A80080739A427CD0554B9B68D90740F189804F
:1021B80009F06AF941F20303A1689842237F5CD8C9
:1021C80094F815C01A04206B42EA4C3202430A43C1
:1021D800012B03D1236A013B42EA4342636A23B1DC
:1021E80003F47873A16A0B431A4323684449D868F7
:1021F80001401143D9609A6812F0040F9A681CD103
:1022080012071AD4D8683F4A217D024042EA813237
:10221800E16A0A43DA6094F83820012A53D01A692F
:1022280022F001021A611A692046616B22F070429D
:102238000A431A61FFF7A8FE2368E268012A27D03B
:102248001A6B22F00F021A63636D284623F003030A
:1022580043F00103636503B030BD636D43F01003C1
:1022680063650125284603B030BD002583E708F0E3
:10227800EBFEA56584F8505050E71029A0D1617D88
:102288001A0442EA4132216B0A4342F01C029FE7DA
:10229800196BA26921F00F01013A0A431A63D3E7C7
:1022A800154A194B92689B68DB0781D4D0073FF524
:1022B8007FAF164A9368616823F47C130B439360DD
:1022C80076E7134AF6E7D4E9102118690A43114959
:1022D80001400A43A16C0A43E16B42EA014242F021
:1022E80001021A619FE700BFC0FFFF5F540500208D
:1022F800C0FFFF6F632D3E050020024000600258BA
:1023080003C0F0FFFCBFFFFF002102400023024092
:10231800006302581EF800FCF0B5002383B0019357
:1023280090F85030012B40D0012304460E46154644
:1023380080F85030FFF7F6FDE8B9676D05F0804288
:102348001B4B06F4803125683B4043F0020363656C
:10235800184BAE68334013430B4343F00043AB6064
:10236800AB68154A002B0FDB636D23F0030343F0C2
:102378000103636503E0636D43F0100363650023A5
:1023880084F8503003B0F0BD019B01330193019BE9
:102398009342E5D9636D0022012023F0120384F8EB
:1023A800502043F010036365ECE7022003B0F0BD52
:1023B800FDEEFFFFC0FFFE3FFF955A552DE9F043A4
:1023C800D0F800909BB0D9F8085015F0040516D144
:1023D80090F850C00446BCF1010F10D0294E4FF0C0
:1023E800010CB14580F850C00DD0436D604684F8AB
:1023F800505043F0200363651BB0BDE8F083022012
:102408001BB0BDE8F083204D0F4690460195FFF7BD
:1024180031FD28B1002384F850301BB0BDE8F083AB
:1024280001A8FFF727FD0028F4D1616D174A184B62
:102438000A40266842F480724E456265A065E06CE9
:10244800C363144B0364144BC36418D0AE4216D054
:1024580012491C2543463A460C313560002584F85C
:102468005050756845F01005756000F0EFFB226864
:102478000B4B91680B4043F004039360C0E7094994
:10248800E7E700BF0020024000210240FEF0FFFF06
:10249800CD170000C117000039180000006302586A
:1024A800C0FFFF7F0023024090F85020012A36D059
:1024B80003460120F0B41A68244C83F85000A24265
:1024C80008D05A6D002142F0200283F850105A6556
:1024D800F0BC70471E48846864070AD592685A6D34
:1024E800012042F020025A65002283F85020F0BCF7
:1024F800704794686607F2D40C6894B915498C68DB
:1025080024F440448C6094688268D50705D4E207B7
:1025180003D48868104A02408A600020E4E7022059
:1025280070470C4E4F68B56825F440453D43B5608B
:1025380095688268D707F0D4E807EED48A68B0684F
:102548001443054A02401443B460E6E70020024001
:102558000021024000230240E0F0FFFF06494FF649
:10256800FF0C0002054BCA6800F4E06002EA0C02A6
:1025780010430343CB60704700ED00E00000FA050C
:102588001A4BDB68C3F3022300B5C3F1070E03F14E
:10259800040CBEF1040F28BF4FF0040EBCF1060F67
:1025A8001AD9A3F1030C4FF0FF3303FA0CF322EA14
:1025B80003024FF0FF33002803FA0EF321EA030366
:1025C80003FA0CF343EA02034FEA0313DBB206DB18
:1025D800074A13545DF804FB00229446E9E700F02B
:1025E8000F00044A13545DF804FB00BF00ED00E03F
:1025F80000E400E014ED00E0002807DB00F01F0114
:1026080001234009024A8B4042F82030704700BF3E
:1026180000E100E000280CDB4309012200F01F0064
:1026280004492033824041F82320BFF34F8FBFF382
:102638006F8F704700E100E0431EB3F1807F01D344
:10264800012070474FF0E022002005494FF0F00CC0
:102658005361072381F823C090611361704700BF5D
:1026680000ED00E0BFF35F8F044B00215A6A22F4AB
:1026780080325A62C3F89410704700BF00ED00E042
:10268800064B40F00100C3F894005A6A42F48032C5
:102698005A62BFF34F8FBFF36F8F704700ED00E0B2
:1026A800174A4378C2F89830017821B3436800B5D7
:1026B800C2F89C30C37A90F80CC01B0690F80FE063
:1026C80043EA0C7390F80AC00B43817B43EACC437E
:1026D80090F80DC043EA8C4390F809C043EA41439F
:1026E800017A43EA0E4343EA0C2343EA4103C2F862
:1026F800A0305DF804FBC2F89C10C2F8A010704727
:1027080000ED00E0704700BF08B5FFF7FBFF08BD0C
:102718003649024603688B4233D01831591AB1FA48
:1027280081F1490969BB324883423ED0183083425F
:102738003ED01830834234D0183083423BD0183012
:1027480083423ED0183083422AD000F55670834227
:1027580035D028498B4231D018318B4234D01831CA
:102768008B4234D018318B4234D018318B4234D05C
:1027780018318B4234D018318B4234D023F0FF000B
:1027880011E0DBB21C491D48103BA1FB031310B438
:102798001B091B4CE15C5DF8044BC2E9160170474C
:1027A80016211848D1659065704710211348F9E73C
:1027B80016211248F6E706211248F3E706211248C7
:1027C800F0E710210F48EDE710210F48EAE716213E
:1027D8000D48E7E700210D48E4E706210B48E1E74B
:1027E80010210A48DEE716210848DBE710000240FE
:1027F8004000024028040240ABAAAAAA00000240F6
:10280800B09C032404000240000402400404024077
:102818000268284B284930B4284D294CAA4218BFD1
:102828009A420CBF012300238A4208BF43F00103E8
:102838002831A24208BF43F0010328348A4208BF66
:1028480043F001032831A24208BF43F001038A4242
:1028580008BF43F00103D1B213B91A4B9A4211D100
:10286800A1F10803184C194A0121A4FB0343184C91
:102878001D0902EB1313A9409B008166C0E91834B7
:1028880030BC7047A1F110031249134C1144A4FB4A
:102898000343A8294FEA131308D903F01F040F4A6A
:1028A80001211A44A1400E4C9300E6E708331C4668
:1028B800F5E700BF08540258305402581C54025817
:1028C8004454025894540258CDCCCCCC00960016EF
:1028D80080580258F0FBFDBFABAAAAAA00820010DC
:1028E8008008024070B5054608F0B6FD002D00F0DE
:1028F800A9802B680446904A90498B4218BF93429E
:1029080001F118010CBF012200228B4208BF42F0DE
:10291800010218318B4208BF42F0010218318B4284
:1029280008BF42F0010218318B4208BF42F0010291
:1029380018318B4208BF42F0010218318B4208BFA0
:1029480042F0010201F556718B4208BF42F00102C4
:1029580018318B4208BF42F0010218318B4208BF80
:1029680042F0010218318B4208BF42F001021831CF
:102978008B4208BF42F0010218318B4208BF42F077
:10298800010218318B4208BF42F001021AB96C4AA1
:10299800934240F0E3800222002185F8352085F833
:1029A80034101A6822F001021A6005E008F054FD9C
:1029B800031B052B41D82B681A68D107F6D4D5E933
:1029C800022429692243A8691C680A4369690A43E1
:1029D800E96902430A435B4921402C6A22430A43BE
:1029E800696A042930D01A605A6922F00702114333
:1029F80059612846FFF78CFEEA6D3F2302F01F025B
:102A0800934083602846FFF703FFAB68802B6ED0A6
:102A18006B68A86ED9B2013BD5E91842072B216033
:102A280050602ED90023C5E91B336B6700230122B0
:102A38006B65184685F8352070BD202203236A652A
:102A480085F83530012070BDD5E90B41214311438C
:102A5800AA6A1960596921F00701114341F004017C
:102A6800002CC5D000284AD1012A5FD032F00202DA
:102A7800BED1E201BCD5402201236A6585F8353014
:102A8800E0E72A68481E304B304CA24218BF9A42F1
:102A980004F114040CBF01230023A24208BF43F031
:102AA80001031434A24208BF43F001031434A242C4
:102AB80008BF43F001031434A24208BF43F00103E6
:102AC8001434A24208BF43F001031BB9204B9A42B9
:102AD80040F09E801F4A204C0A44920001230021A6
:102AE8008340C5E91B246B67116063609EE7002380
:102AF800A96ED5E918026B600360516092E7B0F5E2
:102B0800005F04D0022AB6D9032AB2D070E7032A9C
:102B18003FF66EAF01A050F822F000BFE727000093
:102B2800E3270000E72700009D280000B4F1C07FDC
:102B38007FF45EAF9FE700BF10000240280002400C
:102B4800B80402403F8010FE085402581C54025832
:102B5800945402583F96001640590258334A344854
:102B68003449834218BF934200F128000CBF012268
:102B780000228B4208BF42F001022831834208BF7D
:102B880042F0010228308B4208BF42F0010228318E
:102B9800834208BF42F001028B4208BF42F00102A3
:102BA80012B9254A93423AD100200221AA6885F831
:102BB800340085F83510402A1C686FF310142CD0A7
:102BC800A2F18002B2FA82F252099103EE69D5E9C4
:102BD800032010436A691043AA691043174A304317
:102BE8002E6A1A4444EA161444EAD00001431448F1
:102BF800A0FB02022846196013099B00EB65FFF74A
:102C080087FDE96D012201F01F018A404260F9E663
:102C18000C4A0D4C0A44920060E71021D6E7402286
:102C280003236A6585F835300CE700BF085402585D
:102C38001C5402583054025894540258F8ABFDA75B
:102C4800CDCCCCCC3F82001040090240002800F0D7
:102C5800D3802DE9F04F90F8344083B0012C00F078
:102C6800C780012480F8344090F83540012C09D001
:102C780000224FF4006380F834204365012003B03C
:102C8800BDE8F08F02248C4D8C4E80F8354000242E
:102C98008B4F44650468DFF83492B44218BFAC42E5
:102CA80006F11806D0F858E00CBF01250025B442FB
:102CB80008BF45F0010506F55676B44208BF45F051
:102CC80001051836B44208BF45F001051836B4426C
:102CD80008BF45F001051836B44208BF45F00105A4
:102CE8001836B44208BF45F001051836B44208BF8B
:102CF80045F00105A6F58666BC4218BFB44206F544
:102D08008966C76E0CBF4FF001084FF00008B44247
:102D180008BF45F00105A6F58666B44208BF48F02D
:102D2800010806F58966B44208BF45F00105A6F515
:102D38009266B44218BF4C4545EA080C01950CBF91
:102D480001250025D0E919AB009502D0BCF1000F90
:102D580054D0D4F8009029F00109C4F80090CAF8BA
:102D680004B03FB1D0E91C566E60009D15B9BCF1A6
:102D7800000F4DD0C56D4FF03F0905F01F0A09FA45
:102D88000AF9CEF80890D4F800E02EF4802EC4F8A2
:102D980000E063608368402B27D0A160E260009B5D
:102DA80013B9B8F1000F7ED0236823F01E0343F057
:102DB80016032360036C1BB1236843F008032360E8
:102DC800036E1A68D20303D51A6842F480721A6037
:102DD8001FB13B6843F480733B602368002043F0D5
:102DE8000103236003B0BDE8F08FA260E160D6E77D
:102DF800022003B0BDE8F08F01207047256825F058
:102E080001052560CAF804B017B1D0E91C566E60F8
:102E18002C4DDFF8BC80444518BFAC4208F11408BB
:102E28000CBF01250025444508BF45F0010508F100
:102E38001408444508BF45F0010508F11408444545
:102E480008BF45F0010508F11408444508BF45F0DE
:102E5800010508F11408444508BF45F0010515B9F6
:102E6800194DAC420DD1C56D05F01F08012505FAB5
:102E780008F5CEF8045063608368402B18D0A16031
:102E8800E2602268016C22F00E02036E42F00A0230
:102E98002260002995D0226842F0040222601A6854
:102EA800D10391D494E7019B002B7FF47DAFE8E731
:102EB800A260E160E5E700BF88000240A000024090
:102EC800400002400854025894540258100002402E
:102ED8001C540258002862D038B590F83530022BBF
:102EE80059D10268444B454C4549A24218BF9A4201
:102EF80004F130040CBF012300238A4208BF43F0C9
:102F080001033031A24208BF43F0010330348A4242
:102F180008BF43F001033031A24208BF43F0010368
:102F280030348A4208BF43F0010301F55C71A242C4
:102F380008BF43F0010304F55C748A4208BF43F0FC
:102F480001033031A24208BF43F0010330348A4202
:102F580008BF43F001033031A24208BF43F0010328
:102F680030348A4208BF43F001033031A24208BF1F
:102F780043F001038A4208BF43F0010313B9214B10
:102F88009A420ED1042380F83530136823F00103E8
:102F98001360002038BD80234365012038BD01201F
:102FA80070471368046E23F00E03C16D856D1360BE
:102FB80001F01F01136823F0010313600123226845
:102FC8008B4022F4807222606B60C36ED0E91921B5
:102FD800516033B11A68D0E91C1422F480721A6067
:102FE8004C6000210122036D80F8341080F83520F0
:102FF800002BCED09847CCE71000024028000240B2
:1030080040000240B8040240F0B50022944B83B05F
:10301800856D07461E680192924B026892482C689B
:10302800824218BF9A4200F1180029680CBF012398
:103038000023824208BF43F001031830824208BFD0
:1030480043F001031830824208BF43F001031830EF
:10305800824208BF43F001031830824208BF43F0A0
:1030680001031830824208BF43F0010300F556708F
:10307800824208BF43F001031830824208BF43F080
:1030880001031830824208BF43F00103183082421E
:1030980008BF43F001031830824208BF43F0010320
:1030A8001830824208BF43F001031830824208BF3B
:1030B80043F001031BB96D4B9A4240F02F81FB6D21
:1030C800082103F01F03994021420BD010684007E4
:1030D80008D5106820F004001060A960796D41F0EF
:1030E8000101796524FA03F1C80709D55169090670
:1030F80006D501219940A960796D41F002017965F1
:1031080004219940214207D01068800704D5A9609E
:10311800796D41F00401796510219940214200F050
:10312800B0801068000740F1AC80A960116811F404
:10313800802F116840F09E80C90503D4116821F0E2
:1031480008011160396C002900F09B8038468847D7
:10315800FB6D202103F01F039940214253D03A68A8
:103168004048414CA24218BF824204F118040CBFE7
:1031780001200020A24208BF40F001001834A242FA
:1031880008BF40F001001834A24208BF40F0010017
:103198001834A24208BF40F001001834A24208BF08
:1031A80040F001001834A24208BF40F0010004F5C5
:1031B8005674A24208BF40F001001834A24208BF6A
:1031C80040F001001834A24208BF40F00100183452
:1031D800A24208BF40F001001834A24208BF40F0E4
:1031E80001001834A24208BF40F001001834A2427E
:1031F80008BF40F00100002847D11C48824244D053
:103208001068800744D47B6D002B70D07B6DDC0781
:103218001ED53A68042187F8351015491368A1FBB3
:10322800066123F00103890A136002E01368D807D6
:1032380004D5019B01338B420193F7D9002387F80A
:1032480034301368DB074CBF0323012387F835307C
:10325800FB6C002B4BD0384603B0BDE8F040184754
:10326800540500201000024028000240B804024023
:10327800B5814E1B08037FF565AFB96C00297FF453
:1032880065AF202199400C42BDD01068C406BAD55C
:10329800A96097F8351004290ED0136813F4802F0D
:1032A800136826D01D0331D5FB6B002BABD03846F5
:1032B80098477B6DDBB1A9E7116821F01601116011
:1032C800516921F080015161396C19B3116821F0FD
:1032D800080111603F22002102FA03F30122AB60CA
:1032E8003B6D87F8341087F83520002BB3D103B035
:1032F800F0BD13F48073D7D1116821F0100111606B
:10330800012287F8343087F83520CDE77B6C002B15
:10331800CDD178E7B96C0029D8D1DBE7404B4148DB
:10332800824218BF9A4200F114000CBF0123002307
:10333800824208BF43F001031430824208BF43F0C1
:1033480001031430824208BF43F001031430824263
:1033580008BF43F001031430824208BF43F0010361
:1033680013B9314B9A42C2D1F86D0424136800F0A6
:103378001F0084400C420BD05E0709D519046C600D
:1033880032D5DA0336D4BB6C002B7FF464AFAEE7DA
:10339800022484400C420BD09E0709D519046C60A6
:1033A8002DD5DA0337D47B6C002B7FF454AF9EE71E
:1033B800082484400C429AD01B0798D51368002132
:1033C80023F00E0313600123FA6C03FA00F068601F
:1033D8007B6587F8341087F83530002A87D038465F
:1033E80003B0BDE8F04010479B0603D4136823F0F0
:1033F800040313603B6C002B7FF42DAF77E713F0C9
:10340800200308D11168012021F00A01116087F812
:10341800343087F83500FB6B002B7FF41CAF66E770
:10342800085402581C54025894540258406D70476E
:103438000B68002B00F0ED81824A90424FF00002A9
:103448002DE9F04F85B000F0F8804FF001084FF0FB
:10345800B04E42E04FEAD20C02F007050F694FF078
:103468000F0A00EB8C0CAD00DCF82090AF400AFA94
:1034780005F529EA05054FF003092F4304F0030574
:10348800CCF820705700D0F800C009FA07F9BD4001
:103498002CEA090C6FEA090B45EA0C0505608D68F2
:1034A80005FA07FCD0F808902409CD6809EA0B0949
:1034B800944005FA07F747EA09078760476827EA4B
:1034C800060634434460C46804EA0B0444EA0C0466
:1034D800C460013233FA02F479D008FA02F616EA27
:1034E8000309F6D04C6824F01005022DB2D057001D
:1034F8004FF0030C05F1FF3AD0F800B00CFA07FCC6
:1035080004F00305BAF1010F2BEA0C0B05FA07F5D5
:1035180045EA0B056FEA0C0B05608D6805FA07FC98
:10352800C0D9C6680BEA060545EA0C05C560E50082
:10353800CFD5454E22F003074FF00F0CD6F8F450C4
:1035480007F1B04745F0020507F58067C6F8F45063
:10355800D6F8F45002F0030605F00205B60003950C
:103568000CFA06FC039DBD6825EA0C0A374DA842F3
:103578005ED0374DA8422DD0DFF8D8C0604500F0A6
:103588004281DFF8D4C0604500F04481DFF8CCC048
:10359800604500F03181DFF8C8C0604500F0418126
:1035A800DFF8C0C0604500F04381DFF8BCC060456B
:1035B80000F04581DFF8B4C060450CBF4FF0090C3E
:1035C8004FF00A0C0CFA06F64AEA060508E005B0C0
:1035D800BDE8F08F4FF0020C0CFA06F64AEA060531
:1035E800BD606FEA0906DEF88050E70354BF354036
:1035F80049EA0505A703CEF88050DEF8845054BF89
:10360800354049EA0505E702CEF88450DEF8005057
:1036180054BF354049EA0505A402CEF80050DEF84B
:10362800045054BF354049EA0505CEF8045050E728
:1036380008FA06F64AEA0605D2E7DFF80CB04FF0BA
:10364800B0467BE0000002580044025800040258CB
:1036580000080258000C02580010025800140258C2
:1036680000180258001C0258002002580024025872
:103678000CF1FF374FEA420ED0F800A004F003081F
:103688000197032708FA0EF807FA0EFC2AEA0C0A33
:103698006FEA0C0C48EA0A08C0F800808F6807FA3D
:1036A8000EF8019F012F40F28180C56805EA0C05DC
:1036B80045EA0805C560E5003BD5DBF8F45022F083
:1036C800030C0F2745F002050CF1B04CCBF8F45071
:1036D8000CF5806CDBF8F45005F002050395039DAA
:1036E80002F00305DCF808E0AD0007FA05F5E7038A
:1036F8002EEA0505CCF808506FEA090CD6F8805078
:1037080077D405EA0C05A703C6F88050D6F884508C
:103718006CD40CEA0505E702C6F88450356862D413
:103728000CEA0505A7023560756859D40CEA050549
:103738007560013233FA02F43FF449AF012404FA08
:1037480002F513EA0509F4D04C6824F0100CBCF11A
:10375800020F8DD102F0070C0F694FEAD20E4FEA23
:103768008C0C00EB8E0E07FA0CF90F27DEF8208080
:1037780007FA0CFC032728EA0C0849EA0808CEF8DF
:1037880020804FEA420ED0F8009004F0030807FAB0
:103798000EFC08FA0EF829EA0C096FEA0C0C48EA44
:1037A8000908C0F800808F6807FA0EF8D0F808906A
:1037B8002409CF6809EA0C09944007FA0EFE4EEA7C
:1037C800090EC0F808E0D0F804E02EEA05052C43FD
:1037D8004460C46804EA0C0444EA0804C460A8E726
:1037E80049EA0505A4E749EA05059BE749EA05050D
:1037F80091E749EA050586E74FF0050C0CFA06F64D
:103808004AEA0605ECE6032505FA06F64AEA06053D
:10381800E6E670474FF0040C0CFA06F64AEA06058D
:10382800DEE64FF0060C0CFA06F64AEA0605D7E67D
:103838004FF0070C0CFA06F64AEA0605D0E64FF0F8
:10384800080C0CFA06F64AEA0605C9E6002900F053
:103858000881894B98422DE9F04F00F09A800023A7
:103868004FF00F094FF0030A4FF0B04601229A407B
:1038780012EA010E77D023F0030503F003047F4F0B
:1038880005F1B045E400B84209FA04F8D5F808C4CF
:1038980005F5806508EA0C0C27D0794FB8426ED040
:1038A800784FB84270D0784FB84263D0DFF8E0B1B3
:1038B800584500F0D180DFF8DCB1584500F0D280DF
:1038C800DFF8D4B1584500F0C280DFF8D0B15845D0
:1038D80000F0CD80DFF8C8B158450CBF4FF0090B98
:1038E8004FF00A0B0BFA04F402E0012707FA04F47C
:1038F800A44517D1AC6824EA0804AC60D6F8804027
:1039080024EA0E04C6F88040D6F8844024EA0E045F
:10391800C6F88440346824EA0E043460746824EAE3
:103928000E0474605D0004684FEAD30C0AFA05F5CA
:1039380000EB8C0C2C43046003F00704DCF820E057
:10394800A40009FA04F42EEA0404CCF820408468A0
:1039580024EA05048460446824EA02024260C268DA
:1039680022EA0502C260013331FA03F27FF47EAF26
:10397800BDE8F08F4FF0040B0BFA04F4B8E74FF0F2
:10398800020B0BFA04F4B3E74FF0030B0BFA04F441
:10399800AEE700224FF0010C3C4F0F254FF0B04628
:1039A8004FF0030E02F003030CFA02F422F00308AE
:1039B800DB0011EA0409B84405FA03F341D0D8F84A
:1039C80008A013EA0A0F19D1D8F808A02AEA0303B5
:1039D800C8F80830D6F8803023EA0903C6F88030E2
:1039E800D6F8843023EA0903C6F88430336823EA1A
:1039F80009033360736823EA090373604FEA4208D6
:103A080003684FEAD2090EFA08F800EB890943EA7D
:103A18000803036002F00703D9F820A09B0005FA09
:103A280003F32AEA0303C9F82030836823EA08036A
:103A38008360436823EA04034360C36823EA0803F6
:103A4800C360013231FA02F3ACD1BDE8F08F4FF018
:103A5800070B0BFA04F44BE74FF0050B0BFA04F4D1
:103A680046E770474FF0060B0BFA04F440E74FF0B7
:103A7800080B0BFA04F43BE7000002580004025854
:103A880000080258000C02580010025800040058A0
:103A98000014025800180258001C0258002002584E
:103AA800002402580369194214BF012000207047FE
:103AB80002B9090481617047436931EA030308BF09
:103AC80009048161704700BF2DE9F04F056885B092
:103AD8000446284608F040F9012802D005B0BDE8A0
:103AE800F08F206808F040F80028F7D0206808F028
:103AF8003BF810F4001F206802D04FF40013436114
:103B080008F032F810F4801F206802D04FF48013B8
:103B1800436108F029F810F0806F206802D04FF058
:103B28008063436108F020F810F0020F206830D15C
:103B380008F01AF8870000F10781206808F014F8E7
:103B4800C60100F1C380206808F00EF8000700F1F4
:103B5800B280206808F008F810F0007F20681BD1B8
:103B680008F002F8C306B9D52568AB6923F010033D
:103B7800AB612E6A06F4F011C6F30A17B1F5802F6F
:103B880002D1002F40F0DA81AB6943F01003AB613A
:103B9800A4E702234361CBE708F0CEF8A268814688
:103BA8002068002A00F08E8005F5A065002640E018
:103BB8005A075BD50423BB60FB6843F00203FB6034
:103BC800BB689B0500F12D81B96811F0010100F077
:103BD800CD8023694BB108EB8802396904EBC20236
:103BE800C1F31201936C5B1AD3644FEA8803012274
:103BF800002003EB080104EBC101886581F85D2012
:103C0800BA6091F83F0010F0FD0F00F08A81032898
:103C180000F02D82984404EBC80898F8503083F0DF
:103C2800010388F85030A268206801362035964292
:103C380048D206F00F0329FA03F3D907F5D55FFA3E
:103C480086F82B6800F5A06A13F4004F4FEA481B6A
:103C58000AEB4817BB68ABD113F004030DD004235B
:103C6800BB60FB6843F00203FB60DEE7BB689B06B2
:103C780040F1E5802023BB60A2E7B96811F0200C71
:103C880000F0F98008EB880C202104EBCC0CB9601B
:103C98009CF83D100129C8D18CF83D3002234146DB
:103CA8008CF85C30FB6843F00203FB6007F078FF98
:103CB800A2682068B9E7204607F0B8FE0823206804
:103CC800436147E74FF00073436149E72668D6F838
:103CD80040340293D6F840340393039B23F02E0319
:103CE8000393029B980707D5029BD90700F18181AE
:103CF800039B43F002030393029B1A0718D5039B07
:103D080043F008030393029B5B0740F17A81A169A2
:103D1800022900F08581E368012B03D14EF6602269
:103D2800C6F80424204607F08FFE204607F082FEDE
:103D38002068029B9F0603D5039B43F0200303934F
:103D4800039BC6F84034FFE6D5F84034204623F0FC
:103D58002E03C5F8403407F071FE0121206808F0F1
:103D68001BF84FF0005320684361E7E6BB689807EB
:103D780040F1B780FB6823F00203FB6008EB88037F
:103D880004EBC30393F85D204FEA8803501E07280D
:103D980024D8DFE800F0292337233004230403EB79
:103DA800080004EBC000836D0133032B96BF19464E
:103DB80004220222816580F85C205AF80B3023F037
:103DC800804343F000434AF80B3002232046414623
:103DD800BB6007F037FEA268206826E7434404EB7F
:103DE800C30393F85C20F0E74344012104EBC303C9
:103DF80083F85C10E9E74344052104EBC30383F827
:103E08005C10E2E74344022204EBC30383F85C201E
:103E18005AF80B3023F0804343F000434AF80B3044
:103E2800D3E7FB684146206843F00203FB6007F0D4
:103E3800B7FE4FF400732068BB60A268F5E6BB6864
:103E4800190700F1AB80BB685A057FF5B9AEFB686E
:103E5800414643F00203FB6007F0A2FE102208EB84
:103E68008803BA60082204EBC30383F85D204FF48B
:103E78008063BB60A4E6BB685B0600F1A280BB68F8
:103E880013F4007340F0D780B968C90700F1FE80C9
:103E9800BB6813F0080340F06F81B968C90640F1A8
:103EA8000A8108EB880204EBC2029365032382F8B7
:103EB8005D3092F83D3043B9282303FB084393F85B
:103EC8003C2012B9012283F83D20FB68414643F0AB
:103ED8000203FB6007F064FE10232068BB60A26841
:103EE800A3E6BB68206813F08003014640F0A98070
:103EF800BA68D20613D508EB880004EBC00090F826
:103F08003F20032A00F04B8112F0FD0204D12369FF
:103F18008265002B00F0638110230846BB60A2680D
:103F280083E6FA684146206842F002020193FA608B
:103F380007F036FE1022019BBA606BE606F00F060A
:103F480006EB860804EBC808D8F8441000293FF4AB
:103F58001BAE284605F5A0653A4607F00DFED8F8D1
:103F6800443005EB46123B441169D8F84C20C8F898
:103F7800443073013A44C8F84C20AB4A0A405AB15D
:103F8800EA5822F0804242F00042EA5098F8503055
:103F980083F0010388F850302568F5E5FB680522B1
:103FA800414643F00203FB6008EB880304EBC303BC
:103FB80083F85D201023BB600823BB6007F0F0FD89
:103FC800FEE508EB88030422414604EBC30383F8AB
:103FD8005D200122C3F858C083F83D20FB6843F0F8
:103FE8000203FB6007F0DCFD40232068BB60A26889
:103FF8001BE6B369204623F00053B36107F01AFDAE
:1040080076E6204607F024FDD6F84034206823F0F1
:104018002E03C6F84034836943F00053836188E671
:10402800029B206803F4C023B3F5802F18BF012139
:1040380007F0B2FE76E6FB68414643F00203FB60F8
:10404800F5E6FB6808EB8802414604EBC20243F040
:104058000203FB60936D01339365062382F85D309C
:1040680007F09EFD80232068BB60A268DDE55AF852
:104078000B00019340F000504AF80B00204681F8ED
:104088005C20414607F0DEFC019BC3E5FA68414627
:1040980042F0020C08EB880204EBC208C8F858305A
:1040A800C7F80CC007F07CFD0123BB6088F85D30C1
:1040B800A2682068B9E5BB6819067ED4B96811F40E
:1040C800806140F09C80BB689B077FF5AEADFB68C4
:1040D80023F00203FB60282303FB084393F85D30B9
:1040E800013B072B0BD8DFE803F0350A0404181F3F
:1040F8000A1F2823022203FB084383F85C20282395
:1041080002222046414603FB0843BA6093F85C202C
:1041180007F098FCA268206887E52823052203FB9E
:10412800084383F85C20EAE7282202FB0842936DE3
:104138000133032B96BF194604230223916582F8A5
:104148005C305AF80B3023F0804343F000434AF8C0
:104158000B30D4E72823012203FB084383F85C20B3
:1041680093F83F20023A012AC9D893F8512082F0E7
:10417800010283F85120C2E70823414608EB88086A
:10418800BB60FB6843F00203FB6007F009FD0522F2
:1041980004EBC80383F85D20A268206845E5FA6847
:1041A8000846282142F0020201FB08418B6541467E
:1041B800FA6007F0F5FC2168AEE6FB68414643F07B
:1041C8000203FB6007F0ECFC2823062203FB0843EC
:1041D80083F85D2080232068BB60A26825E528233A
:1041E80003220846414603FB084383F85D20FB6829
:1041F80043F00203FB6007F0D3FC21688CE6FB6800
:10420800414643F00203FB6007F0CAFC1022282352
:10421800BA604FF4806203FB0843BA60082283F84F
:104228005D20A268206800E50000F81F90F8B83209
:10423800012B0CD0012310B50446006884F8B8326D
:1042480007F082FD0023184684F8B83210BD02201A
:10425800704700BF4B1C70B504462ED101688B69AE
:104268009E0728D48B69DD06F9D58B699A06FCD59B
:1042780020231022CA61CB618B69980701D50023DE
:104288008B628B69DA0703D48B6943F001038B6176
:104298004B6820201D4D00222B404B60636C43F07F
:1042A8000403636484F8410084F842200023012059
:1042B80084F8403070BD002070BD0D461646216858
:1042C8008B699B07F7D48B69D80610D407F0C4F81C
:1042D800831BAB4201D8002DF1D1636C2021002251
:1042E8000B43636484F8411084F84220DEE78B694D
:1042F8009B06BDD407F0B0F8831B9D42EDD3002D7B
:10430800EBD021688B699B06F4D5B1E700E800FE85
:1043180070B504460D461646226893699B0646D436
:104328009369DB0632D5681C2CD193699906FCD5B4
:1043380020231021D161D3619369980701D5002307
:1043480093629369D90703D4936943F00103936196
:1043580053682020174D00212B405360636C43F0B5
:104368000403636484F8410084F8421000230120A8
:1043780084F8403070BD07F06FF8831B9D420CD362
:104388005DB1226893699B06F5D5D1E707F064F81B
:10439800801BA84201D8002DBED1636C20210022C9
:1043A8000B43636484F8411084F84220DEE7002060
:1043B80070BD00BF00E800FE00284ED010B590F890
:1043C8004130044603F0FF02002B41D0236824212A
:1043D800626884F84110196822F07062E06821F080
:1043E8000101012819601A619A68A16822F4004243
:1043F8009A6029D041F404410228996002D14FF40F
:1044080000625A6058684FF0200C15492269014330
:104418005960D96821F40041D960D4E90501024303
:1044280042EA0122D4E90710DA600022014310466B
:104438001960196841F001011960626484F841C08B
:10444800226384F8422010BD41F400419960D9E705
:1044580080F8402006F06AFCB8E70120704700BFEA
:10446800008000022DE9F047994690F84130BDF8E8
:1044780024A0202B40F0A980089B0446002B00F0C4
:104488009E80BAF1000F00F09A8090F84030012B1E
:1044980000F09B8001230F46904680F8403006F0DC
:1044A800DBFF064605E006F0D7FF801B192800F25F
:1044B8009C8023689D6915F40045F4D1089AC7F3D8
:1044C80009079449204662622122656384F84120E5
:1044D800402284F842206564A4F82AA05A680A4059
:1044E8005FFA89F142EA01428B493A431143324665
:1044F80059600A99FFF7AEFE002872D1B9F1010F91
:1045080022680AD04FEA18230A9920469362324655
:10451800FFF7A0FE002864D122685FFA88F393624F
:104528000A9B013340F0C08093691806FCD5638D5F
:104538009BB2FF2B40F2AA80FF237849238553685A
:104548000B4077493B43194351600A9B013305D01F
:1045580078E0638D9BB2002B00F0B78032464FF0B5
:10456800FF312046FFF776FE00282BD1606A2168CC
:1045780010F8012B238D8A62628D013B6062013A3B
:104588009BB292B223856285628D92B2002BE0D1F4
:10459800002ADED08B691A06FCD5638D9BB2FF2BEF
:1045A8006AD8638D5D489BB24A682385DBB20240B6
:1045B80047EA0343134343F000734B60C9E74FF4E2
:1045C800007363640120BDE8F0870220BDE8F0872E
:1045D800636C202100220B43636484F8411084F843
:1045E8004220002384F84030ECE7636C202100224D
:1045F8000B4384F84020636484F8411084F8422017
:10460800E0E7DAB18B691B060BD406F025FF0A9A9E
:10461800831B9A42E9D3002AE7D021688B691B06DD
:10462800F3D5638D9BB2FF2B65D9FF233B4A2385C6
:104638004B6813403A4A3B431A434A60638D9BB226
:10464800002B42D032460A992046FFF703FE002885
:10465800B8D1626A216812F8010B238D8862626200
:10466800013B628D9BB2013A238592B26285628DCD
:1046780092B2002BC5D0E1E7FF23284A23854B6877
:104688001340274A3B431A434A6062E7638D234835
:104698009BB2D9B22385536803403B4343EA0143A5
:1046A80043F00073536050E7936919063FF53FAF35
:1046B80006F0D2FE0A9A831B9A4289D3002A87D031
:1046C800226893691906F3D531E732460A992046DC
:1046D800FFF71EFE00287FF475AF23682021114DD7
:1046E800D9615A682A405A6084F8411084F8400019
:1046F80084F8420067E7638D08489BB2DAB22385E5
:104708004B6803403B4343EA024343F000734B606A
:1047180094E700BF009800FC00200081009C00FC8A
:104728000000FF0100E800FE2DE9F8431F4690F85D
:104738004130BDF82490202B40F08C80089B044623
:10474800002B00F08180B9F1000F7DD090F8403047
:10475800012B7FD001230E46904680F8403006F0AA
:104768007BFE054605E006F077FE401B192800F29F
:10477800A2802368986910F40040F4D1089AC6F31F
:104788000906884962622222606384F84120402237
:1047980084F8422060642046A4F82A905A680A40A7
:1047A800F9B242EA01428049324311432A4659602C
:1047B8000A99FFF74FFD002840F09280012F2168E9
:1047C8000BD04FEA18232A4620468B620A99FFF736
:1047D80041FD002840F0848021685FFA88F38B62ED
:1047E8000A9B013340F0C7808B695A06FCD5638D5C
:1047F8009BB2FF2B40F2B180FF236A4A23854B68A6
:1048080013406A4A33431A434A600A9B013324D14E
:10481800606A8B695F07FCD54B6A0370628D238DD4
:10482800013A606A013B92B201309BB26285628DA7
:10483800606292B223850BB9002A55D1638D9BB271
:10484800002B67D02168E4E74FF40073636401200C
:10485800BDE8F8830220BDE8F8838B6958070AD4BD
:1048680006F0FAFD0A9A431B9A4224D31AB3216828
:104878008B695807F4D54A6A636A1A70628D238D6A
:10488800013A606A013B92B201309BB26285628D47
:10489800606292B22385002B7ED1002A7CD02168E9
:1048A8008B691B0624D406F0D7FD0A9A431B9A424B
:1048B80001D3002AF3D1636C202100220B4384F832
:1048C8004020636484F8411084F84220BFE7636C99
:1048D800202100220B43636484F8411084F84220AD
:1048E800002384F84030B2E721688B691A06FCD5AA
:1048F800638D9BB2FF2B22D9FF232D4A23854B685A
:1049080013402C4A33431A434A60638D9BB2002BF1
:104918007FF47BAF2A460A992046FFF7F9FC002866
:1049280095D123682021244DD9615A682A405A60BC
:1049380084F8411084F8400084F8420088E7638DC9
:104948001B489BB2DAB223854B680340334343EAE2
:10495800024343F000734B60D7E7638D11489BB265
:10496800DAB223854B680340334343EA0243134AD0
:104978001A434A6049E78B695B063FF538AF06F092
:104988006BFD0A9A431B9A42A1D3002A9FD0216843
:104998008B695B06F3D52AE7638D9BB2002B7FF406
:1049A80066AFB7E7009800FC002000800024FF8174
:1049B800009C00FC0000FF0100E800FE00240082CB
:1049C8000268436B9169126803B11847704700BFCA
:1049D80090F84100704700BF90F84120202A23D169
:1049E8005FFA82FC90F840200346012A1CD0026836
:1049F800242000B583F841004FF0000E106820F025
:104A080001001060106820F48050106010680143A5
:104A180070461160116841F00101116083F841C0CE
:104A280083F840E05DF804FB0220704790F84120CD
:104A3800202A22D1034600B55FFA82FE90F8402072
:104A4800012A1CD0026824204FF0000C83F8410092
:104A5800106820F001001060106820F4706040EACF
:104A6800012160461160116841F00101116083F86D
:104A780041E083F840C05DF804FB02207047022043
:104A88005DF804FB10B345F2555238B5D0E9003152
:104A980004464CF6CC4018601A60A26859609A60C7
:104AA80006F0DAFC054604E006F0D6FC431B302B82
:104AB8000AD82368DA68002AF6D11969E2689142AF
:104AC80006D01A61002038BD032038BD0120704788
:104AD8004AF6AA221A60F5E703464AF6AA220020F7
:104AE8001B681A60704700BF03682DE9F04F87B054
:104AF80004461846029307F02FF910B107B0BDE835
:104B0800F08F0546206807F02FF80028F6D02068B7
:104B180007F02AF810F0020F206803D0436903F069
:104B28000203436107F020F8000300F1A5814FF06C
:104B3800000A206807F018F810F4802F206840F069
:104B4800F38007F011F8002879DB206807F00CF8EB
:104B5800000568D4206807F007F8020114D5226818
:104B6800536903F00063536194F8F433002B40F069
:104B7800EB810121204684F8F413536DC3F38303BA
:104B8800C4F8F83300F036FC206806F0EDFFC304E3
:104B980000F18280206806F0E7FF10F4005F2068CB
:104BA80063D106F0E1FF10F0100F206815D083697B
:104BB80023F010038361029B1D6A05F4F01305F0CE
:104BC8000F06B3F5802F00F03582B3F5402F00F0C3
:104BD800D181836943F01003836106F0C5FF07079D
:104BE80000F1A981206806F0BFFFC60200F1988194
:104BF800206806F0B9FF850200F18781206806F079
:104C0800B3FF400000F17881206806F0ADFF41074E
:104C18007FF574AF23685D686A0700F12C825A68D3
:104C28002A435A606AE7029BD3F80838D90700F18B
:104C38001E822068436903F4006343618BE7029B8B
:104C480003F50062D3F8043823F00103536094F8A5
:104C5800F433012B00F08781204606F0D3FE20684C
:104C6800436903F00043436170E707F0A5F8206843
:104C780007F086F82568E06001F026FD227B0146F2
:104C8800284607F095F8204606F08EFE206843690E
:104C980003F40053436184E7029B1021206803F565
:104CA8000066736823F00103736007F009F8606811
:104CB800B0B1029B4FF67F3103F51063996001355F
:104CC8001A682033854222F4001243F8202CC3F8D6
:104CD800E811D3F8E02122F40012C3F8E021EDD165
:104CE800F36943F00113F361236B002B40F030812B
:104CF800726942F22B0313437361336943F00B0368
:104D08003361029904F571722068D1F8003823F4F0
:104D1800FE63C1F80038217C06F032FF2068436941
:104D280003F48053436136E706F02EFF824620687D
:104D3800BAF1000F3FF405AF029B27464FF0000B76
:104D4800D04603F51069CDE903A509E05FEA5808E4
:104D58000BF1010B07F11C0709F1200900F01D8177
:104D680018F0010FF2D05FFA8BFA514606F0F0FF07
:104D7800C50706461FD5012102980BF00F02D0F88F
:104D8800343801FA02F223EA0203C0F834382369FE
:104D9800C9F808108B4203D1D7E911231344BB6427
:104DA8005146204606F0F2FD2369012B03D1BBF1E1
:104DB800000F00F0AB812568300702D50823C9F839
:104DC8000830F10602D51023C9F80830720602D55A
:104DD8004023C9F80830B30702D50223C9F80830C0
:104DE80036062846B2D5D7E91463B342AED8A6EB47
:104DF800030E7A6C05F5106C96450CEB4B1C28BF1E
:104E08009646DCF818100EF103021FFA81FEBEEB7D
:104E1800920FC0F07181CDF814B0E3461AE07B6CB4
:104E28005246B96C28469E4228BF1E46237C0093F2
:104E3800B3B206F09DFFBB6CDBF81820334492B286
:104E4800BB647B6D33440336B2EB960F7B65C0F0D1
:104E58004F813E6D9E42A6EB0306E0D8DDF814B004
:104E680020680BF00F0301229A40D5F8343823EA62
:104E78000203C5F8343869E7206806F045FF814623
:104E880000283FF454AE029B0646A3464FF00008A4
:104E980003F530672068CDE9039507E0760808F147
:104EA800010807F120070BF11C0B7DD0F107F5D5A0
:104EB8005FFA88F5294606F0FFFE10F0010F8146DB
:104EC80079D100F00803002B40F0A280206819F087
:104ED800100F01D01023BB6019F0200F05D02169F5
:104EE800012900F00D812023BB6019F4005FD5D0A3
:104EF8004FF40053BB60D1E7204606F08FFD2068D1
:104F0800436903F0804343617FE620465FFA8AF1F4
:104F180006F07CFD2068436903F4001343616EE6E4
:104F280020465FFA8AF106F075FD2068436903F4AC
:104F3800801343615DE6204606F032FD2068436930
:104F480003F0080343614EE6204606F043FD1BE6E6
:104F5800D6F8843043F00B03C6F88430736C43F002
:104F68000B037364CDE60021204684F8F41300F0A7
:104F780041FA74E6C6EBC606082204F57171029878
:104F880006F0FAFDC5F30A1304EB86022068D2F88E
:104F980014120B44C2F814321BE6DDE903A5BAFA71
:104FA8008AF3C3F1200ACCE5DDE90395B9FA89FB58
:104FB800CBF1200ABEE520680123226900F5306A9A
:104FC800BB60012AD0F840E00AEB481A09F0080350
:104FD800DAF8081072D0734A964568D10A0461D588
:104FE8004FF40042CAF80820002B3FF470AF036C5E
:104FF800DAF808106B4A934242D02046059306F02F
:10500800B5FC694A059B934243D80823BB605DE71A
:105018002368226903F5306A1B6C012A0AEB481AD7
:10502800DAF80810E6D1604A934229D8204606F0FB
:105038009DFCEAE747F6F0731D423FF4CAADC6EBA4
:10504800C606C5F30A12029804EB86061546D6F87A
:10505800081206F091FDD6F8083220682B44C6F8ED
:105068000832D6F814322B44C6F81432B1E520467B
:1050780006F0B0FCDDE5204606F0D4FC2368CEE55A
:105088000B044FD54FF400432046CAF8083006F009
:105098006DFC21690129B8D104F57172206806F008
:1050A8006FFDB2E78A0602D52022CAF808202946F1
:1050B8002046059306F060FC059B04E70A0735D5F2
:1050C800394A964505D9090403D54FF40042CAF870
:1050D80008202046059306F049FC04F57172012169
:1050E800206806F04DFD0822059BCAF80820EAE66C
:1050F800DDF814B03E6D20689E423FF627AEB0E65C
:1051080004F5717206F03CFD2068ECE6236D256815
:10511800002B7FF451AE284604F57172012106F088
:105128002FFD48E6204606F021FCB2E78A0609D59D
:105138002022CAF80820002B3FF4C9AE036CDAF825
:10514800081070E7184A964506D9090404D54FF4A3
:105158000042CAF80820EEE7DAF810202946DBF802
:105168000402C2F312020593821ACBF81422DBF868
:10517800082202442046CBF8082206F0FDFB059BD6
:10518800B8F1000F7FF49FAED4F81022002A7FF404
:105198009AAE04F571720121206806F0F1FC059BB6
:1051A80091E600BF0A31544F0A30544F90F8BC239F
:1051B800012A0ED0012210B50446006884F8381080
:1051C80084F8BC2306F0BCFD0023184684F8BC33E1
:1051D80010BD0220704700BF10B501F00F0E090680
:1051E8000446CEEBCE0C4FEA8C0C25D40CF5FE71A0
:1051F8004FF0000C0144CEEBCE0004EB800080F8A9
:10520800FDC18A604A7881F800E0CB700AB1A1F844
:1052180006E0022B01D100230B7194F8BC33012B5B
:1052280016D00123206884F8BC3306F099FD0023CA
:10523800184684F8BC3310BD0CF13C014FF0010C4A
:105248000144CEEBCE0004EB800080F83DC0D8E7E7
:10525800022010BD10B501F00F041C21C4EBC40CD2
:1052680001FB040100EB8C0C01F5FE71CCF8103247
:105278000023CCF808228CF8FC41CCF814328CF8C6
:10528800FD3103690068012B08BFCCF80C22DAB2A3
:105298001CB906F001FD002010BD06F005FD002038
:1052A80010BD00BF10B501F00F041C21C4EBC40CE5
:1052B80001FB040100EB8C0C3C31CCF8503000238E
:1052C800CCF84820CCF8543001238CF83C408CF8BA
:1052D8003D3003690068012B08BFCCF84C20DAB2D6
:1052E8001CB906F0D9FC002010BD06F0DDFC00203A
:1052F80010BD00BF38B5436801F00F059D4234D892
:105308000B0604461DD41C22C1EBC10302FB01019C
:1053180000EB8303002201F5FE7183F8FD210123D0
:105328000D708B7094F8BC239A421CD0206884F8C6
:10533800BC3306F079FCD5B10023184684F8BC3399
:1053480038BD1C21C5EBC503012201FB050100EB9B
:1053580083033C3183F83D2001230D708B7094F852
:10536800BC239A42E2D1022038BD012038BD04F5A1
:105378007172217C206806F003FCDDE701F00F0262
:1053880038B543689A4233D8C2EBC20309060446CB
:105398004FEA83031AD4C2EBC20003F5FE7300255B
:1053A80004EB8000E11880F8FD5100250A708D702B
:1053B80094F8BC33012B19D00123206884F8BC333E
:1053C80006F076FC284684F8BC5338BDC2EBC20010
:1053D8003C33012504EB8000E11880F83D5000259E
:1053E8000A708D7094F8BC33012BE5D1022038BDCA
:1053F800012038BD704700BF38B5114BDA68520735
:1054080004D4DB6803F00703834214D10C4CE3682F
:1054180023F007030343E36006F01EF8054605E0A2
:1054280006F01AF8401BB0F57A7F06D863689B042B
:10543800F6D5002038BD012038BD032038BD00BF97
:1054480000480258024AD36843F08073D36070471B
:1054580000480258B2F1406F4B6A2DE9F04301D081
:10546800002B53D18C69D1E9079764B323430468AF
:10547800486913434D6B4FEA804C0868D1E90B86A5
:10548800002F66D043EA070E8B680F69E361B9F114
:10549800000F75D040EA0903C868B2F1406F43EACB
:1054A800080343EA060343EA050343EA070343EA1A
:1054B800000343EA0C0343EA0E0363616AD04B68B6
:1054C800A361BDE8F08337B33B4304684D6988683E
:1054D8001343AD044E6BE0610869D1E90BC7B9F11C
:1054E800000F63D040EA0900B2F1406F40EA0C00B7
:1054F80040EA070040EA0600CE6840EA060040EAB3
:10550800050043EA00036361D9D143E08C6A05686A
:10551800013C2C61A6E7B9F1000F50D043EA09031A
:10552800CC6A0068B2F1406F43EA020343EA04031D
:105538000C6B43EA04034C6B43EA0403CC6843EA6C
:1055480004034C6943EA8443436123D04B68836175
:1055580020E0B9F1000F1FD040EA0900B2F1406F16
:1055680040EA080040EA060040EA0500CD6840EA43
:10557800050040EA0C0043EA000363619FD109E09B
:1055880040EA080333432B433B4343EA0C0343EA13
:105598000E036361BDE8F08340EA080232432A4300
:1055A80042EA0C0213436361BDE8F08340EA0C024F
:1055B8003A4332432A4313436361BDE8F083002B27
:1055C800E8D0CC6A006823430C6B13434A69234331
:1055D8004C6B234343EA82434361DBE770B50446DF
:1055E80005F03AFF002C57D094F84030012B55D0E5
:1055F8000123054684F8403094F8413003F0FF0257
:10560800002B37D0A66C2268A1681368013923F4EF
:10561800706343EA0123136093689B0604D5701CEA
:1056280032D193689906FCD4D4E90750E36811682D
:105638002B4300250343606843EA00631C48084085
:10564800616903431360A36950680B43216943EA06
:1056580001431849014028460B435360136843F03F
:10566800010313600123656484F84130002384F842
:10567800403070BD204684F8402005F031FC41F2EE
:1056880088331E46A364BEE705F0E6FE401BB04221
:1056980006D82EB12268BFE7012070BD022070BD78
:1056A8000423012084F84130636C03436364DDE71D
:1056B8002FFFFF00FEF8E0FFC8B110B590F84030AA
:1056C8000446012B11D00268012380F8403013688A
:1056D80023F00103136005F08DFC00236364184672
:1056E80084F8413084F8403010BD022010BD0120FC
:1056F800704700BF2DE9F84304460F46164605F0EB
:10570800ABFE94F84030012B33D0012384F84030AD
:1057180094F84130012B5FFA83F807D04FF0020864
:105728000023404684F84030BDE8F8830023711C0C
:10573800814663644FF0020384F841301ED1256826
:10574800AA6812F02002FBD139462046FFF782FEF4
:105758007B6A2BB1012384F841304FF00008DFE762
:10576800AB689A07FCD502220123EA6084F841302D
:10577800F3E74FF002084046BDE8F8832568AA68B9
:1057880012F020020FD005F067FEA0EB09039E423D
:1057980001D3002EF2D1042384F84130636C43F026
:1057A80001036364BCE739462046FFF753FE7B6A72
:1057B800002BCFD1AB689B07D5D405F04DFEA0EBED
:1057C80009039E42E7D3002EE5D02568F2E700BF23
:1057D8002DE9F84304460E46174605F03DFE94F8B9
:1057E80040302568012B38D0012384F8403094F8E4
:1057F8004130012B5FFA83F807D04FF002080023ED
:10580800404684F84030BDE8F883002363644EB313
:105818001223814684F841302B690133E3622B69F6
:1058280066620133A3626B6923F040636B61E36ACC
:105838004BB37B1C3ED131462A4693685E07FCD5A4
:105848000B7885F82030E36A616A013B0131E36235
:10585800E36A61625BB12268EFE74FF002084046F5
:10586800BDE8F883636C43F008036364C7E7256801
:10587800AB689A07FCD502234FF00008EB600123C0
:1058880084F84130BBE7791CF2D007E005F0E4FD6D
:10589800A0EB09039F4205D327B12568AB689B0796
:1058A800F4D5E8E7042384F84130636C43F001033E
:1058B8006364E4E72B4608E005F0CEFDA0EB09039E
:1058C8009F42EFD3002FEDD023689B685807F3D58C
:1058D800636A1B7885F82030E26A636A013A01330B
:1058E800E262E26A6362002AEED1D6E72DE9F84364
:1058F800044617460E4605F0AFFD2568AA6994F8D8
:105908004030012B3CD0012384F8403094F84130DA
:10591800012B5FFA83F807D04FF0020800234046B6
:1059280084F84030BDE8F883002363646EB3222313
:10593800814684F841302B690133A3632B692663C0
:10594800013363636B6923F0406343F080636B61E9
:10595800AA61A36B53B3781C3FD131462A4693689A
:1059680013F0060FFBD095F820300B70A36B216B5A
:10597800013B0131A363A36B21635BB12268EEE7AE
:105988004FF002084046BDE8F883636C43F0080313
:105998006364C3E72568AB689A07FCD502234FF018
:1059A8000008EB60012384F84130B7E7791CF2D096
:1059B80007E005F051FDA0EB09039F4205D327B18D
:1059C8002568AB689B07F4D5E8E7042384F84130E1
:1059D800636C43F001036364E4E72B4608E005F0D9
:1059E8003BFDA0EB09039F42EFD3002FEDD02368C6
:1059F8009B6813F0060FF2D095F82020236B1A70DD
:105A0800A26B236B013A0133A263A26B2363002AC2
:105A1800EDD1D5E72DE9F047044698460F461646DE
:105A280005F01AFD94F84030012B3FD0012384F88B
:105A3800403094F84130012B5FFA83F907D04FF0DA
:105A480002090023484684F84030BDE8F087002367
:105A5800B8F1FF3F824663644FF0420384F8413057
:105A680029D12568AB689806FCD43368204632698A
:105A7800AB627368F1686B62B368EB622B6823F4FE
:105A8800400313434FF0006243F480032B60B96274
:105A98003946FFF7DFFCAB681A07FCD5082201235B
:105AA8004FF00009EA6084F84130CAE74FF0020974
:105AB8004846BDE8F0872568AB68990610D505F01B
:105AC800CBFCA0EB0A03984502D3B8F1000FF2D142
:105AD800042384F84130636C43F001036364B0E746
:105AE8003368394632692046AB6273686B62B368C3
:105AF800EB622B6823F440031343F26843F48003FA
:105B08002B60BA624FF00062FFF7A4FCAB681B077A
:105B1800C4D405F0A1FCA0EB0A039845D8D3B8F18A
:105B2800000FD5D02568AB681B07F2D5B6E700BFD4
:105B38002DE9F043044683B00F46164605F08CFC69
:105B480094F84030012B30D0012384F8403094F889
:105B58004130012B5FFA83F808D04FF00208002388
:105B6800404684F8403003B0BDE8F0830023814606
:105B78006364822384F84130A36C581C1BD12568C8
:105B8800AB689906FCD42B68726823F00803082ACE
:105B980043EA02032B6024D04FF040623946204686
:105BA8004FF00008FFF756FCD9E74FF002084046CF
:105BB80003B0BDE8F0832568AA689206E3D501938F
:105BC80005F04AFC019BA0EB0902934201D3002B8C
:105BD800F1D1042384F84130636C43F0010363641A
:105BE800BDE7326810232A63EB602B6843F4801307
:105BF8002B60D1E7704700BF08B5006C00238363B2
:105C0800C36290F84130082B0BD103680222DA6096
:105C18001A6842F400321A601A6842F002021A60E6
:105C280008BD012380F84130FFF7E4FF08BD00BF3D
:105C3800704700BF704700BF704700BF704700BF84
:105C4800704700BF704700BF704700BF38B5036892
:105C580004469A68196855070ED548030CD594F878
:105C68004120122A75D094F84120222A00F0A18000
:105C78002046FFF7E5FF38BD950726D5880324D5CC
:105C88000222DA601A6822F4E0221A6094F84120AD
:105C9800122A7AD094F84120222A00F0A98094F898
:105CA8004120022A00F0D08094F84120082AE2D14D
:105CB8005A690121204622F040625A6184F8411055
:105CC800636C3BBBFFF7B4FF38BD150725D4D50778
:105CD80035D5C80333D50125DD601A6822F4702252
:105CE8001A60626C42F0020262641A68520779D53F
:105CF8001A68E06B22F004021A60574B836504F0BF
:105D0800A9FC0028B7D0636C204643F00403636401
:105D180084F84150FFF76EFF38BD0803D7D5082235
:105D2800DA601A68520206D51A68012122F4102294
:105D38001A6084F841102046FFF784FF38BDD0066A
:105D480099D5CA0297D510222046DA60FFF77CFF62
:105D580038BD9A6850078BD518460EE0626A1278EB
:105D680083F82020E16A20680139626AE162013221
:105D7800816862624D077FF57BAFE26A002AEDD148
:105D8800036823F48023036072E71A68510709D572
:105D98001A68E16B22F0040209681A60CB6823F0E4
:105DA8000103CB600123204684F84130FFF746FF0A
:105DB80038BD9A6852077FF55BAF18460EE093F836
:105DC8002010226B1170A16B20680139226BA1632E
:105DD80001328168226349077FF54AAFA26B002A26
:105DE800EDD1CDE7204684F84150FFF703FF38BDD9
:105DF8001A6852071DD49A6812F47C5F0FD111E01B
:105E080093F82010226B1170A16B20680139226B66
:105E1800A16301328168226311F47C5F02D0A26B16
:105E2800002AEDD10123204684F84130FFF704FF12
:105E380038BD1A68E16B22F0040209681A60CB6861
:105E480023F00103CB60EDE70123204684F84130BD
:105E5800FFF7F0FE38BD00BF69590000002800F0C8
:105E68008382F8B503680446D80730D59F490A6984
:105E7800896A02F03802102A00F00081182A00F01E
:105E8800F8806368B3F5803F00F02081002B00F0B4
:105E98005E81B3F5A02F954B1A6800F02D8222F48D
:105EA80080321A601A6822F480221A6005F0D4FA47
:105EB8008E4E41F28837054605E005F0CDFA401BC5
:105EC800B84200F2428133689A03F6D523689D07E9
:105ED80000F18580D9062FD5844A1369926A03F0A8
:105EE8003803082B00F0DA80182B00F0D280E36921
:105EF8007E4D002B00F065812B6843F080032B60FA
:105F080005F0AAFA064605E005F0A6FA801B022865
:105F180000F21B812B68DB05F6D505F0B5FA41F2D6
:105F28000303984200F209826B68226A23F0F8435F
:105F380043EA82636B6023681D0716D563696B4D5E
:105F4800002B00F01C816B6F43F001036B6705F0B9
:105F580083FA064605E005F07FFA801B022800F266
:105F6800F4806B6F9807F6D523689A0616D5A3694F
:105F78005E4D002B00F014812B6843F480532B6096
:105F880005F06AFA064605E005F066FA801B022865
:105F980000F2DB802B689F04F6D52368590700F1CF
:105FA8009B80636ACBB1514D2A6902F03802182AE6
:105FB8006DD0022B2B6823F080732B6000F03781A3
:105FC80005F04AFA044605E005F046FA001B0228E7
:105FD80000F2BB802B689B01F6D40020F8BD434A31
:105FE8001369926A13F0380329D1404BE2681B68A1
:105FF800590701D5002A4AD03C4D2B6823F01903D4
:1060080013432B6005F028FA064605E005F024FA4C
:10601800801B022800F299802B685B07F6D505F0F3
:1060280033FA41F20303226998426B6800F2F08068
:1060380023F47C3343EA02336B6023684AE7182B66
:1060480000F0E280294DE2682B68002A00F0CB803E
:1060580023F0190313432B6005F0FEF9064604E00C
:1060680005F0FAF9801B02286FD82B685F07F7D56F
:10607800D5E701F0030102297FF403AF1B4A126838
:1060880091037FF524AF6268002A7FF420AF0120D6
:10609800F8BD02F00302012A7FF429AF134B1B68F5
:1060A800DA0502D5E369802BF1D105F0EDF941F26B
:1060B80003030E4A9842216A00F2B180536823F024
:1060C800F84343EA81635360236835E7074A136856
:1060D80043F480331360E9E6054D2B6843F480737D
:1060E8002B6005F0B9F9064609E000BF00440258E4
:1060F8000048025805F0B0F9801B642825D82B68A1
:10610800DA05F7D5A368012B00F02081002B00F0F9
:10611800FB80052B954B1A6F00F01E8122F00102BF
:106128001A671A6F22F004021A6705F095F98F4E64
:1061380041F28837054604E005F08EF9401BB84265
:1061480003D8336F9B07F7D52BE70320F8BD874D9E
:1061580041F288372B6823F480332B602B6823F4B3
:1061680080232B6005F078F9064604E005F074F901
:10617800801BB842E9D82B689B03F7D4A6E66B6F5F
:1061880023F001036B6705F067F9064604E005F0A4
:1061980063F9801B0228D8D86B6F9907F7D4E3E618
:1061A8002B6823F480532B6005F056F9064604E06B
:1061B80005F052F9801B0228C7D82B689804F7D439
:1061C800EBE62B6823F080032B6005F045F90646C3
:1061D80004E005F041F9801B0228B6D82B68DF05DA
:1061E800F7D42368A8E623F001032B6005F034F9FF
:1061F800064604E005F030F9801B0228A5D82B6874
:106208005807F7D4236865E690077FF41BAFECE6E0
:1062180023F0FE4343EA02636B6023685AE6D368BF
:1062280023F07C5343EA0163D360236884E605F0D6
:1062380013F9064604E005F00FF9801B022884D8FC
:106248002B689901F7D4A96A494BA26A0B401343FA
:10625800E26A43EA0213AB62216BD4E90D320139D9
:10626800013B013AC1F308015B0212049BB202F43C
:10627800FE021343E26B013A0B43120602F0FE42A0
:1062880013432B63EB6A23F00103EB626B6BA26C85
:106298006FF3CF0343EAC2036B63EB6A226C23F00C
:1062A8000C031343EB62EB6A626C23F002031343A3
:1062B800EB62EB6A43F48033EB62EB6A43F400333E
:1062C800EB62EB6A43F48023EB62EB6A43F0010371
:1062D800EB622B6843F080732B6005F0BDF8234D0B
:1062E800044605E005F0B8F8001B02283FF62DAF7C
:1062F8002B689A01F6D570E642F480221A601A6873
:1063080042F480321A60D1E5184D41F288372B6F7C
:1063180023F001032B672B6F23F004032B6705F091
:106328009BF8064605E005F097F8801BB8423FF653
:106338000CAF2B6F9807F6D433E6EB68226A23F08C
:106348007C5343EA0263EB602368F5E5074A136F61
:1063580043F001031367E8E642F004021A671A6F74
:1063680042F001021A67E0E6012070470044025833
:106378000CFCFFFF3F4A136903F03803102B4FD082
:10638800182B0AD0002B4DD1136899064CD51368E9
:106398003948C3F3C103D8407047916A30B4946A4E
:1063A800D56A14F47C7F536BC4F3051036D0C3F35D
:1063B800CC0305F0010501F0030107EE900A05FB87
:1063C80003F30129F8EEE77A06EE903AFAEEE96A65
:1063D80002D0022948D049B39FED287A87EE276A70
:1063E800136BC3F3080307EE103AF7EE005AB8EE42
:1063F800C77A37EE267A37EE257A27EE067A1D4BCE
:106408001B6BC3F34623013307EE903AF8EEE76AB5
:10641800C7EE267AFCEEE77A17EE900A30BC704792
:1064280017487047174870471348704713689B060A
:106438001DD51068F7EE005A136B0F49C0F3C1025F
:10644800C3F30803D14007EE103A06EE101AB8EE6F
:10645800C77AB8EEC66A77EE266A86EE277A76EEAF
:10646800A57A27EE277ACAE79FED077AB6E79FED68
:10647800077AB3E7004402580090D0030024744A16
:106488000024F40000093D000024744B0024744CDF
:10649800002800F00481884A136803F00F038B4238
:1064A8002DE9F04104460D460CD2136823F00F0382
:1064B8000B431360136803F00F038B4202D00120D3
:1064C800BDE8F081236858070BD57C4920698A69A3
:1064D80002F07002904204D98A6922F070020243E5
:1064E8008A6119070BD575496069CA6902F070029B
:1064F800904204D9CA6922F070020243CA61DA06DE
:106508000BD56E49A069CA6902F4E062904204D9C9
:10651800CA6922F4E0620243CA619F060BD5674943
:10652800E0690A6A02F07002904204D90A6A22F00D
:10653800700202430A629E0703F0010240F1A18043
:106548005E4EE068B16901F00F01884204D9B16973
:1065580021F00F010143B161002A30D0574AA168E8
:10656800936923F470630B4393616168136802298C
:1065780000F09780032900F08E80012900F09780B1
:106588005F079CD54D4E41F28838336923F00703E5
:106598000B43336104F060FF074605E004F05CFF3D
:1065A800C01B404500F281803369626803F03803FC
:1065B800B3EBC20FF2D123689E0706D5E0683F49C6
:1065C8008A6902F00F0290425FD33B490A6802F0E1
:1065D8000F02AA420AD90A6822F00F022A430A6067
:1065E8000A6802F00F02AA427FF469AF58070BD578
:1065F800324920698A6902F07002904204D28A699D
:1066080022F0700202438A6119070BD52B49606991
:10661800CA6902F07002904204D2CA6922F070027C
:106628000243CA61DA060BD52449A069CA6902F493
:10663800E062904204D2CA6922F4E0620243CA616D
:106648009B060BD51D4AE169136A03F07003994252
:1066580004D2136A23F070030B431362FFF78AFE18
:10666800164A0346164892691649C2F30322825C09
:106678000E2002F01F02D340BDE8F0410B6004F089
:1066880089BE002A7FF46AAF9FE78A6922F00F0269
:1066980002438A6199E79A013FF574AF0FE7012039
:1066A800704798033FF56EAF09E7032008E7DB055D
:1066B8003FF568AF03E700BF0020005200440258CE
:1066C8003C9D03245405002008B501F015FA064B3B
:1066D80006499B69064A03F00F03CB5C03F01F03CE
:1066E800D840106008BD00BF004402583C9D0324F8
:1066F8005005002010B501F0FFF90949094A8B69D6
:10670800094C03F00F03D35C03F01F03D84020604B
:10671800CB69C3F30213D35C03F01F03D84010BD49
:10672800004402583C9D03245005002010B501F098
:10673800E3F90949094A8B69094C03F00F03D35C53
:1067480003F01F03D8402060CB69C3F30223D35C56
:1067580003F01F03D84010BD004402583C9D032499
:1067680050050020F8B5364C06460F46236823F03E
:106778008063236004F070FE054604E004F06CFEBC
:10678800401B022856D823681A01F7D4A36A326836
:1067980023F47C3343EA0233A362D6E90232013B95
:1067A800013A5B0212049BB202F4FE0213437268C0
:1067B800013AC2F3080213433269013A120602F0A1
:1067C800FE421343A363E36A726923F0C0031343D1
:1067D800E362E36AB26923F020031343E362E36AE6
:1067E80023F01003E362E36BF2696FF3CF0343EA2C
:1067F800C203E363E36A43F01003E362E36ADFB1D1
:10680800012F0CBF43F4801343F40013E3620C4CD4
:10681800236843F08063236004F01EFE054604E00D
:1068280004F01AFE401B022804D823681B01F7D580
:106838000020F8BD0320F8BD43F40023E362E6E737
:1068480000440258F8B5364C06460F46236823F034
:106858008053236004F000FE054604E004F0FCFDCC
:10686800401B022856D823689A00F7D4A36A3268D6
:1068780023F07C7343EA0253A362D6E90232013B58
:10688800013A5B0212049BB202F4FE0213437268DF
:10689800013AC2F3080213433269013A120602F0C0
:1068A800FE4213432364E36A726923F4406313438B
:1068B800E362E36AB26923F400731343E362E36AB1
:1068C80023F48073E362636CF2696FF3CF0343EAE6
:1068D800C2036364E36A43F48073E362E36ADFB18B
:1068E800012F0CBF43F4000343F08073E3620C4CA8
:1068F800236843F08053236004F0AEFD054604E0AE
:1069080004F0AAFD401B022804D823689B00F7D591
:106918000020F8BD0320F8BD43F48003E362E6E7F6
:10692800004402582DE9F8430368044613F0006652
:1069380023D0426EB2F5001F00F0168500F2FD85E7
:10694800002A00F02A85B2F5801F40F0FA85A24A95
:10695800926A02F00302032A00F0F3850221043050
:10696800FFF700FF064623683EB9626E9A48002684
:10697800016D21F440110A430265DD050AD5626DF7
:10698800042A06D8DFE812F06B03B3049F047003EF
:10699800700301263546980522D5A26D802A00F09D
:1069A8007E8400F2BF85002A00F0AF84402A40F0C0
:1069B800C085894A926A02F00302032A00F0B98569
:1069C8000021201DFFF7CEFE23680546002D40F06C
:1069D80077848149A06D0A6D22F4E07202430A654A
:1069E800590526D5D4F8A420B2F5800F00F0E38429
:1069F80000F28985002A00F0C584B2F5001F40F036
:106A08008A85754A926A02F00302032A00F0838598
:106A18000021201DFFF7A6FE23680546002D40F043
:106A2800B9846D49D4F8A4008A6D22F46002024347
:106A38008A651A0526D5D4F8A820B2F1007F00F09F
:106A48007F8400F24885002A00F0AE84B2F1807F8E
:106A580040F04985604A926A02F00302032A00F076
:106A680042850021201DFFF77DFE23680546002D85
:106A780040F077845849D4F8A8008A6D22F0E06283
:106A880002438A659F0118D5A26C202A00F0C083B2
:106A980000F25A853AB1102A40F059854E49CA6A1F
:106AA80042F40032CA62002D40F02C834A49A06C9F
:106AB800CA6C22F030020243CA64D80424D5E26DBD
:106AC800B2F5005F00F0288400F21185002A00F07A
:106AD8008284B2F5805F40F012853F4A926A02F0E4
:106AE8000302032A00F00B850021201DFFF73AFE60
:106AF80023680546002D40F020843749E06D0A6D73
:106B080022F4E04202430A65990422D5226EB2F5C6
:106B1800003F00F0B28300F2B58482B1B2F5803F45
:106B280040F0BA842C4A926A02F00302032A00F069
:106B3800B3840121201DFFF715FE23680546002DAB
:106B480040F0FD822449206E0A6D22F4E0220243BF
:106B58000A655A0424D5D4F8AC20B2F1005F00F0DD
:106B6800FE8200F29D8482B1B2F1805F40F0A2847F
:106B7800194A926A02F00302032A00F09B84012159
:106B8800201DFFF7EFFD23680546002D40F0D98250
:106B98001149D4F8AC008A6D22F0E04202438A65BC
:106BA8001F040DD5E26EB2F1805F00F0DB81B2F117
:106BB800005F00F0D584002A00F0D981012635460F
:106BC800D80114D5626C032A00F2E384DFE812F0DE
:106BD8000B0006000B030B00004402583549CA6A33
:106BE80042F40032CA62002D00F08E822E4659020D
:106BF80000F1F481DF072FD5A26F282A2AD8DFE811
:106C080012F0D101290029002900290029002900B2
:106C18002900C40129002900290029002900290088
:106C28002900150429002900290029002900290024
:106C38002900D1012900290029002900290029005B
:106C48002900D1012900290029002900290029004B
:106C58002900D1010126354698071CD5626F052AFF
:106C680000F28F84DFE812F013000600D00313004F
:106C7800130013000F4A926A02F00302032A00F07D
:106C880080840121201DFFF76DFD23680546002D36
:106C980000F04D822E4659071FD5D4F89020052ABA
:106CA80000F27384DFE812F0150008009E03150057
:106CB8001500150000440258A94A926A02F003021E
:106CC800032A00F062840121201DFFF74BFD236891
:106CD8000546002D00F022822E469A0624D5D4F8C7
:106CE8008C20B2F1005F00F05C8200F2BE8382B1BA
:106CF800B2F1805F40F0C383994A926A02F00302BE
:106D0800032A00F0BC830021201DFFF72BFD236818
:106D18000546002D40F019829149D4F88C004A6D3F
:106D280022F0E04202434A655F0624D5D4F8982051
:106D3800B2F5006F00F0468200F2C08382B1B2F56E
:106D4800806F40F0C583864A926A02F00302032AE4
:106D580000F0BE830021201DFFF704FD23680546CF
:106D6800002D40F0F0817E49D4F898008A6D22F415
:106D7800E05202438A65180624D5D4F89C20B2F55F
:106D8800804F00F0FD8100F2638382B1B2F5005FAD
:106D980040F06883724A926A02F00302032A00F004
:106DA80061830021201DFFF7DDFC23680546002DC7
:106DB80040F0CD816A49D4F89C008A6D22F4604283
:106DC80002438A6519070BD5D4F88010B1F5805FA6
:106DD80000F067816248426D22F440520A434265DE
:106DE800DA060BD5D4F89410B1F5807F00F048810D
:106DF8005B48826D22F440720A4382651F0322D5E4
:106E0800D4F8A010B1F5803F00F02582B1F5003F1D
:106E18000ED0002940F0B680514A926A02F003026F
:106E2800032A00F0AF80201DFFF79CFC236805466D
:106E3800002D40F08E814A49D4F8A0008A6D22F4D2
:106E4800403202438A6558030FD5D4F88420B2F53E
:106E5800001F00F0EE81B2F5401F00F0B380B2F5DC
:106E6800801F00F0AA8001263546D9031CD5E26CA4
:106E7800002A00F03981B2F5803F6ED1384A926A13
:106E880002F00302032A68D00221201DFFF76AFCE2
:106E980005462368002D40F02F813149E06CCA6C0B
:106EA80022F480320243CA649A000DD52C4A926AB1
:106EB80002F00302032A4ED0022104F12400FFF756
:106EC800C1FC2368002846D19F0335D4301E18BF63
:106ED8000120DE0206D52249256F0A6D22F0004204
:106EE8002A430A65DD0007D51D49D4F8B4500A695C
:106EF80022F480422A430A61990206D51849A56EF0
:106F08000A6D22F080722A430A655A0009D5144A8C
:106F1800116921F4004111611169D4F8B85029436D
:106F28001161002B06DA0E4A216DD36C23F0405311
:106F38000B43D364BDE8F883E26FB2F5807F00F0BD
:106F4800C18040F2088122F48071B1F5007F00F021
:106F5800BE800120BDE70126B6E701263546A3E736
:106F680000440258A849CA6A42F40032CA62002D95
:106F780040F0C480A449E06E0A6D22F040520243FA
:106F88000A651DE6012635465DE79F4A926A02F0CA
:106F98000302032A3FF45EAE0121201DFFF7E2FB46
:106FA80023680546002D40F0B7809749A06F4A6DC9
:106FB80022F0380202434A654EE69349CA6A42F40F
:106FC8000032CA62002D40F09B808F49D4F88400BB
:106FD8004A6D22F4401202434A6546E78B4F3B68EC
:106FE80043F480733B6004F037FA804606E004F00F
:106FF80033FAA0EB0800642800F2AD823B68DA059A
:10700800F5D5002D40F0A8827F4AD4F8B030116F32
:10701800594011F4407F0BD0116F106F21F440716B
:1070280040F480301067106F20F4803010671167CB
:10703800B3F5807F00F0B18203F44072B2F5407F6F
:1070480000F0BF8270490A6922F47C520A616E4AD4
:10705800C3F30B03116F0B4313672368CAE56A492F
:10706800CA6A42F40032CA623546002D40F03C81BB
:107078006549606D0A6D22F0070202430A658AE4D9
:10708800614A926A02F00302032A08D0022104F13D
:107098002400FFF7D7FB236800283FF4AFAE012692
:1070A800ACE6594A926A02F00302032A08D0022188
:1070B80004F12400FFF7C6FB236800283FF490AED4
:1070C80001268DE65048C16A41F40031C162002DA5
:1070D8007FF43FAF4C4D301E696D18BF012021F47D
:1070E80040710A436A65F4E64749CA6A42F40032C5
:1070F800CA62002D3FF4D1AE2E46D5E62E465FE596
:107108002E46B2E62E46D8E43F49606CCA6C22F09F
:1071180003020243CA646AE52E469DE53A49D4F85B
:1071280090008A6D22F0070202438A65D5E5364948
:10713800606F4A6D22F0070202434A65ABE52E46AE
:1071480007E52E462CE52E4615E62E46ECE52E469E
:1071580038E62E4677E6002A7FF4FBAEB7E72A4AE0
:10716800926A02F00302032A00F0A481012104F1CB
:107178002400FFF767FB05462368002DE1D107E5EA
:10718800214A926A02F00302032A00F06B8102216D
:1071980004F12400FFF756FB05462368002DD6D1DD
:1071A80008E6194A926A02F00302032A00F067818E
:1071B800022104F12400FFF745FB05462368002D52
:1071C800C3D1A9E5104A926A02F00302032A00F02B
:1071D8007F81022104F12400FFF734FB0546236870
:1071E800002DB0D1BFE5084A926A02F00302032AD3
:1071F80000F0CF810221201DFFF7B4FA054623686D
:10720800002D7FF4F3AC7FE7004402580048025891
:10721800C34A926A02F00302032A00F0988102210D
:10722800201DFFF79FFA05462368002D7FF46AAFFB
:107238003CE4BB4A926A02F00302032A3FF413AE0D
:10724800012104F12400FFF7FDFA05462368002D0B
:107258007FF456AFB9E6B24A926A02F00302032AF3
:107268003FF490AE022104F12400FFF7EBFA054643
:107278002368002D7FF46DAFDDE5A94A926A02F01C
:107288000302032A00F00881012104F12400FFF71A
:10729800D9FA05462368002D7FF451AF52E4A04A7D
:1072A800926A02F00302032A00F04381002104F1EC
:1072B8002400FFF7C7FA05462368002D3FF489AB81
:1072C8002E46FFF78DBB964A926A02F00302032A04
:1072D8003FF45FAB002104F12400FFF7B3FA054641
:1072E8002368002D3FF4C4AE2E46FFF754BB8C4AEA
:1072F800926A02F00302032A3FF44BAB0021201DDF
:10730800FFF730FA23680546AFE68549CA6A42F4B2
:107318000032CA62FFF75ABB814A926A02F003023E
:10732800032A00F0EC80002104F12400FFF78AFA18
:1073380005462368002D3FF4E0AB2E46FFF7E4BB7B
:10734800774A926A02F00302032A00F0CC800021F7
:1073580004F12400FFF776FA05462368002D3FF470
:1073680089AB2E46FFF78EBB6D4A926A02F0030284
:10737800032A00F0E68002212430FFF763FA06466C
:10738800FFF7F1BA6649CA6A42F40032CA62002DB0
:107398003FF447AB2E46FFF74CBB6148C16A41F446
:1073A8000031C162FFF7E2BA5D49CA6A42F40032AD
:1073B800CA62FFF75CBB5A4A926A02F00302032AC8
:1073C80000F0A980002104F12400FFF73BFA2368AC
:1073D8000546FFF723BB5249CA6A42F40032CA6223
:1073E800FFF788BB4E4A926A02F00302032A00F0B4
:1073F800CC80012104F12400FFF724FA0546236814
:10740800002D7FF469AC89E6454A926A02F00302CE
:10741800032A00F0B680012104F12400FFF712FAD4
:1074280005462368002D7FF435AC80E63C4A926A15
:1074380002F00302032A3FF40DAC012104F12400F9
:10744800FFF700FA05462368002D7FF465AEACE52A
:1074580022F40051B1F5004F3FF4A9ACB2F5C04F8A
:107468003FF4A5AC01263546ACE422F08051B1F1D9
:10747800804F3FF44EACB2F1405F3FF44AAC012676
:10748800354651E422F48031B1F5802F3FF457ABF3
:10749800B2F5403F3FF453AB01263546FFF759BBE1
:1074A80022F08051B1F1804F3FF46FABB2F1405FF1
:1074B8003FF46BAB01263546FFF772BB22F48061BF
:1074C800B1F5805F3FF44CACB2F5406F3FF448AC87
:1074D800012635464FE4B2F1407F3FF4C8AAB2F125
:1074E800806F3FF4C4AA01263546FFF7CBBAB2F540
:1074F800405F3FF4FFAAB2F5804F3FF4FBAA012694
:107508003546FFF701BBB2F5C00F3FF487AAB2F5C5
:10751800000F3FF483AA01263546FFF78ABA00BF59
:1075280000440258C02A3FF451AAB2F5807F3FF4C4
:107538004DAA01263546FFF753BAB2F5401F3FF46E
:1075480015AA0126FFF719BA302A3FF4ACAA01267A
:107558003546FFF7B2BA032523682E46FFF74ABB24
:107568001F4A926A02F00302032A3FF427AB012163
:10757800201DFFF7F7F805462368002D7FF4BEAD00
:10758800F8E401263546FFF786BB01263546FFF7A6
:10759800A4BB01263546FFF72ABB03F05DFFDFF8E1
:1075A8004080074641F2883904E003F055FFC01BCC
:1075B800484510D8D8F870309B07F6D5D4F8B030C5
:1075C8003AE50748074A016902EA131221F47C5197
:1075D8000A4302613BE5032623683546FFF70ABBE9
:1075E80000440258CFFFFF0008B5FFF76DF8054BC0
:1075F800054A1B6AC3F30213D35C03F01F03D84088
:1076080008BD00BF004402583C9D0324474A70B49B
:10761800946A956AD66A15F47C3FC5F30533D16B35
:107628005BD0C1F3CC0106F0100604F0030407EEAA
:10763800903A06FB01F1012CB8EEE77A06EE901AB3
:10764800FAEEE96A03D0022C6AD0002C4AD0DFEDAA
:10765800387A87EE876A936BC3F3080307EE903A8C
:10766800F7EE005AF8EEE77A77EEA67A77EEA57A83
:1076780067EE867A2D4AB7EE006A936BC3F346230A
:1076880007EE103AB8EEC77A70BC37EE067AC7EE46
:10769800876AFCEEE66AC0ED006A936BC3F30643A3
:1076A80007EE103AB8EEC77A37EE067AC7EE876A61
:1076B800FCEEE66AC0ED016A936BC3F3066306EE5F
:1076C800903AF8EEE66A76EE866A87EEA67AFCEEDF
:1076D800C77A17EE903A8360704770BCC0E90033F0
:1076E8008360704713689B061DD51468F7EE005A2F
:1076F800936B1049C4F3C102C3F30803D14007EEEA
:10770800903A06EE101AF8EEE77AB8EEC66A77EE07
:10771800A66AC6EE077A36EEA57A67EE877AA9E7F3
:10772800DFED057A95E7DFED057A92E70044025828
:107738000024744A0090D0030024744B0024744C35
:10774800474A70B4946A956AD66A15F07C7FC5F387
:107758000553516C5BD0C1F3CC0106F4807604F07C
:10776800030407EE903A06FB01F1012CB8EEE77A24
:1077780006EE901AFAEEE96A03D0022C6AD0002CC1
:107788004AD0DFED387A87EE876A136CC3F30803B3
:1077980007EE903AF7EE005AF8EEE77A77EEA67A17
:1077A80077EEA57A67EE867A2D4AB7EE006A136CF3
:1077B800C3F3462307EE103AB8EEC77A70BC37EE2B
:1077C800067AC7EE876AFCEEE66AC0ED006A136CBB
:1077D800C3F3064307EE103AB8EEC77A37EE067AD7
:1077E800C7EE876AFCEEE66AC0ED016A136CC3F364
:1077F800066306EE903AF8EEE66A76EE866A87EE5B
:10780800A67AFCEEC77A17EE903A8360704770BC90
:10781800C0E900338360704713689B061DD5146860
:10782800F7EE005A136C1049C4F3C102C3F30803FE
:10783800D14007EE903A06EE101AF8EEE77AB8EE65
:10784800C66A77EEA66AC6EE077A36EEA57A67EEBE
:10785800877AA9E7DFED057A95E7DFED057A92E704
:10786800004402580024744A0090D0030024744B4A
:107878000024744C474A70B4946A956AD66A15F421
:107888007C7FC5F30513516B5BD0C1F3CC0106F0C7
:10789800010604F0030407EE903A06FB01F1012CFF
:1078A800B8EEE77A06EE901AFAEEE96A03D0022CEF
:1078B8006AD0002C4AD0DFED387A87EE876A136BDE
:1078C800C3F3080307EE903AF7EE005AF8EEE77AAA
:1078D80077EEA67A77EEA57A67EE867A2D4AB7EE26
:1078E800006A136BC3F3462307EE103AB8EEC77A63
:1078F80070BC37EE067AC7EE876AFCEEE66AC0ED22
:10790800006A136BC3F3064307EE103AB8EEC77A62
:1079180037EE067AC7EE876AFCEEE66AC0ED016AC2
:10792800136BC3F3066306EE903AF8EEE66A76EE5A
:10793800866A87EEA67AFCEEC77A17EE903A8360DD
:10794800704770BCC0E900338360704713689B06BA
:107958001DD51468F7EE005A136B1049C4F3C10221
:10796800C3F30803D14007EE903A06EE101AF8EE7A
:10797800E77AB8EEC66A77EEA66AC6EE077A36EEFA
:10798800A57A67EE877AA9E7DFED057A95E7DFED57
:10799800057A92E7004402580024744A0090D00304
:1079A8000024744B0024744CB0F5807F00B585B07A
:1079B8002BD0B0F5007F0FD0B0F5806F3FD0B0F579
:1079C800006F2DD0B0F5805F48D0B0F5002F75D08E
:1079D800002005B05DF804FB424A136D03F4E07320
:1079E800802B52D042D9C02B34D0B3F5807FEFD151
:1079F800D36C13F0405354D0B3F1805F6BD0B3F124
:107A0800005F394818BF0020E3E7364B1B6D03F0D1
:107A18000703042BDCD8DFE803F0312A381D3F00C8
:107A2800304A936D03F0E063B3F1007F2DD01DD988
:107A3800B3F1407F0ED0B3F1806FD9D0C8E7294A9F
:107A4800936D03F46003B3F5800F1ED00ED9B3F520
:107A5800C00F28D1254805B05DF804FB214A136DF5
:107A680003F4E043B3F5005F0FD020D833B101A889
:107A7800FFF7CCFD019805B05DF804FB01A8FFF7FE
:107A8800F9FE029805B05DF804FB01A8FFF758FE5F
:107A9800019805B05DF804FB124BDB6C13F0405302
:107AA800AAD1134895E7B3F5000FA1D090E7B3F535
:107AB800405FCFD0B3F5804F9AD089E7094A936DDC
:107AC80003F44033B3F5803F07D0B3F5003F8FD0C0
:107AD800002BCCD07CE707487BE701A8FFF730FEF6
:107AE800039876E7004402580024F4000080BB00A5
:107AF8000090D00300093D0008B5FEF73BFC064B9B
:107B080006499B69064AC3F30323CB5C03F01F03B2
:107B1800D840106008BD00BF004402583C9D0324B3
:107B280054050020002800F08481F8B5054603F0CC
:107B3800ABFC95F838302968012BA74B14D0994233
:107B480024D02033994221D0A44B994263D02033CA
:107B5800994260D003F57873994203D02033994253
:107B680040F024819E4C12E0994205D003F1C053A5
:107B7800A3F58233994246D16B68012B43D16B6CD4
:107B8800002B40D1944B994240F00F81954C95F8C9
:107B9800913003F0FF02002B44D0934B934A1B68AB
:107BA800A2FB03230A681B0B22F480329B000A60A5
:107BB8001BB30A68013B12F48032F9D1022385F81D
:107BC8009130EB68012B20D0022B0BBF2020002026
:107BD8004FF0210C4FF0010C0BBF22270227232660
:107BE8000326AB68013B042B00F25881DFE813F051
:107BF800230122002A0121002601D5F8943043F000
:107C08004003C5F894300120F8BD4FF0110C12273D
:107C180013261020E5E795F89130754C03F0FF0224
:107C2800002BBAD1284685F8902003F089FA2968F4
:107C3800B3E738464FF400662B6A2060002B40D02B
:107C4800654B994200F016812033994200F0128169
:107C5800624B994200F007812033994200F003817A
:107C6800644B994200F0F8802033994200F0F48088
:107C7800614B994200F00581604B994200F0088100
:107C8800AB6902EB8202296AB3F5002F4FEA420280
:107C980000F0DC80AB6AB3F1806F14BF01230223CC
:107CA80001FB03F31B02B2FBF3F3554AA2FB0312D9
:107CB800D20802EB8201A3EB4103092B08BF013272
:107CC8006A626B682F6D33F0020340F0AB80013FAE
:107CD80018BF01277F0203F0D7FB696CB0F5005F7E
:107CE800D5E9003242EA0102A96C42EA0102E96CD4
:107CF80042EA0102E96A42EA0102696942EA0102CA
:107D0800C0F08880A96918680A43A96A0A433D49EE
:107D18000140196029690A4319680A43696A42EAF5
:107D28000152394932433A431A605A68286B114064
:107D3800EA690243686B5960024359680A43334948
:107D48005A609A6811406A6E9960E96D98680A43AA
:107D5800296E0A43696D01390A43A96D013942EA5E
:107D6800012202434FF220009A60D968AA6E0140AE
:107D7800D960E96ED8680A43696F42EA0142296FFF
:107D8800013942EA0122144902438B42DA600FD0DA
:107D9800194A93420CD000230122C5F894301846A2
:107DA80085F8912085F89030F8BD1349184CEEE617
:107DB800636C23F00103636495F83830012BEAD132
:107DC800D5E90F23013A43EA02136364636C43F075
:107DD80001036364DFE700BF04580140045C01400D
:107DE8000060014000580140540500201BECCB9571
:107DF800005C0140046001400454005824540058B9
:107E0800CDCCCCCC10C005F0F01FFFFF0080F8FFF0
:107E180000540058A96918680A43214901401960AB
:107E2800A96A78E7A7F10107B7FA87F77F097F0200
:107E380051E7012070474FF48066FDE630464FF465
:107E48000066F9E660464FF40066F5E66B6D03FBE5
:107E580001F1B2FBF1F328E74FF40070FFF7A4FD3E
:107E68002968024604E74FF40070FFF79DFD296872
:107E78000246F5E64FF48070FFF796FD2968024642
:107E8800E6E64FF48060FFF78FFD29680246F3E6C7
:107E98004FF40060FFF788FD0246F1E60026CBE6C6
:107EA80010C005F8022930B426D9CC1E012C20D8E0
:107EB800002403674464C464C46584664FF6FF7491
:107EC8004467446834F002040CBF012500250429E6
:107ED8004FF40031056514BF0D24012401664FF4E9
:107EE800802184654166032A03D8DFE802F038322E
:107EF8003027012030BC7047002403674464C46401
:107F08008466446834F0020414BF01240024046524
:107F18004FF48034C4654FF6FF74446713F00104CE
:107F2800E7D14D1E012D21D844664FF40034046674
:107F3800032ADED8DFE802F02E483824E0215B016E
:107F4800802281644365C26630BCFFF7EBBDC02167
:107F5800F5E780225B0182644365C266F4E780210D
:107F68001B01402281644365C266EDE74FF480211E
:107F7800C0E91841032ABCD8DFE802F00C38350202
:107F88005B08E0249A0180215B018464C166C0E932
:107F98001523D9E75B08802440215A0184641B011A
:107FA800C166C0E91523CFE75B08C02280250229F6
:107FB8004FEA831482644FEA4313C56644658365B8
:107FC800C2D108238366BFE75B08802202294FEAF3
:107FD800831482644FEA4313C266C0E91543B3D1E0
:107FE80010238366B0E75B08C024CBE75B088022D8
:107FF800990182645B01C266C0E91513A4E700BF5A
:108008002DE9F0410F460446154603F025FA002FE6
:108018006AD0B5FA85F84FEA5818002D64D094F85C
:108028009130012BDAB250D194F89030012B4CD01A
:10803800434684F890201222C4F8948065F30F0315
:10804800064684F891203946D4F8800065F31F432A
:108058002D4AA767E3672B4602642C4AC0F8508074
:10806800C2632B4AC26422681C32FAF7EFFD074646
:10807800002837D1626C6368082A2AD0052261215A
:10808800023B012B88BF1146226813690B43136119
:10809800136843F40033136006E003F0DDF9831B33
:1080A800B3F57A7F24D82268556915F4E025F4D011
:1080B8001368DB0303D4136843F48033136000238D
:1080C800384684F89030BDE8F08102273846BDE88C
:1080D800F08123F00202012A0BBF1522052271212B
:1080E8006121CDE784F8908001273846BDE8F0810A
:1080F800D4F89430032784F8905043F0400338466E
:10810800C4F89430BDE8F081B97F0000517F0000C9
:1081180039800000002959D038B5B2FA82F51346E3
:108128006D09002A47D090F891200446012AD0B260
:108138003DD194F89020012A39D084F8900028463F
:10814800A1670A4663F30F002221C4F8945063F331
:108158001F4084F891101E49E067D4F88400016438
:108168001C490565C1631C49C16421681C31FAF7C3
:108178006DFDF0B923681A68D20303D41A6842F473
:1081880080321A60616C6268082916D00525612161
:10819800023A012A88BF29461A690A4300211A614E
:1081A8001A6842F400321A6084F8901038BD022030
:1081B80038BD84F89050012038BD22F00201012911
:1081C8000BBF1525052571216121E1E701207047C5
:1081D80029800000C57F000039800000704700BF7B
:1081E800C369806BB3F5807F10B51BD003684FF06F
:1081F800000C446C1968082C426821F40031A0F87E
:108208007EC0196011D06FF061016FF00504023A69
:108218004FF0010C012A88BF21461A690A401A61E9
:1082280080F891C0FFF7DAFF10BD22F002010129A2
:108238000BBF6FF071016FF061016FF015046FF003
:108248000504E4E7704700BF806B08B5FFF7FAFF45
:1082580008BD00BFC369806BB3F5807F10B51BD024
:1082680003684FF0000C446C1968082C426821F42C
:1082780000311960A0F87EC011D06FF061016FF075
:108288000504023A4FF0010C012A88BF21461A69F9
:108298000A401A6180F891C003F03CF810BD22F042
:1082A800020101290BBF6FF071016FF061016FF0DE
:1082B80015046FF00504E4E7806B08B502F0F6FFDB
:1082C80008BD00BF704700BF10B5846BFBF7AEF860
:1082D800022823D0D4F89420216842F08002134B5E
:1082E8001348C4F894201B680A68A0FB030322F40F
:1082F80000321B0B0A600A689B0022F480320A6075
:108308006BB10A68013BD203FAD40122002320464C
:1083180084F89120A4F87E30FFF7D4FF10BDD4F87C
:10832800943043F04003C4F89430EEE7540500203D
:108338001BECCB9503682C495A6910B49C6944F02E
:1083480008049C619C6944F010049C611C6824F03A
:1083580001041C601C6921401961996821F440419D
:10836800996090F88110042901D0910630D490F8D2
:108378008110032901D054061FD4910509D5D0F8DE
:10838800841041F00101C0F88410996941F400712A
:108398009961D20509D5D0F8842042F00802C0F8C6
:1083A80084209A6942F480729A6100235DF8044B34
:1083B800A0F86230A0F86A307047D0F8841041F015
:1083C8000401C0F88410996941F040019961D4E72B
:1083D800D0F8841041F08001C0F88410996941F008
:1083E80020019961C3E700BF90FCFFFF002800F05F
:1083F800A38002680021F8B5504B0446C5689A422C
:10840800816215D0A3F578439A4211D003F58063B1
:108418009A4200F089800F2D08D8C66B05F1080331
:108428007109DB0801FB0333082B09D90120F8BDCA
:10843800424BE66B9A4257D0A3F578439A4253D001
:1084480094F8813003F0FF01002B63D00020022351
:108458006168A76B84F88130136823F00103136007
:10846800A369B3F1806F49D00B433043666B3B433C
:108478003343666A33432669334366693343266A5E
:108488003343E66C3343A6683343E66930432843F5
:108498009060A06C0343A06D0343D360B9B993689F
:1084A80023F4C05343F400639360936823F4C063D8
:1084B80043F480639360136D23F001031365002375
:1084C8000122C4F88430184684F88120F8BD136D61
:1084D80023F0010313654B02F1D5D368616D23F0D6
:1084E80000430B43D360EAE705F108037109DB0891
:1084F80001FB0333102BA3D9012098E7B1F5800FB6
:10850800B2D1002FB0D1D2F800C04CF4805CC2F8D0
:1085180000C0A9E7204684F8801002F035FB2268E5
:10852800A06AE66BE56892E7C66B05F10803710976
:10853800DB0801FB0333DDE7012070470030014011
:108548002DE9F8431D4690F88030012B00F0BB80E0
:10855800012304468946904680F8803002F07CFF6B
:1085680094F881300646012BDFB240F0A980B9F1BA
:10857800000F00F0C980B8FA88F35B09B8F1000F62
:1085880000F0C28003226366A4F8683084F8812072
:10859800C4F88430A4F86280A4F86A302168C4F86A
:1085A8005C90A4F86080C4E91C33A368B3F5C02FBD
:1085B80003D10B6843F400630B604B686FF30F0340
:1085C80043EA08034B600B6843F001030B606368E0
:1085D800B3F5800F03D10B6843F400730B60E368B5
:1085E8000F2B38D8072BB4F862309BB26FD9DBB9A0
:1085F80052E0B4F86220E36D92B2012A1A4640F2C2
:108608009B80E06B002800F0978053F8042B0A62E7
:10861800E365B4F86230023B9BB2A4F86230B4F868
:1086280062309BB2002B37D04B6913F00208E0D1BF
:1086380002F012FF801BA84202D3681C40F0A580FC
:108648002168ECE702F008FF801BA84202D36B1CEC
:1086580040F09B802168B4F862309BB2E3B14B696B
:1086680013F00208EED0E26D52F8043B0B62B4F846
:108678006230E265013B9BB2A4F86230B4F8623024
:108688009BB2002BEBD107E002F0E6FE801B85428F
:1086980001D86A1C72D121684B691B07F4D52046A2
:1086A800FFF748FE0122002384F88120D4F8847063
:1086B80084F88030FF1A18BF01273846BDE8F883D0
:1086C800002384F8803002273846BDE8F883002B61
:1086D800E2D04B6913F0020847D0B4F86230E26D7B
:1086E8009BB2032B16D9E36B402B13D952F8043BEA
:1086F8000B62B4F86230E265043B9BB2A4F86230C6
:10870800B4F862309BB2E2E70023384684F8803040
:10871800BDE8F883B4F862309BB2012B17D9E36B3C
:10872800ABB132F8023B0B84B4F86230E265023B2D
:108738009BB2A4F86230E3E732F8023B0B84B4F84A
:108748006230E265013B9BB2A4F8623067E71378B8
:1087580081F82030E36D21680133E365B4F86230B5
:10876800013B9BB2A4F86230CAE702F075FE801B99
:10877800A84201D3691C08D12168C1E7D4F8843024
:1087880043F02003C4F8843089E72046FFF7D2FD80
:10879800D4F88430012284F8808043F48073C4F8CC
:1087A800843084F8812088E7F8B590F88030012B70
:1087B8007CD090F88130154601220446DEB29342FF
:1087C80080F880206FD1002968D0B5FA85F35B095D
:1087D800002D63D003224366A0F8683080F881201A
:1087E800C0F88430A0F86250A0F86A30C165A0F8DB
:1087F8006050C0E91C338368B3F5C02F04D1026808
:10880800136843F400631360E368A06F0F2B826959
:108818004FD9B2F5804F41D12268384B384F2032BA
:10882800036452F8183CC763364F23F40043C76407
:108838000027076542F8183CB4F862309BB2FAF793
:1088480005FA002845D1A26F2368D269B2F5807F66
:108858005A686FF30F0218BF2A435A609A68616812
:1088680042F40042B1F5800F9A601A6942F44872E6
:108878001A611A6842F001021A6003D11A6842F4B8
:1088880000721A6000231E4684F880303046F8BD16
:10889800B2F5005F27D0B2F5804F27D0002384F8C7
:1088A80080303046F8BD002380F8803002263046FC
:1088B800F8BD072BECD8B2F5005F17D0B2F5804FA2
:1088C800AAD1B4F862309BB203339B08A4F8623093
:1088D800A2E7D4F88430012243F01003C4F88430AE
:1088E80084F88120DDE7B2F5804F95D1B4F8623085
:1088F8009BB201335B08A4F862308DE7898A0000D7
:108908000D8A0000B58A000070B51D4690F88030C9
:10891800012B00F096800123044680F8803090F8FF
:1089280081304068DBB2B0F5800F7DD0012B40F07C
:108938008580002D18BF002A71D000296FD094F8C7
:108948008130042B02D0052384F881300023E165AF
:108958002168C4F88430A4F86250A4F86A50A4F8D6
:1089680060506266A4F86850E06FC4E91C338B68F5
:10897800866923F440438B60E3680F2B63D9B6F50F
:10898800804F4CD194F881303031594E042B594BDB
:1089980018BF3346584E0364584B18BF3346C36359
:1089A800574BC36400230365B4F86A309BB2FAF7E7
:1089B8004DF90346002865D12268A06F91682032DE
:1089C80041F4804142F8181CE16DC0E90F33C0E959
:1089D8001333B4F862309BB2FAF738F9002851D152
:1089E800A26F2368D269B2F5807F5A686FF30F02CD
:1089F80018BF2A435A609A68616842F40042B1F588
:108A0800800F9A601A6942F458721A611A6842F023
:108A180001021A6040D0002384F8803070BD002322
:108A280084F88030012070BDA06800287FF47EAFF4
:108A3800042B3FF47EAF012B3FF47BAF002384F877
:108A48008030022070BD072B2BD8A36F9B69B3F52C
:108A5800005F44D0B3F5804F06D1B4F862309BB2C2
:108A680003339B08A4F86230B6F5005F2FD0B6F543
:108A7800804F87D1B4F86A309BB203339B08A4F8BF
:108A88006A307FE7D4F88430012243F01003C4F839
:108A9800843084F88120C5E71A6842F400721A60AD
:108AA800B9E7B6F5005F02D0B6F5804FB7D1A36F2E
:108AB8009B69B3F5804F06D1B4F862309BB201339D
:108AC8005B08A4F86230B6F5804F7FF45BAFB4F86A
:108AD8006A309BB201335B08A4F86A3052E7B4F8F5
:108AE80062309BB201335B08A4F86230BCE700BF78
:108AF800A98A0000998A00005D8A0000358A000072
:108B0800B58A00002DE9F0411546826804460E46F4
:108B180022B94368B3F5800F00F0918094F8803053
:108B2800012B73D0012384F8803094F88130012B15
:108B3800DFB268D1002E60D0B5FA85F35B09002D4D
:108B48005BD00421B2F5C02F666684F88110A4F8C2
:108B58006850C4F88430A4F86030A4F86A50A4F8C7
:108B68006230C4E91C3304D12268136823F400631B
:108B78001360E368E06F0F2B82694BD9B2F5804F21
:108B88003BD121688B6823F480438B60404B32468D
:108B9800303103643F4BC3633F4BC3640023036519
:108BA800B4F86A309BB2FAF751F8002850D1E26F56
:108BB8002368D269B2F5807F5A686FF30F0218BF35
:108BC8002A435A609A68616842F48042B1F5800F7E
:108BD8009A601A6942F450721A611A6842F00102E6
:108BE8001A6003D11A6842F400721A6000231F4603
:108BF80084F880303846BDE8F081002384F880305E
:108C08003846BDE8F081002384F8803002273846D2
:108C1800BDE8F081072B25D82168B2F5005F8B6885
:108C280023F480438B602BD0B2F5804FAED1B4F8DB
:108C38006A309BB203339B08A4F86A30A6E72B4638
:108C480004250A4680F88150BDE8F041FFF75CBE74
:108C5800D4F88430012243F01003C4F8843084F837
:108C68008120CDE7B2F5005F02D0B2F5804FC4D1C4
:108C78002168B2F5804F8B6823F480438B6085D1DF
:108C8800B4F86A309BB201335B08A4F86A307DE718
:108C9800998A0000358A0000B58A0000806B08B503
:108CA80090F88130072B09D0836FDB69B3F5807F9B
:108CB80005D00268136943F00803136108BD02F088
:108CC80025F808BD806B08B590F88130072B09D0CE
:108CD800C36FDB69B3F5807F05D00268136943F081
:108CE8000803136108BD02F015F808BD806B08B5CC
:108CF80090F88130072B09D0836FDB69B3F5807F4B
:108D080005D00268136943F00803136108BD02F037
:108D180005F808BD704700BF806B08B5FFF7FAFF7C
:108D280008BD00BF704700BF806B08B5FFF7FAFFAA
:108D380008BD00BF704700BF806B08B5FFF7FAFF9A
:108D480008BD00BF10B5846BFAF770FB022800D18C
:108D580010BD236830495A69986940F00800986145
:108D6800986940F010009861186820F001001860B8
:108D7800186901401961996821F44041996094F893
:108D88008110042901D091063AD494F8811003295E
:108D980001D0500629D4910509D5D4F8841041F0A2
:108DA8000101C4F88410996941F400719961D205F0
:108DB80009D5D4F8842042F00802C4F884209A69BE
:108DC80042F480729A61002301222046A4F862309E
:108DD800A4F86A30D4F8843043F01003C4F884301F
:108DE80084F8812001F09EFF10BDD4F8841041F072
:108DF8000401C4F88410996941F040019961CAE7F7
:108E0800D4F8841041F08001C4F88410996941F0C5
:108E180020019961B9E700BF90FCFFFF0368196959
:108E28005A692DE9F04101EA02059F68044690F865
:108E3800816005F0640CBCF1040F2FD005F04500EB
:108E4800012834D005F02600022800F0DE8028072B
:108E58006FD59A6917F4404FF6B242F008029A614A
:108E68009A6942F010029A619A6942F400629A6122
:108E78001A6922F008021A6123D0042E00F0DC805F
:108E8800A26FD269EAB1032E4FD0E26FD269C2B1A4
:108E9800052E14D1204601F041FF10E0436F98479A
:108EA800236F2046984705F04503012B02D1236F15
:108EB8002046984705F02605022D00F0A680BDE85B
:108EC800F0819A6812F4404F1ED1B4F86A2092B229
:108ED800D2B1626E0EE01B6B42F8043BB4F86A3004
:108EE8006266013B9BB2A4F86A30B4F86A309BB260
:108EF80053B12368E1680F29EDD8072940F2918022
:108F08001B8E22F8023BE9E72046FFF713FA0123FC
:108F180084F88130D4F88430002B7FD1052EB9D065
:108F2800042E00F08E80032EC9D1204601F0EEFEFB
:108F3800C5E7100501D50A0779D415F4587FBED0C6
:108F48006E0609D5D4F8842042F00402C4F88420BF
:108F58009A6942F040029A61A80509D5D4F884209C
:108F680042F00102C4F884209A6942F400729A61BE
:108F7800E90509D5D4F8842042F00802C4F8842011
:108F88009A6942F480729A61AA0609D5D4F88420B5
:108F980042F08002C4F884209A6942F020029A6163
:108FA800D4F88420002A8AD0196807F44047274A51
:108FB80021F00101B7F5404F1960196902EA010271
:108FC8001A6127D19A68E06F22F440429A6050B142
:108FD8001F4B0365F9F77EFF28B1D4F8843043F0BE
:108FE8004003C4F88430A06F00283FF468AF184BE2
:108FF8000365F9F76FFF00283FF461AFD4F88430B8
:1090080043F04003C4F8843059E7636F2046BDE855
:10901800F04118470123204684F8813001F082FE90
:109028004DE793F830301370626E013256E79A6953
:1090380042F400629A6142E7E26FD269002A3FF483
:1090480040AF204601F066FE39E700BF94FCFFFF01
:10905800C58D000008B5806B00230122A0F86A3096
:10906800A0F8623080F8812001F05CFE08BD00BFE6
:1090780090F88100704700BF002879D0F8B590F8C3
:109088003D30044603F0FF02002B6CD02268022317
:1090980038493948B2F1804FA2EB010184F83D30DC
:1090A800A2EB000E1368B1FA81F1A769BEFA8EFE31
:1090B800E6684FEA511165684FEA5E1E20D0F9B99B
:1090C800DFF8C4C0624535D00CF5806C624531D0FC
:1090D8000CF5806C624513D0BEF1000F10D1274803
:1090E80027498A4218BF824228D001F580618A4206
:1090F80024D023F080033B431360D662956213E0CB
:10910800A06823F070030343206923F440730343EA
:1091180023F080033B431360D662956211B9BEF118
:10912800000F15D06369136301230020536184F88D
:109138003D30F8BD23F07003A1680B43216923F487
:1091480040730B4323F080033B431360D662956260
:109158000C490A4B9A4218BF8A42E3D003F5806350
:109168009A42DFD0E0E780F83C2002F00FFB8DE761
:109178000120704700000140000401400040014008
:109188000044014000480140000400404FF0020C38
:1091980001680A4A034680F83DC088680240062AEA
:1091A80006D0B2F5803F03D00A6842F001020A6097
:1091B8000122002083F83D20704700BF070001000E
:1091C8000368094AD96841F00101D96099680A40E1
:1091D800062A06D0B2F5803F03D01A6842F0010291
:1091E8001A600020704700BF0700010090F83C207B
:1091F800012A7DD002680346022030B4012483F896
:109208003D00554883F83C40946820400C68602C29
:1092180090606FD016D9B4F5005F00F0848036D81E
:10922800702C2BD19468D1E901502843CD6824F4DF
:109238007F4140EA052008439060916841F077013A
:1092480091601BE0402C3BD033D9502C16D14C6890
:10925800CD68116A106A21F00A0120F001000C4360
:109268003E491062906920F0F00040EA05109061D4
:1092780014629068014041F0570191600022012179
:10928800104683F83D1083F83C2030BC70473449C1
:109298008C4206D057D933498C4202D010318C42C7
:1092A800ECD190682D490140214341F007019160BC
:1092B800E4E7202CF5D04CD834F01001DED1F0E7EB
:1092C8004C68CD68116A106A21F00A0120F001008B
:1092D8000C4322491062906920F0F00040EA051022
:1092E800906114629068014041F047019160C5E7C0
:1092F80002207047C8684C68116A21F01001116299
:10930800916921F4704141EA0031106A20F0A0000F
:109318009161124940EA041010629068014041F0DE
:1093280067019160AAE7D1E9015094682843CD68A4
:1093380024F47F4140EA052008439060916841F495
:10934800804191609AE724F01001B1F5801F95D112
:10935800A7E7302C92D1A4E78800CEFF8FFFCFFF7C
:109368002000100030001000704700BF704700BF99
:10937800704700BF704700BF03681A69910710B5AE
:10938800044602D5DA68920768D41A69520702D5EA
:10939800DA6850074FD41A69110702D5DA6812073C
:1093A80037D41A69D00602D5DA68D1061ED41A69EC
:1093B800D20702D5DA68D00769D41A69110602D52E
:1093C800DA6812066BD41A69D00502D5DA68110674
:1093D8006DD41A69520602D5DA6850066FD41A6934
:1093E800910602D5DA68920649D410BD6FF01001D3
:1093F8000822204619612277DB6913F4407F6FD178
:10940800FFF7B2FF2046FFF7B3FF00222368227759
:10941800CDE76FF008010422204619612277DB6945
:109428009B075AD1FFF7A0FF2046FFF7A1FF0022B4
:1094380023682277B5E76FF00401022220461961FC
:1094480022779B6913F4407F44D1FFF78DFF2046B4
:10945800FFF78EFF0022236822779CE76FF0020156
:109468000122196102779B69990730D1FFF77CFFC8
:109478002046FFF77DFF00222368227785E76FF0FB
:10948800200220461A61BDE8104000F05FB86FF076
:10949800010220461A6102F047FA23688DE76FF04F
:1094A800800220461A6100F053F823688BE76FF4B6
:1094B800807220461A6100F04DF8236889E76FF042
:1094C800400220461A61FFF755FF236887E7FFF738
:1094D8004DFFD0E7FFF74AFFBCE7FFF747FFA6E7D6
:1094E800FFF744FF91E700BF90F83C20012A28D0FD
:1094F80003460068022230B4134D83F83D20A84289
:109508004268846818D005F58065A84214D024F014
:10951800800C22F070020C688968224300244CEA0F
:1095280001014FF0010C42608160204683F83DC084
:1095380083F83C4030BC704722F470024D682A43DF
:10954800E5E70220704700BF00000140704700BFF8
:10955800704700BF704700BFD0F88430202B3FD140
:1095680000293BD0B2FA82F35B09002A36D090F882
:109578007CC0BCF1010F33D04FF0010C30B48165D1
:109588008168A0F85C20B1F5805F80F87CC0A0F805
:109598005E20C3662FD029BB0369002B0CBFFF23B5
:1095A8007F2301680024A0F860302223C0F8884097
:1095B800446EC0F884308B68B4F1005F43F0010357
:1095C8008B602ED02F4A0023C26680F87C300B684F
:1095D80043F490730B60002030BC70470120704743
:1095E80002207047B1F1805FDBD10369002B0CBF0B
:1095F8007F233F23D5E704692CBB016840F2FF13A2
:109608002225C0F88840A0F86030C0F884508B68E4
:1096180043F001038B60436EB3F1005F24D01A4A14
:10962800D1E7B0F868309342CCD8184B0022C36613
:1096380080F87C200B6843F480730B608B6843F0E0
:1096480080538B60C7E7C0F8883022250168FF2364
:10965800C0F88450A0F860308B6843F001038B6039
:10966800436EB3F1005FADD1B0F86830934205D8CE
:10967800074B064A002C18BF1346D7E7002CA1D188
:10968800CDE700BF0994000069940000C59400006C
:1096980081950000704700BFD0F88410B0F860C012
:1096A8002229026804D0936943F008039361704744
:1096B800526A816D02EA0C020A70B0F85E20816D70
:1096C800013A013192B28165A0F85E20B0F85E20BF
:1096D80092B202B17047016810B50C6824F4907416
:1096E8000C608C6824F001048C602021C266C0F8EC
:1096F800841001F027FA10BDD0F88410B0F860206B
:10970800222910B5046804D0A36943F00803A361B3
:1097180010BD616A0A40816D21F8022BB0F85E2005
:109728008165013A92B2A0F85E20B0F85E2092B24C
:10973800002AEDD1216821F490712160A16821F0FF
:109748000101A1602021C266C0F8841001F0FAF975
:1097580010BD00BFD0F88430222B2DE9F04104461B
:10976800B0F8608006D00268936943F008039361FB
:10977800BDE8F081B0F86850002D42D05FFA88F853
:10978800214F202602E0013DADB22DB32368A26D22
:109798005B6A08EA03031370B4F85E30A26D013BFC
:1097A80001329BB2A265A4F85E30B4F85E309BB279
:1097B800002BE8D12268013D20461168ADB221F4A2
:1097C80080711160916839409160E366C4F88460E3
:1097D80001F0B8F9002DD9D1B4F85E309BB2002B56
:1097E800C6D0B4F868209A42C2D9236807499A6853
:1097F80022F080529A601A68E16642F020021A60EC
:10980800B6E7B0F85E30B3E7FEFFFFEF099400005B
:10981800D0F88430222B2DE9F0410446B0F860805E
:1098280006D00268936943F008039361BDE8F081AC
:10983800B0F86850002D3ED0204F202602E0013DB0
:10984800ADB21DB32168A26D4B6A08EA030322F882
:10985800023BB4F85E30A265013B9BB2A4F85E30CF
:10986800B4F85E309BB2002BE9D10A68013D20466E
:1098780022F48072ADB20A608A683A408A60C4F8FD
:109888008460E36601F05EF9002DDBD1B4F85E3048
:109898009BB2002BCAD0B4F868209A42C6D9236874
:1098A80007499A6822F080529A601A68E16642F085
:1098B80020021A60BAE7B0F85E30B7E7FEFFFFEFA4
:1098C80069940000704700BF0268D36970B51E072D
:1098D80015680446916824D19E0606D505F0200C2B
:1098E80001F0805E5CEA0E0C79D1D80201D54E02F7
:1098F8007BD4180605D501F4000105F08000084363
:1099080066D15E0602D5680600F1AD80190202D55F
:109918006A0000F1B580DB0102D5002DC0F2B580E8
:1099280070BD5F48084040F0938015F4907FDCD00C
:10993800DE0717D5EE0560D501261662D4F88860D3
:1099480046F00106C4F888609E0758D5CE0709D5A9
:1099580002261662D4F8886046F00406C4F88860C7
:109968005E0750D41E075FD505F0200C5CEA000C9A
:1099780052D1D4F88830002BD2D0D4F8881093680C
:1099880001F0080103F0400353EA010500F082806A
:1099980011682020434B21F49071116091680B40AD
:1099A80000219360C4F884009368E1665D0656D58B
:1099B8009368A06F23F04003936000284FD03A4B80
:1099C8000365F9F787FA0028AAD0A06F036D09E0AC
:1099D800236F002BA4D02046BDE870401847C36E03
:1099E800002B9DD0BDE8704018474FF480132046E7
:1099F8001362BDE8704000F045BD9E07B2D45E0713
:109A0800B0D5CE07AED504261662D4F8886046F0E5
:109A18000206C4F88860A5E708201062D4F8880018
:109A280040F00800C4F88800D4F8880000283FF403
:109A380077AF9E06A1D505F0200501F080510D43B2
:109A48009BD0E36E002B98D020469847226894E775
:109A5800DE077FF579AFEE057FF576AF6CE7204638
:109A6800FFF730FF70BD13682020002123F040036A
:109A78001360C4F8800020462167FFF70BFE70BD15
:109A88002046BDE8704000F001BD2046BDE87040AA
:109A980000F0FABC2046FFF715FFC4F8885070BDE7
:109AA80001000010FEFFFFEF1D98000008B5806B55
:109AB8000023A0F85E30A0F85630FFF703FF08BD7A
:109AC80070B582680446006986B061690243E0693E
:109AD80023680A43616E1D6802430A43B04929405E
:109AE800656A0A43E1681A605A6822F440520A43D8
:109AF800A1695A60AB4A934200F00382226A9E68C9
:109B08001143A94A324011439960DA6A22F00F02E0
:109B18002A43DA62A54A934228D0A54A93421AD02A
:109B2800A44A934217D0A44A934214D0A34A93421A
:109B380011D0A34A934219D0A24A93420BD0A24A09
:109B4800934208D0012000234FF00112C4E91A23E0
:109B5800236706B070BD9D4B5B6D03F00703052BB3
:109B6800F0D8DFE803F0C85F7BB08F9F974B5B6D41
:109B780003F03803282BE5D801A252F823F000BFE0
:109B8800699B0000B5980000B5980000B5980000E2
:109B9800B5980000B5980000B5980000B598000089
:109BA80095990000B5980000B5980000B598000098
:109BB800B5980000B5980000B5980000B598000069
:109BC800CD990000B5980000B5980000B598000040
:109BD800B5980000B5980000B5980000B598000049
:109BE800379A0000B5980000B5980000B5980000B5
:109BF800B5980000B5980000B5980000B598000029
:109C0800F5990000B5980000B5980000B5980000D7
:109C1800B5980000B5980000B5980000B598000008
:109C2800159A0000B0F5004F00F01B816846FDF75B
:109C3800EDFC626A019B002A78D1626803EB52034B
:109C4800B3FBF2F39BB2A3F110014FF6EF7291420E
:109C58003FF678AF2268D360002074E7B0F5004F74
:109C680000F0DB8003A8FDF76BFD626A049B002A05
:109C7800E3D0013A0A2AE0D8554951F82220B3FB2B
:109C8800F2F3DAE7B0F5004F00F00D81002D4BD06C
:109C9800013D0A2D48D84F4A4F4B52F82520B3FBB7
:109CA800F2F3CAE7B0F5004F00F0EB80002D38D092
:109CB800013D0A2D35D8494A4FF4004352F8252072
:109CC800B3FBF2F3B9E7B0F5004F00F0F8803F4B73
:109CD8001A68920633D51A68414BC2F3C102D340C1
:109CE800002DAAD0013D0A2DA7D83E4A52F82520BA
:109CF800B3FBF2F3A1E7B0F5004F2ED0FCF7FAFC66
:109D0800636A3BB1013B0A2B04D8374A52F8233027
:109D1800B0FBF3F0626800EB5203B3FBF2F39BB2C3
:109D280091E74FF4004388E72B4B86E7013A0A2A6C
:109D380083D82E4951F82220B3FBF2F37DE7002D9A
:109D480000F0DD80013D0A2D00F2D980284A244B1D
:109D580052F82520B3FBF2F36FE7FCF7CBFC636AFC
:109D68003BB1013B0A2B04D8224A52F82330B0FBFE
:109D7800F3F06268530803EB4003B3FBF2F39BB2C2
:109D8800A3F110014FF6EF7291423FF6DBAE23F0DC
:109D98000F02C3F3420321681343CB605CE700BFA3
:109DA800F369FFCF000C0058FFF4FF1100100140C9
:109DB8000044004000480040004C00400050004073
:109DC8000014014000780040007C00400044025824
:109DD800109D0324109D032400093D00109D0324B9
:109DE8000090D003109D0324109D0324109D03248C
:109DF800109D0324109D0324B0F5004F23D0FCF7D9
:109E080095FC636A002B85D0013B0A2B82D8A64AB1
:109E180052F82330B0FBF3F07CE703A8FDF790FC81
:109E2800636A04993BB1013B0A2B04D89F4A52F854
:109E38002330B1FBF3F16268530803EB4103B3FB32
:109E4800F2F39BB29CE7FCF771FC636A002B90D09D
:109E5800013B0A2B8DD8964A52F82330B0FBF3F019
:109E680087E76846FDF7D2FB636A0199002BE2D0C9
:109E7800013B0A2BDFD88F4A52F82330B1FBF3F1AC
:109E8800D9E7002D36D0013D0A2D33D88A4B53F837
:109E98002530B0FBF3F35B00626803EB5203B3FBBE
:109EA800F2F39BB26CE745B3013D0A2D25D8834AEE
:109EB800834B52F82520B3FBF2F35B00ECE7814BB0
:109EC8001A68910640F1BC811B687F4AC3F3C1033D
:109ED800DA403DB1013D0A2D04D87C4B53F82530BA
:109EE800B2FBF3F261684B0803EB4203B3FBF1F3F7
:109EF8009BB245E74FF48033CEE7754BCCE7724B06
:109F08009BE69868734A02400A436E499A60DA6A87
:109F180022F00F022A43DA628B6D03F00703052B48
:109F28003FF610AEDFE803F0AE9B88736403002DA4
:109F380000F07681013D0A2D00F27281664B4FF4E4
:109F4800004053F82530B0FBF3F04023656805EB7B
:109F5800450282423FF6F6ADB0EB053F3FF6F2AD63
:109F6800202B00F27B81023B1E2B3FF6EBAD01A2BA
:109F780052F823F04F9F0000B5980000299F000079
:109F8800B5980000B5980000B5980000BB9E000089
:109F9800B5980000B5980000B5980000B598000085
:109FA800B5980000B5980000B5980000619E0000C3
:109FB800B5980000B5980000B5980000B598000065
:109FC800B5980000B5980000B5980000B598000055
:109FD800B5980000B5980000B5980000B598000045
:109FE800B5980000B5980000B5980000F99E0000EB
:109FF800002D00F01381013D0A2D00F20F81374B2F
:10A008002F4853F82530B0FBF3F020239EE72D4B63
:10A018001A68960640F107811B682B48C3F3C103F1
:10A02800D8403DB1013D0A2D04D82D4B53F82530B9
:10A03800B0FBF3F0102389E703A8FDF781FB636AFF
:10A0480004983BB1013B0A2B04D8264A52F8233026
:10A05800B0FBF3F0082300283FF4FEAD76E768462E
:10A06800FDF7D4FA636A01983BB1013B0A2B04D887
:10A078001D4A52F82330B0FBF3F0042300283FF4C4
:10A08800EBAD63E7FDF7B0FA636A3BB1013B0A2B1E
:10A0980004D8164A52F82330B0FBF3F00223002804
:10A0A8003FF4DAAD52E700BF109D0324109D03244E
:10A0B800109D0324109D0324109D0324109D032448
:10A0C80000093D00004402580090D003109D03246D
:10A0D80000127A00FFF4FF11109D0324109D032441
:10A0E800109D0324109D0324109D0324109D032418
:10A0F8006E4A636A1168880640F1BD8012680021C3
:10A108006B48C2F3C102D0404BB1013B0A2B06D8C1
:10A11800684A02EBC303D3E9002301F07DFD09027D
:10A12800030241EA1061680818182A464FF0000334
:10A1380041F1000101F070FDA0F540725E4B9A42BA
:10A148003FF600AD2368D86086E503A8FDF7F8FA66
:10A15800636A049800214BB1013B0A2B06D8574A81
:10A1680002EBC302D2E9002301F056FD626809023E
:10A17800030241EA1061500818184FF0000341F13A
:10A18800000101F049FDD7E7616A002900F08180EC
:10A1980001390A2900F28280494B4A4803EBC1037E
:10A1A800D3E90023002101F037FD03460902180214
:10A1B80041EA13616B08B7E76846FDF727FA636A57
:10A1C80001980021002BD1D0013B0A2BCED83E4A62
:10A1D80002EBC302D2E9002301F01EFDC6E7FDF73A
:10A1E80003FA626A0021034652B1013A0A2A07D8E3
:10A1F800364B03EBC203D3E9002301F00DFD034600
:10A2080062680902180241EA13615308C0184FF046
:10A21800000341F1000101F0FFFC8DE72948F4E655
:10A228004FF4004091E64DB1013D0A2D06D8284B68
:10A238001F4853F82530B0FBF3F0FBE61C48F9E65D
:10A2480055B1013D0A2D07D8224A194B52F825204D
:10A25800B3FBF2F35B001FE61F4B1DE6616AA9B171
:10A2680001390A291DD81D4B4FF4004003EBC103E7
:10A27800D3E9002396E773B1013B0A2B0BD8184AA0
:10A288000B4802EBC303D3E900238BE74FF400002C
:10A2980090E714488EE7144803218BE71148002102
:10A2A80088E74FF40000002184E700BF004402580B
:10A2B8000090D003B89C0324FFFC0F00B89C032433
:10A2C800B89C032400093D00B89C0324B89C0324CF
:10A2D800109D0324109D03240020A107B89C03248B
:10A2E800B89C03240000093D000090D0836ADA0777
:10A2F80010B406D50168C46A4A6822F400322243C1
:10A308004A609C0706D50168046B4A6822F48032CB
:10A3180022434A60590706D50168446B4A6822F40B
:10A32800802222434A601A0706D50168846B4A686E
:10A3380022F4004222434A60DC0606D50168C46B59
:10A348008A6822F4805222438A60990606D50168F9
:10A35800046C8A6822F4005222438A605A060AD59D
:10A368000168446C4A68B4F5801F22F4801242EAFE
:10A3780004024A600BD01B0606D50268C16C5368FC
:10A3880023F400230B4353605DF8044B70474A687D
:10A39800846C22F4C00222434A60ECE738B50023FB
:10A3A8000446C0F8883001F057F8236805461A6853
:10A3B80010070CD41A68520725D420230020C4F8AB
:10A3C8008030C4F88430002384F87C3038BDDA69E2
:10A3D8009102EFD401F040F8431BB3F1007F2368EA
:10A3E800F5D31A682021032022F4D0721A609A68E3
:10A3F80022F001029A600023C4F8801084F87C30AF
:10A40800C4F8841038BDDB695B02D6D401F024F8A7
:10A41800431BB3F1007F2368F5D3E2E780B3D0F89C
:10A42800803010B5044633B3226824232046C4F88C
:10A438008030136823F001031360FFF741FB012804
:10A4480017D0A36A8BB9236820465A6822F4904231
:10A458005A609A6822F02A029A601A6842F0010249
:10A46800BDE810401A60FFF799BF2046FFF73EFF8E
:10A47800E9E7012010BD80F87C3000F013FBD3E73A
:10A4880001207047704700BF704700BF704700BF8A
:10A4980088B110B50379044603F0FF023BB10023ED
:10A4A80002210122217118462361227110BD4271D7
:10A4B80001F0BEF8F3E70120704700BF704700BF06
:10A4C80003681A68910410B5044602D55A6B9204C1
:10A4D80018D41A68910002D55A6B920000D410BDA6
:10A4E80004224FF0005120462271226942F00202F4
:10A4F800226159631A6822F08052BDE810401A6040
:10A5080000F0A6B804224FF400510271026942F02B
:10A518000102026159631A6822F480521A60FFF737
:10A52800CDFF2368D5E700BF4379012B00F08C806D
:10A5380002232DE9F041154601220E4603714271AE
:10A5480004460968042939D005F010020368306907
:10A55800012829D0D6E902052843DD6B0843716834
:10A56800072690409140964025EA06050126284393
:10A578004FF48045D8639540186820EA050040F6F6
:10A58800FE7518609540186820EA05000025084304
:10A59800C021186091401A68284622EA01021A6010
:10A5A80026716571BDE8F0811F209D6B904025EAFA
:10A5B80000057069904028439863CBE7D5B900F04F
:10A5C8004BFFDFF88880074604E000F045FFC01B1A
:10A5D800012830D823685B6B13EA080FF5D10120F6
:10A5E80000F040FF2368B2691A640DE000F034FF00
:10A5F800012820D823685B6B002BF7DB012000F0D3
:10A6080031FF2368B2695A6405F0100240F2FF3046
:10A61800996C904021EA0001F06990400143FF20C5
:10A6280099649040D96C21EA0001306A9040014356
:10A63800D96431688BE723690322032043F00803B8
:10A6480023612271BDE8F08102207047008000205C
:10A65800704700BF034628B190F83D20022A03D076
:10A66800802282660120704702680421002083F856
:10A678003D10D36823F00103D360704718B338B591
:10A6880090F82C3004460D4603F0FF02B3B1214682
:10A69800022384F82C3051F8040B01F0E5FA6268C3
:10A6A8002946206801F038FB084A01210020136878
:10A6B80043F00043136084F82C1038BD80F82D2037
:10A6C80000F0E8FEE3E70120704700BF00400052B9
:10A6D80070B590F82C300546022BD8B204D000F0A3
:10A6E800FB04012C01D0012070BD02230E4628680E
:10A6F80085F82C3001F05CFA3368022B03D085F81A
:10A708002C40002070BD052385F82C30F9E700BFE8
:10A7180038B590F82C300446022BD8B205D094F8FE
:10A728002C30012BDDB201D0012038BD0223206876
:10A7380084F82C3001F058FA002084F82C5038BDE9
:10A7480008B500F07DFEBDE80840F7F7DDBF00BFA3
:10A7580070B506460D4600F029F80446304600F06C
:10A768002DF82A1E0146204618BF0122BDE8704078
:10A77800F9F79EB938B5054600F018F8044628469A
:10A7880000F01CF801462046BDE83840F9F78AB9C0
:10A7980038B5054600F00AF80446284600F00EF8D9
:10A7A80001462046BDE83840F9F786B9024B0278E1
:10A7B80053F82200704700BF6C9D0324024B427877
:10A7C80033F81200704700BF4C9D03248CB00A2850
:10A7D80014D8DFE800F023313F4D5B697785930695
:10A7E80015004D4BD3F8E02042F40072C3F8E02086
:10A7F800D3F8E03003F400730A930A9B0CB0704757
:10A80800454BD3F8E02042F48062C3F8E020D3F847
:10A81800E03003F480630B930B9BEFE73E4BD3F8D8
:10A82800E02042F00102C3F8E020D3F8E03003F062
:10A8380001030193019BE1E7374BD3F8E02042F095
:10A848000202C3F8E020D3F8E03003F002030293D9
:10A85800029BD3E7304BD3F8E02042F00402C3F860
:10A86800E020D3F8E03003F004030393039BC5E72B
:10A87800294BD3F8E02042F00802C3F8E020D3F8CF
:10A88800E03003F008030493049BB7E7224BD3F8A6
:10A89800E02042F01002C3F8E020D3F8E03003F0E3
:10A8A80010030593059BA9E71B4BD3F8E02042F062
:10A8B8002002C3F8E020D3F8E03003F02003069329
:10A8C800069B9BE7144BD3F8E02042F04002C3F804
:10A8D800E020D3F8E03003F040030793079B8DE7AF
:10A8E8000D4BD3F8E02042F08002C3F8E020D3F803
:10A8F800E03003F080030893089B7FE7064BD3F80A
:10A90800E02042F48072C3F8E020D3F8E03003F48A
:10A9180080730993099B71E700440258F5EE007AA9
:10A928009FED197AE0EE077AF5EEC07ABDEEE77A88
:10A93800F1EE10FA04D517EE103A013B07EE103A83
:10A94800B8EEC77A9FED116A114AF7EE006A37EE42
:10A95800C70A20EE060AFCEEC07A17EE903AC3F357
:10A96800080307EE903A02EB8301F8EE677A91ED5F
:10A97800016A91ED007A30EE670A76EEC07A20EE31
:10A98800060AA7EE870A704783F9223E00000044B2
:10A9980048540324B5EEC00AF1EE10FA29D4DFEDCD
:10A9A8001E7A20EE270AFDEEC07AF8EEE77ADFED90
:10A9B8001B6A1B4AB7EE007A30EE670A20EE260AB9
:10A9C800FCEEC07A17EE903AC3F3080307EE903A0C
:10A9D80002EB8301F8EE677A91ED016AD1ED006A26
:10A9E80030EE670A77EE407A20EE060AA7EEA60A4E
:10A9F8007047DFED0C7AB4EEE70AF1EE10FAF7DAF9
:10AA0800DFED057A20EE270AFDEEC07A17EE903AC0
:10AA1800013B07EE903AC8E783F9223E0000004464
:10AA280048540324CD024CB40B4B820D0B4903EA66
:10AA38004023501C51F82220C3F1004C10B551F8A6
:10AA480020404FEAE27EACFB022000210CFB0E0006
:10AA5800C3FB0410400010BD00FEFF7F444C0324DC
:10AA680010F100520D4B0E4948BF00F1204203EA95
:10AA78004223900DC3F1004C51F8202010B54FEA45
:10AA8800E27E441CACFB022051F8244000210CFB60
:10AA98000E00C3FB0410400010BD00BF00FEFF7F86
:10AAA800444C032410B5B6B000210446BC2207A8C4
:10AAB8000691CDE90211CDE9041101F075F81E4B9C
:10AAC8009C4201D036B010BD022307A80793FBF7BC
:10AAD80029FF70BB194B002002210824D3F8E82075
:10AAE80042F40022C3F8E820D3F8E82002F4002258
:10AAF8000092009AD3F8E02042F00102C3F8E02067
:10AB0800D3F8E030049003F001030D48039101935A
:10AB1800019BCDE90514FFF749FE04460848FFF7F5
:10AB28004DFE02A9034620460293F8F781FC36B091
:10AB380010BD01F089F8CDE77C00003000440258D0
:10AB4800FC2A00200A4B834200D0704710B4094900
:10AB58000122094C91F800C0D4F8043104F803C06C
:10AB68001344DBB2C4F804315DF8044BFEF7F4BCBF
:10AB78007C00003000000030080100300148F9F77F
:10AB8800ABBF00BFC82B002070B55D4D8CB0066808
:10AB98004FF0000C0DF1180E0FCD7446AEE80F0003
:10ABA80095E803008EE8030005E00CF1010CBCF108
:10ABB800060F00F0A28054F8043B9E42F5D14FF4F2
:10ABC800D072504B02FB0CF4185D1C44FFF7FEFDDD
:10ABD800A078FFF7FBFD2079FFF7F8FDA079FFF7D4
:10ABE800F5FDA368052B19D8DFE803F0715B452F45
:10ABF8000321454B00225520D3F8F01041F4801171
:10AC0800C3F8F0101146D3F8F03003F4801305931D
:10AC1800059BF7F7B5FC5520F7F7EEFC204601F049
:10AC28005BF8012801D00CB070BDFFBEFEE7364BC3
:10AC3800D3F8F42042F02002C3F8F420D3F8F4301B
:10AC480003F020030693069BE8E72F4B00225420CD
:10AC5800D3F8F01041F40051C3F8F0101146D3F8BE
:10AC6800F03003F400530493049BF7F789FC542055
:10AC7800F7F7C2FCD2E7244B00223320D3F8E810C0
:10AC880041F40041C3F8E8101146D3F8E83003F462
:10AC980000430393039BF7F773FC3320F7F7ACFCEF
:10ACA800BCE7194B00222420D3F8E81041F4804176
:10ACB800C3F8E8101146D3F8E83003F48043029350
:10ACC800029BF7F75DFC2420F7F796FCA6E70E4BEE
:10ACD80000222320D3F8F01041F48051C3F8F0107B
:10ACE8001146D3F8F03003F480530193019BF7F732
:10ACF80047FC2320F7F780FC90E700231B78FFDE52
:10AD080098300324482C002000440258002100F009
:10AD180077BF00BF002100F073BF00BF002100F023
:10AD28006FBF00BF012100F06BBF00BF634A03681B
:10AD3800934210B58CB028D0614A934258D0614AEA
:10AD4800934200F09480604A934201D00CB010BD49
:10AD58005E4C5F48D4F8E03043F00203C4F8E030BA
:10AD6800D4F8E03003F002030A930A9B00F014FFC2
:10AD7800D4F8F43043F08003C4F8F430D4F8F43055
:10AD880003F080030B930B9BE0E7504C5148D4F839
:10AD9800E03043F00203C4F8E030D4F8E03003F0C8
:10ADA80002030193019B00F0F7FED4F8E83000227B
:10ADB8001F2043F400131146C4F8E830D4F8E830F3
:10ADC80003F400130293029BD4F8D83043F0010334
:10ADD800C4F8D830D4F8D83003F001030393039BA8
:10ADE800F7F7CEFB1F200CB0BDE81040F7F704BC06
:10ADF800364C3948D4F8E03043F08003C4F8E030EA
:10AE0800D4F8E03003F080030493049BD4F8E030D6
:10AE180043F00203C4F8E030D4F8E03003F0020352
:10AE28000593059B00F0B8FED4F8E83000222120F5
:10AE380043F480031146C4F8E830D4F8E83003F44A
:10AE480080030693069BD4F8D83043F00103C4F876
:10AE5800D830D4F8D83003F001030793079BF7F7ED
:10AE68008FFB21200CB0BDE81040F7F7C5BB1B488D
:10AE780000F092FE154B00224820D3F8E840114616
:10AE880044F40004C3F8E840D3F8E84004F40004AC
:10AE98000894089CD3F8D84044F00104C3F8D8407B
:10AEA800D3F8D83003F001030993099BF7F768FB3F
:10AEB80048200CB0BDE81040F7F79EBB0054004096
:10AEC80000580040005C0040001C00580044025834
:10AED800943800200C360020E4360020BC370020CF
:10AEE8002DE9F0438DB03F4A0023016800AF91423D
:10AEF800FB62C7E90733C7E9093303D03437BD46D6
:10AF0800BDE8F083384B40F609213848E846D3F8C5
:10AF1800D42007F11405364E07F11A0942F480428D
:10AF2800C3F8D420D3F8D42002F480423A603A68B7
:10AF3800D3F8E02042F04002C3F8E020D3F8E02044
:10AF480002F040027A607A68D3F8E02042F02002EA
:10AF5800C3F8E020D3F8E02002F02002BA60BA6813
:10AF6800D3F8E02042F01002C3F8E020D3F8E02044
:10AF780002F01002FA60FA68D3F8E02042F0020208
:10AF8800C3F8E020D3F8E030786103F00203398396
:10AF98003B613B6956F8040FFFF708FC044630682C
:10AFA800FFF70CFC0223024600212046C7E90723CD
:10AFB800032215F8013BC7E9091207F11C01FB62DE
:10AFC800F8F736FA4D45E5D100225C201146F7F72F
:10AFD800D7FA5C20F7F710FB3437C546BD46BDE805
:10AFE800F08300BF00500052004402580A0A0909C1
:10AFF800E0390020114B02689A4200D07047104A8D
:10B0080070B5D2F8D4300F4C23F4804304F11806FD
:10B01800C2F8D43054F8040FFFF7C8FB054620687F
:10B02800FFF7CCFB01462846F8F710FCB442F1D1F3
:10B038005C20BDE87040F7F7EDBA00BF0050005241
:10B0480000440258E03900200B4A13680133012BF1
:10B05800136000D07047094B82B0D3F8D82042F073
:10B068002002C3F8D820D3F8D83003F02003019386
:10B07800019B02B0704700BFBC4700200044025843
:10B0880000284CD00023264AF0B5264E83B0B71CC2
:10B09800C3F3410036F8134037F81350023300F178
:10B0A800040C102B52F82C10019152F820100C446B
:10B0B8000199294442F8204042F82C10E8D108228E
:10B0C80018491948F7F77AF91849194C00220B68FA
:10B0D800184D02330B60C82154F8040F4FF6FF7C5B
:10B0E800642601FB0251144BACEB000C0027D1F88D
:10B0F800C400276000F1010E06FB02000132A3FB29
:10B108000E63082A25F810C04FEA931303EB430394
:10B11800AEEB4313C1F8C430DDD103B0F0BD7047C6
:10B12800C0470020E002003068480020243A002090
:10B13800BC470020F41F0120ABAAAAAA704700BF91
:10B14800534A0368934230B505468BB055D0203A30
:10B15800934252D04F4A934204D0203A934201D0AE
:10B168000BB030BD4C4C4D48D4F8E03043F00103EF
:10B17800C4F8E030D4F8E03003F001030593059BF0
:10B18800D4F8E03043F00803C4F8E030D4F8E030F5
:10B1980003F008030693069BD4F8E03043F040031D
:10B1A800C4F8E030D4F8E03003F040030793079B7D
:10B1B800D4F8F03043F40003C4F8F030D4F8F03099
:10B1C80003F400030893089B00F042FDD4F8D8303C
:10B1D800296843F00103324A3048C4F8D830891A44
:10B1E800D4F8D83018BF012103F001030993099B53
:10B1F8000BB0BDE8304000F0EFBC274C2948D4F82C
:10B20800E03043F00103C4F8E030D4F8E03003F054
:10B2180001030093009BD4F8E03043F01003C4F816
:10B22800E030D4F8E03003F010030193019BD4F828
:10B23800E03043F04003C4F8E030D4F8E03003F0E5
:10B2480040030293029BD4F8F03043F48003C4F81F
:10B25800F030D4F8F03003F480030393039B00F03C
:10B26800F7FCD4F8D830296843F001030E4A0D489A
:10B27800C4F8D830891AD4F8D83018BF012103F09F
:10B2880001030493049B0BB0BDE8304000F0A4BC5C
:10B2980024580140245C0140004402580C4C002012
:10B2A800045C0140B449002004580140164A036870
:10B2B800934210B40BD0203A934208D0134A9342D9
:10B2C80014D0203A934211D05DF8044B7047104BCC
:10B2D8000020D3E99324C3F85402D3F84812520843
:10B2E800D3F8440223465DF8044B1847084B002066
:10B2F80003F59461C3F8AC04D3F89C0416C923463B
:10B3080052085DF8044B184724580140245C01405A
:10B31800B44900201B4A0368934210B40BD0203A6A
:10B32800934208D0184A934217D0203A934214D037
:10B338005DF8044B7047154BD3E99212D3F84402D9
:10B348005208D3F85042C3F8542201EB8201234635
:10B3580000EB82005DF8044B18470C4BD3F8A4248B
:10B36800D3F8A0145208D3F89C04D3F8A844C3F81F
:10B37800AC2401EB8201234600EB82005DF8044B0C
:10B38800184700BF24580140245C0140B4490020FC
:10B39800704700BF0F4B1B780BB90120704710B5E1
:10B3A80004464FF47A700C4AB0FBF3F31068B0FB14
:10B3B800F3F0F7F741F90F2C00D808B1012010BDC0
:10B3C800002221464FF0FF30F7F7DAF8034B002050
:10B3D8001C6010BD48050020540500204C050020C5
:10B3E80038B50320124DF7F7B9F8124CFAF7C2FF37
:10B3F800114A12499369C3F30323CB5C03F01F037B
:10B4080020FA03F30E202B60926902F00F028A5C87
:10B4180002F01F02D3402360FFF7BCFF10B10124E4
:10B42800204638BD0446FFF7B3FF204638BD00BFAD
:10B438005405002050050020004402583C9D032478
:10B44800034A044B11681B780B441360704700BF14
:10B458003828012048050020014B1868704700BFB4
:10B468003828012038B50446FFF7F6FF0546631C67
:10B4780002D0044B1B781C44FFF7EEFF401BA04290
:10B48800FAD338BD48050020014B1868000C7047F6
:10B498000010005C5E4A0023F0B514688FB00A9370
:10B4A800002C40F0B2805B4B012103260C25116073
:10B4B8000227D3F8D420584842F48052C3F8D42045
:10B4C800D3F8D42002F480520092009AD3F8E020F6
:10B4D80042F01002C3F8E020D3F8E02002F0100296
:10B4E8000192019AD3F8E02042F04002C3F8E0202C
:10B4F800D3F8E02002F040020292029AD3F8E0204A
:10B5080042F00802C3F8E020D3F8E02002F0080275
:10B518000392039AD3F8E02042F48072C3F8E02043
:10B52800D3F8E02002F480720492049AD3F8E02061
:10B5380042F08002C3F8E020D3F8E02002F0800255
:10B548000592059AD3F8E02042F02002C3F8E020E3
:10B55800D3F8E02002F020020692069AD3F8E02001
:10B5680042F00402C3F8E0204FF68372D3F8E030CB
:10B578000B9603F004030C9507930223079908A977
:10B58800CDE90823F7F754FF48F2371308A92348F1
:10B5980008930C950997CDE90A46F7F749FF4CF24D
:10B5A800037308A91E480893CDE90974CDE90B6512
:10B5B800F7F73EFF40F2FF6308A91A480893CDE960
:10B5C8000974CDE90B65F7F733FF4FF60C7308A93B
:10B5D80015480893CDE90974CDE90B65F7F728FFFD
:10B5E8004FF63F0308A911480893CDE90974CDE93E
:10B5F8000B65F7F71DFF202308A90B4809970C9541
:10B608000893CDE90A46F7F713FF0FB0F0BD00BF66
:10B618003C28012000440258001002580018025823
:10B62800000C025800200258001C0258001402584E
:10B638004F4B02689A4200D070474E4BD3F8E8103F
:10B6480030B541F000514C4C85B0D4F84821C3F8CE
:10B65800E810D3F8E81001F0005101910199D3F8EE
:10B66800E01041F00101C3F8E010D3F8E03003F036
:10B6780001030293029B32F002033ED0013A012AF1
:10B688006BD9D4F84C31012B0AD000223620114650
:10B69800F6F776FF362005B0BDE83040F6F7ACBFC8
:10B6A800D4F8483133F0020235D0013B012BECD8F5
:10B6B800002344223149C4F89830C4F8B0304FF41C
:10B6C80080632F4DC4F89C304FF400532846C4E9DA
:10B6D80023124022C4F894204FF40062C4E92823BE
:10B6E8004FF480724FF48033C4E92A23F7F7FAF84D
:10B6F80080B9E560C4F8C440C7E74FF4806203230B
:10B7080003A8ADF80C208DF80E3000F009FBD4F832
:10B718004821B3E7FEE743232262A2634022A361E4
:10B728004FF48063E2614FF4006263624FF40053A8
:10B73800144D154928466161C4E90A234FF4807203
:10B748004FF48033C4E90C23F7F7CCF820B9D4F8C8
:10B758004831A560E464A8E7FEE74FF4A06203233C
:10B7680003A8ADF80C208DF80E3000F0D9FA88E760
:10B778000074004000440258782801202804024040
:10B78800042901208C28012010040240604A036823
:10B7980011698B4200B587B078D0916E8B4200F06A
:10B7A800B180D2F8C0108B4200F0AE80D2F81811E8
:10B7B8008B4200F0AB80B3F1804F59D0554A934289
:10B7C8000CD0002254498B4226D054498B4239D0A0
:10B7D800534A934212D007B05DF804FB514BD3F89B
:10B7E800E82042F00202C3F8E820D3F8E83003F07A
:10B7F80002030293029B07B05DF804FB494BD3F8A0
:10B80800E82042F01002C3F8E820D3F8E83003F04B
:10B8180010030593059BDEE7424BD3F8E81041F08F
:10B828000401C3F8E810D3F8E83003F004030393E5
:10B83800039B002ACFD01E2000220F21F6F7A0FE7E
:10B848001E2043E0374BD3F8E81041F00801C3F855
:10B85800E810D3F8E83003F008030493049B002AA7
:10B86800B9D0322000220F21F6F78AFE32202DE0CF
:10B878002C4BD3F8E82042F00102C3F8E820D3F8B3
:10B88800E83003F001030193019BA4E7002058214D
:10B89800B3F1804F01FB0022127B1CD01D498B4263
:10B8A80090D1204BD3F8E81041F00201C3F8E8101A
:10B8B800D3F8E83003F002030293029B002A8AD0EF
:10B8C8001D2000220F21F6F75BFE1D2007B05DF852
:10B8D80004EBF6F791BE134BD3F8E81041F00101E1
:10B8E800C3F8E810D3F8E83003F001030193019B93
:10B8F800002A3FF470AF1C2000220F21F6F740FE0B
:10B908001C20E3E70120C2E70220C0E70320BEE7CE
:10B91800E02901200004004000080040000C00401D
:10B9280000100040004402580F4B026819698A420F
:10B938000BD0996E8A4211D0D3F8C0108A420FD02A
:10B94800D3F818118A420DD070470021582202FB03
:10B9580001331A6D002AF7D0586D10470121F5E719
:10B968000221F3E70321F1E7E029012000F57171D5
:10B97800D0F8040400F07CB9C1EBC10300EB8303E9
:10B98800D0F80404D3F8082200F01ABAC1EBC103B6
:10B9980000EB8303D0F804049A6C00F0F9B800BFF8
:10B9A800D0F8040400F01CB9C16810B5044611B100
:10B9B80002290AD10121D4F8040400F0A1F9D4F82D
:10B9C8000404BDE8104000F0FFB800F03DF9012183
:10B9D800F1E700BF10B50446D0F8040400F084F97C
:10B9E8002268D2F8003E43F00103C2F8003E236A01
:10B9F80023B1034A136943F00603136110BD00BF66
:10BA080000ED00E0D0F8040400F016B9D0F8040402
:10BA180000F0CAB9D0F8040400F0BAB9D0F80404A8
:10BA280000F0D6B8D0F8040400F01AB9D0F8C00273
:10BA380000F0AAB9D0F8C00200F026B9D0F8C002C8
:10BA480000F0D6B8704700BFD0F8C00200F0A8B91F
:10BA5800D0F8C00200F088B90148F7F7D5BA00BF9E
:10BA68000400003010B5EFF3108472B6084B1A7852
:10BA7800120602D504B962B610BD1B784FF4D07017
:10BA8800044A5BB200FB0320F7F7BEFAF2E700BFF7
:10BA9800E02B0020F82C002010B5EFF3108472B6CC
:10BAA800084B1A78120602D504B962B610BD1B7885
:10BAB8004FF4D070044A5BB200FB0320F7F7A4FAF6
:10BAC800F2E700BFE02B0020702D002010B5EFF347
:10BAD800108472B6074B1A78120602D504B962B6FA
:10BAE80010BD1B78D820044A5BB200FB0320F7F78F
:10BAF8008BFAF3E708360020203600200148F7F7D4
:10BB080083BA00BFE04700200148F7F77DBA00BFBD
:10BB1800084B00200148F7F777BA00BF804B002098
:10BB28000148F7F771BA00BF604D00200148F7F7E8
:10BB38006BBA00BFD84D00200148F7F765BA00BFBF
:10BB48008C2801200148F7F75FBA00BF04290120BB
:10BB58000148FDF7B9BE00BF7C00003000000000BE
:10BB68005FF800F001B201245FF800F0B5A30224E9
:10BB78005FF800F0313401245FF800F0A9A2022434
:10BB88005FF800F091A402245FF800F0E5A3022416
:10BB98005FF800F009B402245FF800F00D220124D8
:10BBA8005FF800F02DA502245FF800F0B90D03241A
:10BBB8005FF800F0D1B202245FF800F0C52F01242D
:10BBC8005FF800F05D2C02245FF800F0CDB4022489
:10BBD8005FF800F06DB502245FF800F0593F0124CA
:10BBE8005FF800F049B502245FF800F0F9B20224CA
:10BBF8005FF800F0F9BA02245FF800F05923012435
:10BC08005FF800F0791C01245FF800F0C92F0224C6
:10BC18005FF800F0FDEF01245FF800F0B1BE0024EA
:10BC28005FF800F0992C02245FF800F0C9A2022402
:10BC38005FF800F0A5CD01245FF800F039B50224C3
:10BC48005FF800F0850D03245FF800F01D3601242D
:10BC58005FF800F0A54001245FF800F0C12F01242F
:10BC68005FF800F071B502245FF800F0E9B1022432
:10BC78005FF800F039B302245FF800F0C12702240E
:10BC88005FF800F0F12602245FF800F0E1BA022420
:10BC98005FF800F0AD2F02245FF800F085A10224C0
:10BCA8005FF800F0D1C300245FF800F0719F022410
:10BCB8005FF800F039A302245FF800F001A4022421
:10BCC8005FF800F08D9E02245FF800F0E126022460
:10BCD8005FF800F0099802245FF800F09D1D012428
:10BCE8005FF800F0553001245FF800F025B5022414
:10BCF8005FF800F0891902245FF800F0B10C012404
:10BD08005FF800F01DB502245FF800F0C9A3022413
:10BD18005FF800F01D4901245FF800F055B20224D5
:10BD28005FF800F07DAC02245FF800F0552E022485
:10BD38005FF800F0A13402245FF800F025A5022482
:10BD48005FF800F091A302245FF800F0EDA502244B
:10BD58005FF800F01DA402245FF800F055A4022447
:10BD68005FF800F0E59E02245FF800F0D9BA0224DB
:10BD78005FF800F07DA202245FF800F0455E012420
:10BD88005FF800F0C19E02245FF800F0B1BA022407
:10BD98005FF800F065B502245FF800F0E1A4022422
:10BDA8005FF800F0D1BA02245FF800F069B5022408
:10BDB8005FF800F0899D02245FF800F05DA402247A
:10BDC8005FF800F095B302245FF800F0D92C022444
:10BDE00010F8012B11F8013B012A28BF9A42F7D025
:10BDF000D01A7047000000000000000000000000A2
:10BE000001F0FF01102A2BDB10F0070F08D010F80B
:10BE1000013B013A8B422DD010F0070F42B3F6D10F
:10BE2000F0B441EA012141EA014122F007047FF028
:10BE300000070023F0E80256083C85EA010586EA7F
:10BE4000010685FA47F5A3FA87F586FA47F6A5FABB
:10BE500087F68EB9EED1F0BC01F0FF0102F00702C7
:10BE600032B110F8013B013A83EA010313B1F8D172
:10BE70000020704701387047002D06BF3546033853
:10BE8000073815F0010F07D1013015F4807F02BF8C
:10BE9000013015F4C03F0130F0BC0138704700BFDD
:10BEA000034613F8012B002AFBD1181A01387047FA
:10BEB00053B94AB9002908BF00281CBF4FF0FF3111
:10BEC0004FF0FF3000F00CB8ADF1080C6DE904CE76
:10BED00026F034FFDDF804E0DDE9022304B070470A
:10BEE000704700BF10B5054C237833B9044B13B12C
:10BEF0000448AFF300800123237010BD40070020E9
:10BF00000000000040D1032408B5034B1BB10349D6
:10BF10000348AFF3008008BD000000004407002084
:10BF200040D103240378024613F0010013D11378A3
:10BF3000C3F380015B070DD4137813F0010008D11F
:10BF400013785B0706D41378012043F004031370C1
:10BF50007047084670470020704700BF02780346CC
:10BF6000C2F38000520700D470471A7812F0010221
:10BF700004D1197862F3820119707047002070476C
:10BF8000C378828803F00300C2F30A0202281FD09C
:10BF9000032803D001280AD000207047022914BFCB
:10BFA00040234FF48063934209D301207047022954
:10BFB00040F2FF3308BF4FF480639342F6D24FF054
:10BFC000E023D3F8F03DDB07E6D500BE0020704744
:10BFD000022902D0402AE8D9F1E7B2F5007FE4D087
:10BFE000EDE700BF0A44914205D3704791F800C0C5
:10BFF00061448A4220D991F801C0BCF1050FF5D106
:10C0000000B591F802C00CF07F0E4FEADC1C00EB8B
:10C010004E0E0EF80C3091F800C061448A4209D9E6
:10C0200091F801C0BCF1050FEBD091F800C061445C
:10C030008A42F5D85DF804FB704700BF1B49B1F890
:10C040000CC0CA89ACEB02039BB210B5402B04466E
:10C0500091F9000082B028BF402300280ADB9445F4
:10C060004FF000011FD0124A204602B0BDE8104038
:10C0700000F096BE94450ED01A4689680C4801938C
:10C0800025F035F880210A4A019B204602B0BDE820
:10C09000104000F085BE80210022204602B0BDE89D
:10C0A000104000F07DBE0A46DEE700BF9C0700207E
:10C0B0005C07002010B40A4C0B46844608682246F0
:10C0C000496803C2197800236046C943A360E3604E
:10C0D0001A4601F080015DF8044B00F061BE00BF1C
:10C0E0009C07002038B5174C8C4605460868A646C4
:10C0F0004968A260AEE803000021E181BCF80600B7
:10C10000834228BF0346A38138B103B18AB12846D0
:10C11000FFF794FF68B1012038BD9CF8001003467A
:10C1200002462846C94301F0800100F039FE00288C
:10C13000F1D14FF0E023D3F8F03DDB0700D500BE8E
:10C14000002038BD9C070020034B0022C3E90022D9
:10C15000C3E902221A6170479C070020014B186155
:10C16000704700BF9C07002010B40246054C0068D1
:10C170002346516803C30023C4E902335DF8044B2E
:10C18000704700BF9C07002070B52C4CC9091D46A4
:10C1900006462378B1EBD31F16D045B14FF0E0230C
:10C1A000D3F8F03DDB0700D500BE002070BD244B66
:10C1B00013B12146AFF3008023691BB11F4A03214D
:10C1C00030469847012070BD94F90030A068002BDC
:10C1D00005DB0028E9D02A461A4924F088FFE389C4
:10C1E000A2682B442A449BB2A260E288E3819A426F
:10C1F00007D03F2D05D93046FFF720FF0028E1D1B9
:10C20000CCE7236923B10D4A02213046984758B143
:10C21000217800233046C9431A4601F0800100F01E
:10C22000BFFD0028CED1B9E70146304601F03EFD02
:10C230008021304601F03AFDC4E700BF9C07002092
:10C24000000000005C0700202DE9F041234D4FF075
:10C250000008234F04462A784346224E0FE03368F5
:10C2600013EBC10331D05B682046984708F1010801
:10C270002A785FFA88F8511C4346414509DB9B1A2E
:10C28000424508EB480103EB4303E8D807EBC3033F
:10C29000E9E7154B37220021184624F08DFD4FF0B9
:10C2A000FF32C0F80320C0F80720C0F80B20C0F808
:10C2B0000F20C0F81320C0F81720C0F81B20C0F8CA
:10C2C0001F20A0F82320BDE8F0814FF0E023D3F831
:10C2D000F03DDB07F7D500BEBDE8F0817408002013
:10C2E000B0310324780800207C080020044B1B7820
:10C2F00010B1184601F082BA184601F093BA00BF97
:10C30000140000202DE9F843DFF8C08098F80030D1
:10C31000FF2B02D00120BDE8F8833722002105461B
:10C32000224824F049FD224802F02CFB214A2249F0
:10C33000224B234C116023B32046AFF30080214BE6
:10C34000227818604FF000091F4F1E4E4B460EE03A
:10C35000336813EBC1031FD01B6809F1010998472B
:10C3600022785FFA89F9511C4B4649450BDB9B1A31
:10C370004A4509EB490103EB4303E9D807EBC30343
:10C38000EAE72278DEE7284688F8005001F0A6FAAE
:10C39000284601F033FABDE74FF0E023D3F8F03D33
:10C3A000DB0700D500BE0020B5E700BF7C080020F9
:10C3B00008000020B007002004000020000000005A
:10C3C0007408002078080020B031032414000020F5
:10C3D0002DE9F04FDFF8E0A28BB09AF80030FF2B88
:10C3E00000F0EB80AC4D4FF00109AC4CDFF8CCB263
:10C3F0002F6800203E4656F8043B984707A9304670
:10C4000002F0E8F906463B6801209847002E00F04C
:10C41000D4809DF81D30013B072B00F2BB80DFE884
:10C4200003F0AFA2B98F7F370A04089B002BDFD03F
:10C4300009989847DCE79DF8201001F07F0004EB95
:10C44000400303EBD11393F8252022F0010283F877
:10C45000252093F8252022F0040283F825200028C7
:10C4600000F0C6808E4ADB7C1278934280F09B807D
:10C470008C4A03EB4303126812EBC30300F096806F
:10C480001E699DF82120099B9DF81C00B047AFE76D
:10C49000237800209DF81C8043F00103237094F85A
:10C4A000253023F0010384F8253094F8253023F05B
:10C4B000040384F8253094F8263023F0010384F82F
:10C4C000263094F8263023F0040384F82630FFF752
:10C4D00045FE9DF8203003F06002602A76D0402AA5
:10C4E00000F0928003F01F03012B00F0A280022BCA
:10C4F00066D0002B6AD1202A00F01481002A65D171
:10C500009DF82130092B61D8DFE813F0B601A801AE
:10C510006000C70160009B015C0160005101860161
:10C5200023784A4603F00103BBF1000F68D0D2071D
:10C530007FF55EAF002B3FF45BAFAFF3008057E7B2
:10C5400023784A46584903F0010300295AD0D107FD
:10C550007FF54EAF002B3FF44BAF2078C0F3C00007
:10C56000AFF3008044E79DF81C00FFF76DFEFFF776
:10C57000EBFD4E4B002B3FF43BAFAFF3008037E7B2
:10C580009DF81C00FFF760FEFFF7DEFD9DF82030F0
:10C59000A3702DE74FF0E023D3F8F03DDB077FF5E4
:10C5A00027AF00BE24E7501C98423BDA4FF0E0234F
:10C5B000D3F8F03DD80700F1B1800BB0BDE8F08FA3
:10C5C0009DF8241001F07F03082B79D94FF0E02368
:10C5D000D3F8F03DDE0700D500BE9DF81C00002119
:10C5E00001F064FB80219DF81C0001F05FFBFFE679
:10C5F000099B9DF821209DF81C00FFF7C5FDF7E67B
:10C600005A4694E70A46A2E729480028E5D0FFF7F2
:10C61000A5FD404608AA0121AFF3008000287FF461
:10C62000E7AEDAE79B1A234A03EB430302EBC303AB
:10C6300026E79DF824300F2BCFD82344184ADB7807
:10C640001278934280F08F80164A03EB43031668FA
:10C6500016EBC306C1D0F068FFF780FDF368012137
:10C66000404608AA984700287FF4C2AE9DF82030C3
:10C6700013F06006B1D19DF821300A3B012BACD8F4
:10C68000FFF76CFD9DF821300A2B00F0A58108A969
:10C690004046FFF70FFDABE6B00700207C08002006
:10C6A000740800207808002000000000000000004E
:10C6B00000000000B031032414000020000000003E
:10C6C00004EB4300BD4E5B0000EBD11036784FEA1F
:10C6D000D11CC07CB04251D2B94E00EB400036684C
:10C6E00006EBC006002A56D19DF8212002F0FD007D
:10C6F000012800F03081002A7FF468AF23444046CF
:10C700000DF11A0208A9634493F82530C3F34003DE
:10C71000ADF81A300223FFF7E5FC69E600BE0BB066
:10C72000BDE8F08F9DF824300F2B3FF656AF234421
:10C73000A24ADB781278934231D3511C9942FFF61A
:10C740004CAF9B1A9F4E03EB430306EBC306F06806
:10C75000FFF704FDF368404608AA01219847002826
:10C760007FF446AE39E7511C9942FFF636AF9B1A6B
:10C77000944E03EB430306EBC3066CE7771C87423A
:10C78000C0F21681801B8F4E00EB400006EBC00606
:10C79000002ADCD1A8E7002E3FF41FAFD7E7884A74
:10C7A00003EB4303166816EBC306D0D115E7637895
:10C7B00040460DF11A0208A98DF81A300123FFF73F
:10C7C00091FC15E6BDF82200030A020A013BC0B243
:10C7D0000E2B3FF602AF01A151F823F0F5C800245B
:10C7E000C9C8002433C90024DBC50024DBC50024EC
:10C7F0000DC90024C9C80024DBC50024DBC5002402
:10C80000DBC50024DBC50024DBC50024DBC5002418
:10C81000DBC5002443C9002463789DF822609E4252
:10C8200009D06378002B46D1002E40F0F480664B8F
:10C830000BB1AFF30080404608A96670FFF73AFCE1
:10C84000D6E508A8FFF790FC40469DF8221001F0BD
:10C8500003F8237843F002032370C9E5BDF82230C2
:10C86000012B7FF4BAAE2378404608A923F00803D1
:10C870002370FFF71FFCBBE52178022340460DF132
:10C880001A0221FA03F6C1F340111E403143ADF8FC
:10C890001A1008A9FFF726FCAAE5BDF82230012BE3
:10C8A0007FF49BAE2378404608A943F00803237029
:10C8B000FFF700FC9CE5404601F094F9A77840465C
:10C8C000FFF7C2FCA770AFE7022A00F048813F4B98
:10C8D000002B3FF482AEAFF300800246002A3FF403
:10C8E00075AE4046538808A9FFF7FCFB00287FF48B
:10C8F0007FAD72E602F04CF81223024608A94046CA
:10C90000FFF7F0FB00287FF473AD66E6304B002B99
:10C910003FF463AEAFF30080024600283FF45DAE03
:10C920004046137808A9FFF7DDFB00287FF460ADCF
:10C9300053E6BDF8241002F033F802460028EFD188
:10C940004BE6244B002B3FF448AEAFF30080024689
:10C950000028C6D13AE6BDF8227057B9012A9AF8E4
:10C96000000043D0E718674497F8253020379B072D
:10C9700013D5002E3FF43CADF068FFF7EFFBF368F2
:10C98000012108AA404698470020FFF7E7FB94F8EA
:10C990002630DF073FF52CAD79E601F087F97B798A
:10C9A00043F002037B717B7943F001037B71E0E785
:10C9B000002A7FF412AE164696E600BF74080020E7
:10C9C00078080020B03103240000000000000000BF
:10C9D000000000000000000008A9404601230DF1FE
:10C9E0001A028DF81A60FFF77DFB01E523446344CA
:10C9F00003F1200293F825309B07BAD5009201F08D
:10CA000059F9009A537967F341035371537967F3E6
:10CA100000035371ADE7701EC0B201F0BDFF0346C5
:10CA200000286ED04278022A6BD1C17903F1090740
:10CA30002078C1F34012C1F3801120F030001201C0
:10CA400042EA4112024322705A88CDF808809A18AF
:10CA500004960392039BBB4261D97B780B2B59D080
:10CA60000121042B4DD1039B00260591DB1B32468F
:10CA700000963E469BB2174601933B4B1B7819E04C
:10CA80003A4B1B6813EBC2083BD0D8F8083031464C
:10CA9000019A02989847082807F10103024602D933
:10CAA0000199814213D2DFB22F4B1B7800975A1C99
:10CAB000974226DC009A9F42A2EB030807EB47024D
:10CAC00008EB4808DCD32A4B03EBC808DDE70599DF
:10CAD0003B46374601291E463AD051B397F80280AB
:10CAE000002302E06145C67023D908EB030001333F
:10CAF00054FA80F05FFA83FC90F803E0BEF1FF0F78
:10CB0000F0D04FF0E023D3F8F03DDA077FF55EADCB
:10CB100000BE5BE53B78F9781F447B78A1E7154BB5
:10CB2000DDF80880049E002B3FF485AEAFF3008053
:10CB300081E63346394610480192FFF753FA0A4B13
:10CB4000019A1B781744009A0133934282DAD8E79E
:10CB5000D8F80800094B984208BF0221BEE701F04F
:10CB60001BFF0246BAE600BF7408002078080020C8
:10CB7000B0310324000000008F08002035D10024CC
:10CB80002DE9F041437884B007460C46023B032B65
:10CB900012D8DFE803F00255483B5B4B00211A78BE
:10CBA00022F001021A701A7822F002021A705970EB
:10CBB0001A7861F382021A70544B1E68BCB935466C
:10CBC000204655F8043B98473946284601F08AFE2E
:10CBD000054633680120984785B14D4B23B1224665
:10CBE00079783878AFF3008004B0BDE8F081394639
:10CBF000301D01F077FE0546002DEED14FF0E02309
:10CC0000D3F8F03DDB07E8D500BEE6E73E4B1A78E7
:10CC1000D007E9D51A7822F004021A703B4B1E683F
:10CC2000002CE4D1CBE7384B1A78D507DCD51A783D
:10CC300042F004021A70354B1E68002CD7D1BEE7B3
:10CC4000314B1A78510723D4DFF8D0800024314EBD
:10CC500098F800202346304D10E02B6813EBC103F9
:10CC600004D05B6913B1796838789847013498F833
:10CC70000020E4B2511CA1422346B5DB9B1A94422A
:10CC800004EB440103EB4303E7D306EBC303E8E7FC
:10CC90001A78002122F00402ADF80E10CDF806102B
:10CCA0001A700523194ACDF80A10017816688DF814
:10CCB00004108DF8053084B101A9301D01F012FE79
:10CCC0000546C5B1124B002BBED022469DF805107B
:10CCD0009DF80400AFF30080B6E73546204655F8CE
:10CCE000043B984701A9284601F0FCFD336805463E
:10CCF00001209847E5E74FF0E023D3F8F03DDA074D
:10CD0000E0D500BEDEE700BF7C080020B0070020B1
:10CD100000000000B03103247808002074080020CF
:10CD200038B50F4B1D788B7803F07F03082B08D99B
:10CD30004FF0E023D3F8F03DDB0700D500BE002024
:10CD400038BD084B0C4608469978FFF719F90028BA
:10CD5000EED021462846BDE8384000F0ABBE00BF0B
:10CD6000140000207C0800200B4605480021DA0949
:10CD700003F07F03253202EB43031844FFF7D2B8D8
:10CD80007C0800200B4605480021DA0903F07F03E8
:10CD9000253202EB43031844FFF7E0B87C0800207B
:10CDA00010B5184C01F07F0E174804EB4E040078C4
:10CDB00004EBD11494F825C020341CF0010F08D0E6
:10CDC0004FF0E023D3F8F03DDA0700D500BE002095
:10CDD00010BD94F805C04CF0010C84F805C000F0BB
:10CDE0002BFF0028F4D162794FF0E02160F30002BC
:10CDF0006271627960F382026271D1F8F03DDB0703
:10CE0000E5D5E3E77C0800201400002070B500F1B0
:10CE10001C050446284601F0B1FC08B9002070BD8D
:10CE200061780020FFF7A0FF0028F7D041F26806E4
:10CE3000284640222644314601F014FD054670B1D3
:10CE40000346324661780020FFF7AAFF58B94FF039
:10CE5000E023D3F8F03DDB07E0D500BEDEE76178E4
:10CE6000FFF790FFDAE7284670BD00BF70B500F10C
:10CE700010050446284601F097FC3F2800D870BDF5
:10CE8000A1780020FFF770FF0028F8D0284601F0B5
:10CE90008BFC3F2809D941F22802A17840230020C9
:10CEA0002244BDE87040FFF77BBFA1780020BDE8B9
:10CEB0007040FFF767BF00BF38B541F2A803074CC9
:10CEC00003FB00F505F1100020442C4401F056FC52
:10CED000A37B627B9B1A50FA83F038BDB408002014
:10CEE00038B541F2A8030B4C00FB03F3E518A87812
:10CEF00000B938BD10330422E01801F0B3FC044639
:10CF00002846FFF7B3FFA4F10400B0FA80F040090F
:10CF100038BD00BFB40800202DE9F04F41F2A80E43
:10CF2000DFF8A09187B09B460EFB00FE049009EB52
:10CF30000E046578002D47D0002B40D04FEA011831
:10CF4000561E0EF11C070EF103024FFA88F309F189
:10CF5000070A4F445FFA88F8029343F00F03002555
:10CF6000F244DBB20192CDF80CE0059309EB020329
:10CF70000093384601F018FC03287FD9E279013587
:10CF800016F8011F8ABBE2780220217102F00F021D
:10CF9000E071042A3DD00A09A2F1080007287CD8D4
:10CFA000DFE800F0040404041616041C48EA020238
:10CFB000E27004222272AB45DBD1DDF80CE05D4665
:10CFC00009EB0E00FFF722FF284607B0BDE8F08FFF
:10CFD00048EA0202E27003222272ECE7F0390329E8
:10CFE0006AD8DFE801F054425742032A2DD8A0182E
:10CFF000C170501C94F803C0C0B20CF00F0CE0716B
:10D00000BCF1040F01D1F72927D0227A8242D2D174
:10D0100028E0F729CED1029B43F00502E2700222FC
:10D0200022720220019BC0F1040200211844D2B2F6
:10D03000484423F0C1FE04220099384601F096FCD2
:10D0400000230428AAF80030B5D04FF0E023D3F82D
:10D05000F03DDB07B8D500BEB6E70432207248EADF
:10D060000202E2700428E6D0DCE70222032148EA4B
:10D07000020202292172E2709DD1D2E7DDF80CE0B4
:10D08000AB4609EB0E005D46FFF7C0FE9CE70422AD
:10D090001146ECE703220421E9E7049B41F2A802D0
:10D0A0000749002003FB02F2059B09EB020C023248
:10D0B0008CF803308852B2E705220221D7E700BF7F
:10D0C000B7080020B408002030B50F4C83B000250D
:10D0D00041F2A8020021204623F06EFE04F128014F
:10D0E00001234FF4006204F11000009501F02CFBC5
:10D0F00001234FF4006204F6280104F11C0000959E
:10D1000001F022FB03B030BDB408002010B5084C7C
:10D11000002304F11000C4E90033C4E9023301F034
:10D1200031FC04F11C00BDE8104001F02BBC00BF35
:10D13000B40800202DE9F0434B7983B0012B04D0D3
:10D140000025284603B0BDE8F0838B79012BF7D189
:10D15000CB79002BF4D191F800C0064601EB0C040A
:10D16000617824290CD1944502D9E9E76245E7D3D7
:10D1700023781C44634461781FFA83FC2429F5D08A
:10D180000429DDD16379012BDAD1A379032BD7D11F
:10D19000E379002BD4D1DFF8889099F8013099F821
:10D1A00002803BB14FF0E023D3F8F03DDB07C7D559
:10D1B00000BEC5E7B8F1000FF4D1A378217989F852
:10D1C0000030277807EB0C052744ADB231B923E0D6
:10D1D0003B7841451D441F44ADB21DD9AA421BD323
:10D1E0007B78052BF4D1394630460192FFF798FD44
:10D1F000019A0028D6D0BB7808F10108D9095FFA56
:10D2000088F8217914BF89F8013089F802303B7819
:10D210001D441F44ADB2DBE70148FFF727FE90E74E
:10D22000B40800200020704770B51F4C1D46A3783D
:10D2300062788B420AD08A4218D04FF0E023D3F8AC
:10D24000F03DDB0700D500BE002070BDAAB2174933
:10D2500004F1100001F08AFB154B13B10020AFF36D
:10D2600000801148FFF702FE012070BD06462046EF
:10D27000FFF7CCFD0028F7D104F11C0001F07EFA85
:10D280000028F1D1002DEFD015F03F05ECD16178E9
:10D290003046FFF769FD0028E6D02B462A46617824
:10D2A0003046FFF77DFDDFE7B4080020DC180020E2
:10D2B00000000000034B4FF40031002219601A7186
:10D2C000704700BF5C190020034B4FF4003100226F
:10D2D00019601A71704700BF5C1900208B79012B0F
:10D2E00001D000207047CB79022BFAD1002010B575
:10D2F00084468C7890425FFA8CF30CF1010C21D2B9
:10D3000091F802E0A6451DD191F803E09E4519D1A0
:10D310000B781944034491F806E098B2BEF1010F6E
:10D3200002D1CB79022BE5D04B78212B0AD1B1F871
:10D3300005300D4A8C78B3F5805F14700BD8093036
:10D3400080B210BD4FF0E023D3F8F03DDA0700D5EE
:10D3500000BE002010BD4FF0E023D3F8F03DDB0706
:10D36000EDD500BEEBE700BF5C19002092F800C0CD
:10D3700070B514460CF01F0282B0012A0FD11CF0C8
:10D38000600C09D163780A2B16D00B2B07D1012929
:10D3900000F0B780012003E0BCF1200F02D0002094
:10D3A00002B070BD63780546062BF8D8DFE803F0BD
:10D3B0005C2F866A231B0A000129EBD10B46874AA2
:10D3C00021464CE0012918D00329E3D1844A4FF0CB
:10D3D0000103002A00F0BD80DB07DBD5814B5878C4
:10D3E00003F0A4FDD6E70129D4D10B467E4A21469D
:10D3F000FEF778FECEE70129CCD17A4B0226002237
:10D40000214628465E801A71FEF754FEC2E70129C4
:10D41000C0D1744A92F800C01CF00100C0D092F84C
:10D4200002C0BCF1020F18BFBCF1050F14BF0120F0
:10D430000020B4D1E688B3B2B3F5805FB0D81171E3
:10D44000A178E078168141EA0021D180002B00F01C
:10D45000A2800326214628460C3202F80A6C02B04C
:10D46000BDE87040FEF73EBE01296CD0032991D182
:10D470005E4A4FF00103002A69D0DA078AD503F02B
:10D4800057FD87E7574EB378032B52D0062B45D074
:10D4900001297FF47FAFF2784FF0000C8DF8043053
:10D4A00021468DF8002006236A468DF801C0ADF8AC
:10D4B00002C08DF805C0FEF715FE71E701297FF463
:10D4C00069AF484E4A4B307880F00200C0F3400C00
:10D4D000002B14BF60464CF0010000287FF45FAFC2
:10D4E000E388B3F5805F3FF65BAF06F10C0261881D
:10D4F000707803F019FD06F10C0203462146284618
:10D50000ADE762882146374B5A70022283F804C087
:10D510005A8002B0BDE87040FEF7CCBD01291AD098
:10D5200003297FF437AF3379002B43D10223B37043
:10D5300030E701292BD003297FF42CAF33797BBB53
:10D540000523B37026E72146FEF7B4FD22E7134614
:10D5500093E7134640E7327992BB0223F6782146DF
:10D5600000242846150A8DF8043066F307040023CA
:10D5700062F30F24120C8DF80530062365F317446F
:10D5800062F31F646A460094FEF7ACFD08E7327947
:10D59000EAB90523E2E70623214628469370B8E757
:10D5A0000420338906F10C02F188B070707803F022
:10D5B00037FCEFE607237078B37003F0ADFCE9E6C3
:10D5C0000721707803F022FC07230246C6E70421F6
:10D5D000707803F01BFC04230246BFE75D190020AE
:10D5E0002D0F01245C1900205E190020310F012449
:10D5F000290F01240B4B00221A7160B99A78042A72
:10D600000DD0072A0AD11A7812F0040F0CBF082295
:10D6100006229A7070470A22D8709A7070470322C7
:10D620009A7070475C19002070B500013C4DBDF840
:10D6300010402D5861B93B483B4E00EB0210448925
:10D6400036F81200844228BF0446001B26F8120058
:10D65000012A4FEAC3434FEA411032D005F5306C3E
:10D660000CEB000EDEF8102002F06042CEF8102025
:10D67000DEF8102013432343CEF810305CF800305E
:10D6800043F004434CF800305CF8003003F44023CE
:10D69000B3F5802F00D070BD224B03EB41131B7BF1
:10D6A000012BF8D1D5F808285CF8003012F4807FFF
:10D6B0000CBF4FF000524FF0805213434CF8003033
:10D6C00070BD05F51062234316183361135843F0FB
:10D6D00004431350135803F44023B3F5802F09D0AB
:10D6E000002CD8D00123D5F834288B401343C5F83B
:10D6F000343870BD0B4B03EB41131B7F012BEFD173
:10D70000D5F8083813F4807F13580CBF4FF000563B
:10D710004FF0805633431350002CBCD0E2E700BFDB
:10D72000E0310324702900206C29002001F07F0CD7
:10D730000001304BC9091B5860464FEA4C1C28D1E8
:10D7400003F5306120B90B6843EA42520A60704722
:10D75000614408680028F6DAD3F8040840F4007041
:10D76000C3F8040858690006FCD5002A22480A6854
:10D7700008BF4FF0804002430A608A689207FCD5D8
:10D7800002228A60D3F8042842F48062C3F8042895
:10D79000704703F5106110B490B9002A0A680CBFF5
:10D7A0004FF000644FF0026422430A60800140F0B1
:10D7B000200018611A699406FCD45DF8044B704788
:10D7C00061440C68002CE8DA0C6844F000640C60DA
:10D7D0008C686406FCD5002A074C0A6808BF4FF025
:10D7E000804422430A608A689207FCD502228A603C
:10D7F000DCE700BFE031032400002040074B03EBCF
:10D800000013B3F90430002B07DB03F01F000122E3
:10D810005B090349824041F823207047E03103242B
:10D8200000E100E00A4B03EB0013B3F90430002BD6
:10D830000DDB5A09012103F01F030648203201FACB
:10D8400003F340F82230BFF34F8FBFF36F8F704761
:10D85000E031032400E100E010B50301104C82B078
:10D86000104AE458D4F8003823F4FE6343EA011365
:10D8700000219FED097BC4F8003801230A4C009178
:10D880001183618082ED047B1A46FFF7CDFE02B062
:10D8900010BD00BFAFF300800000000000000000DA
:10D8A000E0310324702900206C290020044B000182
:10D8B0001A58D2F8043823F00203C2F8043870472B
:10D8C000E0310324044B00011A58D2F8043843F025
:10D8D0000203C2F804387047E031032438B503016D
:10D8E000654C66490546E458654A236C6FF30F039F
:10D8F0008B4218BF934203D002F58032934250D13D
:10D900002846FFF7DFFFE3685E4A43F04003944296
:10D91000E360A36B43F48033A36300F093805A4B1E
:10D920009C4206D1594AD2F8003123F08063C2F8F4
:10D930000031236943F0010323612369D907FCD433
:10D940002369002BFCDAE368514A524923F47053EF
:10D95000126843F4A0538A42E3602AD24E4B9A42A3
:10D960006DD84E4B9A4275D24D4B9A4275D8A3F55D
:10D97000DB13A3F5BA539A4272D8A3F5B713A3F5F4
:10D9800058739A426FD8474B9A426FD2464B9A428D
:10D990006FD2464B9A4234BF4FF470524FF46052EC
:10D9A00009E04FF0E023D3F8F03DD80700D500BEE2
:10D9B00038BD4FF4C052E3684FF4846123F47053D0
:10D9C0001343E360D4F8003843F00303C4F800388D
:10D9D000D4F8003E23F00F03C4F8003EE36843F0A0
:10D9E0000703E360E36823F0C04343F08043E36050
:10D9F000236823F0D00343F0C0032360D4F8003839
:10DA000043F00403C4F80038216123699A06FCD46A
:10DA1000102323612369DB06FCD46169284663690E
:10DA2000234A0B436361616863680B436360A261CF
:10DA3000A36843F00103A360FFF738FF38BD4FF43C
:10DA4000E052B8E7114AD2F8003123F08053C2F80F
:10DA500000316EE74FF40052ADE74FF41052AAE7E1
:10DA60004FF42052A7E74FF43052A4E74FF440524E
:10DA7000A1E74FF450529EE7E03103240000544FD9
:10DA800000003155000008400000044000440258E6
:10DA9000540500200048E801DF9DA30100366E0117
:10DAA0003FA44C01807306010024F400C0E1E400AF
:10DAB00016380080484B02012DE9F04303EB0010BB
:10DAC00091F802C09E580CF07F05027AAA424FD905
:10DAD0004FEA450E8B88414C0EEBDC1EC3F30A0364
:10DAE0005FEADC1C04EB0E1E03F10304AEF80A30FF
:10DAF0008F798EF80C704FEA940E42D0384FD6F8DA
:10DB000024903A88D0F80C8002EB0E0C4FEA980073
:10DB1000CC44BCEB980F2BD87244C97892B2801ACF
:10DB20003A8005F13F0240EA0E4006EB8202506067
:10DB300001F0030206EB45101146013A18BF01221D
:10DB400043EA0273AA0542EA8142D0F8001942F47E
:10DB500000420B4313430122C0F8003902FA05F3D7
:10DB6000D6F81C281343C6F81C380120BDE8F08302
:10DB70004FF0E023D3F8F03DDB0700D500BE0020D6
:10DB8000F4E77244746A52000F32944207D2C468B8
:10DB9000134800881044B0EB940FE9D87262C9783A
:10DBA00006EB45100122103502FA05F501F00302DB
:10DBB000511E43EA8243D0F8002B18BF01211343C2
:10DBC00043EA017343F40043C0F8003BD6F81C3825
:10DBD0002B43C6F81C38C8E7E03103247029002025
:10DBE0006A290020114B01014FF0011203EB0010D4
:10DBF00010B590F808E05C58BEF1010FC4F81C287D
:10DC000010D90B490122002304EB421001322031CC
:10DC10005FFA82FCC0F8003B4B81E645C0F8003952
:10DC20004B83F1D8034B10221A8010BDE03103243E
:10DC3000702900206A2900208C4601F07F01F0B590
:10DC40001C464B00174D164603EBDC1300274FEA2A
:10DC5000DC1283B005EB031C1B01CCF80470EE5002
:10DC6000ACF80840A1B18646BCF80A00B4FBF0F35A
:10DC700000FB13409BB280B238B934B170460094B7
:10DC8000FFF7D2FC012003B0F0BD01339BB2F5E7F2
:10DC9000054B009423F812400123FFF7C5FC012037
:10DCA00003B0F0BD702900206C2900200122FFF78D
:10DCB0003DBD00BF114B000101F07F02C9091B5897
:10DCC00003EB42130CD1D3F8002B22F40012C3F85B
:10DCD000002BD3F8002B42F08052C3F8002B704782
:10DCE000D3F8002922F40012C3F80029D3F8002940
:10DCF00042F08052C3F80029704700BFE03103248E
:10DD00002DE9F04FA64F4FEA00198BB0824657F825
:10DD1000094007EB0012A369A34666691E40F5049B
:10DD200000F1CE81B00420D54FF400536361D4F8E4
:10DD3000083813F0060FC3F3410200F05482A2F139
:10DD40000202B2FA82F252090023012107A88DF8DB
:10DD50001CA0CDF81E30CDF82230ADF826308DF85D
:10DD600020208DF81D10FEF70BFF310500F17E819C
:10DD7000002EC0F29181720707D5D4F8048018F004
:10DD8000040F40F03282C4F8048033071CD5854B61
:10DD900008221B786260002B40F03882A3690DF1E5
:10DDA0001E050DF11C0823F00803A3610023404663
:10DDB0000121CDF81E306B602B8103238DF81CA050
:10DDC0008DF81D30FEF7DCFEF5063AD5A36923F089
:10DDD0001003A361744B216A01F00F05C1F30A120D
:10DDE000C1F34341013905296ED8DFE801F00A4A41
:10DDF00034126D0304F580546C4922680A6022686D
:10DE00004A60DBF8042012F010020FD057F80940E6
:10DE1000E1E704EB4514D4F8102B42F0C042C4F8FB
:10DE2000102BDBF8042012F01002EFD1604C2378A5
:10DE3000002B40F06882DBF8183043F01003CBF879
:10DE40001830300306F4802100F19780002943D177
:10DE50000BB0BDE8F08F002DD3D1002AD1D1216CB9
:10DE6000544A9142CDD9D4F8082B48F220010A42F5
:10DE7000C7D012F0200F14BF21220122C4F8082BB2
:10DE8000BFE703EB45114FEA45184868002800F04A
:10DE9000718104F58051039200F06EFD039A424BAC
:10DEA00003EB080148899042ABD9A0440A89D8F80D
:10DEB000100B121A92B20A81002DA2D13E49088895
:10DEC0000D80121A1A819CE74FF0E022D2F8F02D53
:10DED000D40796D500BE94E707EB090357F809B0BD
:10DEE00093F80890B9F1000FB2D02F4AC2F5106232
:10DEF0000BF580562C4D002402EB0B03CDF810A03F
:10DF00000393DBF81838E340D9072DD5039B5F193D
:10DF1000BB68DA071CD50123BB6024B9264A5288A6
:10DF2000002A40F01182049B012107A88DF81C30C3
:10DF30000023CDF81E30ADF822302B8B0993072338
:10DF40008DF81D3064F07F038DF82030FEF718FE49
:10DF5000BB681B0608D5012303FA04FCDBF8343840
:10DF60001CEA030F40F06C81013406F58056203521
:10DF7000A145C6D10BB0BDE8F08F07EB090357F8F8
:10DF800009401E7A002E3FF463AF074A4FF0000BA2
:10DF9000DFF8188015460592CDE90319D94652E0FD
:10DFA000E03103246829002070290020902A0020F5
:10DFB000692900200930544F6C290020206C48F258
:10DFC0000801C24B984298BF082104EB0B000AAB32
:10DFD000C0F8081B00218DF81CA0ADF81E1006210A
:10DFE0008DF81D1098E8030003E90300012107A83C
:10DFF000FEF7C6FD04EB0B01D1F8083BD8071CD592
:10E000000123C1F8083BB9F1000F04D1B04A1188CF
:10E01000002940F092810023012107A88DF81CA05F
:10E02000CDF81E30ADF822302B898DF82090099361
:10E0300007238DF81D30FEF7A3FD09F101092035F6
:10E04000B14500F08A8009F11001D4F81838CB40AE
:10E05000D907F2D504EB49134FEA491BD3F8081B43
:10E060000A07C7D50B04A9D40821AEE74FF4006313
:10E07000012107A8636100238DF81CA0CDF81E3094
:10E08000CDF82230ADF8263004238DF81D30FEF790
:10E0900077FD002EBFF66FAE4FF00043012107A8B9
:10E0A000636100238DF81CA0CDF81E30CDF822301E
:10E0B000ADF8263005238DF81D30FEF761FD5AE6D8
:10E0C0004FF48053157A00214FF4907263618148B8
:10E0D00022F072FED4F800387F4A23F4FE63C4F8BD
:10E0E0000038002313707D4A137055B104EB4311BF
:10E0F0000133D1F8002BAB4242F00062C1F8002B93
:10E10000F4D107EB09036D0009224FF00111DB6820
:10E110002F35C4F81C1840219B08C4F81428C4F8F3
:10E120001028103B65626B4A43F480135181A3624F
:10E13000D4F8003923F00303C4F80039D4F8103BB5
:10E1400043F0C043C4F8103BA3695183102243F449
:10E150004023A361624B1A80E4E5DDE90319059AC7
:10E1600000293FF475AE07EB090357F809B093F89F
:10E170000890BBE64FEA920C53F808000CF1FF310F
:10E1800089B2BCF1000F00F0E8800131CDF80CB08D
:10E1900004F5805E934600EB810C0146DEF800201A
:10E1A00041F8042B6145F9D15A46DDF80CB012F064
:10E1B00003015FFA82FE12D004F580501EF0020FB8
:10E1C00000688CF8000003D04FEA102E8CF801E0B4
:10E1D000032904BF000C8CF8020053F80800104417
:10E1E00043F808005CE60222AEE50023012107A8FF
:10E1F0008DF81CA0CDF81E30CDF82230ADF82630B9
:10E2000002238DF81D30FEF7BBFCBCE5D4F80838BE
:10E2100000220DF11C080121C3F30D23CDF81E20AF
:10E22000CDF822204046089303230DF11E05ADF8DA
:10E2300026208DF81CA08DF81D30FEF7A1FCB5E559
:10E240003B69C3F3C94ABAF1000F4FD005944FF0B0
:10E250000008644606E0314600F022FB08F10108A0
:10E26000D04541D039691F4ABB6989B202EA8303AC
:10E270006A8B8A4228BF0A469A4235D868690028C4
:10E28000E9D190082969431E9BB2002863D001336D
:10E29000084601EB83039C4650F8043B604533601D
:10E2A000FAD1634612F0030E5FFA82FC0BD01CF029
:10E2B000020F187806D0BEF1030F188802D19B78A0
:10E2C00040EA0340306011442961C7E70930544FE8
:10E2D0006C2900207029002069290020682900206D
:10E2E0006A290020FCFF0300A446059C3B69C3F398
:10E2F0001203002B7FF438AEDBF8343823EA0C032A
:10E30000CBF8343830E607EB090357F80950187A90
:10E3100028B3144B03EB401C598920338A4238BF81
:10E320000A466345F8D1C2F38F0283185B000F33AE
:10E330009BB26B62002323707DE500914A464946FB
:10E340005046FFF771F978E6009221461A46049884
:10E35000FFF76AF9FCE50B46A4E7844627E7024687
:10E36000E3E700BF702900202DE9F04782B00646A0
:10E370000F46BDF828C09DF82C00A3EB0C056345A3
:10E38000B6F804E0ADB202D205EB4E05ADB2002DF9
:10E390003BD0AE453DD3954228BF1546E64505D84E
:10E3A000ACEB0E0C1FFA8CFCE645F9D9F288AEEB0B
:10E3B0000C03A5EB0E0ED6F80090C2F30E0A9BB22A
:10E3C000E644012813FB0AF852461EFB0AFE0AFB2C
:10E3D0000C911FFA88F81FFA8EF425D19D422ED891
:10E3E00015FB0AF39AB2C3F38D03581E80B2002BBB
:10E3F00000F08180013001EB800051F8043B814244
:10E400003B60FAD112F003026CD1284602B0BDE89D
:10E41000F0879E45754694BFA3EB0E0373441FFA25
:10E4200083FCA6F80AC0B6E79D424DD805FB02F270
:10E43000384622F05CFE284602B0BDE8F08728F09E
:10E4400003039A089EB2531E9BB242B1013301EB03
:10E4500083000B4653F8042B83423A60FAD118F03C
:10E4600003081DD03144C8F1040600234246B6B269
:10E4700001A80193A64228BF2646A4EB060E5FFA28
:10E4800086FA1FFA8EF422F032FE01AB03EB08008D
:10E4900026B14946D144524622F029FE019B3B60F9
:10E4A000002CB2D0A108E2B24B1E9BB229B30133BB
:10E4B00009EB830159F8043B49453B60FAD112F05E
:10E4C0000302A2D000230FE04246384622F00FFE9E
:10E4D0002246316807EB080022F009FE284602B008
:10E4E000BDE8F0870023014601A8019322F0FFFD5B
:10E4F000019B3B6089E7084684E74946E2E700BFA5
:10E500002DE9F04F9C46044603890F46468985B0A5
:10E51000C0799BB2B6B2A188C0094CD1B34268D2CF
:10E52000C6EB4100184480B2884266D20D1A1E46DE
:10E53000ADB2954228BF1546CDB305EB06081FFACC
:10E5400088F88E42304603D3401A80B28842FBD20C
:10E55000E288A1EB000EA5EB01092368C2F30E0BC4
:10E560001FFA8EFE8144BCF1010F1EFB0BFA5A46C6
:10E5700019FB0BF90BFB00301FFA8AFA1FFA89F915
:10E5800040D0AE45C0F0B580394605FB02F222F01E
:10E59000AEFDA18846454FEA410002D8B8EB410FD5
:10E5A00003DBA8EB00001FFA80F8A4F808802846D7
:10E5B00005B0BDE8F08F8A420AD3BCF1000F42D10A
:10E5C000E388521A0D46C3F30E0303FB0277B3E749
:10E5D000B3423AD2C6EB410548001D44ADB21544E2
:10E5E000854238DA03EB02081E4615461FFA88F802
:10E5F000A7E7981B80B2884298D30025284605B02B
:10E60000BDE8F08FAE4539D31BFB05F2C2F38D0C8C
:10E6100092B20CF1FF339BB2BCF1000F00F090807E
:10E62000013300EB830C3B6840F8043B6045FAD1B2
:10E6300012F00302AED03B6803A96046039322F0B8
:10E6400056FDA188A6E70D4676E79D1B4800ADB2B2
:10E6500015448542C6DB06EB01081FFA88F8A8EBD3
:10E6600002039BB29E4201D898424EDC1B1A15460B
:10E670009EB202EB06081FFA88F862E72AF0030E42
:10E680004FEA9E011FFA8EFE4A1E92B241B101323C
:10E6900000EB820C0246396842F8041B6245FAD14D
:10E6A0001AF0030220D0C2F1040A3B6803A97044A7
:10E6B0001FFA8AFA03930192CA4528BFCA4622F07C
:10E6C00016FD03AB019AA9EB0A095FFA8AFB9918B8
:10E6D00023681FFA89F9BAF1000F05D018465A4687
:10E6E00022F005FD03465B44B9F1000F10D1A1886B
:10E6F00050E75246394622F0FAFC07EB0A014A4637
:10E70000206822F0F4FCA18844E71E46154618E76D
:10E710004FEA99005FFA89F2411E89B290B1013146
:10E7200003EB8100396843F8041B8342FAD112F0ED
:10E730000302DCD03B6803A9039322F0D8FCD6E7A0
:10E74000844675E71846F5E7B2F5004F84469DF814
:10E75000000010D8C3F30E03CCF800100021ACF871
:10E76000042043EAC0330120ACF80A10ACF80630AC
:10E77000ACF8081070470020704700BF0389428939
:10E780009BB2808892B2934205D39B1A9BB2984267
:10E7900028BF18467047C2EB400213449BB2984210
:10E7A00028BF1846704700BF038942899BB2808802
:10E7B00092B2934206D39B1A9BB2984208D9C01AD0
:10E7C00080B27047C2EB400213449BB29842F6D825
:10E7D0000020704738B504460846B4F808C063897D
:10E7E0001FFA8CFCA2889BB29C452AD3ACEB030594
:10E7F000ADB265B3AA420BD294452CBFACEB020C70
:10E8000094441FFA8CF39A42638103D89B1A9BB2FB
:10E810009A42FBD9E2882168C2F30E0202FB03117F
:10E8200022F065FC6189A288012089B24B1C9BB251
:10E8300099420FD9002302FA00F15B1A9BB263815F
:10E8400038BDC3EB42056544ADB2002DD2D163891A
:10E8500028469BB2B3EB420F4FEA4201EDDA6381E7
:10E8600038BD00BF30B5038983B0458904469BB2EB
:10E87000ADB2009500250195FFF776FD6289A1886C
:10E8800092B283189BB29A424FEA410202D8B3EB8C
:10E89000410F01DB9B1A9BB2638103B030BD00BF07
:10E8A00030B5038983B0458904469BB2ADB200956B
:10E8B00001250195FFF758FD6289A18892B283185E
:10E8C0009BB29A4206D901FA05F29B1A9BB2638168
:10E8D00003B030BDB3EB410F4FEA4102F5DA63817B
:10E8E00003B030BD38B50589044603894089ADB20F
:10E8F0009BB2A28880B2834221D31B1A9BB29A4258
:10E9000002D8E079C00919D095421DD32B469B1A35
:10E910009BB29342FBD2E2882068C2F30E0202FB54
:10E92000030022F0E4FB6B1CA2889BB29D4216D927
:10E93000002351005B1A9BB20120238138BDC0EB3C
:10E94000420003449BB2DAE7E2882068C2F30E0279
:10E9500005FB0200013522F0CAFBA288ABB2B3EB83
:10E96000420F4FEA4201E7DBE4E700BF12B10023A8
:10E97000FFF7C6BD1046704712B10123FFF7C0BDB7
:10E98000104670470346002201205A811A817047C1
:10E9900000487047284A032400487047B0490324C0
:10E9A00038B558B1022804D012D903283FD0042822
:10E9B0002DD0214802F008F91F4838BD1F4A4FF4F6
:10E9C00041711D4B12681C48128819805A8038BD4D
:10E9D0001A4B194D5C682046FDF762FAC0B21F2839
:10E9E000024628BF1F2250B1601E00232946013372
:10E9F00010F8014FDBB221F8024F9A42F7D8531CAE
:10EA00000D48DBB25B0043F440732B8038BD0C4BE8
:10EA1000094D03F11A002A4613F8011F834222F818
:10EA2000021FF9D140F2363303482B8038BDBDE8D0
:10EA3000384002F08DB800BF982A0020180000204E
:10EA4000FF3103240FB400B583B0054805A9019137
:10EA50000AF0DEF803B05DF804EB04B0704700BFC5
:10EA60004432032408B40C4B10B51B7883B0934296
:10EA70000DD39446094C0B46024654F82C10084816
:10EA8000FFF7E0FF06A9059801910AF0C1F803B06D
:10EA9000BDE8104001B07047D82A00203C4A03244A
:10EAA00044320324027A036802F00302012A14D0DC
:10EAB000022A0DD0C2B1114B01226421104810B5B9
:10EAC000032482B00094FFF7CDFF002002B010BDF8
:10EAD0009B88406800EB830070479A88DB68406839
:10EAE00003EB820318447047D3E90202D988024439
:10EAF000033102EBC1029818704700BF6C32032447
:10EB0000644A0324C388033300EBC30C50F833304A
:10EB10008B4224D90CEBC100D0E9013010B5506014
:10EB200083F08040C3F30174C0F38070147250729C
:10EB300039B9032C0BD123F07043104663441360A2
:10EB400010BD002CF7D1074B10461360F8E7064BB9
:10EB500001228F210548FFF785FF002010BD00200E
:10EB6000704700BFB832032484320324584A032478
:10EB700070B50C464D684B7A84B0097A012913D9D7
:10EB80002846194A19492668002B08BF0A460390EF
:10EB9000A721174B17480096CDE901250322FFF75F
:10EBA00061FF204604B070BDB3B9017A0246006827
:10EBB00001F0030101290AD0C1888268033102EB08
:10EBC000C102104428442668084A6060DFE7838851
:10EBD000506800EB8300F5E7FFF764FF6268637A33
:10EBE00010446060CDE700BFC8320324C032032464
:10EBF000D03203244C4A0324014B53F820007047C1
:10EC0000904A0324036810B4027A5C69186902F020
:10EC1000030299882044012A00EB81000BD03AB905
:10EC2000D3E90212DB880A440333104400EBC3002B
:10EC30005DF8044B7047DB685DF8044B184470477F
:10EC40002DE9F04F8DB09DF85860002800F0458107
:10EC50009046027A1F46BC4B22F003020D46044642
:10EC60000160324302720A689A4215D0B74B0125FF
:10EC7000B748012240F23311FFF7F4FE606818B183
:10EC8000237A5B0740F1DC80002323606360A3608C
:10EC900028460DB0BDE8F08F0021284609AAFFF7ED
:10ECA00031FF00B10068AB4B0322C1210095CDE9D3
:10ECB0000106A748FFF7D6FE2046FFF7A3FF8146CF
:10ECC000002800F0C980237AB8F1000F00F06581B8
:10ECD00043F00403B842237200F21F81CDF808907C
:10ECE0000322C4F80480D6219B4B9948CDE90058F3
:10ECF000FFF7B8FEEB88B5F804900333AF6808EB74
:10ED0000890907EBC307D5E90312002E00F0EF8055
:10ED1000012E00F0058139444846294422F0E7F9E4
:10ED2000CDF804900095ED212A698C4B02920322C4
:10ED30008748FFF797FEA9462046FFF7B3FED9F8AC
:10ED40001030D9F814200021184422F035F820465C
:10ED50002668FFF7A7FE227A8246236802F00302A4
:10ED6000012A00F0BF80D9889A68033102EBC10202
:10ED700013440322F8217648CDF80080CDE901A3A1
:10ED8000774BFFF76FFEB9F80620002A00F0FB80F2
:10ED900020360027CDE906851DE094F808C0B9F8B3
:10EDA00004100CF0030CA8EB0101BCF1010F00F002
:10EDB0008F80B0F806C083680CF1030C03EBCC0322
:10EDC00018445AF8213018444AF82100013708360F
:10EDD000BA4240F2D78056E90285002D46DB690031
:10EDE0002068DAD409AA2946FFF78CFE00286CD0E7
:10EDF000B9F804B0C34547D99DF82C20069B022AD8
:10EE000003EB880B48D05ED80A9B40F2171150489C
:10EE100005939DF82D30029203220393099BCDF8B0
:10EE20001080019300954F4BFFF71CFE09A9204667
:10EE3000FFF79EFE4368CBF80030B9F80620C5E71F
:10EE400009F0D2FE6168484B032200914FF49B7198
:10EE50003F48FFF707FE17E760600322434BD921C5
:10EE60003B48C8460095FFF7FDFD43E7B9F80400AD
:10EE700025F00041A8EB0003AAEB01015AF823009A
:10EE800008444AF82300A1E79DF82C20A8EB0B0BBF
:10EE9000022A0AEB8B0BB6D100950322099D4FF491
:10EEA0008E712B48324BCDF808800195FFF7DAFDC3
:10EEB000284609F00BFF002800F08280B9F80620F0
:10EEC000CBF8000082E7032AB7D12A4B0725CFE60B
:10EED0008388606800EB830073E70A2528460DB03D
:10EEE000BDE8F08F9A88636803EB820341E70A4428
:10EEF000484629463A4422F0FAF8E3211448CDE97D
:10EF00000059D5E90332134403223B4402931A4BC0
:10EF1000FFF7A8FDC4F800900EE7184B0225A7E6FE
:10EF20000A444846E91922F0E2F8CDF80490009529
:10EF3000134B0748D5E903210A44E9210292032231
:10EF4000FFF790FDF7E600BF55444C4D983303247E
:10EF5000784A032424340324843403244C350324C2
:10EF600080350324D435032454330324B4340324D8
:10EF700040360324B8330324E03403240434032448
:10EF800010350324079D00950322134B40F22F11E7
:10EF900012480025FFF766FD7AE623F0040323728A
:10EFA00009F020FE804640B10D4B0322CC210B48D6
:10EFB000CDE90095FFF756FD90E60A4B032557E68D
:10EFC000094B012200954FF4917104480825FFF781
:10EFD00049FD064B4CE600BFB8350324784A0324AC
:10EFE0005C3403247433032490360324E033032475
:10EFF00008B5C388033350F8332000EBC30072B167
:10F000004368C3F30172032A03D123F07043184409
:10F0100008BD044B01228F210348FFF723FD002088
:10F0200008BD00BF84320324584A0324D0B1F8B588
:10F030000F4606461546002403E02868FCF7D0FE7C
:10F0400050B121462A4630680134FFF75BFD39464E
:10F050000028F2D10020F8BD29463046BDE8F8402E
:10F06000FFF786BD00207047014B1870704700BF46
:10F07000D82A00200378552B01D000207047437810
:10F08000421C442BF9D112F8013F4C2BF5D1537897
:10F090004D2BF2D10169C28810B4D0E9023418199D
:10F0A000D31C5DF8044B084400EBC300704700BF5D
:10F0B000027A036802F00302012A06D0D9889A680E
:10F0C000033102EBC102981870479B88406800EB3F
:10F0D0008300704730B5B1F1010E18D4196820FAD9
:10F0E0000EFCCC43C9100EF1FF3E0CF0010C04F0F5
:10F0F0000704555CBEF1FF3F0CFA04FC4CEA050C1A
:10F1000002F801C0196801F101011960E7D130BDB1
:10F11000012830D00346194AC017202B10B582FBB6
:10F1200003421A44C0EBA20000F1020200F1010EFA
:10F1300010461DD002EB430C4FEA4E044FEA4C0C34
:10F140000CF1010C9CFBF4FC4FEA4C0C9B00BEF153
:10F15000000F03F10A0308DD0A4401F1010E02F871
:10F16000013D7245A3EB0C03F9D106230B7010BDD2
:10F170004FF01A0CEAE70020704700BF9324499231
:10F180004368002B02DD8268934201D00020704763
:10F1900003EB4302C1689142F8D102699342F5D171
:10F1A00042699342F2D102684FEA830C8169B2EB63
:10F1B000830F0BDB8B42CCBF002001209342D8BFD2
:10F1C0008C45D4BF01230023184470470020F5E785
:10F1D0002DE9F04F90F800908FB0B9F1000F00F0DA
:10F1E000738100248346CA46A0462546039400271F
:10F1F0002E4601953A463D4634460D97CDE90777B0
:10F20000CDE90977CDE90B7708E00132052A49D02D
:10F2100001DD08F101080134A24520D00BEBE40127
:10F220004E7804F007010E4106F00106AE42ECD024
:10F230009FBB09EB0207182207A908A821F0A2FD2D
:10F24000079765BB013407A8FFF79AFF354600EB27
:10F250008000A2454FF0010208EBC008DED12C4629
:10F26000019D14BB02EB090407B94C44182207A9FD
:10F2700008A8CA4421F086FD07A80794FFF780FF7D
:10F28000039B00EB80004D4403F1010C08EBC00828
:10F29000E14517D0CDF80CC0A9E71746CBE73546B6
:10F2A0000122B8E708F10308B5E74FB902EB0907F7
:10F2B000182207A908A84C4621F064FD0797D3E758
:10F2C0001746F5E700249A46CDF814B0CDE9019C25
:10F2D0004FF0000B254604945F465E46D9465A46D9
:10F2E000CDF834B0CDE907BBCDE909BBCDE90BBB07
:10F2F000DDF814B00CE00132052A57D001DD08F129
:10F300000108019BBA4507F101011D4428D00F46B1
:10F310000BEBE5014C7805F007010C4104F001040A
:10F32000B442E8D0B9F1000F3BD1029B03EB0209D4
:10F33000182207A908A821F025FDCDF81C9096BB3E
:10F3400007A82646FFF71CFF019B00EB8000BA458B
:10F350004FF001021D4408EBC00807F10101D6D1AE
:10F36000CB46B146049C1646B9F1000F21D1029B51
:10F370001E44BBF1000F01D1029B1E44182207A9B5
:10F3800008A821F0FFFC07A80796FFF7F9FEA245A1
:10F3900000EB800004F1010308EBC00817D01C4605
:10F3A00096E79146C4E726460122AAE708F103083A
:10F3B000A7E7BBF1000F01D1029B1E44182207A949
:10F3C00008A8B34621F0DEFC0796029ED1E7039B16
:10F3D000DDF80490DDF814B0002B42D0002609F1CE
:10F3E000FF374D46B4460BEBE603711C587802E03C
:10F3F00001318D422FD04A1E0BEBE10401F00703CF
:10F4000002F0070240FA02F2607840FA03F302F0D9
:10F41000010203F001039342EAD17A180BEBE20EEA
:10F4200002F007049EF80120224102F001029342FB
:10F43000DED101EB090201310BEBE20E02F0070411
:10F440009EF80120224102F00102934208BF08F118
:10F4500003088D42CFD10CF1010C4E444D44BC4504
:10F46000C1D100264D4603983746344633460BEB50
:10F47000E30203F00701013352780A41D20748BF83
:10F480000134AB42F3D1B84207F1010203EB0905A5
:10F490004E4401D01746E9E704EB8400800019FBD5
:10F4A00009F96FF0090303FB09000028B8BF4042C7
:10F4B0004844013890FBF9F0013800EB800008EB7C
:10F4C00040000FB0BDE8F08FC8464846E7E700BFF0
:10F4D000002953D02A4B84462DE9F04FD61D012731
:10F4E000DFF8A0B083FB0623F6170022DFF898A010
:10F4F000C6EBE306DFF894901046DFF894809CF8A2
:10F500000030DCF80450013BDCF80C40072B05D838
:10F51000DFE803F02722041D04042C184FF0000E2E
:10F520004FF0FF330433754502F101020CF1100C6A
:10F5300023441FDA1844B0F5004F1BDA9142DED1A4
:10F54000BDE8F08F5BF8263007FA03FEEAE75AF8C9
:10F55000263007FA03FEE5E759F8263007FA03FEDE
:10F56000E0E758F8263007FA03FEDBE74FF0010E1C
:10F570000023D7E74FF0FF30BDE8F08F0846704713
:10F5800079787878CC4A0324D84A0324E44A0324BF
:10F59000F04A032400F10803012800FB03F303F100
:10F5A000040310B44FEA031318DD174A4FEAE07C56
:10F5B000062882FB00420244CCEBA20C0CF1020CA8
:10F5C0000CEB8C0202EB8202A2F10A020CFB02F2AB
:10F5D000A2F13702A3EB0203C8BF243B01EB810277
:10F5E0000A4C002B01EBC201094AB8BF073304EBF8
:10F5F000010C11445DF8044B1CF90020095612FB64
:10F6000001F0C0EBE300704793244992A04B032420
:10F61000FC4A03242DE9F04F05460846114602EB4B
:10F620008202964C1E4601EBC20200F1080397B01D
:10F630000128144400FB03F3059514F900B003F10D
:10F6400004038F4C4FEA0313224412F900A018DD83
:10F650008C4A062882FB00424FEAE0740244C4EB65
:10F66000A20404F1020404EB840202EB8202A2F180
:10F670000A0204FB02F2A2F13702A3EB0203C8BFA5
:10F68000243B002B4FF00105B8BF0733DC10FFF718
:10F6900081FF002106900EA894FBFBF20BFB1243A6
:10F6A000A2EB0A02ABEB030301925246079321F04F
:10F6B00083FB0AF1FF33BAF1000F08930AF15703F5
:10F6C0006B4403F8205C41DD0AF138020023022775
:10F6D0000DEB020C0DF1380818F801EB072400219E
:10F6E000CA0945FA04F0013CC2EBC20940F300002C
:10F6F00002EB890200EA0E0082EA4102D2B282EAFB
:10F700000001621CECD1C44508F8011C05D098F832
:10F710000020514008F8011CDEE707240021CA0937
:10F7200047FA04F0013CC2EBC20E40F3000002EBCA
:10F730008E02284082EA4102D2B282EA0001601CB5
:10F74000EDD101339A4501D00D46C3E7BBF1000F5F
:10F7500040F391800023019DB1460493DDE9053219
:10F76000134452460799049801928142CCBF2F4618
:10F770006F1C1846002121F01FFB002F0346019A41
:10F7800062DD05999E18CDF8349001F1FF38411CD7
:10F79000039108EB070A089944460844CDE909B5E6
:10F7A000CDE90B788B468046CDE9012A1A781846B8
:10F7B00014F8015F039955405A4621F0E3FA4FF0DF
:10F7C0000002034688F80020019A002A20DD0DF18E
:10F7D0003809864619F801AB07270021CA0945FAFE
:10F7E00007F0013FC2EBC20C40F3000002EB8C02B9
:10F7F00000EA0A0082EA4102D2B282EA00017A1CDF
:10F80000ECD19EF800204A400EF8012B7645E1D15C
:10F81000029AA242CAD1DDF83490079EDDE90410B5
:10F82000DDE9012ADDE909B5DDE90B78C0F1010464
:10F8300004EB0800854218F8010F08BF891BC24578
:10F8400009F801005944F3D10499002A06980844A4
:10F8500008DD19469E1811F8014BB14209F8004025
:10F860005844F8D104990598013138448B450491E6
:10F8700005907FF477AF17B0BDE8F08FFC4A032402
:10F88000A04B0324932449922DE9F04F137885B0BF
:10F8900003F1FF3B0390BBF1000F5BDD58461446BC
:10F8A000CA000025062802924FD0421C8146023829
:10F8B00082F00202C2F340025E464FFA82FAA9F1D8
:10F8C000020CCDF80490ABEB0607019A0090BAF158
:10F8D000000F18BF374607FB0323D91003F00703B7
:10F8E000013114F801E04EFA03F818F0010F02D1CB
:10F8F0000298A84209DC013A944501D02378EAE74E
:10F90000013E00981CD32378DDE701204FEAE5098A
:10F910006FEA0508013500FA03F3039808F00708B9
:10F9200010F809904EEA03002EEA030E49FA08F98E
:10F9300019F0010F18BF5FFA80FE04F801E0DAE762
:10F94000002807DD06282378AFD1002203204FF0DE
:10F950000509B1E705B0BDE8F08F00BF2DE9F04F14
:10F9600086000C4687B0834606F11105002120462B
:10F9700005FB05F20732D210013221F01DFA002DED
:10F98000EAB2227032DD6378012D43F040036370E8
:10F9900014D001210846237801FB03F3013106331B
:10F9A000A9424FEAE30203F0070302F1010200FA61
:10F9B00003F3A75C43EA0703A354ECD106F1110754
:10F9C000002106250120237815FB03130131DA10ED
:10F9D00003F00703B94202F1010200FA03F314F83D
:10F9E00002C043EA0C03A354EDD122780020012584
:10F9F00000FB02F30121DA1003F007030A4405FAC1
:10FA000003F3A75C3B43A354237800FB03130131AA
:10FA1000DA1003F00703092902F1010205FA03F3E2
:10FA2000A75C43EA0703A354EED1013023780928E9
:10FA30001A46DDD106F1090206F1110100274FF047
:10FA4000010C154600E0237807FB03530135D8105D
:10FA500003F007038D4200F101000CFA03F314F8E0
:10FA600000E043EA0E032354EDD10137092F01D002
:10FA70002378E6E701270025237802FB03530135AD
:10FA8000D81003F00703092D00F1010007FA03F372
:10FA900014F800C043EA0C032354EDD101328A422A
:10FAA000E9D104A95846FFF733FBB0F1000A5EDD47
:10FAB000BAF1010F0DF1110859D001270AF1FF31F8
:10FAC0003D468F423BD05A4600238B46314604A820
:10FAD00098F80060CDF80CA09A4610F803E0A6F163
:10FAE000020C0336AEF102090EF1030ECDE90197C7
:10FAF000019F23780CFB03730137D81003F0070331
:10FB0000774500F1010005FA03F314F8009043EA89
:10FB100009032354EDD10CF1010CB445E8D1029F47
:10FB20005346DDF80CA008F101080137BA450DD0A5
:10FB3000002BCCD10E46594693468F42C3D14F1C61
:10FB400008F10108BA45BCD1012305E001330E4696
:10FB5000594693469A450AD00DF11008002799425C
:10FB600001D1FA073DD55A468B463146AFE7BBF186
:10FB7000060F02DC07B0BDE8F08FB11D06F10900E9
:10FB800000274FF0010C0D46237807FB0353013586
:10FB9000DA1003F00703854202F101020CFA03F3C5
:10FBA000A65C43EA0603A354EED10137062FEAD13F
:10FBB00001270025237801FB03530135DA1003F0F8
:10FBC0000703062D02F1010207FA03F3A65C43EADC
:10FBD0000603A354EED101318142EAD107B0BDE85A
:10FBE000F08FBAF1010F08F101084FF00107B6D10B
:10FBF0000133B1E72DE9F04F91F800B083B0BBF1CC
:10FC0000000F00F09980164682460022002014461C
:10FC10009AF80050034602FB05370AEBE70C07F0A1
:10FC200007079CF801C04CFA07F7FF077AD4072EA4
:10FC300000F28280DFE816F0B001450076013C0159
:10FC4000FC00BD0083001D0001F80EC0013301342B
:10FC500010449B456CD09AF8005002FB05370AEB24
:10FC6000E70C07F007079CF801C04CFA07F7FF07FD
:10FC700058D4C84DA5FB005C0D782CF0010702FBA1
:10FC8000053507EB5C074FF0010C4FEAE50E05F078
:10FC90000705C71B0EF1010E0CFA05F8274411F8F1
:10FCA0000EC0FF434CFA05F54CEA080907F00107BE
:10FCB0002CEA080C05F00105AF42C5D001F80E9002
:10FCC000C4E702F0010E4FF0010800968EF0010E1D
:10FCD0000D7802FB0535EF1005F00705013708FA2E
:10FCE00005F911F807C04CFA05F54CEA090605F0CC
:10FCF0000105AE4500F09181CE5501330134104429
:10FD00009B4500F09E819AF8005002FB05370AEBF4
:10FD1000E70C07F007079CF801C04CFA07F7FE074D
:10FD2000D6D5009E0133013410449B457FF473AF58
:10FD300001329A427FF46AAF03B0BDE8F08F4FF012
:10FD400001090096934F0D78A7FB007E02FB053555
:10FD50002EF0010CEF1005F007050CEB5E0C0137DF
:10FD600009FA05FECCEB400C6FEA0C0C0CF0010814
:10FD700011F807C04CFA05F54CEA0E0605F001052E
:10FD8000A84500F05981CE550133013410449B45FC
:10FD900000F057819AF8005002FB05370AEBE70C98
:10FDA00007F007079CF801C04CFA07F7FF07C9D511
:10FDB000B7E74FF001090096764F00F0010E0D787D
:10FDC000A7FB007802FB053528F0010CEF1005F0C9
:10FDD00007050CEB580C0137A0EB0C0C1EEB0C0FBD
:10FDE00011F807C009FA05FE4CFA05F50CBF4FF0F3
:10FDF00001084FF000084CEA0E0605F00105A84581
:10FE000000F01581CE550133013410449B4500F0BC
:10FE100018819AF8005002FB05370AEBE70C07F04F
:10FE200007079CF801C04CFA07F7FE07C4D578E72E
:10FE30005510CDE900560D78564F02FB0535009E52
:10FE4000A7FB03C74FEAE50C05F0070506EB5707CC
:10FE500001260CF1010C06FA05F8FF4311F80CE03D
:10FE600007F001074EFA05F54EEA08093540AF42A2
:10FE700000F0C98001F80C900133013410449B4517
:10FE800000F0E5809AF8005002FB05370AEBE70C1A
:10FE900007F007079CF801C04CFA07F7FF07CAD51F
:10FEA0000133019E013410449B457FF4B4AE3FE71B
:10FEB0004FF0010900960D78364F02FB053507FB20
:10FEC00004F7B7F1553F4FEAE50705F0070507F1DD
:10FED000010788BF4FF0000809FA05FE98BF4FF0F0
:10FEE000010811F807C04CFA05F54CEA0E0605F0BA
:10FEF0000105A84500F09680CE5501330134104429
:10FF00009B4500F09E809AF8005002FB05370AEBF3
:10FF1000E70C07F007079CF801C04CFA07F7FE074B
:10FF2000C9D5FEE64FF0010800960D78194F02FB87
:10FF3000053507FB03F7B7F1553F4FEAE50705F035
:10FF4000070507F1010788BF4FF0000908FA05FE11
:10FF500098BF4FF0010911F807C04CFA05F54CEABB
:10FF60000E0605F00105A94552D0CE5501330134E6
:10FF700010449B4565D09AF8005002FB05370AEB08
:10FF8000E70C07F007079CF801C04CFA07F7FF07DA
:10FF9000CBD5C6E6ABAAAAAA4FF0010800960D7809
:10FFA0006FEA040E1044013402FB05350EF0010E19
:10FFB00001334FEAE50C05F007050CF1010C08FAD6
:10FFC00005F911F80C7047FA05F547EA090627EA22
:10FFD000090705F00105AE4514BF01F80C6001F8F2
:10FFE0000C709B452DD09AF8005002FB05370AEBA8
:10FFF000E70C07F007079CF801C04CFA07F7FE076B
:020000042401D5
:10000000CDD5009E8EE62EEA080E01F80CE033E70F
:100010002CEA0E0C01F807C0A8E72CEA090C01F83D
:1000200007C06AE62CEA0E0C01F807C065E72CEA67
:100030000E0C01F807C0E6E62CEA0E0C01F807C02A
:10004000A2E60132009E9A427FF4E0AD74E6019E82
:100050006EE600BF2DE9F04F90F800B089B004467D
:10006000BBF10E0F059125DDABF107005B460722C2
:100070000121062500E0237802FB03F30633DE109E
:1000800003F00703013601FA03F3A75D27EA030330
:10009000A355237815FB03230232DE1003F0070378
:1000A000824206F1010601FA03F3A75D27EA030382
:1000B000A355E0DBABF108024FF0FF3614274FF0F9
:1000C000010A9046A446CDE9002BF01E6FEA06090E
:1000D00000994FF0FF334FEAD9790028CE46B8BFD8
:1000E0004042B14603E001330131082B34D0DA1E1F
:1000F000002AB8BF52428242B8BF024627FA02F233
:10010000D207F0D59CF80020DD4393424FEAD57525
:100110001446934680F28180002D7ED09145ACBF7D
:1001200000260EF00106002E40F0B6809045DAD28F
:100130000BFB083B013301314FEAEB020BF0070BDD
:10014000082B02F101020AFA0BFB1CF8024024EA18
:100150000B040CF80240CAD14E4608F101080136E2
:10016000082EB2D1059806A9DDF804B06446FEF762
:10017000CFFFB0F10009009A40F3AC80B9F1010F54
:100180000DF1190E00F0A680012509F1FF33084694
:10019000CC462F46CDE9032B9D424FF0000134D0D1
:1001A0009EF800A04FF0FF36CDF808C0AC4690F89E
:1001B0000090CDE900AE009A4FF0FF3506EB020B40
:1001C00094F800E009EB050255EA060A05F101057D
:1001D0000BFB0E224FEAE20E02F007020EF1010EB7
:1001E00007FA02F214F80E8028EA020A48EA020826
:1001F00043D0022D04F80EA0E2D10136022EDAD14E
:100200006546DDF804E0DDF808C001350EF1010EA9
:10021000AC4525D00029C3D1BEE7A142BFF463AFEE
:100220006FEA0906F60FA1452BDA56B304FB091253
:10023000D61002F0070201360AFA02F21CF8064054
:1002400024EA02040CF806409CF800B05B45ACBF01
:10025000002505F001055A46002D3FF444AF65E73F
:10026000013101308C4533D0994240F08D800DF141
:10027000190E0125002993D18EE7012504F80E807F
:100280009EE7A342ACBF002505F001052246A34628
:10029000002D3FF428AF49E702FB0932D41002F0E9
:1002A000070201340AFA02F21CF804B02BEA020B2E
:1002B0000CF804B09CF80020914214469346B2D347
:1002C0009342ACBF00250125002D3FF40CAF2DE774
:1002D000DDE9032B059B062B3FDD1D460C2041F677
:1002E0002571EB12013801FB03F383EA4505F8D1D0
:1002F000059BABF10B07012645EA03353946237808
:1003000015F0010F00FB03134FEAE30C03F00703A2
:100310000CF1010C06FA03F314F80CE04EEA0308A2
:100320002EEA030E1CD004F80C80237801FB030393
:100330004FEAE30C03F007030CF1010C06FA03F398
:1003400014F80CE043EA0E0304F80C3001316D1090
:100350008A42D4D101300628D0D109B0BDE8F08F4F
:1003600004F80CE0237801FB03034FEAE30C03F0ED
:1003700007030CF1010C06FA03F314F80CE02EEA63
:10038000030304F80C30E1E70DF1180E002507E730
:10039000704B53F8203041EAC3012DE9F041084683
:1003A0000A2440F237554312013C05FB03F383EA6C
:1003B0004000F8D140EA812345F21240012658401E
:1003C000137840FA04F704FB03F317F0010F04F16C
:1003D000010403F108034FEAE30503F0070305F105
:1003E000010506FA03F3515D41EA030721EA03011F
:1003F00018BFF9B2062C5155E2D114780821072311
:100400000125460613FB04134FEAE30103F007033B
:1004100001F1010105FA03F3545C40F19880234394
:10042000DBB25354050613784FF0080C4FF0010768
:1004300003F10203D15C4CBF41F0010101F0FE0168
:10044000C4054FF00904D154137803F10103D15CC2
:100450004CBF41F0800101F07F01D154C4F10E0185
:10046000137840FA04F601341CFB031316F0010F55
:100470004FEAE30503F0070305F1010507FA03F36B
:10048000515D41EA030621EA030118BFF1B20F2CC6
:100490005155E3D192F800C000210826012563469A
:1004A0000CF1FF377C1A40FA01F8013116FB0343C7
:1004B00018F0010F4FEAE30403F0070304F101040D
:1004C00005FA03F312F804E04EEA03082EEA030EDD
:1004D00018BF5FFA88FE082902F804E01478234662
:1004E000E0D1ACF10F054FF0010E00E014786B186D
:1004F00040FA01F6013104FB03F316F0010F03F19A
:1005000008034FEAE30703F0070307F101070EFAB8
:1005100003F3D45D44EA030624EA030418BFF4B2EB
:100520000F29D455E2D11178ACF1080C012301FB5D
:100530000CFC0CF1080C4FEAEC010CF0070C194410
:1005400003FA0CF3505C03435354BDE8F08124EAF2
:10055000030366E7BC4A03242DE9F04F85B0064645
:1005600017461C469DF93CB09DF84090129D0191A4
:10057000224601993046FEF7ABFFB0F1FF3F8246BD
:1005800006D039462046FFF705F8BAEBC00F07DD65
:100590000E9B9C4202DB00202870F8E00134E7E764
:1005A00012954FF001082546B9F1000F09D05FFA06
:1005B00088F428462146FEF7EDFFBAEBC00FD8BFFE
:1005C000274608F10108B8F1040FEDD12C46129D21
:1005D0000021A200284604F10709113252430732D4
:1005E000D210013220F0E8FB002311229846039339
:1005F00099FBF2F92A46019B98453AD003AB307833
:100600000421FEF767FD33787068013B072B11D892
:10061000DFE803F00608100A1010040C00210BE0BC
:100620005C4B04E05C4B02E05C4B00E05C4B53F83D
:10063000291001E04FF0FF314FF0000A03ABFEF745
:1006400049FDF368534510DD4FEAEA03B168C85C21
:100650006FEA0A0301210AF1010A03F007031841B6
:1006600003AB0840FEF736FDEBE708F10108103652
:10067000C1E7394620461546FEF78CFF039903ABC8
:100680002A46C600C1EBC00100200429A8BF0421EE
:10069000FEF720FD0399B0EB010C01F007010CF00F
:1006A000070C58BFCCF10001494201F00701FEF7E9
:1006B00011FDEC20039BB34206DA03AB0821FEF7E1
:1006C00009FD80F0FD00F5E71546119B3A462146ED
:1006D0002846FEF79FFF29462046FFF73FF904F121
:1006E0000801012C04FB01F101F104014FEA0111A1
:1006F00012DD07221923062C94FBF2F202F102020A
:1007000002FB03F3A3F10A0302FB03F3A3F1370394
:10071000A1EB0301C8BF243900292A461198B8BFAC
:100720000731C910FFF7B0F821462846FFF792FCC1
:1007300011992046FFF712F9BBF1FF3F1CD10024AD
:100740006FF0004966B2294611983246FFF752FA17
:100750002A4631463846FFF71BFE2846FEF738FD8D
:10076000484501DA8146B34601343246294611989C
:10077000FFF740FA082CE5D15A4629461198FFF7B1
:1007800039FA38462A465946FFF702FE012005B0DD
:10079000BDE8F08FF04A0324E44A0324D84A032436
:1007A000CC4A032400787047037899420CD29342D4
:1007B0000AD902FB031200EBE20002F007014078C5
:1007C000084100F001007047002070472DE9F04714
:1007D000064608460D461446FBF762FBB0F5004F8F
:1007E000074612D200EB80033B493C485B009A1C51
:1007F0008342A1FB02124FEA520206DC2AB1073201
:1008000000212046D20820F0D7FA2B78002B61D0A7
:100810004FF000084246414602E015F8013F7BB325
:1008200001EB8101013203EB4103032AA3F1300103
:10083000F3D16FF009004FF0090CA0EB080008EBB2
:100840000C0EAEEB0C0221FA0CF300EB0C090CF1D0
:10085000FF3CD21003F0010309F00709BCF1FF3F90
:1008600014F802A003FA09F343EA0A03A354E8D1F7
:10087000002115F8013F08F10A080A46002BCFD1E4
:10088000002A08DC01233046C6F80C803370C6E924
:100890000174BDE8F08702EB420202EB080E10463D
:1008A000A0EB0E05AEEB000C21FA00F30138013D80
:1008B0004FEAEC0C03F0010305F00705AB4014F818
:1008C0000C502B4304F80C30431CE9D108F101080B
:1008D0009044D7E79846D5E7ABAAAAAAFD7F0100C6
:1008E0002DE9F84F074608460C469146FBF7D8FA23
:1008F000B0F5004F804610D200EB800300EB4303BD
:100900000133B3F5803F4FEA630206DA2AB10732BA
:1009100000214846D20820F04FFA217800295ED005
:100920000026304DB346B24602E014F8011F91B3E1
:100930000AEB4A0A0BF1010B284620F054FABBF1EE
:10094000020FA0EB0500CAEB0A1A8244EDD10A227D
:100950006FF00A0006EB020C801BACEB02012AFAD6
:1009600002F300EB020E013AC91003F001030EF08E
:10097000070E03FA0EF319F801E043EA0E0309F833
:100980000130511CE9D14FF0000A14F8011F0B3659
:10099000D3460029CCD1BBF1000F07DC0223384637
:1009A000FE603B70C7E90189BDE8F88F6FF0050470
:1009B0000522A41BB518A91A2AFA02F3A018013AB5
:1009C000C91003F0010300F00700834019F801008B
:1009D000034309F80130531CEDD10636DEE70E461D
:1009E000DCE700BF803703242DE9F04F8DB01F46B0
:1009F00081460D469DF96030164606939DF8643099
:100A00000793FBF74DFA8346002871D0179B99F89E
:100A100000109A00113202FB02FC0CF1070C4FEAA5
:100A2000EC0C0CF1010889B30C464A4602E012F8BE
:100A3000014F5CB3303C092CF9D9CA46404C03E065
:100A40001AF8011F002963D0204620F0CCF90028B5
:100A5000F6D1C34546D809F1FF336A1E03EB0B00FC
:100A600013F8011F984202F8011FF9D10423BBF5C6
:100A7000004F8DF8203035D24FEACB03B3F5004F4D
:100A800030DA08AC0B93CDE909B51AE0BBF5004F9D
:100A900028D20BEB8B0B2B492B484FEA4B0B0BF15E
:100AA00002028345A1FB02124FEA52021ADC07320E
:100AB000B8EBD20F16D308AC49462A462046FFF7BA
:100AC00085FE06993A46079B2046019117990293A5
:100AD00000910121169BCDE90356FFF73DFD0DB0B6
:100AE000BDE8F08F0023184633700DB0BDE8F08FDD
:100AF000079B3A4601460293069B0193DDE91634B3
:100B0000CDE903560094FFF727FD0DB0BDE8F08F47
:100B1000BBF5004FE6D20BEB8B020BEB420201322E
:100B2000B2F5803F4FEA6201DCDACA1DB8EBD20FA2
:100B3000D8D308AC49462A462046FFF7D1FEC0E785
:100B400080370324ABAAAAAAFD7F0100FEE700BFFD
:100B500010B586B0002301A80193ADF8083002F06B
:100B6000B3FC9DF807009DF8081000049DF80920CB
:100B7000134B40EA01201043984202DA00EB800058
:100B80004000104C03A90A221FF01CFA03A90023FD
:100B9000204611F8012B01334AB10A2B20F8022F0D
:100BA000F7D140F216330748238006B010BD5B0032
:100BB000044843F440739BB2238006B010BD00BFCD
:100BC00080969800DC2A002070B3002310B586B010
:100BD000044604A80493ADF8143002F075FC9DF8A7
:100BE00015109DF814209DF813009DF81230009008
:100BF0000E48CDE901219DF811209DF810100CF050
:100C000009FF2246431E00F10F0C13F8011F634534
:100C100022F8021FF9D1FBF743F9431C5B0043F4B0
:100C20004073238006B010BD704700BFB037032467
:100C300000F30D004B1E00F5005203F00F0300F00F
:100C40007F0063F01F03D21130B583B001AC0DF10A
:100C500007058DF805008DF804308DF8062001E0B9
:100C600002F0B2F90021012322460846FCF754F9AC
:100C70000028F5D00134A542F4D103B030BD00BF47
:100C8000704700BF002100B5084683B0FCF714F997
:100C900010B903B05DF804FB01A90020FCF720F9AE
:100CA000019803B05DF804FB704700BF0020704757
:100CB000704700BF03681847444B1B68022B00D0E5
:100CC00070472DE9D043424E86B0326842B94FF4A6
:100CD000FA6002F085F906B0BDE8D04302F0E2BB4D
:100CE0003C49002003F0E4FD804602F0D7FB336866
:100CF0008146002B3CD0374F002404E004F58034BB
:100D000033689C4234D22246334902A81FF0F4FED5
:100D100005F048F94346326802A930480CF07AFEE3
:100D200018210246002005F019FA002002F092F97D
:100D300039464FF4803209EB040007F5803701F0A3
:100D4000FBFF0028DAD0019005F02CF9019821462C
:100D5000024623480CF05EFE18210246002005F0F2
:100D6000FDF9002002F076F941F2883002F038F9FE
:100D700002F094FB32680146002003F099FD04461E
:100D800005F010F942462346316816480CF042FE41
:100D900018210246002005F0E1F9002002F05AF97E
:100DA0000023A045336092D005F0FCF8234642466C
:100DB00031680D480CF02EFE18210246002005F087
:100DC000CDF9002002F046F9EEE700BFF82A002036
:100DD000F42A0020000000C0D0370324D8370324B1
:100DE000F03703241438032430380324012A02D1B5
:100DF000016000207047022A05D0032AF9D0002A9A
:100E0000F7D10260F5E70B680360F2E7042901D02F
:100E100000207047002814BF64200A20704700BFDC
:100E20002DE9F041344F86B00D4616463C68984691
:100E30006CB135B1314F3B6808EB0304B4F5001FCA
:100E40003CD3002006B0BDE8F041FCF7D3BB002244
:100E500020460134114611F013FF042CF7D113F092
:100E600055FB4FF40012FF2125481FF0A5FF00237A
:100E7000224A0DF1080C0393EE461360214B224CDD
:100E800002930123E2683B60A368059204931F4A22
:100E90009CE80300A2601E4A8EE8030094E8030069
:100EA000E2608CE803009EE8030084E80300002B66
:100EB000BFD00322614660469847BAE710484246D1
:100EC0003146184420F013F92246294611483C6067
:100ED0000CF0A0FD044605F065F820210020224614
:100EE00005F03CF9002002F0B5F8002006B0BDE89E
:100EF000F041FCF77FBB00BFF82A0020F42A002055
:100F0000000000C0B90C0124FC390020ED0D0124C3
:100F1000B50C01244C380324024B022200201A6035
:100F2000FCF768BBF82A002018467047704700BFDE
:100F3000704700BF704700BF70B5194B0025194CB2
:100F400047F61222C3F80451012617492046C3F878
:100F500000510423A56021606260C4E90535C4E93D
:100F60000355C4E90755C4E909652BF0DDFFD4F842
:100F70008430202B00D070BD2268294634201368AD
:100F800043F0200313602A462CF02EF834202BF077
:100F9000E7FF324620460549BDE870402CF0C0B856
:100FA000080100307C000030004C004000000030A0
:100FB000024A034B12881A80704700BF285D032441
:100FC000FC2A00202DE9F04100240646884605460B
:100FD0002046012711F022FF0346321D20460BB1A7
:100FE00042F8247011F008FFB0EEC00AD5ED0D7A7A
:100FF00001340C35B4EEE70A77EEC07AF1EE10FA60
:10100000CCBF95ED0B7A95ED0C7A0A2CA7EE270A4A
:1010100085ED0A0ADCD1D8F8003096ED2B7AD3EDB5
:10102000007AF0EEE77AF4EEC77A77EE676AF1EECF
:1010300010FACCBF96ED2C7A96ED2D7AE7EE267A53
:1010400096ED2E7AC6ED2B7AD3ED007AF0EEE77AA4
:10105000F4EEC77A37EE677AF1EE10FACCBFD6ED30
:101060002F6AD6ED306AE6EE877AC6ED2E7ABDE8B5
:10107000F08100BF2DE9F04782B0054616461F46B5
:10108000DDF828800C4600295BD1434B93F800A083
:10109000AAF1020ABAFA8AFA4FEA5A1A002004F1AF
:1010A000010911F0DBFD037800204B453BD011F026
:1010B000D5FD43784B4538D0BAF1000F35D104EB5C
:1010C0004403DFED367A4FEA4801A6EB080A05EB48
:1010D0008305A7EB080995ED0D7A4D1CB4EEE77A70
:1010E000F1EE10FA36DC494650462B462A4604F00B
:1010F00099FF01AA2146012011F04EFEA04203DC17
:101100000A2C3DD00B2C41D0022004F055FF0023C7
:1011100001AAB91E701E05F02BF8012004F04CFF47
:1011200002B0BDE8F08711F099FD05EB84056B680E
:1011300053B1013B4246394630466B6004F0F2FF42
:10114000D7E74FF0000AA9E742463946304604F097
:10115000C5FFCEE707EE908A49442A465046F8EE8E
:10116000E77A67EE877AFDEEE77A17EE903A434525
:10117000A8BF43465B000133C91A04F063FFB2E71E
:1011800001AA0121022011F007FEBDE701AA0321F7
:10119000022011F001FEB7E7101F0120CDCCCC3D9D
:1011A0006D4B4FF4806200212DE9F047064688B070
:1011B00018681FF001FE694B1B78002B7FD103AF2D
:1011C000082500244FF0080C214601342A460B2341
:1011D0003046CDF800C01635FFF74CFF042CF1D196
:1011E000B04607250524002004F1FF3911F036FD33
:1011F00003780020A3423DD011F030FD4378A34294
:101200003AD0D8ED197AA5F1070A9FED557AF4EE98
:10121000C77AF1EE10FA40DC1123504617211A4626
:1012200004F000FF3A4649460120013411F0B4FDB4
:10123000022004F0C1FE284600233A461D2116353F
:1012400004F096FF012004F0B7FE092C08F10C0809
:10125000C9D10824254608272246163429463323B7
:10126000304600970135FFF705FF602CF3D108B039
:10127000BDE8F08711F0F2FC56F82430681C3BB151
:10128000013B08221F2146F8243004F04BFFC9E738
:1012900008221F2104F022FFC4E7B0EE677A112272
:1012A0005046BEEEEE7A17EE101A0829A8BF0821A4
:1012B00049004B1CC1F1260104F0C4FEACE703AFAA
:1012C00015232822032158203D4604F0ABFE0023BD
:1012D000244A05215A20DFF8A08004F049FF38464F
:1012E0000DF05EFE01233A460D21602004F040FF20
:1012F0001E2328225820194604F094FE11F0F0FB1A
:10130000202104680023184A5A2004F031FF174BAB
:10131000E217384683FB0413C2EB6312642303FB1A
:101320001244134B83FB0413E4171249C4EBA303C9
:1013300058241FF0E1FB15F8013B20460C340A222B
:10134000303B282158F823300093102304F0F6FE98
:101350007C2CF0D134E700BF005F0020101F01207B
:10136000CDCCCC3D58380324603803241F85EB5185
:101370006766666664380324D4010020014B024A84
:101380001A60704768E60020002B002010B50A4C58
:1013900030220A4B0021204640F8043B1FF00CFD90
:1013A000204690340C300021054A064BA042816251
:1013B000C2620363F6D110BD002B0020545C0324ED
:1013C000FDE6DB2EB12D7A3F704700BF064808B519
:1013D00003680BB12BF0E8FD044803681BB1BDE8BE
:1013E00008402BF0A5BD08BD482F0120402B01204F
:1013F000064808B503680BB12BF0D6FD0448036816
:101400001BB1BDE808402BF093BD08BD482F01205B
:10141000402B0120064808B503680BB12BF0C4FD32
:10142000044803681BB1BDE808402BF081BD08BD2E
:10143000482F0120402B0120014819F0ADBD00BF0D
:10144000C42B00202BF0E4BD094B9B6803F17843CB
:10145000B3F5003F0AD3002306498A6818469A422A
:1014600003F1010303D00328F7D17047012070472F
:1014700000ED00E0000080382DE9F041CEB00446D8
:101480004C2200210AA81FF097FC2022002102A86C
:101490001FF092FCBC2200211EA81FF08DFC022030
:1014A0002BF07AFD2368012B4FF0000350D0504AF7
:1014B00002250193C820D16A4E4B21F00101D1626F
:1014C000D26A02F0010201929A6942F440429A61A2
:1014D0009B6903F440430193019B464B9B6999042C
:1014E000FBD545490224002201268B6A4FF00408EF
:1014F000082723F0030323438B62052316900AA8D1
:1015000018934FF48033109617941994CDF85480A3
:101510001A97CDE91B222122CDE91344CDE90A23F4
:101520002BF0EAFD00B1FEE7402329463F224FF4AD
:1015300080650993049002A805970895CDE90633C4
:101540000323CDE902232BF0E7FD0346B8B1FEE704
:10155000284A04250093F0209169254B41F440412D
:101560009161926902F440420092DA6A42F001020B
:10157000DA62DB6A03F001030093009BADE74FF4EE
:10158000805180222C954FF4401522941EA835914D
:101590002492349210222F94339400243093299271
:1015A0002B9206222197CDF8A8801F962396CDE98D
:1015B0002531CDE92D334FF48071CDE93B334FF424
:1015C000803343910C213193469340F225132091AF
:1015D000CDE93E45094CCDE927231E942BF03CFD77
:1015E00000B1FEE72BF024FD4EB0BDE8F08100BF56
:1015F0000004005800480258004402580F130F031B
:1016000030B585B001242BF0CBFC40F201154FF032
:101610004052164B6846ADF8004001920293039584
:101620002BF02EFD124B6846124A02934FF04043B6
:1016300003920193ADF800502BF022FD022300210C
:101640000B2268468DF801304FF062538DF80F1071
:101650008DF808200193ADF80D408DF80A402BF06D
:101660000FFD04202BF0E8FC05B030BD0E00010397
:10167000190000030100010130B50C46054685B094
:10168000D1E9000185E803002BF09EFCA37973B338
:1016900019F0C0FC00F0E6FD00F012FCFFF74AFC78
:1016A0002379002B3FD1637943BB4FF0FF320023F6
:1016B000002400256946314802928DF80C30CDE9AE
:1016C000004519F0EFFB2D4819F054FC2C4840F66A
:1016D000FF732C4903220160C360C0E901232BF092
:1016E00027FD18B919F0A8FB05B030BDFEE7284664
:1016F000FFF7C2FE2846FFF783FFC9E7BFF34F8F0E
:10170000BFF36F8F204B0022C3F85022BFF34F8FDF
:10171000BFF36F8F5A6942F400325A61BFF34F8FA3
:10172000BFF36F8FC1E7184B0022C3F88420BFF3CB
:101730004F8FD3F88010C1F34E3EC1F3C9014FEA79
:101740004E1E43F6E07C0B460EEA0C0C4CEA83700E
:101750000D4A013BC2F86002581CF7D1AEF1200ED1
:101760001EF1200FEDD1BFF34F8F536943F4803347
:101770005361BFF34F8FBFF36F8F94E7C42B0020EB
:10178000C82B00200048005800ED00E02BF098BB6B
:101790002BF09ABB1C4B9B6803F17842B2F5003FDB
:1017A00025D3B3F5803F20D303F16042B2F5003F6B
:1017B0001FD303F15C42B2F5002F1CD303F170423A
:1017C000B2F5902F19D303F14842B2F5803F16D3FA
:1017D00003F18042B2F1806F13D303F1E043B3F51C
:1017E000000F34BF072008207047012070470020F9
:1017F000704702207047032070470420704705207F
:1018000070470620704700BF00ED00E0034800234A
:10181000034A044903601AF091B900BFC42B0020A9
:1018200000000020C913012430B5104CFF22104BDA
:1018300089B004F170051A70002301220DF1040E25
:10184000A44607921C34CDE90133CDE90333CDE939
:101850000533BEE80F00AC42ACE80F009EE807007D
:101860008CE80700E8D109B030BD00BF2800002097
:10187000E02B00208C46F8B586460446BCE80F00F5
:10188000AEE80F001546BCE80F00052DAEE80F00CE
:101890009CE803008EE8030012D8294AE36852F856
:1018A00025207BB1012B0BD100252369032B07D801
:1018B0006069011F1C2903D8A16941B1012904D025
:1018C0000120F8BD4FF48005EFE74FF00071E669A5
:1018D0001EB1012EF4D14FF08076276A022FEFD887
:1018E000D4F824C0BCF1070FEAD85B040138C4E97E
:1018F0000E1623634FF080410023606304F128003B
:10190000C4F88030C4E90A25C4E912334FEA0C72E6
:10191000C4E91433C4E91713C4E91933C4E91B3308
:10192000C4E91D33074B62644FF0004253F827307F
:10193000E26723642BF05CFB0028C2D0FFBEFEE709
:10194000685C03245C5C03248368042B29D8DFE8EB
:1019500003F00B131A21030055225623C0F8B420BC
:10196000C0F82C310020704725222623C0F8B4206F
:10197000C0F82C310020704727222823C0F8B4205B
:10198000C0F82C31EEE73D223E23C0F8B420C0F869
:101990002C31E7E753225423C0F8B420C0F82C318F
:1019A000E0E70120704700BF00214FF440334FF4BF
:1019B000806270B5C0E93313C0E9511303231F4D92
:1019C000C0F838210446C0F8D830C0F850311C4B5C
:1019D000C0F8B05004F1B005C0F82831C0F8341197
:1019E000C0E92F120422C0E93111C0E93711C0E962
:1019F0004F11C0E95511C0F8D420C0F84C21FFF7B1
:101A0000A3FF40232846C4F8B810C4F830312BF0A7
:101A100057FB08B1FFBEFEE704F5947630462BF085
:101A20004FFB08B1FFBEFEE704F12803C4E92865B7
:101A3000C4F8E830C4F8603170BD00BF4004024013
:101A4000580402402DE9F04F804683B00E461746F9
:101A50001D4600F1280420462BF09AFA0128814601
:101A6000F9D14046FFF7A0FF8346002836D1EFF3B7
:101A70001083019372B6DFF87CA00C9B98F90820C4
:101A8000DFF87490DFF87480CAF800300D9B88F896
:101A90000020C9F800300DB11846A847BAB2314647
:101AA00020462BF0BDFA30B9019B03B962B6584607
:101AB00003B0BDE8F08F0023CAF80030C9F8003049
:101AC000FF2388F800300C9B13B101210D98984733
:101AD000019B4FF0010B002BE9D1E7E70C9B13B101
:101AE00049460D9898474FF0010B584603B0BDE8A2
:101AF000F08F00BFDC2B0020D82B0020E02B002033
:101B00002DE9F04F804683B00E4617461D4600F182
:101B1000280420462BF03CFA01288146F9D14046A2
:101B2000FFF742FF8346002836D1EFF3108301937D
:101B300072B6DFF87CA00C9B98F90820DFF874904F
:101B4000DFF87480CAF800300D9B88F80020C9F8CF
:101B500000300DB11846A847BAB2314620462BF0E6
:101B6000C3F930B9019B03B962B6584603B0BDE86A
:101B7000F08F0023CAF80030C9F80030FF2388F83E
:101B800000300C9B13B101210D989847019B4FF039
:101B9000010B002BE9D1E7E70C9B13B149460D98E7
:101BA00098474FF0010B584603B0BDE8F08F00BFD7
:101BB000DC2B0020D82B0020E02B00202DE9F04F5B
:101BC000814683B00F461646984600F12804204609
:101BD0002BF0DEF90128FAD182464846FFF7E4FEF1
:101BE0000546002838D1EFF31083019372B699F9B6
:101BF0000830DFF87890DFF878B089F800300D9B76
:101C0000DFF870A0CBF800300E9BCAF800300C9BB8
:101C10000BB10E9898471FFA88F33A463146204692
:101C20002BF04AFA30B9019B03B962B6284603B0DB
:101C3000BDE8F08F0023CBF80030CAF80030FF2356
:101C400089F800300D9B13B101210E989847019B34
:101C50000125002BEAD1E8E70D9B13B151460E9800
:101C600098470125284603B0BDE8F08FE02B0020FF
:101C7000DC2B0020D82B00202DE9F0430C4685B04A
:101C8000EFF3108772B600293ED1FF23284A294D71
:101C90002B7013682BB1002021461060264A106873
:101CA00098472B781B061ED5DFF894800025234E1D
:101CB0004446216889B1606878B1A3692289012B03
:101CC000D4F81490D4E903CE21D08BB963463046C2
:101CD000CDE900E9FFF714FF10B301351C3406F518
:101CE000D076042DE5D107B962B605B0BDE8F08322
:101CF0001346CDF800C002463046CDE901E9FFF7B2
:101D00005DFF0028E9D10BE02BF072F9BDE7014639
:101D100063463046CDE900E9FFF794FE0028DCD1A8
:101D2000C5EBC50508EB850348F825005860DAE7E0
:101D3000DC2B0020E02B0020D82B0020482C00209A
:101D400028000020144B844610B453F8223083B08E
:101D500003F10900ADF80410C9B21A780B2A09D0B2
:101D60008A420CD003338342F7D1012003B05DF8DF
:101D7000044B70475C78002CF4D08A42F2D15C7836
:101D80009DF805209442EDD19B780020CCF81030CE
:101D900003B05DF8044B7047805C03242DE9F043E9
:101DA000002387B00222056903930446CDE901238D
:101DB00035F002038268C3680CBF01260026023D8D
:101DC0004FEA820718BF012513B933462E461D4638
:101DD0002378D4F820800B2B12D1A3780B2B00D0C2
:101DE00035BB23790B2B01D0002E3AD1A3790B2BD5
:101DF00002D0B8F1000F4CD1002007B0BDE8F0834D
:101E00003A4621686846FFF79DFF01280CD020461E
:101E10002BF046F9814620462BF022F969460090C6
:101E200048462BF055F9D8E7012007B0BDE8F0830C
:101E30007A1C61886846FFF785FF0128F4D004F119
:101E4000020948462BF02CF9054648462BF008F9C4
:101E50006946009028462BF03BF923790B2BC3D120
:101E6000C4E7BA1C61686846FFF76CFF0128DBD045
:101E7000261D30462BF014F9054630462BF0F0F8BD
:101E80006946009028462BF023F9A3790B2BB0D19B
:101E9000B2E7FA1CE1886846FFF754FF0128C3D077
:101EA000063420462BF0FCF8034620461C462BF057
:101EB000D7F803466946204600932BF009F99BE7C3
:101EC000FFF7B2BC01482BF0F3B800BF702C002024
:101ED00001482BF0EDB800BF102E002001482BF078
:101EE000E7B800BFB02F002001482BF0E1B800BFD9
:101EF0005031002001482BF0DBB800BFF032002049
:101F000002464FF4D07C8868024B0CFB0030106016
:101F1000FFF7B0BC482C0020006892B208B528300A
:101F20002BF06AF8003818BF012008BD464B03F5B6
:101F30001C6C30B408240020002102225C615A622B
:101F400003F5D07343E962016345F3D13F4B404849
:101F50001A8819689B78C2800372A0F80320437125
:101F60003C4C3D48E2802372C28003723B4C3C48AB
:101F7000E2803C4D2372A0F803203B4C4371C280A9
:101F800003723A48EA802B72E280394D2372A0F83E
:101F90000320384C4371C2800372080C2180A0706A
:101FA000EA802B72A4F803206371E2802372324C22
:101FB0002180A070A4F803206371E28023722F4C6B
:101FC0002180A070A4F803206371E28023722C4C5E
:101FD0002180A070A4F803206371E2802372294C51
:101FE0002180A070A4F803206371E2802372264C44
:101FF0002180A070A4F803206371E2802372234C37
:102000002180A070A4F80320E28023726371204C29
:1020100021802049A070E2801F482372A1F803208C
:102020004B71CA800B72A4F803201C4963711C4CCD
:10203000C280E28023720372A1F803204B71CA8030
:102040000B7230BC704700BF482C0020E05C0324BA
:102050001C01002034010020100100202801002074
:10206000EC0000204C010020E0000020C80000200F
:10207000D4000020382C00202C2C0020202C002004
:10208000142C0020082C0020FC2B0020F02B00201A
:10209000E42B0020BC000020A400002098000020B9
:1020A000B0000020D822024B02FB0030704700BF76
:1020B0009836002030B5134CFF22134B87B004F143
:1020C00048051A7000231022EE46A446CDF80230CF
:1020D0001834CDF80630CDF80A30AC42CDF80E30C9
:1020E000CDF81230ADF81630ADF80020BEE80F0084
:1020F000ACE80F009EE803008CE80300E2D107B0D3
:1021000030BD00BF58010020083600200B68032BAB
:1021100055DCCA68012A70B50D4684B04CD8044617
:1021200046D004AA2E6868680DF1100EA96802EB6B
:10213000830CEA682D4BA16026606060E2602A7C17
:10214000A6682274012E0FCB0EE90F005CF8103C3C
:10215000C4F88C303FD0022E33D046B9FFF716FBBF
:10216000234B98420CBF234B234BC4F890302A7C5E
:102170000121002304F18C058A402846C4F8A030D0
:10218000C4F89420C4F8AC30C4E92613C4E9293358
:102190002AF026FF80B9014628462AF035FF58B9B3
:1021A000014628462AF0B0FF003818BF012004E09D
:1021B0000A7C103A672AB4D9012004B070BD01200E
:1021C0007047FFF7E3FA0A4B98420CBF0B4B0C4BDE
:1021D000C4F89030CBE7FFF7D9FA054B98420CBF13
:1021E000084B094BC4F89030C1E700BFB03003245E
:1021F000000E27075F4390608A62E030200BA0103A
:102200001A0980102D0FB0303211D02070B5002384
:1022100086B0122204460393CDE901230368032B01
:1022200001D804230493261D063430462AF038FFD3
:10223000054630462AF014FF0346694628460093B7
:102240002AF046FF20462AF02BFF034620461C4674
:102250002AF006FF69460346204600932AF038FF1D
:1022600006B070BDFFF726BF01482AF0EDBE00BFE3
:102270009836002001482AF0E7BE00BF70370020E2
:1022800001482AF0E1BE00BF4838002002464FF066
:10229000D80C0868024B0CFB00301060FFF736BF0B
:1022A0000C3600202DE9F041046884B01E46E36836
:1022B000BDF82C80C3B90D4617468C3420462AF051
:1022C0004BFE2028FAD120460C9C33463A4629463C
:1022D000CDE901840A9C00942AF016FE003818BF4C
:1022E000012004B0BDE8F081012004B0BDE8F08118
:1022F0002DE9F041046884B01E46E368BDF82C80E7
:10230000C3B90D4617468C3420462AF025FE2028F6
:10231000FAD120460C9C33463A462946CDE9018441
:102320000A9C00942AF020FE003818BF012004B057
:10233000BDE8F081012004B0BDE8F081044B10221B
:102340001A7483F8E82083F8C02183F89822704734
:102350000C360020704700BF704700BF564A40F25D
:10236000011100232DE9F041012792B0C263044618
:10237000ADF80C108DF80E300297FFF70BFA0546FA
:10238000FFF762F80646002865D1002D63D002A948
:1023900020468DF80E70FFF76FF9072D66D1474E76
:1023A0000DF1340801F0D4FE1023012500278DF82B
:1023B000303008A9338B01A80895ADF82430B38BD1
:1023C0000197ADF82630CDE90A57FFF75FFF019975
:1023D00004F1140018F080FA394B0DF1100C0FCBFA
:1023E0008CE80F0061460822364801F0C3FC364BEA
:1023F000204665841B8820F8203F18F03FFC2A46C1
:1024000004F12400314918F0A3FB2A46304904F1B5
:102410002B0018F09DFB2F4B2046A5861B8820F82B
:10242000323F18F02BFC2C4B204625871B8820F8C8
:10243000363F18F023FC0223E06B41460E934BF627
:102440008033103011970D93CDE90F5518F098FB9C
:1024500012B0BDE8F08102A92046FFF70DF91EB3C6
:1024600004F1080018F030FB072D98D0134E01231B
:102470000DF1340804F10C00ADF84030B38841464A
:102480003288ADF836303389ADF83420ADF83830C5
:10249000B389ADF83A30338AADF83C30B38AADF841
:1024A0003E3000F0E9FB7DE7002D7FF476AF04F1CC
:1024B000080018F009FBD9E76C390020C03003246C
:1024C000E0300324B84700202C5D03240C5D032476
:1024D000105D03241C5D0324205D0324084601F0E5
:1024E0006BBE00BF014801F061BC00BFB8470020CF
:1024F00007490022074B01F1600010B430245960F5
:102500001A611C601A755DF8044BC3E9020270473A
:10251000100200306C39002030B5002395B04FF424
:102520008071062204460B9306921393CDE90C1397
:10253000CDE90E33CDE91133FFF72CF907282AD066
:1025400004F1100541F2883206A928462AF030FD30
:1025500028B1012384F85C30012015B030BD02237E
:10256000102206A9284602920022CDE90033012359
:1025700003934FF48003CDE9042305224FF08073C9
:1025800006926A460F9341F288332AF0D9FC00285C
:10259000DFD115B030BD032384F85C30DCE700BF29
:1025A00030B5EB2291B000234FF4406102924FF41A
:1025B0000052044609914FF4404006214FF48075C3
:1025C0000A9000200791002108954FF04075CDE951
:1025D0000523A0220B9504924FF08052CDE9000113
:1025E0000F9202A96A4604F11000CDE90D332AF0DA
:1025F000EFFC18B10123184684F85C3011B030BDEF
:1026000030B54FF4807595B00446052000220B4686
:102610000C951021012506904FF080700B921392BB
:102620000F9004F11000009203959FED0B7BCDE914
:102630000D22CDE91122CDE901516A4606A98DEDA1
:10264000047B2AF07DFC10B1284684F85C5015B05C
:1026500030BD00BFAFF3008000000000000040006C
:1026600030B500238FB04FF48071662200F1100561
:102670000446009241F28832284605930D93CDE935
:1026800006136946CDE90833CDE90B332AF090FCF7
:1026900028B10123184684F85C300FB030BD99236F
:1026A00041F288326946284600932AF081FC0028CE
:1026B000EFD141F288312046FFF7A2FF0028E8D190
:1026C0000FB030BD70B54FF0807290B000234FF462
:1026D00080750B9201220446ADF806300F930C92E0
:1026E000CDE90735CDE90933CDE90D3331B3F02319
:1026F00000F1100502AEADF80630C02341F2883279
:102700003146284602932AF053FC28B1012318468B
:1027100084F85C3010B070BD41F288320DF10601D2
:1027200028462AF0D1FC0028F0D141F28831204619
:10273000FFF766FF0028E9D110B070BD00F1100569
:1027400002AE612341F288323146284602932AF0D4
:102750002FFC0028DAD141F288320DF1060128461B
:102760002AF0EAFB0028D1D1BDF80630204623F03C
:10277000780343F04003ADF80630FFF7CDFE0028A4
:10278000BBD0C3E7F8B504460D46FFF703F80728AA
:1027900044D028682346AA6804F11007696807C373
:1027A000AA8938461A80257B667B2AF0A9FC034655
:1027B000D0B90122012DE061C4E90522194A226144
:1027C0000CBF4FF400024FF4801292FAA2F2B2FA58
:1027D00082F23846013AC4E90B334FF48073226227
:1027E00063622AF0A9FC28B1012384F85C3001253A
:1027F0002846F8BD2046FFF733FF0028F4D12946CC
:102800002046FFF75FFF05460028EDD1002EEFD1EF
:102810002046FFF7C5FE0028EAD0E5E7032384F849
:102820005C30E4E7005000522DE9F0478EB00446DA
:102830000E4615461F469DF85880FEF7ABFF072849
:102840005AD0637B012B45D1B5F5807F4FF40053FF
:1028500001964FF0020928BF4FF4807503934FF0A3
:10286000807300260A954FF4807509934FF48063B6
:102870002046059608960D96CDF80090CDE90653B2
:10288000CDE90B66FFF748FE0546002839D104F173
:10289000100A41F28832694650462AF089FB064602
:1028A00000283BD13946504641F288322AF00CFCD0
:1028B000074630BB41F288312046FFF7A1FE0646AD
:1028C000054600284ED1B8F1000F39D128460EB088
:1028D000BDE8F0870123214620466373FFF752FFCE
:1028E0000028B1D00022022321462046627384F8DA
:1028F0005C30FFF747FF02E0032384F85C300125DA
:10290000E4E7637B33B1214620466673FFF73AFF65
:10291000002839D1012384F85C30F0E7637B002B79
:10292000F8D0214620466573FFF72CFF0028F1D030
:1029300021462046657384F85C90FFF723FFE9E7A2
:10294000637B002BC2D0607321462046FFF71AFF3D
:102950000028BBD021462046667384F85C90FFF7C0
:1029600011FFCCE7637B002BD4D021462046677350
:10297000FFF708FF0028CDD021462046677384F872
:102980005C90FFF7FFFEC5E721462046667384F89A
:102990005C90FFF7F7FEBDE72DE9F04F0C4685B0E0
:1029A00005461F4624F0704814F0FF045FFA82FACF
:1029B00026D1FF2A7DD94FEA12294446A3EB080B02
:1029C0004E4600210BEB04034FF480722846009121
:1029D0002146FFF729FF013E04F58074F1D1BAF1D9
:1029E000000F6BD16B7B3BB10024294628466C73EA
:1029F000FFF7C8FE00286BD1002005B0BDE8F08FBE
:102A0000FF2AC4F5807619D8564511D2AAF5807AE6
:102A100032464146A24400240094FFF705FFBB194B
:102A2000524608EB060128460094FFF7FDFED9E761
:102A3000002441460094FFF7F7FED3E7A2F580712A
:102A4000002237440C440092414632464FEA142A91
:102A5000B044E4B20AF1FF3BFFF7E6FEBAF1000F23
:102A60001CD04FEA0A23039408EB0A2AA7EB0809B3
:102A700044461E46002321464FF4807228460093A8
:102A800009EB040304F58074FFF7CEFE5445F1D141
:102A900008F58078039C374408EB0B28002CA1D064
:102AA00000203B462246414600902846FFF7BCFEE8
:102AB00098E741460094FFF7B7FE93E707EB092339
:102AC000524608EB092128460096FFF7ADFE89E73C
:102AD0000223294628466C7385F85C30FFF752FEC6
:102AE00001208AE7F0B54FF480738FB000254FF4D2
:102AF000005604460092039601260D950191CDE9FA
:102B000005534FF48063CDE90956CDE90735CDE98A
:102B10000B55FEF73FFE072834D0637BB34221D12B
:102B20002046FFF7F9FC054688BB41F2883269462A
:102B300004F110002AF03CFA0646A8BB41F28831A5
:102B40002046FFF75DFD637B0746054680BB33B13A
:102B5000214620466773FFF715FE00283AD1284624
:102B60000FB0F0BD214620466673FFF70BFE00282C
:102B7000D6D0022321462046657384F85C30FFF7E7
:102B800001FE02E0032384F85C300125E7E7637B64
:102B900033B10025214620466573FFF7F3FD10BBD6
:102BA000012384F85C30F0E7637B002BF8D0F1E779
:102BB000002BF5D0214620466673FFF7E3FD002881
:102BC000EED0022321462046667384F85C30FFF77E
:102BD000D9FDE5E7022321462046677384F85C307F
:102BE000FFF7D0FDD1E7022321462046657384F824
:102BF0005C30FFF7C7FDD3E7531AB3F5803F70B5DC
:102C00000C461646054611D39BB27BB96FF30F04F1
:102C100008E024F07041D822284604F58034FFF7FC
:102C200061FF90B9A642F4D8002070BD6FF30B0489
:102C300008E024F07041D722284604F58054FFF7BD
:102C400051FF10B9A642F4D8EEE76B7B33B10024F4
:102C5000294628466C73FFF795FD20B901231846D5
:102C600085F85C3070BD0223294628466C7385F8D0
:102C70005C30FFF787FDF1E7034602481860FFF775
:102C800081BD00BF8439002001482AF025BA00BF69
:102C9000943900200048704700E07E90008870471B
:102CA00070B50B4682B004461546EFF3108672B637
:102CB0000121009100F1E0410D48FFF7B5FDBFF3A0
:102CC0004F8F002D0BDD6B1E04F1200223F01F033C
:102CD0001344084AC2F85C4220349C42F9D1BFF345
:102CE0004F8FBFF36F8F06B962B602B070BD00BFE1
:102CF0008439002000ED00E038B50446EFF310857C
:102D000072B6D72200F1E0410948FFF7EBFEBFF3AE
:102D10004F8F04F58052074BC3F85C422034944235
:102D2000F9D1BFF34F8FBFF36F8F05B962B638BDCE
:102D30008439002000ED00E0B2F5803F3CD1F8B5C9
:102D400005460E46EFF3108772B620F0704303F18C
:102D500010421146BFF34F8F194C1C44194BC3F856
:102D600068222032A242F9D1BFF34F8FBFF36F8F99
:102D70004FF4803230461DF0F5FF18B9002007B936
:102D800062B6F8BD05F5803229460F48FFF734FFDB
:102D900068B933464FF4803229460B48FFF7FCFDF3
:102DA0000028EBD06FF00200002FEAD1E8E76FF0C7
:102DB0000100002FE5D1E3E74FF0FF30704700BF7F
:102DC0000000019000ED00E084390020084B1A1D3E
:102DD000981D03F1080110B49C1C9A6603F10A02C5
:102DE000C3E91834C3E91B015DF8044B5A67704707
:102DF00084390020704700BF0B4B10B51B7882B0A0
:102E00000446032B05D80948002100EB83002AF073
:102E100053F8642301220DF1070105488DF807409E
:102E2000FFF77AF802B010BD21430020AC0100206A
:102E300064470020836810B5044613B1032201469D
:102E40009847204610BD00BF264B70B51B78032B5A
:102E500038D9254C2378032B3DD9244D28780328D5
:102E600022D92378032B05D82148012100EB8300C8
:102E70002AF022F80120FEF7E5FA2378032B05D883
:102E80001B48002100EB83002AF016F80A20FEF709
:102E9000D9FA2378032B05D81548012100EB8300CC
:102EA0002AF00AF8012070BD114E06EB800017F0E1
:102EB000E5FE28780328D4D8002106EB800029F00D
:102EC000FBFFCEE70A48084C00EB830017F0D6FE64
:102ED0002378032BC1D8064800EB830017F0CEFE01
:102EE000BBE700BF214300202243002020430020F5
:102EF000AC01002070B5294D88B0294E0024D5F8CA
:102F0000E03002A9304643F00103C5F8E030D5F8BF
:102F1000E03003F0010300934FF4C053009A029392
:102F2000022303930A23CDE9044406932AF0D0F840
:102F30004FF40072002302A930460494CDE9022325
:102F40002AF0C6F8D5F8D8302246214643F000636F
:102F50006220C5F8D830D5F8D83003F0006301936B
:102F6000019B2AF041F8622029F0FAFF224621460F
:102F700063202AF039F8632029F0F2FF2246214627
:102F800065202AF031F8652029F0EAFF2AF050F890
:102F90002046F9F7B7F908B070BD00BF00440258E9
:102FA000000002580020FAF7ABBE00BF032800D98A
:102FB0007047024B03EB800017F060BEAC010020AD
:102FC000FEF73ABA29F098BF08B52AF061F8FFF782
:102FD000C3F900214FF0FF30BDE80840F9F7F8B918
:102FE000FEF730BA0020704700207047002070477D
:102FF00010B500238AB008200F4C10494FF60B7211
:1030000024880988ADF800400324ADF8041069460F
:1030100007930393ADF802200494ADF806200893BB
:10302000CDE9050302200990012002900448FEF733
:1030300067FF0AB010BD00BFE45C0324E85C032412
:103040006447002082B002AB03E9060002B070477B
:10305000704700BF2DE9F04F85B0002800F0978041
:10306000B64B93F800A0BAF1000F00F08C80DFF8A7
:10307000ECB2B34ABBF822041178C308B1EBD00F0D
:1030800080F24081BBF82094B9F1000F00F04F812D
:103090000193C8460B4613FB08F7002556460093DC
:1030A000BFB2A94604E0DDB24545A94680F21F81C2
:1030B000E919A44B324689B201F1040A5C18DA44DA
:1030C000214650461DF04EFE73190028EBD09E4F4E
:1030D0005646C8463B78032B05D89C48002100EB98
:1030E000830029F0E9FE964B0122DFF874920DF17E
:1030F0000F011B789648503B8DF80F306423FEF784
:103100000BFF99F80030002B40F00281AB1C0DF151
:103110000F0101228E4803F00F038DF80F30642356
:10312000FEF7FAFE08F102030DF10F011B1143F047
:103130001003012286488DF80F306423FEF7ECFE61
:103140003B78032B05D88148012100EB830029F04F
:10315000B3FE99F800303146784D83F001037C4886
:103160002A781A446423FEF7D7FE29F091FFFFF76F
:10317000F3F800214FF0FF30F9F72AF92A783146A9
:1031800020461DF0B4FF002005B0BDE8F08FDFF849
:10319000CCB14FF4806204466A480BF10401DFF8B9
:1031A000C4811DF0A4FF6B4E6B4A326098F800207A
:1031B000032A40F29080BBF82224D20800F08780D6
:1031C0004FF0000A604FDFF8989155463B78AAF11E
:1031D0005004032BE4B205D85C48002100EB8300C7
:1031E00029F06AFE642301220DF10F0158488DF881
:1031F0000F40FEF791FE99F800403B7884F00104FF
:10320000032B4FEA4404E4B205D85048002100EBF8
:10321000830029F051FE642301220DF10F014C4877
:103220008DF80F40FEF778FE3B78032B05D8474812
:10323000002100EB830029F03FFE102064230122CF
:103240000DF10F018DF80F004148FEF765FE3B7848
:10325000032B05D83D48012100EB830029F02CFE0B
:10326000BBF82004B0B1002423460BEB030101346A
:103270006423012205FB00113548E4B209798DF879
:103280000F100DF10F01FEF747FEBBF82004234697
:103290008442EADB0AF1010A29F0FAFEFFF75CF842
:1032A00000214FF0FF305FFA8AFAF9F791F8BBF886
:1032B00022345546BAEBD30F88DB98F80030032B45
:1032C00005D82248012100EB830029F0F5FD0023F9
:1032D0003360012058E71D48214600EB820029F0A9
:1032E000EBFDBBF82224D2087FF46AAFE5E7009B30
:1032F000B246134A591CCBB21370019A9A423FF757
:10330000CAAEE6E700211170002B7FF4BBAEE0E708
:1033100005F00F030DF10F0101220D488DF80F305C
:103320006423FEF7F9FD0DF10F012B09FFE60131D2
:10333000034AC9B28B421170F9DCCAE7A901002027
:10334000103F0020143F002021430020AC0100204A
:1033500064470020144300200080FFFF2443002026
:1033600018430020204300202DE9F84F07460E4661
:10337000154698469DF828B09DF82CA09DF83090F1
:1033800002F008FE1C4B00211C4CC3F800801C4BB3
:1033900020461F701B4B1E701B4B1D701B4BC4F82F
:1033A00028341B4BC4F82C3412F002FA194B83F862
:1033B00000B0BAF1000F1BD0FF214023F1220F48CB
:1033C00012F0EEF80D4812F057F913490B4812F0BD
:1033D000E3F8B9F1000F05D0FF210848BDE8F84F28
:1033E00012F00AB980210548BDE8F84F12F004B97F
:1033F000204612F035F9DFE71C430020244300206B
:10340000224300202143002020430020F92D0124E5
:10341000492E012418430020305D0324024B1A7802
:1034200018701046704700BFA9010020704700BF08
:1034300010B500200BF0F0F910F032F88368022B81
:1034400014D0114B1B781BB1104B1968012908D0FF
:103450000F4B1C6829F050FD1434844294BF0021A6
:1034600001210C48BDE8104029F026BD29F044FD9B
:10347000074B024600201A600BF0CEF910F010F84E
:1034800000238360DDE700BF101F0120181F01200B
:103490000C3F0020C001002000207047004870470A
:1034A00000000490BFF34F8F0549064BCA6802F431
:1034B000E0621343CB60BFF34F8F00BFFDE700BF57
:1034C00000ED00E00400FA050D4AD2F80038D2F809
:1034D0000418D2F808285940534000224FEA112C12
:1034E00043716CF307024FEA136C61F30F22190C5E
:1034F0001B0A6CF31742037161F31F62026070478D
:1035000000E0F11F0020704708B5074B18680368FA
:103510009B689847054B1A7802B108BD01221A70C2
:10352000BDE80840FDF708BD1CE20020F83E002081
:10353000022806DC002801DD481D704708D1481C20
:103540007047A0F10300B0FA80F0400940007047D6
:103550000020704708B5134603284DD8DFE800F077
:1035600020130C0231B92BB1244A03CA1278186017
:1035700059601A72012008BD33B3032924D8DFE84B
:1035800001F02931202D4BB107292FDD09291DDC40
:1035900001F1390218461A491DF0AEFA0A2008BD99
:1035A00033B1072906DC4A1C184616491DF0A4FA57
:1035B000082008BD01F13902184611491DF09CFA96
:1035C000F6E7114A10681860042008BD0F4A106819
:1035D0001860E3E70E4A12881A80F5E70D4A128850
:1035E0001A80F1E70C4A12881A80EDE74A1C184647
:1035F00004491DF081FAD1E7002008BD7C3803247E
:103600006C380324FC3903247838032470380324ED
:10361000743803249C420324E040032408B50121AC
:10362000064829F049FC6420FDF70CFF00210348FF
:1036300029F042FC6420FDF705FFF0E7C0010020FF
:1036400010B5002384B0134C134A0193A360226089
:103650002361A361CDE90233FEF79AF80F4A0346CE
:1036600001212046A2FB03236160DB0AE36029F00D
:103670001BFD68B90346202201A92046039301924D
:1036800029F046FC20B9204629F0EEFC04B010BD1C
:10369000FFF7C4FFB03E002000100040F11976058E
:1036A0002DE9F0470246A04B0C468EB09F481A60A9
:1036B000FEF754FEA368002B00F0D781E368204694
:1036C000984708ADFFF7BCFF9848FEF70BFF9848F6
:1036D00017F0D4FA00219648002629F0EDFB954812
:1036E00017F0CCFA00219348042729F0E5FB924813
:1036F00017F0C4FA914CFFF77BFC914B91491022D3
:103700001B88204609884FF0FF0A8DF830200222DE
:10371000ADF826300023ADF82410294608964FF066
:103720000808DFF87092CDE90A23FEF7AFFD08988C
:10373000FEF7B8FC03468448636017F09FFA83489D
:1037400017F09CFA824817F099FA304629F090FC5D
:1037500041F6991341F2690247F6FF7130467D4CFC
:1037600010F046F87C4BDFED7D6A28461A68DB686E
:1037700012027B491B02276007EE102A794A07EEE6
:10378000903A794BB8EEC77AF8EEE77AC3F88464DA
:10379000C3F8806427EE267A67EEA67A81ED007A78
:1037A0000721C2ED007A16F025F89DF8203003219C
:1037B00084F805A0284623716C4CC9F8008016F0E7
:1037C00019F89DF8203089F805A089F8043094E8AC
:1037D000070085E8070028460AF0FAFC04F10C030C
:1037E000183493E8070085E8070028460AF0F0FC43
:1037F00094E8070085E8070028460AF0E9FC5C4BDE
:1038000093F80090B9F1010F24D15A4C3146BA22F5
:10381000A01D1DF0D1FA0323072209216362E26093
:103820004FF44072A386A4F84030022321630A219A
:10383000A26340F20222A3802382A361A383238593
:10384000E3621323C4F808806761C4F82090E16341
:103850006264236010F0A0FB474A09230A20052177
:10386000CDE90632CDE90410062204230B200C21F9
:10387000CDE90232CDE90010082302220121002007
:1038800009F0FEFBFDF710FAFEF764FDFFF732FBCF
:103890003A4AD2F8FC3043F08073C2F8FC30BFF3F0
:1038A0004F8F374B374AC3F8B02FBFF34F8F0022EB
:1038B00001265A601A6832431A6029F01DFB41F252
:1038C0008733984208D980E00023012209A92846BD
:1038D00008930993FDF7ECF9FDF7E8F90446002891
:1038E000F2D129F0D5FBFEF737FD21464FF0FF302E
:1038F000F8F76EFD29F000FB234A244B02FB00F091
:10390000B3EBB00F80F0AA8029F0F6FA1E4A204BE4
:1039100002FB00F0B3EBF00F4FD3032E42D8DFE8E9
:1039200006F03B973B9000BFD00100207847002075
:10393000BC010020C0010020B80100205447002035
:10394000145D0324185D0324C8010020C401002075
:1039500070470020043F0020781F01200000003441
:103960001C3A0020183A0020283A0020F0300324A6
:10397000A8010020600300206047002000ED00E067
:10398000001000E055CEACC5295C8FC2285C8F02C8
:1039900014AE4701FC3E0020092332215C201A4668
:1039A00002F050FB01360020FFF754FB734206F093
:1039B000030603F0030358BF5E4207F021FC29F021
:1039C0009BFA41F28733984286D9002010F088FB99
:1039D00027492848FEF782FD0023274927481A4631
:1039E0000B60C82303FB02030132D3F8C0100A2A7C
:1039F000C3F8C410F5D10021214829F05DFA4FF039
:103A0000FF320021012303200A928DF82C30CDE9EA
:103A10000801FDF7BDFE1B4A030929461A48A2FB0F
:103A200003230A9317F03EFA00221849164817F0AC
:103A3000C9FA154817F09EFA0EB0BDE8F047FDF739
:103A40009DBC082332215C201A4602F00BFBA9E73B
:103A500004223621602002F04DFBA3E70C4829F038
:103A60008BFA0C4829F088FA4EE718F095F800BF59
:103A70002100000078470020243A0020F41F012094
:103A8000B4010020065BB005F43E0020690200008E
:103A9000BC0100209847002070B52B4D00242B4816
:103AA0002A462B494461C4612A4EC0E9034418F0F8
:103AB00045F82948294B0088294918800988294B4D
:103AC000294A19801288294B29491A800988294BCB
:103AD00036881980284929480988294A998029491E
:103AE00006800988284E198128493046128809889D
:103AF0009981274B27491C601C72274B0C601A8048
:103B000010F05CFF2A4625493046254E18F016F87D
:103B1000244B25482A461C713146244B04601C71F5
:103B200018F00CF822482A463146046018F006F8CE
:103B300020482A462049C0E90044C0E90244BDE8C3
:103B4000704017F0FBBF00BF000000207847002046
:103B5000F52D0124245D0324F45C0324C801002016
:103B6000F85C0324C4010020FC5C0324704700209F
:103B7000005D0324AC010020045D0324C00100208B
:103B8000F05C0324085D032424430020EC5C032440
:103B90005447002064470020BC0100207D480224D7
:103BA000C9130124043F0020F43E0020FC3E002005
:103BB000F03E0020FC390020352E0124704700BF64
:103BC0002DE9F04F1E468DB0836200230127044685
:103BD0000B9380F8243001610192CDE90533CDE9E2
:103BE0000733CDE90933C0E905330823C0E907737A
:103BF000474B994274D000254FF0010884F82550B6
:103C000084F82C50C4F83C80C4E91055FDF71CFC26
:103C100040F2014384F84880A842C4F84C8004F183
:103C20001008A3654FF0400365654046236514BF47
:103C30004FF002094FF0010929F086F9054608B155
:103C4000FFBEFEE7324A2369934252D040F2FF7230
:103C50000423CDF81C90CDE9082300220A92002EFF
:103C600039D0DFF8B8A0DFF8B89001992BB202A8DC
:103C700031F812201F46032104EB430B24F81320D4
:103C800034F81520ADF80A10ADF8082016F0F6FF4C
:103C9000002114F8173002E0013110291ED01AF863
:103CA00011C09C45F8D11B489BF8012010F8110069
:103CB0009042F1D1184B53F8212059F8253005A92D
:103CC0004046CDE9052329F0F3F880B90135EDB27E
:103CD000B5422A46C9D30DB0BDE8F08F0022ECE70B
:103CE0004FF4B4654FF48063C0E90D5383E7FFBE22
:103CF000FEE707214FF4004304904046CDE902134C
:103D000002A929F091F90028A0D0FFBEFEE700BF6C
:103D100000200240596103241861032458610324E0
:103D2000D860032410B500230F4C104909224FF42A
:103D3000806084E80E004FF480524FF4804162614D
:103D40004FF40032C4E903302046C4E90613C4E945
:103D5000082329F0B5F908B1FFBEFEE7044B03F1D3
:103D60001002DC65A26310BDE04700204000024065
:103D70005848002038B50C46094D04230949284607
:103D80002246FFF71DFF042304F1080205F1740029
:103D90000549FFF715FFBDE83840FFF7C3BF00BF77
:103DA00058480020002002400021024010B5114C6C
:103DB000236953B140F2FF724FF0011104F110007A
:103DC00029F062F90A2029F023F9D4F884304BB1A4
:103DD00040F2FF724FF00111074829F055F90A200F
:103DE00029F016F9082205490548BDE8104029F0D8
:103DF00043B900BF58480020DC480020E0020030F2
:103E000068480020024A0349034817F097BE00BFE4
:103E100000000020BD3B0124B8470020704700BFD0
:103E20000B68012B00F3878084462DE9F0470026BC
:103E300084B004460D46C0F84C6204AA8E464BF688
:103E4000803802EB8303C0E991663FA1D1E900010C
:103E5000CDE900013EA1D1E9000153F810ACCDE954
:103E6000020153F8089CBEE80F00ACE80F00BEE862
:103E70000F00ACE80F00DEF80030CCF800306B69C2
:103E8000C4F824A0C4F8BC90C4F84480C4F8DC8012
:103E9000002B3DD0EB690121002B14BF032302232B
:103EA000A362AB692A6AE162002B37D1003A18BFDE
:103EB000012229690229C4E9302304D8204A214B70
:103EC000565C53F8217000220223394604F1240085
:103ED00022642263A265C4F8D820C4F8C820C4F8BC
:103EE000F020C4E90E22C4E91422C4E93422C4E952
:103EF0003A22324629F004F8B8B90223324639464C
:103F000004F1BC0028F0FCFF78B904B0BDE8F087EC
:103F1000EB6931469B1B18BF0123C1E7002A4FF014
:103F2000010314BF03220222C3E7FFF777FB01203E
:103F300004B0BDE8F0870120704700BFAFF30080F8
:103F4000846103247861032404580140045C014027
:103F500024580140245C0140026838B571B9C36936
:103F600000F1240500F5AA74013B18BF01239B0151
:103F70009ABB1F4A5721C0F854210DE0036A00F193
:103F8000BC0500F5E674013B18BF01239B01FAB1A3
:103F9000184A5A21C0F8CC2100222046C4E9011356
:103FA0004FF480534FF48061626263614FF4807319
:103FB000C4E903214FF48042C4E906234FF40033DF
:103FC000236229F07DF868B9C5E92044A56338BDAE
:103FD000094A5821C0F8CC21DEE7084A5921C0F827
:103FE0005421D9E7FFF71AFBC5E92044A56338BD82
:103FF00010000240700002402800024058000240B9
:10400000F8B59DB2C0F84C32069B04460F461646E2
:10401000C0F850324369012BC0E9911220D0036AE5
:104020002A46012B0ED03146BC3029F05DF8E369F9
:104030002A46012B0DD0314604F1240029F054F812
:104040000020F8BDBC3028F083FFE3692A46012B2D
:10405000F1D1394604F1240028F07AFF0020F8BDA0
:10406000C3692A46012B0ED03146243029F03CF892
:10407000236A2A46012B0DD0314604F1BC0029F0F9
:1040800033F80020F8BD243028F062FF236A2A4666
:10409000012BF1D1394604F1BC0028F059FF002072
:1040A000F8BD00BF2DE9F041821D05468AB0031D11
:1040B00005F10A010830CDE9052305F10C026B6911
:1040C000CDE907010992002B3CD0AB69B3FA83F824
:1040D0004FEA58180123022205AE0AAF0393CDE937
:1040E000012313E02B680BB3012B02D122B30A2367
:1040F0000493204628F0B4FF03462046009328F09E
:10410000CFFF694628F0E4FFBE4212D056F8044BB8
:104110002B7922789342E5D1697963789942E1D18C
:10412000B8F1000FF0D02B68002BDDD106230493EB
:10413000DFE70AB0BDE8F0816378022B0CBF0823EB
:104140000A23D5E74FF00108C4E700BF00000000D4
:10415000174B00229FED127B00B518888BB0B3F887
:1041600004C0ADF8060069461889009208929A8941
:104170001B8AADF808000F48ADF804C0ADF80A205E
:10418000ADF80C308DED047B9FED077B8DED067B4C
:10419000FFF746FE0BB05DF804FB00BFAFF30080F5
:1041A000010000000000000001000000010000000C
:1041B00014310324B449002010B5044682B06023B2
:1041C000034A044900940448FFF71AFF02B010BDE7
:1041D0000003003000230030B4490020034B044AA0
:1041E000C3F85022C3F8A824704700BFB449002088
:1041F0001D3E01242DE9F041051E0F4616463EDD09
:10420000254A0024134602E00134802C03D058686C
:104210000C330028F8D1A54214DC681E43002EB1EF
:1042200000EB400102EB81018968316027B1191868
:1042300002EB810149683960034452F82350284653
:10424000BDE8F0812D1BFEF725FD00EB451425464A
:10425000ECB11022114920461CF084FDB8B1D4F80D
:104260001880FEF717FD404511D90EB16369336020
:10427000002FE4D0A36928463B60BDE8F08111B16E
:10428000FEF708FD386016B14FF480533360002507
:104290002846BDE8F08100BF644E00208838032422
:1042A0002DE9F843DFF844900646884617464C4609
:1042B000002507E0216801350C341CF0A1FD78B120
:1042C000802D0FD0636820223046002BF2D105EB01
:1042D0004505012049F8256009EB8509C9E90187F1
:1042E000BDE8F8830020BDE8F88300BF644E0020DD
:1042F00070B5ADF5805D4FF480520021684608AC82
:104300001CF05AFD6E46FEF7C5FC4FF48052014684
:1043100068460DF580551CF0EAFE0AE01CF095FD9C
:104320000023092804F1200408BF04F8183CAC421B
:1043300012D02368092120460133EFD16368221D82
:104340000133EBD152F8043F0133E7D15368013315
:10435000E4D12034AC42ECD1FEF79CFC4FF4805207
:10436000014668461CF0FEFCA0B9FFF797F804462A
:1043700001F004FD024621461248FFF791FFFEF7C7
:1043800089FC4FF4805201460F48FFF789FF0DF575
:10439000805D70BD0024FEF77DFCFEF7ADFCFEF7EE
:1043A00079FC204404F5807431464FF4807206F5A0
:1043B0008076FEF775FCB4F5805FF0D1034809F014
:1043C000A1FDD2E7A8380324B03803249C38032485
:1043D000F0B583B00746F7F763FD10284FF00105ED
:1043E00028BF1020064605E0019C14B11CF0BAFC61
:1043F00050B101356A4601A92846FFF7FBFE324657
:10440000394604460028EFD1204603B0F0BD00BF76
:104410002DE9F0470F4688B0804616461D4638B154
:10442000FEF738FC092201466E481CF09BFC00B3E5
:10443000FEF730FC0124FEF75FFCFEF72BFC09229F
:104440006849FEF72DFC02E00134802C0DD0FEF708
:1044500021FC1022644900EB44101CF083FC00286E
:10446000F2D0204608B0BDE8F087B8F1000F00F0A8
:10447000818098F80030302B03D198F80130782BE8
:104480007CD0FEF707FC4FF0200982460BE01CF0C1
:1044900069FC09F120090546002839D0B9F5805F8B
:1044A000D4F818A066D0FEF7F5FB04464046F7F7AF
:1044B000F7FC02464C444146102A204628BF1022F1
:1044C0001CF050FC0346102247492046002BDED149
:1044D0006369B34202D0B6F5805F4DD8002E49D053
:1044E0000025A069284405F58055FEF705FCB54276
:1044F000F7D3002F3ED00025A06979194FF48072C0
:10450000284405F58075FEF7CBFBB542F4D331E0C6
:104510004246102168461CF0B9FA32463946284610
:10452000059600F0C5F9B6F5805F04902CBFAAEBA4
:104530000600AAF580506FF30B0006900EB914E048
:104540000698284405F58055FEF7D6FBB542F7D30B
:104550005FB10025069879194FF48072284405F55B
:104560008075FEF79DFBB542F4D3202269462046B4
:10457000FEF796FB002075E7F72073E7002408F1AB
:10458000020106226846CDE900441CF04BFCFEF710
:1045900085FF80462146684610221BF0C7FC8044F8
:1045A0000DB1C5F800803246414638461CF0DAFBB2
:1045B0000028DFD0002EDDD0002408EB040004F535
:1045C0008054FEF799FBB442F7D30024391908EB65
:1045D000040004F580744FF48072FEF761FBB4426E
:1045E000F4D3C7E788610324883803240020704788
:1045F00010B50346174C00206360A1600EF050FF19
:10460000034601205B68E3600EF04AFF0346022088
:104610005B6823610EF044FF034603205B6863611F
:104620000EF03EFF4068002101222346A06104F104
:104630001C0C206840F03F002060184602330088C0
:10464000634512FA80F21144F7D192B242EA014274
:10465000E26110BD6454002084460021012203461B
:104660002DE9F04F054687B05CF81C6F1846023301
:104670000488634512FA84F21144F7D192B242EAF7
:104680000142964256D12B68002B53D02B68DB0792
:1046900053D40227002601360637062E48D00123C0
:1046A0002A68B3401342F6D0012E59D000230DF1F1
:1046B000040805EB8609404A01931021C8F80C3024
:1046C0004046C8E90133D9F804301CF0DFF90FF097
:1046D00003FBD0E9004A544520D0083404E004F13B
:1046E000280330349A4519D0D9F80420A34654F849
:1046F000083C9342F3D12F2120461CF074FB034663
:104700002E4A102140460BB103F1010B5B461CF011
:10471000BDF904F1280330349A45E5D10136394614
:10472000002342465220063701F022FD062EB6D164
:1047300000232B6007B0BDE8F08F00230DF10408C3
:1047400069680193C8F80C30A8F81030C8E9013343
:10475000B9B900231A4A2E21184601F009FD98E73D
:104760000024AA68174901A8CDE90144CDE9034412
:104770001CF0C2F9234601AA2046342101F0F8FCBE
:1047800089E70DF115044346A1EB080103E003F8A6
:10479000012BA34204D0CA5CA2F120005E28F6D906
:1047A0009DF80430002BD4D0002342462E21184619
:1047B00001F0DEFC6DE700BFD83C0324CC380324B5
:1047C000B8380324C0380324F0B5A1B01EF0040F9C
:1047D0000CBFEFF30884EFF3098401F0E3FB6846B4
:1047E00001F0DEFA00236A461946184601F0C0FCC3
:1047F000224B234910A89A6AA469DF6A5E6B9D6BFD
:104800001CF07AF9002310AA0E21184601F0B0FC22
:104810003A461C4910A81CF06FF9002310AA142175
:10482000184601F0A5FC3246174910A81CF064F99F
:10483000002310AA1A21184601F09AFC2A461349AF
:1048400010A81CF059F9002310AA2021184601F0E5
:104850008FFC22460E4910A81CF04EF9002310AA26
:104860002621184601F084FC0A480021FFF7F4FED7
:104870000020FEF7EFFB28F00BFCFCE700ED00E06A
:10488000D4380324E4380324F438032404390324FB
:10489000143903246454002008B5FFF795FF00BFC6
:1048A00008B5FFF791FF00BF08B5FFF78DFF00BF08
:1048B0006FEA000C72B10A44074811F8013B83EA21
:1048C0000C039142DBB250F8233083EA1C2CF4D164
:1048D0006FEA0C00704700BF9461032400214FF081
:1048E000400C4FF460430246C0F80C11A0F800C021
:1048F000C0F81011C0E9411103F1800122F8023F14
:104900008BB2B3F5005FF7D1704700BF00EB4100F9
:10491000B0F90200704700BF407870472DE9F047BA
:1049200029B1D1F804900D46B9F1000F17D14023F9
:104930000024014680F8142103804FF46043C0F83E
:104940000C41C0F81041C0E9414403F1800221F854
:10495000023F93B2B3F5005FF7D1BDE8F087B1F93C
:104960000060002EE3D00023C0F8101180F814215D
:1049700001469C46C0F80C3100F1820700F58078B2
:1049800009F1FF3AC0E941334FF4A073604621F8C2
:10499000803BAAEB0C030CF1040247F6FF746FEAAC
:1049A000000E35F9122004330CF1010C06FB002235
:1049B00035F91330A24206FB0E33A8BF2246A342AC
:1049C000A8BF2346094CA342B8BF2346A242B8BFA2
:1049D0002246E14521F8022F27F8023D02D8013096
:1049E0004FF0000C8845D4D1BDE8F0870180FFFF6F
:1049F0002DE9F043D0F80841A1EB020905464078C3
:104A00004C4503DCD5F80C414C4566DA05F1080449
:104A10000FFA89F87B2606E034F91CE0013EC64512
:104A2000D4BFBC1C664626F001074FEA660C002E78
:104A30002744A6EB0C06EFDCAE1CA41B4FEA640E69
:104A400044F34F04AEF1020E0FFA8EFE74454BDBB9
:104A50004FF0FF374FF4804605EB4E0C0EF1010886
:104A6000BCF902C0A9EB0C0CBCF1000FB8BFCCF133
:104A7000000C0FFA8CFCB445B8BF77460FFA88FEDD
:104A8000B8BF66467445E7DA4FFA87FC7E1E7C1C89
:104A900005EB470705EB4404B7F9027005EB460642
:104AA00085F800C0B4F90240C7EBC70C768804EB68
:104AB000C404C5F8047164442411C5F80C410924E8
:104AC00016FB04C42411C5F8084138B1D01913B13C
:104AD00095F900201A70BDE8F08308B90846F6E79A
:104AE000D5F80471D019F2E74FF0FF3C00246FF0C5
:104AF00001066746CCE700BF704700BF704700BFA4
:104B00000368B3F8F611D3F80022A3F8FA11C3F83A
:104B1000FC2170470368B3F8F611D3F80022A3F81C
:104B2000FA11C3F8FC217047012A02D1016000206C
:104B30007047022A05D0032AF9D0002AF7D1026073
:104B4000F5E70B680360F2E7012A02D1016000205B
:104B50007047022A05D0032AF9D0002AF7D1026053
:104B6000F5E70B680360F2E7012A02D1016000203B
:104B70007047022A05D0032AF9D0002AF7D1026033
:104B8000F5E70B680360F2E703680349106893F8E0
:104B9000F4211BF0B1BF00BFFC39032403680349B3
:104BA000106893F8F3211BF0A7BF00BFFC39032462
:104BB0002DE9F041044690F8F10188461746002897
:104BC00053D1136994F8F201002B44D000287AD114
:104BD000B4F8F631D4F800224149424E01FB026696
:104BE000414A94F8F311A2FB062C4FF4004201391C
:104BF000C4F800624FEADC0C0A4194F8F4110CEBA3
:104C00008C0C1A405B08A6EB4C06A4F8F6318E42D9
:104C100024D22AB31B0AB2EE047ADFED346A07EE1F
:104C2000903A84F8F531F8EE677A67EE877A87EE86
:104C3000A67A84ED7A7A3B6913B1022384F8F931BC
:104C400094ED7B0A4046D4ED7A7ABDE8F04120EE3F
:104C5000270A0AF0DFB90028F2D026E0002AD9D0CE
:104C600043F40043A4F8F631D4E7012815D11379B1
:104C700094F8F0219A4210D01D4A84F8F031A2FB3A
:104C8000031294F8F201920802EB4202A3EB4203F2
:104C9000DDB2F8B9012D9BD0CDE702380EF0BEF899
:104CA00068B994F8F2010028C5D001380EF0B6F8C2
:104CB0000028C0D0D4F8FC21B4F8FA318CE794F87D
:104CC000F201002884D001380EF0A8F800283FF443
:104CD0007FAFEFE701380EF0A1F80028EAD1D9E75D
:104CE0000D6619005FF36E3CCDCCCCCC00007F4349
:104CF000ABAAAAAA10B588B004461823084602AA8F
:104D000094F8F211CDE90023D4F8FC31B4F8FA217B
:104D10000393D4F8EC31ADF80820059394F8F331FF
:104D200094F8F8218DF81930B4F8F6318DF8101098
:104D30008DF8182094F8F41194F8F121ADF81C3096
:104D400083688DF81A108DF81E2053B3C36801AA2A
:104D5000694698479DF81EC000239DF810209DF8D5
:104D600019006CF307039DF81A10BDF81CC062F31C
:104D70000F23039AA4F8F6C160F31743C4F8FC218B
:104D8000BDF8082061F31F63A4F8FA21C4F8F131DB
:104D90009DF81820059B84F8F821C4F8EC3108B080
:104DA00010BD16F0F9FE00BFF8B51546CF1C06463B
:104DB0000C4600F1080205F10A0138460BF08EFCA2
:104DC00005F11101384606F158020BF087FC05F198
:104DD0001801384606F1A8020BF080FC384605F1B0
:104DE0001F0106F1F8020BF079FC0123A91E284AE5
:104DF00004F1270005F1290701F0BAF905F10801CE
:104E000006F5A47204F133000BF05AF905F12703FB
:104E1000601C04F1400219462B3501F0F3F896F8B6
:104E2000F93104F10A006BB30222294601F07AF944
:104E30000222294604F10B0001F074F996F8F931C9
:104E4000013B86F8F9311034002505E0013501F009
:104E5000F9F80634082D14D04FF0800C96F8F5E1DF
:104E6000052339464CFA05FC20461A461EEA0C0F6B
:104E7000ECD10523013506341A4601F0D3F8082D8C
:104E8000EAD1F8BD2946022201F028F9DBE700BF8C
:104E900024390324012A02D1016000207047002A2E
:104EA000FBD10260F9E700BF012A02D101600020B6
:104EB0007047022A05D0032AF9D0002AF7D10260F0
:104EC000F5E70B680360F2E7012A02D101600020D8
:104ED0007047002AFBD10260F9E700BF012A02D126
:104EE000016000207047002AFBD10260F9E700BF93
:104EF0000B6812685B69197819B9044B1B88138019
:104F00007047013900200DF047BF00BF74380324FB
:104F10000B6812685B69197849B1012903D002391D
:104F200000200DF039BF044B186810607047034B28
:104F30001B881380704700BF303903242C390324A9
:104F400070B5104B064600F5CC74A0F1480503601F
:104F500004F13801236C0322084603B1984704F199
:104F60002801236B0322084603B1984704F1180176
:104F7000236A0322084603B19847503CAC42E7D16C
:104F8000304670BD9C65032470B5134B054600F593
:104F9000CC74A0F14806036004F13801236C0322AD
:104FA000084603B1984704F12801236B0322084601
:104FB00003B1984704F11801236A0322084603B19C
:104FC0009847503CB442E7D128464FF4017116F09F
:104FD000BAFD284670BD00BF9C6503240022F0B5D1
:104FE000044687B01146104694F8F1510DF0D4FEF6
:104FF0000130AB4A00236E46C0B2A26104F2F11246
:10500000A3608542E060E2614FF0010228BF0546DF
:10501000FF28626514BF0121082184F8F15102AD17
:105020002161CDE9003304F1200393E8030085E812
:10503000030096E8030083E80300D4E90A320592EE
:10504000984A0493E262984AA262002B00F0218100
:105050000322294628469847636D43F400730022D3
:10506000636594F8F271114610460DF095FE04F553
:10507000F972C0B2E26600228742E065A26528BFED
:105080000746FF28009214BF01230823726023669D
:105090000123864AC4F8A43004F1700384F8F27145
:1050A000A266834A834F93E8030085E8030096E8ED
:1050B000030083E80300A36FA267E26F0493E7672E
:1050C0000592002B00F0E8800322294628469847E5
:1050D000D4F8A43043F400730022C4F8A430764915
:1050E00001230392C4F8A8200922C4F8B810C4F818
:1050F000AC200522C4F8B030C4F8F43004F1C00389
:1051000084F8F42104F5FA720294C4F8BC2095E8FE
:10511000030086E8030093E8030085E8030096E8AF
:10512000030083E80300D4E932320592634A049312
:10513000C4F8CC20624AC4F8C8201BB10322294617
:105140002846984700235F4A5F4FCDE9024304F1A8
:10515000D00395E8030086E8030093E8030085E8A0
:10516000030096E8030083E80300D4F8D830C4F8BD
:10517000D820D4F8DC200493C4F8DC7005921BB16D
:1051800003222946284698470123504A08210294C1
:10519000C4F8F830C4F80031C4F8443104F2F31311
:1051A000C4F808210022C4F80C31102384F8F3114C
:1051B0000392C4F8FC3004F58873454A454F95E8DE
:1051C000030086E8030093E8030085E8030096E8FF
:1051D000030083E80300D4F81831C4F81821D4F888
:1051E0001C210493C4F81C7105921BB103222946AB
:1051F000284698470023384A384FCDE9024304F542
:10520000907395E8030086E8030093E8030085E8BF
:10521000030096E8030083E80300D4F82831C4F8BB
:105220002821D4F82C210493C4F82C7105921BB1C9
:105230000322294628469847B7EE007AD4ED7B7AB8
:10524000274A04F5F673F4EEC77AC4F85821F1EE54
:1052500010FA1BDCBFEE007AF4EE477AF1EE10FA9A
:1052600048BFF0EE477A1F484FF07E511E4AC4F8FF
:105270005C314023C4ED7B7AC4F84801C4F84C117A
:10528000C4F85021C4F8943107B0F0BDF0EE477A6D
:10529000E9E740F20123E2E640F201231CE700BF08
:1052A00034390324114F0124DD4E01243C390324F9
:1052B000C94E0124F14E012444390324894B0124B1
:1052C000A94E0124294B0124014B01244C3903240C
:1052D000494B01249D4B0124694B0124154B0124AA
:1052E00054390324000080BFABAAAA3D70B54FF427
:1052F00001700E680DF09CFC044668B3002200F1BA
:10530000080300F5F47502715022184600211BF0C5
:1053100053FD0346002250339D42F5D1002384F80B
:10532000F521C4F8F8214FF0A262C4F8E831C4F8BE
:10533000EC314FF400430948094920602046C4F885
:10534000FC113146C4F8F121C4F80042A4F8F6314A
:10535000B464FFF743FE70BDB06470BDBC65032448
:105360002443320100B50A4885B00023094A03905E
:10537000694609480292CDE9003312F081FC029B94
:105380001BB1694603220846984705B05DF804FB47
:10539000ED520124954E0124583903242DE9F043A0
:1053A000ADF5F75D804687B0002900F0B5808946ED
:1053B00000230493ADF81430B8F1000F00F0A98079
:1053C00040460124FEF780F898F8051098F801305F
:1053D00006A898F80020039198F80410029198F814
:1053E0000310019198F80210009151491BF084FBC1
:1053F00028234FF0FF320DF6A87106A803940094FD
:10540000CDE90132002316AAFBF7EEFA20B90DF51B
:10541000F75D07B0BDE8F08316A8FBF7C3F90646B1
:10542000204600F0C9FD002140238022084600F0FC
:1054300009FE002000F0C0FD002E20DD032700251E
:10544000002403E0631C9E4211D01C462A462146DC
:1054500016A8FBF7A9F90028F4D00223600039460A
:105460001A46033000F0EEFD631C9E42EDD1A542CA
:1054700005F1010307F1020701D01D46E0E7002016
:1054800000F09AFD1E222021602000F04BFE01203A
:1054900000F092FD1B222021602000F043FE00203E
:1054A00000F08AFD494606A81BF026FB5F2106A8EE
:1054B0001BF099FC044698B30022012322216020AE
:1054C00004F8012B06AA00F079FE012322462A21C6
:1054D000602000F073FE98F8051098F8013098F8F5
:1054E0000020039198F80410029198F8031001919C
:1054F00098F802000F49009006A81BF0FDFA06AAD2
:1055000010214E2000F02AFE0DF5F75D07B0BDE832
:10551000F0830DF1100853E7074BD3F8009047E7ED
:1055200001234A462821602000F048FED3E700BF4F
:105530005C39032494390324D00100200022043074
:1055400051F822301BB1D3F800C0C0F810C003F1ED
:10555000100C3BB90433102BFCD1033204300C2A5D
:10556000EED17047B3EC017AD0ED007AB0EEC77A95
:10557000B4EE677AF1EE10FA77FE277A9C45C0ED1B
:10558000007AEFD1E9E700BF2DE9F04F07466D4BF8
:1055900007264FF00008043785B04FF480620021E1
:1055A00018681BF009FC40460DF07AFFC26812F043
:1055B000010228D0B1EE087AD7ED047A67EE877A37
:1055C000FDEEE77A17EE903A002B15DD0E22C3F1BF
:1055D0002001304600F036FD40230E2200213046E7
:1055E00000F020FD08F1010820360437B8F1040F5F
:1055F000D9D105B0BDE8F08F5B420E2220213046A4
:1056000000F020FDE8E7D7ED007AF1EE046A4FEAFA
:105610004813B0EE677A0093BEEECF7A17EE104AC9
:1056200027EEA67A042CA246B4EEE67AA8BF4FF085
:10563000040AF1EE10FA60D4002C4FF00E034FF084
:10564000410034DD4FF0070B06F1100900250393EC
:10565000CDE901200BE0013500F040FD5A4621461E
:10566000484600F03BFD5545D7ED007A19DAB0EE1B
:10567000087AC5EB05745A4630462401F4EEC77A21
:105680004834F1EE10FA2146E5D4013500F04AFD28
:105690005A462146484600F045FD5545D7ED007A6B
:1056A000E5DB0099039BDDE9012011440091B0EE98
:1056B000007AF4EEC77AF1EE10FA31D4A0EB0A1AB0
:1056C000009C1A4601932046514600F0BBFC019B0A
:1056D000204651461A46103000F0B4FCD7ED007A4F
:1056E000F5EEC07AF1EE10FA7FF77CAF9FED167AF7
:1056F00077EEC77AC7ED007A74E7F0EE006A002C07
:1057000037EE267ABDEEC77A17EE10BACBF1070254
:10571000CBF148004FEA4B0396DC0099114400910D
:10572000A0EB0A1A009C1A4601932046514600F04D
:1057300079FC019B204651461A46103000F072FC5D
:10574000CCE700BF005F0020CDCC4C3E10B524203C
:1057500016F0FBF92422002104461BF02DFB024A1F
:10576000024B22601C6010BDDC65032468E600204B
:10577000704700BF01207047704700BF002070478E
:10578000034B10B5044603600DF000FA204610BD2F
:105790002C670324064B10B5044603600DF0F6F9A0
:1057A0004FF42461204616F0CEF9204610BD00BF0C
:1057B0002C670324084611461A460AF081BC00BF34
:1057C000064B186810B103681B681847044B014664
:1057D0004FF4806218681BF0EFBA00BF68E6002043
:1057E000005F00200B46302200212DE9F04F0646D5
:1057F00083B000F51D601C4601931BF0DDFAD6F85E
:10580000CC394C4A2179002B11606CDD4A4C37466B
:105810004FF0000BB04658460DF000FB60B101227E
:1058200098F83C3A019902FA0BF20879134343497C
:1058300088F83C3A41F82B00A4F130050023B7F872
:10584000020AB7F8041AAC461A463CF8026BB0429A
:1058500028BF3046B14238BF3146F31842F100024A
:10586000A445F2D14FEA937923F0404C344E4FEAED
:10587000E27E49EA82092EF0010E29F04049CC442B
:105880000CEB127C0CEBD27CA6FB0C9A2AF00109E3
:1058900009EB5A09ACEB090CF444B3EB0C0362EBD3
:1058A000EC7C4FF0AA3202FB03F2A3FB063E06FBA0
:1058B0000C2212EB0E0200D50733DB08A7F8020A10
:1058C000A7F8041AA7F8003A98F8C93993B1013B30
:1058D0005B450FD00BF1010BD8F8CC3906373034CB
:1058E0005B4598DC464696F8C839012B11D003B0C9
:1058F000BDE8F08F08F6CE1308F6FE1033F8021F4D
:1059000035F8022BA1F5004198420A441A80F5D1DE
:10591000E0E796F8C939002BE9D0002200BF96F8DD
:10592000C9390132C3EB03239A42F7DB03B0BDE868
:10593000F08F00BFEC5E002084F00020CC5E0020E1
:10594000ABAAAAAA012A02D1016000207047022A4C
:1059500005D0032AF9D0002AF7D10260F5E70B68D9
:105960000360F2E70368D3F8CC0900280FDD03F5E4
:10597000206300EB400003EB400006336FF400416E
:105980000022834243F8061C23F8022CF5D170470D
:105990002DE9F04390F8C84987B00646002C58D04E
:1059A000012C00F0FD80022C00F0CA8090F8C9099B
:1059B000A11ECE4B10F0010FCD4ACE4808BF1A46AB
:1059C00008F028F800210246084600F0C7FB96F8C8
:1059D000C859032D00F03E81002402AF01E096F883
:1059E000C859043D01AA394604EBC5052846FEF70F
:1059F00001FC804638B30020A14624B1DDE9012135
:105A0000FEF756FF8146C4EBC4032946BA481D463B
:105A100008F000F8002302460A351846294600F02F
:105A2000A7FB96F8C9394146B448DB07019B58BF2C
:105A3000DDF808904A4607F0EDFF002302462946AC
:105A40000C2000F095FB0134082CC8D107B0BDE84C
:105A5000F083DFF824832146A94F20464546A94A12
:105A600000F07CFBF5EC016A214697ED007AA64830
:105A7000C6EE877AFDEEE77A17EE902A07F0CAFFA6
:105A80000246E100013404200C3100F067FB042CD5
:105A9000E8D19E4B97ED007AD3ED006A9C48C6EEA4
:105AA000877AFDEEE77A17EE901A07F0B3FF0C2124
:105AB0000246402000F052FB964B97ED007AD3ED62
:105AC000006A9548C6EE877AFDEEE77A17EE901ADF
:105AD00007F0A0FF14210246402000F03FFB8F4B4F
:105AE0008F48196807F096FF1C210246402000F0FD
:105AF00035FB98ED046A97ED007AF1EE046A894867
:105B0000C6EE077A87EEA67AFDEEE77A17EE901AD0
:105B1000B7EEC77A53EC172B07F07CFF2D21024616
:105B2000204600F01BFB96F8C9197F4807F072FF6A
:105B300037210246204607B0BDE8F04300F00EBB17
:105B400000217A4A7A4E13250846002400F006FB0D
:105B5000784B7948196807F05DFF0B210246002059
:105B600000F0FCFA10E0002001340DF015F956F8B1
:105B7000042F02A9714807F04DFF29460635024659
:105B80000023042000F0F4FA0022114610460DF024
:105B900003F9A04202AA2146E5DC07B0BDE8F08384
:105BA0000021674A084600F0D9FAD6F8CC39002B14
:105BB0002CDD4FF00008354602AF444621463A46F8
:105BC000012006350DF0E8F8B5F8FC29B5F8FE39E6
:105BD00039465C489B1AB5F8FA29002BB8BF5B42DE
:105BE00007F018FF072C02464FF00003CBBF6FF001
:105BF00024010B21402001204144013400F0B8FA77
:105C0000D6F8CC3908F10608A342D7DC96F8C919B2
:105C100020254D48002407F0FDFE00210246782093
:105C200000F09CFA96F83C3A0021484823410134A0
:105C3000474A13F0010F08BF0246284600F08EFACB
:105C4000082C05F10705EDD1002386F83C3A07B092
:105C5000BDE8F0833F4D4048A96807F0DBFE162100
:105C60000246002000F07AFA3C4B3D4819683D4C52
:105C700007F0D0FE1E210246002000F06FFAFDF76B
:105C80000DFC844229D2A968611A374807F0C2FE88
:105C900026210246002000F061FA344B344819787E
:105CA00007F0B8FE2E210246002000F057FAFDF75B
:105CB000F5FB0546FDF7F2FB844212D2254B9A68AC
:105CC000A21A29460020FEF7F3FD0146294807F0F5
:105CD000A1FE3621024600202DE7FDF7DFFB211A49
:105CE000D3E7FDF7DBFB221AEBE700BFB43903244F
:105CF000B83903242C3A0324803A0324883A032435
:105D000030020020BC390324C4390324F45E00208F
:105D1000CC390324F05E0020D43903242CE2002087
:105D2000DC390324E4390324F8390324103A03242A
:105D3000C85E0020EC5E0020183A0324243A0324B5
:105D4000003A0324043A0324D83C0324B039032442
:105D5000A044032400ED00E0383A0324F85E00205C
:105D6000443A032464D90324543A0324FC5E0020FB
:105D7000643A0324703A03240CF7002010B5064C53
:105D8000FDF78CFB844203D2044B9868201A10BDA7
:105D9000FDF784FB201A10BD64D9032400ED00E058
:105DA00070B588B000231A4C054606A80693ADF8D6
:105DB0001C30FDF789FBFDF771FB0646FDF76EFB16
:105DC000844221D2134B9A68A21A31460020FEF772
:105DD0006FFD9DF81D30104904469DF81C20284693
:105DE000096803939DF81B3005949DF81A400491AF
:105DF0000A490094CDE901329DF819309DF8182028
:105E00001AF07AFE08B070BDFDF748FB221ADCE7F5
:105E100064D9032400ED00E0D0010020983A032467
:105E2000064AF1EE047A064BD2ED046A93ED007A4D
:105E300086EE870A80EE270A704700BF0CF7002025
:105E400030020020F0B5424E87B0336813F00105F0
:105E500002D0404807B0F0BD3E4C282120460CF04F
:105E600043FE3D4A3D4B84F83C5AC4F8CC595F6828
:105E70002260FDF7A5F8054600E000BFFDF7A0F899
:105E8000401BB0F57A7FF8D3344B0022DFED346A43
:105E900002AD5B6811463348DB1B07EE903AF8EE23
:105EA000677A87EEA67A80ED007A01200CF074FF05
:105EB00000222D4BEC460392C4F84422A4F8C829D2
:105EC000C4F89422FF22C4F85832C4F89822A3F2EE
:105ED0000C720133D4F8C4722449C4F8A8320123E7
:105EE0000294C4F84C32C4F89032C4F8E032C4F8DA
:105EF0009C3210230497C4F848321D4BC4F8541246
:105F0000C4F8CC09C4F8A4321A4B95E80300C4F8CD
:105F1000C432194B8CE8030092E8030085E80300C3
:105F20009CE8030082E80300D4F8C8220592C4F874
:105F3000C8321FB1032229462846B84701230F4A19
:105F40000F490448336015F0F9FD024807B0F0BD71
:105F5000885400208C5400202C670324001000E09B
:105F600000007A4430020020545E0020D03A03241E
:105F7000D43A032445590124655901240000002026
:105F80008157012408B5FBF75FFA014B186008BD83
:105F9000F85E0020014B024A1A607047005F002043
:105FA00028430020034B4FF48062002118681AF048
:105FB00003BF00BF005F0020014601480EF026BD70
:105FC0002443002000B209B222B10A460146044827
:105FD0000EF024BD0A46014601480EF025BD00BF63
:105FE0002443002003460AB2014819B20EF016BD40
:105FF0002443002003460AB2014819B20EF014BD32
:10600000244300208C4601B2054810B51CB282B072
:1060100013B20FFA8CF200940EF042FD02B010BDE4
:10602000244300208C4601B2054810B51CB282B052
:1060300013B20FFA8CF200940FF0DCF802B010BD2E
:10604000244300208C4601B2054810B51CB282B032
:1060500013B20FFA8CF200940FF0FCF802B010BDEE
:10606000244300202DE9F0411C460C4D82B090469F
:1060700006460F4624B2284600210EF0C7FC2846EB
:1060800031B200940FFA88F33AB20FF0E3F801212D
:10609000284602B0BDE8F0410EF0B8BC2443002011
:1060A0002DE9F0411C460C4D82B0904606460F4645
:1060B00024B2284602210EF0A9FC284631B20094F1
:1060C0000FFA88F33AB20FF0C5F80121284602B062
:1060D000BDE8F0410EF09ABC2443002084461346EC
:1060E00003480AB21BB20FFA8CF10EF03FBD00BF9D
:1060F00024430020F8B50A4C17460E4605460021F9
:1061000020460EF083FC204629B23BB232B20EF09C
:1061100011FE20460121BDE8F8400EF077BC00BF1B
:10612000244300208446134603480AB21BB20FFAE8
:106130008CF10EF0FFBD00BF2443002010B582B0EB
:106140001CB213B20AB2009401B204980190024842
:106150000FF092F802B010BD24430020844613468D
:1061600002480AB20FFA8CF10FF06CBB24430020F6
:10617000012B2DE9F041044682B00D46164610D0A1
:106180000C4B0D48D3F800800EF044FC0746334614
:106190002A4621464046009703F04CFF02B0BDE876
:1061A000F08113460AB201B2034802B0BDE8F041E3
:1061B0000FF048BB005F0020244300202DE9F04190
:1061C000984682B00646104614460F46F5F768FE1C
:1061D0000546B8F1000F12D1114B05EB85051148AA
:1061E000D3F800800EF016FC234600903A46A6EB4A
:1061F0005501404603F01EFF02B0BDE8F08182B2B7
:10620000214608480FF0A2F92346A6EB50010548A5
:106210003AB209B202B0BDE8F0410FF013BB00BFC3
:10622000005F0020244300202DE9F04707460024AA
:1062300000F5C8703B462DED028B9CB002E0503358
:1062400083421BD0D3F85422002AF8D1724C4FF06D
:106250007E560DF1040E4FF0000C704D5033C3F814
:1062600004420124C3F84022C3F808E2C3F8F4C191
:10627000C3F8F861C3F8FC518342E3D114B14FF085
:106280007C530193384607F519740AF0FDFC07F5B5
:106290007D7703E05034BC4200F0B08054F8103CED
:1062A0001B782E2BF6D10025A4F108030DF1080868
:1062B00004AE44F80C5C0DF1480944F8105C0DF193
:1062C000580A02950E951B95C8F804509FED508B07
:1062D00044E9085544E9065593E80300CDE908551B
:1062E000CDE90A558DED0C8BCDE91155CDE915554C
:1062F000CDE91955CDE90F55CDE91355CDE9175520
:1063000086E8030098E8030083E8030023686268D6
:10631000256007921A4665600693002B73D003220E
:106320003146304698470495149AC6E90155159DA3
:1063300007952AB18DED148B99E8030086E80300D8
:1063400096E8030004F1080388E8030093E80300DB
:1063500086E8030098E8030083E8030023692261CC
:1063600062690693656107921BB10322314630468C
:1063700098470023199A189D0493C6E901330792A0
:106380003DB19AE8030086E8030000200021CDE932
:10639000180196E8030004F1180388E8030093E865
:1063A000030086E8030098E8030083E80300236AFB
:1063B000616A25620693626207911BB1032231462E
:1063C000304698471A9BA3621B9BE362189B1BB144
:1063D0000322514650469847149B1BB1032249465D
:1063E00048469847109B002B3FF454AF0EA95034F9
:1063F000032208469847BC427FF450AF1CB0BDEC66
:10640000028BBDE8F08704931D46C6E9013397E788
:106410000000000000000000CC450324ABAA2A3D88
:106420002DE9F04F0F464B4D04468DB07E1E284699
:1064300000214FF007080EF0E9FAA11E36B2012341
:106440002846CDF80080324609B20EF003FF2846F8
:1064500001210EF0DBFA611E324627232846CDF8D3
:10646000008009B23C4E0EF0F5FE02212846DFF80E
:10647000FC800EF0CBFA0CF033FB0368A6FB03396B
:106480000CF02EFB03682846D8F800A04FEA5919F3
:10649000A6FB03266422760902FB16360EF0BAFA32
:1064A0003A4621462D4B0090504603F0C3FDD8F8E4
:1064B00000A028460EF0AEFA00905046DFF8B0A0DB
:1064C000274B3A4604F10D0103F0B4FD4A4651460C
:1064D00004A81AF011FB04F11109D8F800B02846FD
:1064E0000EF098FA04AB3A4649460090584603F03D
:1064F000A1FD04A8F5F7D4FCD8F800B009EB8001A1
:1065000015344FEA8009284603910EF083FA039967
:106510003A4600905846134B4C4403F08BFD124B07
:10652000514604A8A3FB0636F2081AF0E5FAD8F89B
:10653000006028460EF06EFA04AB3A462146009001
:10654000304603F077FD012128460EF05FFA0DB0CA
:10655000BDE8F08F244300201F85EB5160380324F1
:10656000AC370324CC450324CDCCCCCC005F002039
:10657000FC390324704700BF70B500F58054024613
:1065800094F80D03E8B1D4F8C832DBB108880E4D99
:10659000A4F8B80248882E68A4F8BA02B1F9040039
:1065A000A4F8BC020020C98884F8C002A4F8BE1276
:1065B00006490A60D4F8A8222A60984794F8C002D5
:1065C0002E6070BD184670BD000000204CDF00201A
:1065D00038B5012200F58053074C084DA3F8FC2381
:1065E000D3F8A82228602568A3F8FE132260D3F808
:1065F00084349847256038BD000000204CDF00201F
:1066000038B50B0603D4431803F5A0531A7000F5F0
:1066100080530A4C4FF0020C83F8FD13A3F8FE23BD
:106620000749D3F8A822256883F8FCC30860D3F88B
:10663000843422609847256038BD00BF00000020E8
:106640004CDF002038B5032200F58053094C0025AB
:1066500083F8FC23084AA3F8FE531060D3F8A8225D
:10666000256883F8FD132260D3F8843498472560A9
:1066700038BD00BF000000204CDF00200C4B196823
:1066800001F5117301F6C4115A69824206D01A69E4
:1066900050335AB18B42F7D100207047D3E9123002
:1066A000C0F3C0101BB140F00200704710467047A5
:1066B0004CDF0020084B1A6802F5117302F6C41C67
:1066C0005A69824205D01A6950330AB16345F7D13D
:1066D00070471961704700BF4CDF0020034B1B68F7
:1066E00003F58053C3F81401704700BF4CDF00204E
:1066F000034B1B6803F58053C3E9C501704700BF16
:106700004CDF0020704700BF044A054B1268D2F8E6
:106710004022D27853F83200704700BF4CDF00208F
:10672000F4E60020034B1B6803F58053C3F8CC014B
:10673000704700BF4CDF0020B2EE087ADFED555AFB
:10674000B7EE005A9FED546AB4EEE00A21EE071A44
:10675000F8B5C1EE077A90ED027A05460C46F8EEE0
:10676000C76A90ED037AF1EE10FAB8EEC77A2DED14
:106770000A8B85EE26BA90ED06AAC7EE256A77EE5B
:10678000867AF0EE409AB0EE609AFEEEE47A2BEE56
:1067900026BA2BEE27BA78DDB1EE4BBAF0EE40CA3E
:1067A000B0EE60CAD5ED077A04F160060DE0F4ECB6
:1067B000017A77EE877AB44244ED017AD5ED077A13
:1067C0007BEE277AC5ED077A50D0B4EEE7CA9FED8D
:1067D000337AF1EE10FAEAD8F4EEE7CAF1EE10FAE5
:1067E000E5DD95ED027A28462B68F8EEC7AA1B680E
:1067F0006AEEA7AAFDEEEA7A17EE907AF8EEE77A4B
:10680000791E7AEEE7AA98472B6839462846F0EEBB
:1068100040BA1B6898472B68791C28461B68B0EE65
:10682000408A98472B68F0EE408AB91C28461B68BE
:106830009847F6EE006A38EEEB7A78EE688A30EE2A
:10684000480AF0EE687AE7EE267A78EEA78AE0EE5C
:10685000268A77EEA87ADAEEA87A6AEEA77AE7EEC9
:10686000267AAAEEA78A2AEE087AA0E7D5ED067A5C
:1068700095ED087AC5ED0A9A67EE877A85ED0B9A51
:10688000BDEC0A8BC5ED067AF8BDF0EE60CAB0EE3D
:1068900040CA87E700803B470000FE42000000003E
:1068A000704700BF002070470020704700487047C5
:1068B0004C5F0020006800B180687047006800B13C
:1068C00040687047F0B400241C609AB1A446046884
:1068D0000CF1010C74B1D4E90165AE420AD9266805
:1068E0006F1C6245A760745D0C701C6804F10104A4
:1068F0001C60ECD10020F0BC704700BF0020704746
:1069000003683BB1996029B15868814234BF0020C7
:1069100001207047012070470120704710B50446E0
:1069200018B112B1C9B21AF047FA204610BD00BF23
:106930000A68044B52691B681278D3F84032DA7047
:10694000704700BF4CDF002000210AF09DB900BF56
:106950000C4B8446106830B41D680B68D5F84012A3
:106960005A69C978084C11705B69DCF800201B6813
:1069700093FBF2F102FB1133044954F8332030BC8D
:106980001AF0BAB84CDF0020F4E60020D83A03240D
:106990002DE9F04700F5805898F8A042032C2DED22
:1069A000048B82B000F01B8198F80D3381469BB1B7
:1069B000D8F8CC5115B3002C00F0A380D8F8FC30E7
:1069C00099063FD409F59550F8F716F9054629467A
:1069D00048460AF059F91BE0FFF7E4FAD8F80443F7
:1069E00009F6CC45A4BB00232A461946184602B036
:1069F000BDEC048BBDE8F047FFF7BABBD8F8FC301C
:106A00009A0640F1FD80ECB929464846FFF70CFC98
:106A1000D8F8E0324BB1824A824CC2F80090D8F8E4
:106A2000A8222568226098472560D8F89C3223B1B7
:106A3000D8F8FC30DB0600F1DA8002B0BDEC048B44
:106A4000BDE8F08709F59550F8F7D6F80546DBE77D
:106A5000D8F808232846744924F00104C8F8D45013
:106A60001AF04AF8D8F8D430D8F8A82218446F4958
:106A7000C8F8D4001AF040F8D8F8D430D8F8D422A6
:106A800018446B49C8F8D4001AF036F8D8F8D43056
:106A9000D8F8082318446749A21A2388C8F8D400F4
:106AA0001AF02AF8D8F8D4302246D8F80813184437
:106AB00032F8023FC8F8D400521A5E491AF01CF8A6
:106AC000D8F8D4302246D8F80813184432F8043FD6
:106AD000C8F8D400521A57491AF00EF8D8F8D43032
:106AE000D8F80813184434F8063FC8F8D400621ADE
:106AF00050491AF001F8D8F8D4300344C8F8D4301B
:106B000071E795ED0A9A2646D5ED0B7A9FED4A7A04
:106B100077EEC97AC7EE879A0BE0771C3046C4F14E
:106B20003203CAF132013A463E46FFF76BFA7F2F35
:106B300034D0D5ED027A28462B68A246F8EEE77AE3
:106B40001B6867EE897AFDEEE78AB8EEE87A18EE00
:106B5000901A37EEC78A98472B6818EE901AF0EE15
:106B6000408A28461B6801319847344B30EE680A4A
:106B700006FB03F339EE299AE8EE008AB3F1553F9C
:106B8000F0EE687AFEEEEE7ACDED017A9DF90440E2
:106B9000C3D832213046FFF725FABEE795ED0B6AE0
:106BA000D5ED0A6AD5ED077AB4EEE66AF1EE10FA91
:106BB0002ADD37EEE67ADFED206AC7EE067A67EE69
:106BC000A67AFDEEE77A17EE902A3A232A2110469C
:106BD000FFF718FA00214846FFF726FB18E7184987
:106BE00002B0BDEC048BBDE8F0470AF04DB80121BE
:106BF000452002B0BDEC048BBDE8F047FFF710BCA8
:106C0000002C3FF4E4AEDDE637EEC67ADFED0A7A1B
:106C100087EE266AE6EE677AFDEEE77AD3E700BFF5
:106C20004CDF002000000020E43A0324F43A03245F
:106C3000043B0324143B03240000FE42ABAAAAAA8F
:106C4000F86803240B4B196801F5117C01F6C41197
:106C5000634602E050338B420BD05A698242F9D12D
:106C6000A3EB0C00044B001103FB00F040B207F053
:106C700035BE70474CDF0020CDCCCCCC014601485E
:106C800007F040B94C490324124B1A6870B502F65C
:106C9000C813064602F6C83C01E0634516D01C4600
:106CA00004332268002AF8D130460BF0C1FFB0FA55
:106CB00080F3054620605B0906B10BB9284670BD1C
:106CC00031460548FDF794FC284670BD0123002598
:106CD000F2E700BF4CDF0020203B03242DE9F04108
:106CE000804630201F460E461546FFF7CDFF302266
:106CF000002104461AF060F8054B2046C4F81080C5
:106D00006360044B67612360C4E90265BDE8F081FC
:106D1000C4360324A46703242DE9F04180461546B8
:106D200030201F460E46FFF7AFFF302200210446F9
:106D3000ADB21AF041F8064A064B2046C4F810805E
:106D40006761A6606260E5602360BDE8F08100BF16
:106D5000C4360324B0670324124B1A6870B502F6D8
:106D6000C8130E4602F6C83C01E0634517D01C4626
:106D700004332268002AF8D106FB00F00BF058FF1C
:106D8000B0FA80F3054620605B0906B10BB92846CE
:106D900070BD31460448FDF72BFC284670BD012329
:106DA0000025F2E74CDF00203C3B0324124B1A681D
:106DB00070B502F6C813064602F6C83C01E063450A
:106DC00016D01C4604332268002AF8D130460BF056
:106DD0002FFFB0FA80F3054620605B0906B10BB9BE
:106DE000284670BD31460548FDF702FC284670BDB7
:106DF00001230025F2E700BF4CDF0020583B0324AD
:106E0000FFF7D4BF024B18681030FDF785BD00BFF7
:106E10004CDF002070B5174E04460D46336803F56D
:106E20008052D2F80C0198B1D3F840321A7CD9784C
:106E30000CF0AEF932682B46214602F58052D2F8AA
:106E40000C0190F81421BDE87040D201FDF7D0BDCF
:106E50004FF48C70FFF718FF336803F58053C3F8C5
:106E60000C01FDF73BFD336803F58052D2F80C01AD
:106E7000DAE700BF4CDF002038B5154D04462B681B
:106E800003F58052D2F80C0180B1D3F840321A7C5D
:106E9000D9780CF07DF9002C01DA002038BD286883
:106EA000E1B21030BDE83840FDF730BD4FF48C70D2
:106EB000FFF7EAFE2B6803F58053C3F80C01FDF7DA
:106EC0000DFD2B6803F58052D2F80C01DDE700BF01
:106ED0004CDF0020DFED1E7A90F8242061EE277A47
:106EE00010B5FCEEE77A82B080ED070AC0ED060A25
:106EF000CDED017A9DF804309A4226D0DFED157A67
:106F0000B3EE086A90ED027ABFEE000A21EE271A6E
:106F1000D0ED037AB8EEC77A9FED0F5AF8EEE76A24
:106F2000DFED0E5A044680F8243027EE017AC7EED2
:106F3000267A77EE857A67EEA57A67EE867A80EE16
:106F4000270A16F05BFA84ED080A02B010BD00BFF4
:106F500000007F43ABC2224700007A446F12833A9D
:106F600003460A4601481946FCF73CB8684700202A
:106F700003460A4601481946FCF736B86847002020
:106F80000148FCF733B800BF6847002070B50F4DCB
:106F90002B78D3B100240E4E04E001342A78E3B2FA
:106FA0009A4212D920460CF07BFA33688342F4D11E
:106FB00020460BF05BFE01462046013400220BF018
:106FC0005FFE2A78E3B29A42ECD870BDA801002097
:106FD0004CDF00202DE9F0410023804682B00846B6
:106FE000C8F800300E460193F4F75AFF08284FF016
:106FF000010428BF0820074606E0019B1BB119F0D9
:10700000B1FE054670B101346A4601A92046FDF77C
:10701000F1F83A4631460028EFD10425284602B05F
:10702000BDE8F0810C20FFF72FFE8560DDE900321E
:10703000C0E90023C8F80000284602B0BDE8F0818E
:107040000FB400B583B0074C402104AB204653F881
:10705000042B019319F0E4FD002122460846FFF7B6
:107060007DF800BF0C5F0020844608461146DCF81E
:1070700040222DE9F0411478DD6C34B90CF58056CE
:107080005F69D6F81021974207D025F480751A461B
:10709000DD64BDE8F04109F013B845F48075A0F156
:1070A0000807A1F10808DD6496F8C0314BB341F23E
:1070B0003C1565440FE0FEF7C5FF2B780134013520
:1070C000013B05F8013C96F8C0319C4219DA082CC6
:1070D00008BF08F10808072395F800C0414604EAF4
:1070E00003001A4607EBC000BCF1000FE3D10723F1
:1070F000013401351A46FEF795FF96F8C0319C42DF
:10710000E5DBBDE8F08100BF144B154A1B68DB6866
:10711000DB0570B50646026002D5124B01221A70DB
:1071200006F6C41406F6C4350BF02CFE54F8040F12
:1071300018B10BF081FD00232360AC42F6D106F5B7
:107140008053D3F8A80208B10BF076FD064B304609
:1071500033600BF01BFD304670BD00BF4CDF0020DC
:10716000BC670324FC010020606703242DE9F04183
:1071700000F5805584B095F8A0322BB9D5F8D03001
:1071800013B995F80D6316B104B0BDE8F08104465B
:107190004FF4F062314600F5117019F00DFE264FE4
:1071A00041F2A42001AA394603962044CDE90166A4
:1071B000F7F73CFF019700283BD0204FD5F8A832C5
:1071C0001F4ED7F8008034603B60029B9847C7F899
:1071D0000080D5F8D43283B1184FD5F8A822D7F85B
:1071E000008034603A609847D5F8EC32C7F80080E8
:1071F000003B18BF012385F80D33D5F8FC20570656
:1072000003D5E36843F00103E36031681006CB68FF
:1072100004D543F08003CB60D5F8FC20920502D55D
:1072200043F40073CB60DB05AED5064B00221A7029
:10723000AAE7034ECDE700BF603B03240000002017
:107240004CDF0020FC01002083688B4216DD0369BF
:1072500090ED057A5A565B5C002A0F4A11DB32F931
:10726000133007EE903AF8EEE77ADFED0C6AB8EEED
:10727000C77A87EEA60A20EE070A70479FED080A34
:10728000704703F07F0332F913305B4207EE903A08
:10729000F8EEE77AE9E700BFF867032400FEFF464F
:1072A0000000000083688B4212DD002910DB9FED97
:1072B0000A7ADFED0A7AD0E9043291405B5C00EE95
:1072C000103AB8EE400A30EE470A20EE270A70471F
:1072D0009FED030A704700BF0000FE420000003C23
:1072E00000000000012A02D1016000207047022A3C
:1072F00005D0032AF9D0002AF7D10260F5E70B6820
:107300000360F2E7012A034602D1016000207047C2
:10731000022A05D0032AF9D0002AF7D10260F5E746
:1073200003C983E80300F1E7012A02D101600020CC
:107330007047002AFBD10260F9E700BF012A02D1A1
:10734000016000207047022A05D0032AF9D0002AE4
:10735000F7D10260F5E70B680360F2E7012A02D17A
:10736000016000207047022A05D0032AF9D0002AC4
:10737000F7D10260F5E70B680360F2E7012A02D15A
:10738000016000207047022A05D0032AF9D0002AA4
:10739000F7D10260F5E70B680360F2E7012A02D13A
:1073A000016000207047022A05D0032AF9D0002A84
:1073B000F7D10260F5E70B680360F2E7012A02D11A
:1073C000016000207047022A05D0032AF9D0002A64
:1073D000F7D10260F5E70B680360F2E70B685969C3
:1073E00010B4046810681A680B6840219B1A54F89E
:1073F00023205DF8044B19F049BB00BF0968034620
:1074000010684A690968126810B4A2EB010C4021A7
:10741000D3E9002454F82C305DF8044B19F036BB46
:107420000B46402110B41C680368106862695DF85F
:10743000044B127853F8222019F028BB38B50B46BC
:1074400014680A491D680268204619F055FB6B69EB
:107450002218197819B9064B1B88235238BD0139F7
:107460000020BDE838400BF097BC00BF703B032400
:107470007438032470B500F58053D0F84042D2B17F
:1074800093F8C051BDB124784CBBD3F814416CB112
:10749000A44604F5807505E0A14233D00CF1020C3E
:1074A000654503D09CF80040002CF5D1A1F13C04C7
:1074B000E5B20F2D2AD91D4C4FF0000C83F8FD13B7
:1074C000A3F8FE231A49D3F8A822256883F8FCC341
:1074D0000860D3F8843422609847256070BDD3F8E3
:1074E000106134681C4494F81C51154484F81C51F4
:1074F00034681C4494F81C51AA42DCD26D0884F80C
:107500001C51D8E79CF801401F2CD4D80126D3F891
:107510001851A6401C443543C3F8185194F81C5127
:107520001544EDB2AA42E9D3E9E700BF000000200C
:107530004CDF00202DE9F0414C4F0D464C490646EA
:107540002DED028BF0EE408AB0EE608AF4F748FC35
:107550003A6858B9D36802F5805143F40073C1F812
:10756000C851D360BDEC028BBDE8F08102F5117407
:1075700002F6C41205E063699D4205D0503494427E
:10758000F0D02369002BF6D1236C3BB104F1380114
:107590000322084698470023C4E91033236B3BB10C
:1075A00004F128010322084698470023C4E90C335C
:1075B000DFF8C88030464146F4F712FCD5ED007A7A
:1075C00060BBB1EE007AC4F81080F4EEC77AF1EE39
:1075D00010FA47DCB9EE007AF4EE477AF1EE10FAD1
:1075E00048BFF0EE477A23494FF08143C5ED007A5A
:1075F0002046214A2160636004233968E36401F571
:1076000094716561A26006F075FE3B68BDEC028B6B
:1076100003F58053C3F80841BDE8F081B4EEE78A72
:1076200000232661E364F1EE10FA18D4F4EE678AC1
:10763000F1EE10FA78FEA77A78EE686AC5ED007A66
:10764000B3EE087AC4ED008A84ED018A6561C6EE66
:10765000877ABDEC028BC4ED027ABDE8F081F0EED2
:10766000487AE9E7F0EE477ABDE700BF4CDF00203B
:107670007C3B0324000080C0ABAAAA3D883B0324C6
:107680002DE9F04700F580540D460646C248D4F86F
:10769000A8121746FCF7ACFF29686A68AB68E8686F
:1076A000C4F8DC13C4F8E023C4F8E433C4F8E803F6
:1076B000AB6929696A69C4F8EC13C4F8F023C4F80B
:1076C000F433AB8BA4F8F833B44B1B78002B40F0A9
:1076D0001A81C4F89C3294F8C0312BB1D6F84032EC
:1076E0001B78002B00F09280F368990600F19580DA
:1076F000D4F8C82142B1D6F84012897B07EE901A1F
:10770000FAEECC7AC2ED007A5A0700F1088140F215
:107710000442134240F0FB80D80512D52B7903EBCD
:10772000C30203EB420303EBC3035533C3F342121B
:1077300042EAC303DBB2022B7BD994F8E830002B7A
:107740007AD194F8C031002B40F0BE80D4F8F830E4
:1077500094F80D231833C4F8F83062B1904B914D72
:107760001E60D4F8A832D5F800802B60D4F8EC3233
:107770009847C5F80080D4F8F03063B1D4F8F830F9
:1077800042F22632A3F6B931914298BFC4F8F430E0
:107790000023C4F8F830D4F8FC300022D907C4F82C
:1077A000F0200FD541F2DC1232443A6099071AD525
:1077B00041F23C2333447B600021BDE8F04708469A
:1077C000FCF716BF5A07F1D5F36841F2DC11182215
:1077D0003846DD07314440F1F6800BF08FFCD4F8D9
:1077E000FC309907E4D41A07E6D5F36841F23C214E
:1077F00018223846DB07314440F1EA800BF07EFC6A
:107800000021BDE8F0470846FCF7F2BE3C23C4F86F
:10781000F433F36899067FF56BAF41F2DC32D4F8AC
:107820000811304632440BF06BFEC4F8D001F36807
:107830005EE7012384F8E830AB68002B00F0B680E7
:107840000423C4F8EC302A79574BA3FB02139B099D
:1078500003EB4303A2EB431294F8E930D2B2934214
:107860003FF46FAFD4F8D820D4F8E010013294F888
:10787000DC309142C4F8D82000F3BF80521A0133A3
:107880009142DBB2FADD0121C4F8D82084F8DC3063
:1078900094F8E4209A4202D89B1A84F8DC30D4F899
:1078A000F0300B44C4F8F0303F4B2A79A3FB0213AD
:1078B0009B0903EB4303A2EB431294F8C03184F815
:1078C000E920002B3FF442AFD6F840320022D4F832
:1078D00018A1C4F818211D78D4F8EC133DB3D4F8DE
:1078E000103141B11A684FF0010A80210AFA02FAF8
:1078F000224482F81C111A6801239340C4F85C31B9
:10790000C4F8ECA322E70BF0EBF80368E1E64FF0D4
:10791000FF300BF04BFBF368C4F8D801FCE66FF0C6
:1079200001000BF043FBF368C4F8D401EFE641F229
:107930001C19C4F85C51B1440BE0D4F81021156057
:1079400089F82030013594F8C03109F101099D42D0
:10795000D6DA4FF00108022308FA05F81AEA080FF0
:10796000EBD199F844000028ECD0D4F85C31013810
:1079700043EA0803C4F85C310BF050FA8023002876
:10798000E0D089F800300223D4F810214AEA080A2E
:10799000156089F82030D5E7903B0324101F0120A3
:1079A0004CDF002000000020ABAAAAAA2A79612A95
:1079B0003FF446AFD4F8EC10012911D000297FF72D
:1079C00043AF4B1E3DE70BF055FBD4F8FC30EDE622
:1079D0000BF050FB0021BDE8F0470846FCF708BE5D
:1079E000D4F8E02084F8DC30002AC4F8D83000DC79
:1079F000FEE70222C4F8F02023E7002148E700BF99
:107A000000F58052D2F8F83253B10C49D2F8A822CE
:107A100070B50B4C0860256822609847256070BDE2
:107A2000084B186810B103681B681847064B0146DD
:107A30004FF48062186819F0BFB900BF4CDF002016
:107A40000000002068E60020005F002070B500F50F
:107A500080568AB00C4696F8C03183B9D6F81433F4
:107A60005BB1D6F81813A268CDE90831002A3CD0E2
:107A7000E36809AA08A9204698470AB070BD012307
:107A800000F58E520546CDE906238B68002B2CD0DD
:107A9000CB6807AA06A92046984796F8C02105F5A5
:107AA0008B530592A2680493FAB1E36805AA04A96E
:107AB0002046984796F8C02105F58C530392A2689A
:107AC000029392B1E36803AA02A92046984705F5FC
:107AD0008D5596F8C021A368CDE900522BB1E3681B
:107AE00001AA694620469847B8E714F055F800BF48
:107AF000164B174A1B68DB68DB0570B5064602604B
:107B000002D5144B01221A7006F6C41406F6C435C9
:107B10000BF038F954F8040F18B10BF08DF800236E
:107B20002360AC42F6D106F58053D3F8A80208B121
:107B30000BF082F8084B304633600BF027F83046E4
:107B400041F28C4113F0FFFF304670BD4CDF002046
:107B5000BC670324FC01002060670324084B1A68FB
:107B600002F6C81302F6C83C01E0634506D01A4687
:107B7000043311688842F8D1002313600BF05CB81D
:107B80004CDF0020084B1A6802F6C81302F6C83C06
:107B900001E0634506D01A46043311688842F8D1E3
:107BA000002313600BF048B84CDF0020084B1A6824
:107BB00002F6C81302F6C83C01E0634506D01A4637
:107BC000043311688842F8D1002313600BF034B8F5
:107BD0004CDF0020084B1A6802F6C81302F6C83CB6
:107BE00001E0634506D01A46043311688842F8D193
:107BF000002313600BF020B84CDF0020084B1A68FC
:107C000002F6C81302F6C83C01E0634506D01A46E6
:107C1000043311688842F8D1002313600BF00CB8CC
:107C20004CDF002010B50446006898B10A4B1A6872
:107C300002F6C81302F6C83C01E0634506D01A46B6
:107C4000043311688842F8D1002313600AF0F4FF6E
:107C500000232360002010BD4CDF00202DE9F04FF1
:107C600080468FB0002900F098800C464D49204690
:107C700019F054F9814600284ED0A0EB040A0126E1
:107C8000B24400E0013603AA04A93046FCF7B2FA78
:107C90000546002871D009F102073846F4F700F9CB
:107CA00039460246049819F05DF80028EAD12F21E0
:107CB000284619F098F8002862D009AF1421BB4675
:107CC0002B46394A584618F0E1FE01280EDD0BEB31
:107CD0000002012301E0984208DD12F8011D013382
:107CE0002E2901D100211170052BF4DD0023384627
:107CF00005A9CDF8148006932C4B08932C4B0793C1
:107D00000BF00CFF049BC361079B002BBAD005A9A5
:107D1000032208469847B5E709AFDFF89090244E54
:107D200013E0291B013118F0B1FE002305A93846E4
:107D3000CDE90583CDE907690BF0F0FE05A9079BA6
:107D40000322084603B198476C1C3B21204619F0DA
:107D50004AF8054622463846002DE2D120463946EB
:107D60000A95CDF82480CDE90B690BF0D7FE0B9B6B
:107D70001BB103223946384698470FB0BDE8F08F53
:107D800009AF142153460B4A3846009418F07EFE82
:107D900007EB000BC0F1140192E7F7F729F904464D
:107DA00064E700BFA43B03244C490324C98B01248E
:107DB000BD730124A83B03242DE9F04F5F4C91B023
:107DC0005F4B22689A4202D011B0BDE8F08F204686
:107DD000F7F750F9024621460020A458FCF768FD49
:107DE0008442F1D1574E3378002BEDD00024564F0A
:107DF00004E001343278E3B29A42E5D920460BF030
:107E00004FFB3B688342F4D120464FF000080AF054
:107E10002DFF82460BF060FF05680FFA8AF3CDF85C
:107E20000C80CDF8188003EB430305EB0315AB6A18
:107E3000CDE90488002B76D005F12009022203A8A1
:107E40000DF1300B49469847EB6ACDF83C8006931C
:107E5000AB6ACDE90B58CDE90D8805933BB1022201
:107E600003A958469847069B0F93059B0E934FF026
:107E700000081420CDF81C80CDF82880CDE90888B2
:107E800013F063FE02460B9807AB9446DDE90EE162
:107E90004CF8040BC2F80480CCE901881161BEF1F2
:107EA000000F09D0CDF83C809BE80300CDF8388066
:107EB0008CE80300C2F80CE0079201AADFF88CE01E
:107EC000DFF88CC093E8030082E8030099E8030020
:107ED00083E8030092E8030089E80300D5F82880CE
:107EE000EA6AC5F828E0CDF82480C5F82CC00A92CB
:107EF000B8F1000F03D0032219461846C0470E9B65
:107F00001BB1032259465846984751460022204645
:107F10000AF0B6FE059B002B3FF46BAF03A90322CA
:107F20000846984765E70DF1300B05F120090F93DE
:107F3000CDE90B53CDE90D3399E700BF4C5F00202D
:107F400055444C4DA80100204CDF0020C183012482
:107F50004D8B01242DE9F04141F2A42700F5805416
:107F600088B0022100230744009105461A4638468E
:107F7000D4F80011F6F764FE064684F8A002002843
:107F800040F038813846F7F793F8C4F8B402D4F8D3
:107F90000001F7F72DF8B04BC4F8B002FF22C5F886
:107FA000543241F20C3384F80C6301212B44C5F8A0
:107FB0004462C5F8482202AAC5F858320823C5F819
:107FC0009012C5F84C3205F51F73DFF8C8E2DFF8F0
:107FD000C8C2CDE9045604AE96E8030082E8030067
:107FE00093E8030086E8030092E8030083E80300B7
:107FF000D5F88432D5F88822C5F884E20693C5F80E
:1080000088C207921BB10322314630469847D4F804
:1080100000219249D4F8D40018F06EFDD4F8D43081
:10802000D4F8A82218448E49C4F8D40018F064FD8E
:10803000D4F8D4308B491844D4F8A432D3E90423BB
:10804000C4F8D4001A4418F057FDD4F8D430D4F84A
:10805000A4121844CA888B888968C4F8D400009197
:10806000814918F049FDD4F8D430D4F8A822184436
:10807000D4F8A4327D499B88C4F8D40002EB830273
:10808000C4F8002318F038FDD4F8D430D4F8CC204C
:1080900018447749D4F8D030C4F8D40018F02CFD37
:1080A000D4F8D430D4F8D0200344C4F8D4304AB142
:1080B000D5F8C80CA0F10050B0FA80F0400908B023
:1080C000BDE8F0816B4E41F2D02238462A44314659
:1080D000F6F7ACFFC4F8D062002800F09E80D4F818
:1080E000D43232466449D4F8D40018F005FDD4F8EF
:1080F000D4300344C4F8D430604E41F2E82238460C
:108100002A443146F6F792FFC4F8E862002800F0EE
:108110009D80D4F8EC3232465749D4F8D40018F098
:10812000EBFCD4F8D4300344C4F8D430544E41F2BC
:10813000DC2238462A443146F6F778FFC4F8DC6280
:1081400000287ED0D4F8E03232464B49D4F8D4002F
:1081500018F0D2FCD4F8D4300344C4F8D430494EDB
:1081600041F2F42238462A443146F6F75FFFC4F85C
:10817000F462002860D0D4F8F83232463E49D4F890
:10818000D40018F0B9FCD4F8D4300344C4F8D43087
:108190003D4E41F2C42238462A443146F6F746FFA6
:1081A000C4F8C462002842D0D4F8C83232463249FA
:1081B000D4F8D40018F0A0FCD4F8D4300344C4F8A8
:1081C000D430324E05F5A458384642463146F6F7CB
:1081D0002DFFC4F8806428B3D4F88434324626498D
:1081E000D4F8D40018F088FCD4F8D4300344C4F890
:1081F000D4305DE7002302462549C4F8A832D4F8FC
:10820000D40018F079FCD4F8D4300246012013448D
:10821000C4F8D43008B0BDE8F081C4E9B400C4F8B3
:10822000D80269E7C8E90000C8F8080040E7C4E9D7
:10823000B100C4F8CC02C4E7C4E9BD00C4F8FC0234
:10824000A6E7C4E9B700C4F8E40288E7C4E9BA00C5
:10825000C4F8F0026AE700BF7C410324BC3B03245E
:10826000F43A0324C43B0324D43B0324E43A032418
:10827000E83B0324F43B0324FC3B0324083C032495
:10828000103C0324183C0324243C0324383C0324DE
:10829000B03B03247D7301249D8201240A682DE9EB
:1082A000F041056884B0002A63D12B683F4A9B687F
:1082B000934272D105F5805494F8A032002B63D11B
:1082C000D4F8D030002B5FD194F80D63002E5BD131
:1082D0004FF4F062314605F51170354F18F06CFD22
:1082E00041F2A42001AA394628440396CDE901664B
:1082F000F6F79CFE0197002855D02E4FD4F8A832EF
:108300002D4ED7F8008035603B60029B9847C7F838
:108310000080D4F8D43283B1264FD4F8A822D7F8FD
:10832000008035603A609847D4F8EC32C7F8008096
:10833000003B18BF012384F80D33D4F8FC20570606
:1083400003D5EB6843F00103EB6031681006CB689E
:1083500004D543F08003CB60D4F8FC20920502D50D
:1083600043F40073CB60DB050ED5144B00221A706A
:108370000AE005F58054D4F804334BB1002ACCBF91
:108380000433043BC4F80433012004B0BDE8F08199
:10839000D4F80033C4F80833F0E7284698470120A2
:1083A00004B0BDE8F081044EB3E700BF6D71012455
:1083B000603B0324000000204CDF0020FC01002073
:1083C000012A2DE9F041054604D10B680360002025
:1083D000BDE8F081022A144612D0032A03D0002AF5
:1083E000F5D12A60F3E70468002CF0D0E36813B1FC
:1083F000211D084698471421204613F0A4FBE6E708
:10840000D1F80080142013F0A0FB0023D8F800203E
:108410000646D8F80C7040F8042B7360C0E90133AD
:1084200033613FB1224608F10401B847D8E903326D
:10843000C6E903322E60CAE72DE9F043DFF82C933A
:108440001F4689B00646D9F800300D46904603F520
:10845000117403F6C413226942B16269954205D0D2
:108460005034A342F7D109B0BDE8F083236C3BB18F
:1084700004F138010322084698470023C4E9103369
:10848000236B3BB104F128010322084698470023DF
:10849000C4E90C33236A3BB104F1180103220846F6
:1084A00098470023C4E90833A4493046F3F798FC01
:1084B00000284CD0A2493046F3F792FC002800F087
:1084C000C080A0493046F3F78BFC8146002860D07D
:1084D0006369AB4200F0058101972A462B6831465B
:1084E0002046CDF8008007F07DFD109B002BBAD010
:1084F0009549304618F012FD04ABD4E9085700281E
:1085000000F01181109A049602AE059204F118024F
:10851000DFF85CE2DFF85CC293E8030086E8030062
:1085200092E8030083E8030096E8030082E8030072
:108530000695C4F820E00797C4F824C0002D92D017
:10854000032219461846A84709B0BDE8F0834FF446
:10855000C05331462A4620460193A3F54053009369
:108560002B6807F03FFDE36C8022D9F8001043F040
:108570000503204601F59471A260E36405F0BAFE9C
:10858000D9F8003003F58053C3F8084109B0BDE8BD
:10859000F0836E4A04E009F10109B9F1FF0F07D039
:1085A00052F83930002BF6D1B9F1000F3FF45BAF30
:1085B000002609F1FF332A4665492046654FCDE97B
:1085C00000632B6804AD07F00DFD04F11803624A47
:1085D000CDE9049602AE95E8030086E8030093E82F
:1085E000030085E8030096E8030083E80300236A9C
:1085F000616A06932762079162621BB103222946D2
:1086000028469847002204F12803544F04926A60D8
:1086100002927260524A93E8030085E8030096E8EC
:10862000030083E80300236B616B069327630791C4
:108630006263002B3FF417AF032229462846984770
:1086400011E7D9F80030FFB25FFA88F1DA683846EE
:1086500042F08802DA6003F58053109AC3F8105193
:10866000C3F8C4217A1C83F8C0212B789F4236D3EB
:108670008B4238BF0B46002930D1FF2F2ED11F4629
:1086800008222F4B236121232F70E364109B656127
:10869000A260C4E90010002B3FF4E5AE04AB002259
:1086A000109902AD059204F11802049193E80300B9
:1086B00085E8030092E8030083E8030095E80300DF
:1086C00082E803002749D4E90852069521620792FF
:1086D000254A6262002D7FF433AFC4E61F460122B3
:1086E000CFE7204606F044FE0197A7EB080707EE08
:1086F000908A2A46314607EE107AF8EEE77A20464D
:10870000CDF80080B8EEC77AE0EE077AF8FE677A17
:10871000FDEEE77A17EE903A07F064FCE36C43F461
:108720008053E364E1E6109A02AEDFF84CE0049275
:1087300004F11802DFF844C00590EDE6883B0324FD
:10874000503C0324583C03244C490324F4E6002005
:10875000603C03243D7301245169012429730124E1
:10876000316901245D730124217401244CDF002050
:1087700005730124FD730124E5720124DD730124D6
:1087800008292DE9F04F834689B0924641D0DB6835
:108790009A0403D5B1F5005F00F09980DE0435D569
:1087A000B1F5805F32D19BF8B01079B30BF1900333
:1087B000002013F8402C2AB3DAF800200825DBF853
:1087C000B41051F8204002F15001CAF80010197895
:1087D00014660124082938BF0821F82928BFF82188
:1087E0001970DAF800109465C2F89C40F8245366BA
:1087F000C2E91454CA6C42F40162CA6410228A604D
:108800009BF8B010013001338142D2DC09B0BDE8E1
:10881000F08FD3F840321E78002EF7D190F8B030A8
:10882000002BF3D000F1500802AF04ADDAF800409D
:108830000022DBF8B43004F15001104653F8263022
:10884000CAF80010114698F800900193CDF8008006
:108850000AF0A2FA019BC0B2002281450493374B73
:1088600028BF8146FF282366009B08F8019B0592DC
:108870006366DAF80030226514BF012208226065C1
:1088800003F1180CA265012295E80300C4F89C20AE
:10889000032287E803009CE8030085E8030097E8CB
:1088A00003008CE8030026491C6A26481962596AAD
:1088B00006945862079114B129462846A04701360C
:1088C0009BF8B030B342B1DC09B0BDE8F08F90F84E
:1088D000B01000299AD000F17003002013F8202C6A
:1088E00032B3DAF800200827DBF8B41051F8204042
:1088F00002F15001CAF80010197814660124082901
:1089000038BF0821F82928BFF8211970DAF80010BB
:108910009465C2F89C40F8245366C2E9147440F68A
:108920000802CC6C2243CA6410228A609BF8B01003
:10893000013001338142D1DC68E700BF28310324D4
:108940009D7301243D74012470B506460D461446FE
:1089500003F090FC41F2101033462A462146304481
:10896000FFF70EFF70BD00BF2DE9F8430F46002151
:1089700006460AF0B9F8714B4FF40072002106F672
:10898000C810336006F6CC4818F016FA4FF480721F
:10899000002106F6C83018F00FFA4FF4806200216B
:1089A000404618F009FA41F2D002002406F580553D
:1089B000B11841F210134FF0800905F5887041F8A5
:1089C000044C3344B45006222146C5F8D840C5F8BB
:1089D000E02041F2707285F8DC4085F8E840C5F887
:1089E0000441C5F8F420B82285F8E490C5E93B4479
:1089F000C5E93E4443E9024418F0DEF941F2D013E0
:108A000021466022334405F5EE7043E90244C5E98E
:108A1000754418F0D1F92146602205F50F7018F061
:108A2000CBF941F2B023C5F89C4206F5985285F87F
:108A3000A0424FF47A71C5F8AC4206F5A050C5E9E2
:108A4000A944F45033445C6041F2F033A5F8C042CD
:108A5000C5F8FC42C5E9AE44C5E9B144C5E9B34433
:108A6000C5E9B544C5E9B744C5E9B944C5E9BB445E
:108A7000C5E9BD44C2E9004406F59F52C5F8084364
:108A8000A5F80C43C5F810132146C5E9C544C5F83F
:108A9000DC4385F8E043C2E90144C5F8EC433C22DD
:108AA000F45033445A604A46A5F8F843C5F8FC43ED
:108AB00018F082F9224B06F58C501E6006F5A4537F
:108AC000C3E900449C6006F58D54A04203D049469A
:108AD000202218F071F920462022802118F06CF92C
:108AE000184BC5F80071C6F8C83CC5F8D4803B786F
:108AF000552B14D0144B0A22186885F8A0229A88A6
:108B00009B79C6F8CC0CA8F8042088F80630D5F874
:108B1000D4300633C5F8D4303046BDE8F8837B78CE
:108B20007A1C442BE6D112F8013F4C2BE2D153784A
:108B30004D2BDFD10020F6F797FAEDE7BC67032451
:108B40004CDF002000000020703C0324F0B50668D4
:108B500087B0002302ACF768356802930593C4E937
:108B6000013367B30222311D2046B847D6E9037CA2
:108B700094E803006A4605F1200382E8030093E8C5
:108B8000030084E8030092E8030083E80300AB6A73
:108B9000EA6AAF620493C5F82CC005921BB10322A8
:108BA00021462046984741F28C400AF041F804469D
:108BB00010B10449FFF7D8FE204607B0F0BDBC460F
:108BC000D6E700BF4C5F002038B5054641F28C4027
:108BD0000AF02EF8044610B12968FFF7C5FE2046BA
:108BE00038BD00BF0AF024B8084B1A6802F6C81353
:108BF00002F6C83C01E0634506D01A46043311680A
:108C00008842F8D1002313600AF016B84CDF002028
:108C1000704700BF10B51D490446F3F7E1F848B3AB
:108C20001B492046F3F7DCF810B31A492046F3F746
:108C3000D7F818B318492046F3F7D2F8E0B117492E
:108C40002046F3F7CDF8D8B115492046F3F7C8F818
:108C5000C0B114492046F3F7C3F8A8B11249204621
:108C6000F3F7BEF8114B00280CBF1846002010BDCA
:108C70000F4810BD0F4810BD0F4810BD0F4810BD64
:108C80000F4810BD0F4810BD0F4810BD783C03249D
:108C9000803C0324883C0324903C0324983C032418
:108CA000A43C0324AC3C0324B43C032419690124F0
:108CB000C5680124D56F0124BD680124B56801246D
:108CC000FD68012401690124257C0124F8B5A84D23
:108CD0002E68002E00F0A98606F580570446D7F8C6
:108CE000CC300133C7F8CC300178002900F09485EE
:108CF000864601224FF0000C0A441EF8011F9444DE
:108D00000029F9D192B29B4B42EA0C429A4200F000
:108D10006D842BD9984B9A4200F05D8400F29980C3
:108D2000964B9A4200F09C8500F2B980944B9A428F
:108D300000F0948500F27C81924B9A4200F0F4831B
:108D400000F2AD82904B9A4200F0788400F24D869A
:108D5000A3F51013073B9A4200F0138503F5F813AF
:108D600001339A4240F058858848F8BD884B9A42B2
:108D700000F02F842BD8A3F15F73923B9A4200F04E
:108D8000498500F2AF80A3F5E2031C3B9A4200F054
:108D90003A8500F26581A3F1A673493B9A4200F03F
:108DA0001E8500F230827B4B9A4200F0268500F24D
:108DB0001086A3F56813103B9A4200F0E68403F591
:108DC0002C1313339A4240F027857348F8BD734B38
:108DD0009A4200F0008500F2A780A3F50903213B29
:108DE0009A4200F0F68400F29081A3F5F203193B59
:108DF0009A4200F0CD8300F22D82A3F560239A42BF
:108E000000F0B28300F2EB85A3F56C13103B9A429D
:108E100000F0E98403F52C1309339A4240F0FC84F6
:108E2000002306F64844C6F8483C0AF055FFD0E94E
:108E3000003098420BD02A68516802E030339842E3
:108E400005D01A688A42F9D1DB69C6F8483C204649
:108E5000F8BD534B9A4200F0A88400F2BD80514BFC
:108E60009A4200F09A8400F26B814F4B9A4200F0D4
:108E70006B8300F2E782A3F57013123B9A4200F075
:108E8000F98400F27985A3F15F73263B9A4200F0E2
:108E90009084464B9A4240F0BF844548F8BD454B0C
:108EA0009A4200F0708400F2F780A3F528037E3B1D
:108EB0009A4200F0478300F2AA823F4B9A4200F0A8
:108EC000FA8400F268853D4B9A4200F0548403F521
:108ED00040339A4240F0A084042306F6CC30C6F812
:108EE000CC3BF8BD364B9A4200F0618400F24681DB
:108EF000A3F54813063B9A4200F0288300F2B4829F
:108F0000A3F5A403603B9A4200F0018500F2498575
:108F10002C4B9A4200F03A8303F5C81310339A425F
:108F200040F07A842848F8BD284B9A4200F02C8300
:108F300000F23F81A3F57703293B9A4200F0518468
:108F400000F26F81A3F1B073143B9A4200F0768473
:108F500000F203851E4B9A4200F02D8403F5FF3387
:108F600003F5FD739A4240F057841A48F8BD00BFDC
:108F70004CDF00202D03D90D0B05C5204A04B11785
:108F8000E503751364033A0F3D03900E0560012459
:108F90004502CB0743018C026DBB02249A023709BC
:108FA00087067837C805452A4E0524251F05C023A6
:108FB0007D6601249C04461B5A04041A6F04A819F8
:108FC00004020106BD0165047D0A0324E3029D0B32
:108FD0009902400965DC0224BA4B9A4200F0ED8305
:108FE0007BD8B94B9A4200F0A18200F2C181A3F173
:108FF00099633B3B9A4200F03F8300F2D884A3F58B
:109000004F23A3F6F9739A4200F0E78303F57F3309
:1090100003F2E9339A4240F0FF83AC4B1B78002BFC
:1090200000F0E984F368AA4843F48073F360F8BD64
:10903000A84B9A4200F0D98300F2D380A3F596039F
:10904000103B9A4200F0D78300F2B784A24B9A42B9
:1090500000F00884A14B9A4240F0DE83A048F8BD9E
:10906000A04B9A4200F06C8200F2BE81A3F520234F
:10907000043B9A4200F0FA8300F27584A3F5602362
:10908000033B9A4200F0F08303F5002309339A4230
:1090900040F0C2839448F8BD944B9A4200F091820C
:1090A00000F2EB80A3F1D1739E3B9A4200F0AC82B8
:1090B00003F5102303339A4200F0A4828C4B9A42AA
:1090C00040F0AA83814B1B78002B00F09684F36854
:1090D000884843F48073F360F8BD874B9A4200F0F0
:1090E0001D8200F2ED81854B9A4200F0F183844BA2
:1090F0009A4200F0E683834B9A4240F08D83F368F6
:10910000814843F04003F360F8BD804B9A4200F081
:10911000138200F24681A3F59F23A3F2FB739A42C8
:1091200000F09A8203F57F3303F2FE339A4200F097
:109130009182A3F5A8139A4240F06E837448F8BD5B
:10914000744B9A4200F0DC8100F29E81724B9A428D
:1091500000F09C83714B9A4200F09683704B9A42C8
:1091600040F05A83F36841F2F00206F6344032448C
:1091700043F48973C6F8342CF360F8BD694B9A4206
:1091800000F0B88100F2AA81A3F52413053B9A42AE
:1091900000F0DD8303F55F2303F6FE739A4200F0CF
:1091A000D483A3F53813073B9A4240F035835E48D9
:1091B000F8BD5E4B9A4200F0C18100F20581A3F533
:1091C000DE03103B9A4200F0D082594B9A4200F0E5
:1091D000CA82A3F53813063B9A4240F01D835548D6
:1091E000F8BD554B9A4200F00C8303F52813113358
:1091F0009A4200F00483A3F5BA03013B9A4240F07F
:109200000B834E48F8BD4E4B9A4200F025834D4BE0
:109210009A4200F015834C4B9A4240F0FD824B4835
:10922000F8BD4B4B9A4200F0AD814A4B9A4200F098
:10923000A781A3F504030A3B9A4240F0ED82F3684C
:1092400006F59F5206F6FC3043F00203C6F8FC2BED
:10925000F360F8BD404B9A4200F0E48103F54033DF
:1092600006339A4200F0D28103F1F43303F10B2369
:109270009A4240F0D1823948F8BD394B9A4200F009
:10928000E18103F5EC0318339A4200F0D981A3F58C
:109290006A03453B9A4240F0BF823248F8BD324BE8
:1092A0009A4200F0598203F544130F339A4200F0BA
:1092B000EA81A3F10873213B9A4240F0AD822B482A
:1092C000F8BD00BF7D07DF46CC06AC3CFC010020AA
:1092D000816F012411045516EB03DF13FA03D8152F
:1092E00025610124AA0139048DA60000E304111FA1
:1092F0007C045F1B716F0124A70882658707B34751
:1093000069087A5D85073B47D56E01248902D90833
:10931000EF100324DA051931C305482BFB0547304C
:10932000A405722A19026806F1BF02240703420C41
:10933000EC02EF0B7D6C01241604EC167161012424
:109340005701A8029801D9034B019C027DBB02245E
:10935000D602690BD5027B0B75027A08596D012480
:10936000EC04BA1FB56601248703A7118D0A0324F4
:10937000C64B9A4200F07E8103F54F2303F6F97342
:109380009A4200F06B8103F17E43393B9A4240F0F0
:10939000438209F0C9FC034606F53D60C6F8D03BA0
:1093A000F8BDBB4B9A4200F0E48103F5DF2303F2E2
:1093B000FE739A4200F0DB81A3F59203073B9A42C9
:1093C00040F02A82B348F8BDB34B9A4200F0508275
:1093D000B24B9A4200F0CD82A3F1B573083B9A429A
:1093E00040F01A82AE48F8BDAE4B9A4200F0678258
:1093F00003F5DF2303F2FD739A4200F05E82A3F5CA
:109400009013053B9A4240F00782A748F8BDA74B4E
:109410009A4200F0378203F5302311339A4200F06C
:109420002B82A3F51013013B9A4240F0F581F368BB
:1094300006F58D5206F63C4043F48053C6F83C2CAA
:10944000F360F8BD9A4B9A4200F0718203F5C013A5
:1094500006339A4200F05D82A3F5FC03413B9A4239
:1094600040F0DA819348F8BD934B9A4200F0218294
:10947000924B9A4200F01B82A3F5E0130B3B9A42F9
:1094800040F0CA818E48F8BD8E4B9A4200F033827C
:1094900003F5F01306339A4200F020828A4B9A4279
:1094A00040F0BA8141F23C2306F61C403344C6F832
:1094B0001C3CD7F8FC3043F00803C7F8FC30F8BD7B
:1094C000824B9A4200F04782814B9A4200F04182DF
:1094D000804B9A4240F0A0817F48F8BD7F4B9A4272
:1094E0000CD07F4B9A4207D07E4B9A4240F0948139
:1094F0007D48F8BD7D48F8BD7D48F8BD7D48F8BD84
:1095000041F2DC1306F618403344C6F8183CD7F88D
:10951000FC3043F00403C7F8FC30F8BD764B06F589
:109520003E60C6F8E03BF8BD7448F8BD744B06F6E3
:10953000D830C6F8D83BF8BD7248F8BD7248F8BDBF
:109540007248F8BD7248F8BD7248F8BD41F29C23DC
:1095500006F628403344C6F8283CD7F8FC3043F0E0
:109560001003C7F8FC30F8BDF36841F2E83206F6A4
:10957000F430324443F00803C6F8F42BF360F8BD2E
:109580006548F8BD6548F8BD6548F8BD6548F8BD53
:10959000654B06F64444C6F8443C0AF09DFBD0E90E
:1095A000003098420BD02A68516802E0303398426C
:1095B00005D01A688A42F9D10833C6F8443C2046DF
:1095C000F8BD41F2FC3306F6EC303344C6F8EC3B10
:1095D000F8BD5648F8BD564B1B78002B00F00F82A3
:1095E000F368544843F48073F360F8BDF36841F2C4
:1095F000E43206F6F830324443F01003C6F8F82B94
:10960000F360F8BD4C48F8BD4C48F8BDF36841F232
:10961000DC0206F54360324443F48973C6F8302C0B
:10962000F360F8BDF36841F2EC3206F53F60324476
:1096300043F00803C6F8F02BF360F8BD4048F8BDCE
:109640004048F8BD41F21C1306F658403344C6F8B2
:10965000583CF8BD3C48F8BD3C48F8BDF36841F2C1
:10966000F40206F54460324443F48973C6F8402C92
:10967000F360F8BD3648F8BDD7F8003106F545600F
:10968000C6F8503CF8BD3348F8BD00BF7C07EF4535
:1096900094021C09C52F01241403580C1003B30DA8
:1096A000010E0324B401460489BB02247204E81AA3
:1096B00070050E26DD6C01240902EA05E601F805B5
:1096C00079D6022477064E36E0053D314109136F05
:1096D0003D0B8AA4B808FA65DD6601243102AC06A8
:1096E0000A02AE0719026F06F5FC022451BF0224DC
:1096F000F1BE0224ADBF022404280120114401243C
:1097000034F20020D1DB0224F90A0324A5C102248B
:1097100099A70000AD680124D14301243D610124D3
:10972000CDFD022449D70224B8380324AD7B01249F
:10973000FC010020616F0124398401243575012466
:1097400025600124B97D01241D690124C12F012454
:10975000000000006560012406F5A05306F65C4099
:10976000C6F85C3CF8BDB248F8BDB248F8BDB24896
:10977000F8BDB248F8BD0A2306F6D430C6F8D43B8B
:10978000F8BDAF48F8BDAF48F8BD41F2DC3306F68E
:1097900004403344C6F8043CF8BD41F2FC0306F62D
:1097A00014403344C6F8143CF8BDA748F8BDA74898
:1097B000F8BDA748F8BDA748F8BDF36841F25C12B0
:1097C00006F64C40324443F48053C6F84C2CF36008
:1097D000F8BDA148F8BDA148F8BDA148F8BDA14811
:1097E000F8BDA148F8BDA148F8BDF368A04843F012
:1097F0004003F360F8BD9F48F8BD9F48F8BD9F48FF
:10980000F8BD9F48F8BDD6F8403206F62C40C6F8A1
:109810002C3CF8BD9B48F8BD2046FFF7FBF900281B
:109820007FF4A3AA2046FAF7D3FD0646002800F0ED
:10983000E8800420FDF728FA0660F8BD9248F8BDDC
:10984000F36841F2D01206F60840324443F0200398
:10985000C6F8082CF360F8BD8C48F8BD8C48F8BDFC
:109860008C48F8BD8C48F8BD8C48F8BD8C48F8BDD4
:109870008C48F8BD8C48F8BD8C4B06F6DC30C6F839
:10988000DC3BF8BD8A48F8BD8A48F8BDD7F800012E
:10989000F5F7F0FB2A68014602F5805302F65440C2
:1098A000D3F8003104330B44C2F8543CF8BD82486D
:1098B000F8BD8248F8BD8248F8BD8248F8BD8248AC
:1098C000F8BD824B06F6E4301B68C6F8E43BF8BDF1
:1098D000F3687F4843F04003F360F8BDF16841F25C
:1098E000D81240F2044306F6244032440B43C6F833
:1098F000242CF360F8BDF36841F2D41206F54260FF
:10990000324443F00403C6F8202CF360F8BD7148DC
:10991000F8BD41F23C2306F541603344C6F8103CE3
:10992000D7F8FC3043F00203C7F8FC30F8BD41F231
:10993000DC1306F60C403344C6F80C3CD7F8FC3078
:1099400043F00103C7F8FC30F8BD6348F8BD634835
:10995000F8BD6348F8BD6348F8BD634B9A427FF495
:109960005BAF6248F8BD624B9A427FF455AF6148E5
:10997000F8BD4FF0FF30F8BD5F4B9A427FF44CAF1B
:10998000F36806F58C5206F6384043F40053C6F8E7
:10999000382CF360F8BD594B9A427FF43DAF5848DC
:1099A000F8BD584B9A427FF437AF5748F8BD574B34
:1099B0009A427FF431AF5648F8BD564B9A427FF435
:1099C0002BAF41F2B82306F6E8303344C6F8E83B43
:1099D000F8BD514B9A427FF41FAF5048F8BD504B31
:1099E0009A427FF419AF4F48F8BD4F4B9A427FF42B
:1099F00013AF4E48F8BD4E48F8BD4E48F8BD4E482E
:109A0000F8BD286823464D4900F58050D0F8CC2099
:109A1000D0F8D40017F070F82B6803F58053D3E921
:109A2000342101440132C3E934210020F8BD00BFD4
:109A300009670124850D0324C90D03244170012405
:109A4000456001248D6F0124BD6101243DDB0224AA
:109A500005670124A1BE0024896C0124E1BD002416
:109A6000215E012471BB0224857B0124FD7B01243E
:109A700025670124DD60012475BB0224A160012457
:109A8000056E012481BB0224DF10032479BB02246C
:109A9000796E0124156E0124210C03245D7B0124C1
:109AA00051FD0224250E0324C9340124992D0224DA
:109AB000456C0124F1660124E1D40224AD6D01243A
:109AC000F560012405A70000FDD30224005F0020FB
:109AD00039670124B1480124F9C1022495BE02244A
:109AE00093BB02248DBB0224AF027A0AD57B0124EA
:109AF000A9013504B1D502245B051D2519046B1A93
:109B0000D1A70000F301BE05016E01240306533CFA
:109B1000196D01241E04281644018F0285BB0224FE
:109B20003D02280891BE02244F03ED0EE55F01249B
:109B3000A9680124A5680124A1680124BC3C032470
:109B400010B5044C206818B1F9F7A8FC2368184434
:109B500010BD00BF085F002010B50446007882B039
:109B6000422802D0002002B010BD607804F1010C40
:109B70004C28F7D11CF8010F4F28F3D19CF80100B5
:109B80004228EFD1201D08602021CDE9002317F0E5
:109B90005CF9411D019B21F0030160180C31426802
:109BA0000C441A60049A806810601868009A08448F
:109BB000146020F003000430D5E700BFF0B505467F
:109BC000444C87B0FAF794FB25601DB1F9F766FCA9
:109BD0002568054405AE11E0DDE90312FAF768FED9
:109BE000059B0246029893426BD16FF30B0404F578
:109BF00080542544DDE90312FAF752FB04AB03AAB3
:109C000002A928460096FFF7A7FF04460020002C73
:109C1000E2D1002404E004346FF30B0404F5805413
:109C20002F193846F5F726FA0646394600201EB3A6
:109C300034443246FAF73CFE2A59904214D1002FA0
:109C4000E9D03B78552BE6D17B787A1C442BE2D1C6
:109C500012F8013F4C2BDED153784D2BDBD1002184
:109C60003846FDF7FBFFD6E701461B4804F04AF9EA
:109C70004FF4806004F0A4FAF9F710FC174B3F1A78
:109C800001241F6000E0013404AA03A92046FAF76A
:109C9000B1FAA0B103980028F5D00378552BF2D182
:109CA0004378421C442BEED112F8013F4C2BEAD1F1
:109CB00053784D2BE7D10021FDF7D0FFE3E707B044
:109CC000F0BD0146064804F01DF94FF4806004F031
:109CD00077FA9EE7085F0020DC3C0324045F002045
:109CE000C43C03242DE9F843DFF84C800027DFF85B
:109CF0004C90D9F80040002504F580563C443E4481
:109D000002E0A64295B208D920460234F8F7C6FF11
:109D10004FF6FF736A1C9842F3D107F5805728F875
:109D2000025FB7F5704FE4D1024B01221A70BDE813
:109D3000F88300BF6EDF00204EDF0020A00100206E
:109D4000B0F5876FF8B529D2174B05461B7843B39A
:109D5000AA08164B164C05F00305A3FB0213246852
:109D6000DB08C3EB03101946131A124A45EA8105B2
:109D700004EB033432F8136004EB4606B4420DD210
:109D8000FF2720460234F8F789FFC3B2AB4208BF71
:109D9000C0F30727A642F4D83846F8BDFF27384657
:109DA000F8BDFFF79FFFD3E76EDF00208988888822
:109DB000A001002050DF00205AB170B50C468D186C
:109DC000461AA019FFF7BCFF04F8010BA542F8D111
:109DD00070BD70472DE9F04FB0F5876FC5B00091A9
:109DE00080F081804B4B05461B78002B00F08F8064
:109DF000AB08494E05F00305DFF82091A6FB0326CA
:109E0000DFF81C814FF0FF0BF60845EA8605C6EB2C
:109E100006169E1B330338F816400193D9F800301C
:109E200003EB063707EB4404A7420AD23846023751
:109E3000F8F734FFC2B2AA4208BFC0F3072BBC42F6
:109E4000F4D8009A5A454ED038F81630B3F5006F62
:109E50004CD304AC4FF48072FF21204616F0ACFFC7
:109E6000D9F80020019B9F1807F5805B07F1020AD3
:109E7000D34534BF4FF0010B4FF4006B38465746C3
:109E8000F8F70CFFBBF1010BC1B20AF1020A4FEA6D
:109E900010206054F2D1009B0DF10F0763553C4632
:109EA000D9F800500DF20F19019B2B4418461D469E
:109EB000F8F722FF14F801CF022205EB4B000DF159
:109EC0000E01631EBCF1FF0FA3EB070307D043EAAB
:109ED0000C230BF1010BADF80E30F8F7E1FEA145B4
:109EE000E8D128F816B045B0BDE8F08F45EA022564
:109EF0002046022204A9ADF81050F8F7D1FE38F838
:109F00001630013328F8163045B0BDE8F08FFFF762
:109F1000E9FE6DE76EDF002089888888A0010020B7
:109F200050DF00205AB170B50C468D18461AA019A2
:109F300014F8011BFFF74EFFA542F8D170BD704722
:109F4000024A034BC0E90223704700BF259F01244A
:109F5000B99D0124704700BF1FFA81FCBCF17F0F3F
:109F600004D81FFA82FCBCF13F0F00D97047012BC7
:109F700003D0022B1AD05BB170474FEAE20C02F01B
:109F8000070201EBCC119340425C134343547047EA
:109F9000D3104FF0010C02F0070201EBC3130CFACF
:109FA00002F1C25C22EA0102C25470474FEAE20C9D
:109FB000012302F0070201EBCC119340425C5340B5
:109FC0004354D3E72DE9F8430F460968203B9046F8
:109FD0000029164A9DF8209052F8236002DD144BA8
:109FE0003340FBB10025002402E00134062C12D0DE
:109FF00005EB84024FF4000313413342F5D004EB28
:10A000000802294401344B4609B212B2FFF7A4FFFB
:10A01000062C3968ECD10135042DE4D105313960C5
:10A02000BDE8F88301393960DCE700BF0C6903241F
:10A03000888888002DE9F0411C461B7884B00746CB
:10A04000312B15469DF8288003911FD07BB1039AD0
:10A0500000217C2A0EDC0A2B0E462A4603A938462C
:10A060000ED10635039601342378002BEFD104B0CE
:10A07000BDE8F0810A2B05F106050391F4D1F2E762
:10A08000CDF800800134FFF79DFFEDE70139039122
:10A09000DDE700BF2C4BB0F904C0991CBCF1000FE8
:10A0A00010B5D0F8E4404FEA945233F9123031F948
:10A0B0001220C4F38F11A2EB030201FB02F203EBA7
:10A0C000224399B20FFA83FE21DDCCEB4C13CCEB8B
:10A0D000C323DB1303F500630EFB03F303F100431B
:10A0E000980DC3F38F12194B9C1C33F9103034F9BF
:10A0F0001000C01A00FB02F203EB224000B2A0EBFA
:10A100000E000CFB00F001EBE03000B210BD04F1DA
:10A110008044630083EAE473980DC3F38F120C4B01
:10A120009C1C33F9103034F91000C01A00FB02F205
:10A1300003EB22431BB2AEEB030303FB0CFC01EB6E
:10A14000EC3108B210BD00BF947A03248C6A03245A
:10A1500090720324B0F90430B0F9FC209A4210B494
:10A160003ED0A3F5004292B2012A21D94FF00061FE
:10A17000C2F5803CB1FBF2F4B1FBFCF11204A0F893
:10A18000FC30C0E93D14C0F8F020D0F8E4309A4229
:10A1900013D9D0F8F8201B0B02FB03F3002BC3F3F9
:10A1A000CF3016DBA0F500405DF8044B00B27047DD
:10A1B0004FF400614FF00064E0E79B1AD0F8F42000
:10A1C0001B0B02FB03F303F10043002BC3F3CF305F
:10A1D000E8DA47F6FF735DF8044B1B1A18B27047B4
:10A1E000D0F8F020D1E700BFB0F90420D0F8E83073
:10A1F00002F500425B001104B3EB024F03D8CA180A
:10A2000034BF0B46DB43D0F8E41047F6FF70024A38
:10A21000994228BF104670470180FFFFB0F9043013
:10A220004FF6FF72D0F8E41003F500434800C3EB8B
:10A23000031380EAE1701B14000C02339BB2591E19
:10A2400003FB00F0B2FBF1F310FB23F0A0F500409C
:10A2500000B27047D0E93921D0F80431914270B58D
:10A2600028D8D0F80011A3EB010EB0F904C0530CAC
:10A27000BCF1000F0EFB03F34FEAE33328DB581861
:10A280001849140EC2F30F228D1C31F8141035F842
:10A290001440641A04FB02F201EB1241C1F34E01B7
:10A2A0000EFB01F1C3EBE1330CFB03F300EBE330F6
:10A2B00000B270BD0C4C19460C4E2568C0F8003138
:10A2C0000B4B06FB053323601B14C0F80431CAE7AF
:10A2D00047F6FF70604403FB00F001EBE03000B292
:10A2E00070BD00BFA08A0324CC0100200D661900B8
:10A2F0005FF36E3C70B547F6FF7300250221104AEC
:10A300000446242605808170294685800574A0F8BE
:10A31000FC3042618022C0F8E050C0E9025318309E
:10A3200016F04AFD2946324604F1980016F044FD25
:10A330003246294604F1BC00BDE8704016F03CBD31
:10A3400000DC05002DE9F04F9346027C85B0044601
:10A350008A4682B90288654D110AD0B24A1C55F866
:10A36000211055F82220521A521000FB02F201EB84
:10A37000E211C4F8E810002B49D00AEB0307DFF81C
:10A3800074916369013363611AF8011B8A0722D54E
:10A39000227C002A50D0564A93424BD811F0080133
:10A3A000D4F8EC2044D1B3F5F06F54D202EB420064
:10A3B0000344B2EB930F4FEA93000BD061614FF06F
:10A3C000FF31D4F8E430C4F8EC00B1FBF0F1C4F88C
:10A3D000E81002E06161D4E93931A2780B4409EB5D
:10A3E000C201C4F8E4304B68591004EB6300DB078A
:10A3F00010D5615859F83230CB589847E368BA45C0
:10A4000003FB00F04FEAE0302BF8020BB9D105B0A6
:10A41000BDE8F08F59F83230EFE7DDE9020704EBD1
:10A4200088030130D3F8BC3000F01F00C4F8E0000E
:10A43000934205D100236361D4F8E810A368CCE708
:10A440004FF0FF31C4F8EC30B1FBF3F10023C4F856
:10A45000E8106361F2E7D4F8E0008846202504F1B3
:10A46000940C04EB800104F1B80E009500F1210575
:10A470008B6141460397CDE901505EF8045F5CF8BB
:10A48000046FE81A0028B8BF4042801B002806EB82
:10A49000E007C8BF06EB60070098CCF8007004EB3B
:10A4A000800099B1019D6D1A05F01F0504EB85052B
:10A4B000AD69CEF8005080698742B8BF8846013147
:10A4C0000929AAD008F120000090D6E700981D4481
:10A4D00004EB80006D108069C4F8BC50874202DA3A
:10A4E0008846202100910121C7E700BF9C860324F4
:10A4F000FFDB05000002002010B44FF480420F4C37
:10A500004FF0005100234FF4817C01610C49C3637B
:10A51000A0F820C08163838580F84030C0E9004204
:10A5200047F6FF725DF8044B8282012280F82220F8
:10A530000322C0E90C338262704700BF0000FF7F36
:10A5400003000200002B00F0AF8084462DE9F04F9D
:10A5500001EB030987B08A469346CDF804904EE09C
:10A56000BCF92830834200F081809CF84030002BF9
:10A570007CD1BCF92C4000234FF0020E0121ACF835
:10A580002A401D4698461F46ACF82830CCF830309B
:10A59000834253D003F1080244483CF81220120AC7
:10A5A00050F8222017446344CCF8342006AA3CF922
:10A5B000116093F820300DF10C09361B02EB830378
:10A5C0003B4A07CA89E8070053F80C2C32F80830D8
:10A5D00032F80E20CCF83070D21A05FB02F203EBF1
:10A5E0001243C3F34E0306FB03F304EBE334019B76
:10A5F00024B29A45ACF82C402BF8024B51D01AF8F3
:10A60000012BBCF83A6012F00205BCF83800A7D163
:10A61000510715D5A6B133B2BCF92C404FF0020E4C
:10A62000A8462F46CCF83050ACF82830ACF82A4079
:10A630009E4203F10101ABD1D207A9D50022B2E7B6
:10A64000DCF83070DCF83410BCF928308F4210D3BD
:10A650004FEA1768BCF92A40C7F30F254FEA4808AC
:10A6600008F1020E002EE3D1591C91E7BCF900401D
:10A6700081E7591CBCF83E7000254FF0020E0BB26A
:10A680003CF91140A846CCF83050BB42ACF8283019
:10A690002F46ACF82A4004BFBCF93C30ACF8283057
:10A6A000E0E707B0BDE8F08F704700BF9882032451
:10A6B0002C31032400B500F1310C00F2D12EACF1A5
:10A6C0002003083300223C20FF21634523F8052C9A
:10A6D00023F8080C23F80A2C03F80B1CF1D103F122
:10A6E0002A0CF445EBD15DF804FB00BF0B68002297
:10A6F00010B41C6801781846E36A5DF8044B1847EB
:10A7000003880868A3F50051036809B21B6B18475A
:10A7100070B5194E194BB64606F529754EF8043B2F
:10A72000F446174C0CF12A0C0FCCAC454CF8200C1D
:10A730004CF81C1C4CF8182C4CF8143C0FCC4CF862
:10A74000100C4CF80C1C4CF8082C4CF8043CE8D1CC
:10A750000023C6F8A4320EF12A0E0023094A7545DB
:10A760000EF8223C4EF82A3C4EF8262CF3D1064B2C
:10A7700001221A6070BD00BF74DF0020B89203246C
:10A78000383103240302010070DF0020012A02D1C6
:10A79000016000207047022A05D0032AF9D0002A60
:10A7A000F7D10260F5E70B880380F2E703460868FB
:10A7B00010B404685A781978636B5DF8044B184735
:10A7C000012A02D1016000207047022A05D0032A25
:10A7D000F9D0002AF7D10260F5E70B880380F2E791
:10A7E000012A02D1016000207047022A05D0032A05
:10A7F000F9D0002AF7D10260F5E70B780370F2E791
:10A80000012A02D1016000207047022A05D0032AE4
:10A81000F9D0002AF7D10260F5E70B880380F2E750
:10A820000346086810B404685A781978E36A5DF83A
:10A83000044B18472DE9F04F154685B03E4F4FF0B9
:10A840000008CDE9010108F03BFE03953B78834603
:10A8500045465FFA85F8002B60D04FF000095FFA9B
:10A860008BFA364E4C460EE02146354808F028FE5D
:10A87000504504F101043B7803D109F101095FFA65
:10A8800089F99C4205DA3368DB07EDD4FFF740FF16
:10A89000EAE7C84542D22A2108F1010201980135B0
:10A8A00001FB0BF101EBC201014402988C79844257
:10A8B000CFD1CB79D946039D93463BB92B692BB9B0
:10A8C0000A7A002A32D00122EA6019E02A2301998B
:10A8D000012203FB09F32A6103EBCB030B440021A4
:10A8E000D9711B7AEBB12A23EA60019A03FB09F3C1
:10A8F00003EBCB0313449B7A642B94BF0023012307
:10A90000AB602A23019A03FB09F303EBCB031A4440
:10A910009046527AB8F80C30AA61AB8305B0BDE816
:10A92000F08FEA68003A18BF0122DCE7EA68003AD3
:10A9300018BF0122C8E700BFA801002070DF002077
:10A9400074DF00202DE9F0414E4B86B0DFF84881DE
:10A95000002405930E464C4B054698F800200294BF
:10A960004A4F8DF80810039404935AB92DE02146FC
:10A97000474808F0A5FDA8420FD0013498F80030F0
:10A980009C4220DA3B68D807F1D4FFF7C1FE21468C
:10A990003F4808F095FDA842EFD1204608F080FD21
:10A9A000C3681906E9D5204608F07AFD049B01909A
:10A9B000002B64D0059B01A902A80134984798F8A0
:10A9C00000309C42DEDB049B1BB102A90322084637
:10A9D00098473B68DA074CD5DFF8B4802A2303FB9D
:10A9E0000583197B002941D005EB45030024C3EB07
:10A9F000C3035800C21C424403E00134E3B299424D
:10AA000034D912F8013F03F07F039E42F5D12A2387
:10AA100000F10C065FFA84FC03FB058346442344E3
:10AA20001A7902F07F021A7103221A4B184416F8A1
:10AA3000011D614506D02A2303FB05831344013A17
:10AA400052B21972B042F2D12A233A6803FB05834D
:10AA500083F808C0D3070FD52A220134002302FB54
:10AA600005F505EBC405A84488F8083006B0BDE834
:10AA7000F081FFF74DFEAFE7FFF74AFEECE711F07C
:10AA80008BF800BFEDA60124E1A7012470DF0020B0
:10AA900074DF00207CDF0020A80100202DE9F04FAA
:10AAA000904B89B0904E002592468DF81120079367
:10AAB0008B468E4B044632788D4FADF81650CDF84C
:10AAC00012508DF81010069352B92CE0294689488F
:10AAD00008F0F6FC84420ED0013533789D4220DA2E
:10AAE0003B68DA07F2D4FFF713FE2946814808F0E5
:10AAF000E7FC8442F0D1284608F0D2FCC3681B066C
:10AB0000EAD5284608F0CCFC069B0390002B00F009
:10AB1000E780079B03A904A80135984733789D4235
:10AB2000DEDB069B1BB104A90322084698473B685D
:10AB3000D80740F19E803378002B00F0A0804FF0C2
:10AB4000000845460DE029466A4808F0B9FC8442F1
:10AB500003D108F101085FFA88F8013533789D4286
:10AB600005DA3B68D907EED4FFF7D2FDEBE7DFF853
:10AB700084912A2202FB049282F80C80B8F1000F23
:10AB800071D004EB44020025C2EBC2025200D01C7B
:10AB9000484403E00135E9B2884578D910F8011F2F
:10ABA00001F07F018B45F5D1EDB22A20DFF84CE1B1
:10ABB00002F10C0100FB049096446BF07F024944C3
:10ABC00028440271032011F801CD654507D02A22DF
:10ABD00002FB04920244013840B282F808C08E455C
:10ABE000F1D12A22032D02FB049215723BD83A6858
:10ABF000D20771D52A216A1CDFF804C140F2011E78
:10AC000004FB01F101EBC20109EB010080F809B07E
:10AC100080F80AA02CF801E02BB34FF0000A93460D
:10AC2000D04604E00AF1010A337853451BDD3B6846
:10AC3000DB071BD551462F4808F042FCA042F1D15A
:10AC4000454507D12A2304FB03F303EBCB034B4415
:10AC500083F806A00AF1010A337808F10108534588
:10AC60005FFA88F8E3DC09B0BDE8F08FFFF750FD2C
:10AC7000E0E7FFF74DFD3378002B7FF460AF2A212A
:10AC80001C4A01FB0422137309B0BDE8F08FD11DEB
:10AC9000FF25019309EB010C174901EB020E6146F8
:10ACA00011F8013F434509D22A2000FB04901844C3
:10ACB00090F9040015EA200538BF1D467145EFD113
:10ACC000FF2D019B7FF471AF1CF8011F884588BFE1
:10ACD0000D46F445F8D168E7FFF71AFD337889E7A8
:10ACE00010F05AFF21A80124A801002001A8012486
:10ACF00070DF002074DF00207FDF00207CDF002079
:10AD00007BDF00202DE9F04F444B87B0DFF81C813A
:10AD1000002405938B46424B074698F80020ADF877
:10AD20000E40CDF80A40ADF808100493002A71D007
:10AD30003C4E0AE021463C4808F0C2FBB8420FD026
:10AD4000013498F800309C4220DA3368D807F1D4F7
:10AD5000FFF7DEFC2146344808F0B2FBB842EFD1E1
:10AD6000204608F09DFBC3681906E9D5204608F087
:10AD700097FB049B0190002B4ED0059B01A902A8D4
:10AD80000134984798F800309C42DEDB049C2CB1DB
:10AD900002A903220846A04798F800304FF0000AA5
:10ADA0005FFA8AF973B300251E4E2C460CE021464B
:10ADB0001D4808F085FBB84201D10135EDB20134E0
:10ADC00098F800309C4205DA3368DB07EFD4FFF7D0
:10ADD0009FFCECE7A94515D23268ABF50054D207C9
:10ADE000A4B212D52A2209F101090F490AF1010A78
:10ADF00007FB02F202EBC9025FFA8AF90A44948166
:10AE0000002BD0D107B0BDE8F08FFFF781FC98F898
:10AE10000030E7E71C46BBE710F0BEFE01A70124A7
:10AE2000C1A7012470DF002074DF0020A8010020EA
:10AE30002DE9F0476D4B86B06D4E002491468DF89C
:10AE40000920059388466B4B05463278ADF80E40D5
:10AE5000CDF80A408DF808100493002A00F0C18054
:10AE6000654F09E02146654808F02AFBA8420ED04C
:10AE7000013433789C4220DA3B68D907F2D4FFF7DB
:10AE800047FC21465D4808F01BFBA842F0D1204654
:10AE900008F006FBC3681A06EAD5204608F000FB56
:10AEA000049B0190002B00F09E80059B01A902A845
:10AEB0000134984733789C42DEDB049C24B102A91C
:10AEC00003220846A047337883B300244A4F09E0A1
:10AED00021464A4808F0F4FAA8420ED001343378EB
:10AEE000A34223DD3B68DB07F2D4FFF711FC2146C8
:10AEF000424808F0E5FAA842F0D1204608F0D0FA1E
:10AF0000B8F1170F1CD8B8F10F0F43D8B8F1070FDD
:10AF10000FD0B8F10A0FE1D12046013407F09EFEB0
:10AF20004FEA490343733378A342DBDC06B0BDE844
:10AF3000F087204607F092FE4FEA49030373CDE7FE
:10AF4000A8F13003DAB2072AC8D803EB830300EB79
:10AF5000031000F5117A504604F00AFA9FED287AA2
:10AF60004FF6807143F6FF7260EE077A5046FCEEB2
:10AF7000E77A17EE903A0B4043EA0903934228BF61
:10AF8000134607EE903AB8EEE70A80EE070A04F09F
:10AF9000DBFFA3E7A8F1100303EB830300EB03102F
:10AFA00000F5117A504604F0E3F99FED157A09EBAC
:10AFB000C91243F6FF7160EE077A5046FCEEE77A5D
:10AFC00017EE903A03F07F0313438B4228BF0B46E2
:10AFD00007EE903AB8EEE70A80EE070A04F0B4FFF5
:10AFE0007CE71C466BE710F0D7FD00BFADA701243E
:10AFF000A80100208DA7012470DF002074DF00204D
:10B0000000FC7F46F8B51646A1B10144441E4F1E10
:10B010000BE02B6803F00F01013301312B60F5F7D2
:10B0200007FEF5F72DFEBC4204D014F8010F0A4DBF
:10B030000028EED106B9F8BD074C0020236803F0C4
:10B040000F01013301312360F5F7F2FDF5F718FE2A
:10B0500000232360F8BD00BF28E20020A0F15403C4
:10B06000F0B583B02A2B17D8DFE803F01B2EA51606
:10B070001616161616161616161616161616161670
:10B0800016161616161616161616164457161616F1
:10B0900016161616868F980003B0BDE8F04001F032
:10B0A000A1BE002301246D4668460093ADF804302C
:10B0B000F8F70AFAE1B2013415F8010BF5F7B8FD1B
:10B0C000072CF7D103B0F0BD434D2B784BB10024D2
:10B0D000002220460134114607F0D2FD2B78A3420E
:10B0E000F6DC09F013FA0121002003B0BDE8F040BE
:10B0F000F5F79EBD394C0121206F003818BF0120A3
:10B10000F5F796FDB4F872000121003818BF012050
:10B1100003B0BDE8F040F5F78BBD4FF4807007F049
:10B1200087FD2F4905462F4B0888FF212C462E4AC4
:10B1300024F8010B20461B6815F0A8FC0444274B9B
:10B14000611B2A4A1B6F2046C1F5807115F09EFCD9
:10B150000444274A611B2046C1F5807115F096FC16
:10B16000044401222846611BFFF74CFF284603B028
:10B17000BDE8F04007F060BD002008F019FA012199
:10B1800003B0BDE8F040F5F753BD012008F010FA18
:10B19000012103B0BDE8F040F5F74ABD154C206829
:10B1A00008B107F049FD00231349144A23600B60DE
:10B1B000136003B0F0BD00240A4F03E0305D2C465D
:10B1C000F5F736FD3E68651C3046F0F769FEA04293
:10B1D000E9B2F3D887E700BFA8010020781F01205B
:10B1E000F03C0324D0010020F43C0324083D032458
:10B1F0001C3D032434E2002030E20020280200201D
:10B200002DE9F04F89B0F5F73DFD002800F0BD8035
:10B21000AC4A00F00F05AC49C0F303241368814623
:10B220000134070A01331360C0F303130B70A5F157
:10B230000803062B1CD8082DC0F3033337D1082B85
:10B2400035D1E4B2C0F30745A04B8022601E4FEA1F
:10B25000196629461A70C0B2FFF774FB9C4B9D4AD1
:10B260001C709D4B15701E70012009B0BDE8F08F59
:10B27000AB1EFEB2012B06D9052D7DD1F02E7BD958
:10B28000F72E00F08A80F13E0E2E7ED8DFE816F011
:10B290005500550096017D007D0055007D009C0104
:10B2A0007D00A901B80133007D0055007801092D0A
:10B2B00014D1092B12D1E4B2C9F307454FEA19663C
:10B2C0005FEA196904F1FF30804BC0B25FD0902271
:10B2D00029461A703246FFF7E1FBBFE70A2D34D149
:10B2E0000A2B32D1794BA022E4B2C9F307454FEAC9
:10B2F00019661A70B2E7794E336813F0010500F051
:10B300006D82774B0022C3F8A422764D05F528768E
:10B310002B4600223C2001320021083323F8080C80
:10B32000042A4FF0FF0023F8051C23F80A1C03F839
:10B330000B0CEFD12A35AE42EAD1C9F30745634B76
:10B34000E4B24FEA19661F7088E70B2D02D10B2B70
:10B3500000F097800C2D02D10C2B00F0E9800D2D10
:10B3600038D10D2B36D1594BD022E4B2C9F3074561
:10B370004FEA19661A7071E7042D00F090816B1F77
:10B38000022B0AD90F2D00F08B8000206DE7802260
:10B3900029461A70FFF7D6FA60E7534F3B78002B27
:10B3A00000F06882002404E001343B789C4280F283
:10B3B0003481204608F074F8C3681B06F4D5204693
:10B3C00008F06EF80368494A9B6B9342ECD0314613
:10B3D0009847E9E70E2DD8D10E2BD6D14FEA594B1D
:10B3E000C9F30643611E394A0BF47E5BDFF80C811A
:10B3F0003F4FE4B24BEA030BE0234FEA19454BEA17
:10B40000013B1370D8F800201FFA8BFB3968002A23
:10B4100040F09A81002900F039824FEA1966DFF87E
:10B42000E090EDB2D9F80030002BC0F2E6810020A8
:10B43000F9F73EFAC0F30D018B4540F01382D7F8BF
:10B4400000A008222B49504615F08CFC002840F043
:10B450003282D8F80030102B00F049824FF0010AF8
:10B46000611E5046C9B2F5F7E3FB386807F0E4FB0C
:10B4700000233B60C9F800304FF0FF33C8F80030BC
:10B48000ECE6E4B2C9F307454FEA19660F4BB02268
:10B49000601E29461A70C0B23246FFF7C9FCDDE6CD
:10B4A000F72E3FF6F0AEF02E04D0134B1B78002B96
:10B4B0003FF46BAF0C4F3B78002B3FF466AF00249A
:10B4C00025E000BF2CE2002025E2002023E200203E
:10B4D00024E2002022E2002021E2002070DF002090
:10B4E00074DF002085DF0020A8010020756501249D
:10B4F00034E20020483D032420E2002028020020FE
:10B5000030E2002001343B789C42BFF63EAF20463B
:10B5100007F0C6FFC3681B06F4D5204607F0C0FF3E
:10B520000368A44A9B6B9342ECD031469847E9E705
:10B53000E4B2A14FA14AC021631EC9F307454FEAF7
:10B54000196611705FFA83F93B78002B3FF486AEE1
:10B550004FF00008DFF86CA20BE04146984807F076
:10B56000AFFF814553D008F101083B789845BFF6FD
:10B5700075AEDAF80030D807EFD4FFF7C9F8ECE77A
:10B58000904B1B68DD0740F112818F4D05F5287641
:10B590002B4600223C2001320021083323F8080CFE
:10B5A000042A4FF0FF0023F8051C23F80A1C03F8B7
:10B5B0000B0CEFD12A35B542EAD1BEE6C9F30745F7
:10B5C0002846FFF74BFDBAE67E4B1B68D90740F1D2
:10B5D00011817B4BC9F30745D3F8A40207F02AFA7F
:10B5E000ADE64FF0FF3007F025FA764B1B68DA071F
:10B5F0000AD5734B0122C9F30745C3F8A4229EE67E
:10B60000704B1B68DB07F4D4FFF782F8F1E70022E8
:10B610002946404607F034FBA5E7052D1CD0C9F3A9
:10B620000746002B00F02681002404E001343B781B
:10B630009C4280F29C80204607F032FFC3681806C7
:10B64000F4D5204607F02CFF03685A4A9B6B9342BF
:10B65000ECD031469847E9E75C4A00245C485D49F4
:10B660000470107814700870F021544A11702BB9CE
:10B67000FAE501343B789C42BFF6F6AD204607F070
:10B680000FFFC3681A06F4D5204607F009FF0368C8
:10B69000484A9B6B9342ECD0F7219847E9E7464F25
:10B6A0003B78002B3FF471AE002403E001343B787B
:10B6B0009C4210DA204607F0F3FEC3681806F5D561
:10B6C000204607F0EDFE03683A4A9B6B9342EDD0AB
:10B6D00031469847EAE7C9F30745002B3FF455AEDA
:10B6E000002403E001343B789C4210DA204607F046
:10B6F000D7FEC3681906F5D5204607F0D1FE0368CA
:10B700002C4A9B6B9342EDD029469847EAE74FEAD3
:10B710001969002B3FF439AE002404E001343B7872
:10B720009C42BFF632AE204607F0BAFEC3681A0646
:10B73000F4D5204607F0B4FE03681E4A9B6B934283
:10B74000ECD049469847E9E74FEA1966DFF8889058
:10B75000EDB2D9F800309A424FDC00297FF467AE91
:10B76000601ECBF30B01C0B2FFF7CCFA76E5072DD4
:10B770007FF472AF4FEA1969002B00F0D8800024E3
:10B7800004E001343B789C42BFF666AF204607F0E8
:10B7900087FEC3681906F4D5204607F081FE0368CA
:10B7A000044A9B6B9342ECD049469847E9E7FEF781
:10B7B000AFFFEAE675650124A801002023E200201E
:10B7C00074DF002070DF002085DF002020E20020F1
:10B7D00021E2002022E2002030E20020FEF798FF64
:10B7E0003368584ADE07C2F8A4523FF58EADFEF723
:10B7F0008FFF8AE5FEF78CFFEBE601F803B04FEA16
:10B800001B2BD9F800203B684F48134483F801B044
:10B81000D9F80010D8F800200231C9F8001002F061
:10B82000F9F8D8F80020D9F8001002F04BFB3B687B
:10B830001A78302A7FF412AD5B78782B7FF40EAD46
:10B84000424F4FF000083B784BB10022404608F1D0
:10B850000108114607F014FA3B784345F5DC08F07F
:10B8600055FEFBE43A4802F04DFB00210846F5F78F
:10B87000DFF9FAE5374A0023374C1078374913705F
:10B880002370F023364A08701370EDE45846C8F868
:10B8900000B007F0CDF90646386000283BD0611EA5
:10B8A0000120C9B2F5F7C4F92E4B0022EDB24FEAE0
:10B8B00019661A60D2E420220021684615F07CFA4D
:10B8C00052460921684615F0E1F8D8F80020396899
:10B8D0006846083A00230831F8F79AFD00F1010A9A
:10B8E0005A4639682048534602F00CFBB8E5DFF8A9
:10B8F00084C05A46DAF808005146DCF8703003403C
:10B90000CCF87030DAF80C0003431848CCF87030EB
:10B9100002F0F8FAA2E5D8F80010154802F0F2FAA1
:10B9200031463046C8F80060F5F782F9BCE7094AAD
:10B93000094D147809480A4913702B70F0230470DC
:10B940000B7091E474DF0020383D0324A80100202F
:10B95000803D032420E2002021E2002022E200209A
:10B9600023E2002030E20020683D0324543D0324FC
:10B97000203D0324781F01202DE9F04701F0F00A53
:10B98000814601F00F05BAF1F00F21D10F2D1DD81E
:10B99000DFE805F0981C1C1C1C1C1C1C8D1C8084E2
:10B9A000B61C1CD896B1BAF1B00F3DD02DD9BAF162
:10B9B000C00F42D0BAF1E00F08D199F80210284622
:10B9C00099F8013003EBC111FFF79CF9BDE8F0874E
:10B9D000754F3B78002BF9D00026DFF8D481344630
:10B9E0000CE02146714807F06BFDA84204F1010408
:10B9F00001D10136F6B23B789C42D3DAD8F8003058
:10BA0000DA07EED4FEF784FEEBE7BAF1800F36D00A
:10BA1000BAF1900FDAD199F80220284699F801106E
:10BA2000A2B3FFF73BF8D1E799F80220284699F82E
:10BA30000110FFF7FDF9BDE8F08799F80160002BD0
:10BA4000C4D0002409E02146584807F039FDA84237
:10BA50000FD001343B789C42B8DAD8F80030DB07CD
:10BA6000F1D4FEF755FE2146504807F029FDA842C3
:10BA7000EFD100223146204607F002F9E9E799F8B4
:10BA800001102846BDE8F047FEF75CBFBDE8F0476F
:10BA9000FEF758BF4FF0FF3006F0CCFF444B1B6859
:10BAA000D9076CD5414B0122C3F8A4228EE7404B45
:10BAB0001B68D80774D53D4BBDE8F047D3F8A40206
:10BAC00006F0B8BF384F45783B78002B3FF47EAF87
:10BAD000002404E001343B789C42BFF677AF204657
:10BAE00007F0DEFCC3681E06F4D5204607F0D8FC3C
:10BAF0000368304A9B6B9342ECD029469847E9E7AC
:10BB00002B4D2B6813F001043CD0284B0022C3F8C6
:10BB1000A422294C04F52875234600223C2001323A
:10BB20000021083323F8080C042A4FF0FF0023F803
:10BB3000051C23F80A1C03F80B0CEFD12A34AC4285
:10BB4000EAD143E71A4B1B68DB0726D51A4C04F5EC
:10BB50002875234600223C2001320021083323F8B7
:10BB6000080C042A4FF0FF0023F8051C23F80A1CD8
:10BB700003F80B0CEFD12A34AC42EAD126E7FEF7EA
:10BB8000C7FD8FE7FEF7C4FD084A2B68C2F8A44240
:10BB9000DA07BED4FEF7BCFDBBE7FEF7B9FDD5E77B
:10BBA000FEF7B6FD87E700BFA801002074DF002084
:10BBB00070DF00207565012485DF00204C4A136882
:10BBC00013F0010370B504D14A4801240370838047
:10BBD0001460FE2918D0F72937D80806454C14D42C
:10BBE0002279531C2244DBB2517062792371934253
:10BBF0000AD321783F48FFF7BFFE22780023F02ABE
:10BC0000237101D96371237070BD01F0F0034FF40B
:10BC10008072B02BA28022D01BD9E02B1FD0F02B3A
:10BC200021D101F00F03013B012B1ED911F00C0FA4
:10BC30001DD00023F729637119D12378F02B3AD056
:10BC40000023002162792170D1E72A48FFF794FE92
:10BC500070BD01F0E002802A01D0A02B03D10223A5
:10BC60002170637170BD217070BD02236371F02972
:10BC70001DD1214E21703378BBB1002503E0013581
:10BC800033789D4210DA284607F00AFCC3681B0689
:10BC9000F5D5284607F004FC0368184A9B6B9342CD
:10BCA000EDD0F0219847EAE7237962799FE762793E
:10BCB000002321709BE7104E3378002BC1D0002564
:10BCC00003E0013533789D4210DA284607F0E8FB9F
:10BCD000C3681A06F5D5284607F0E2FB0368074A51
:10BCE0009B6B9342EDD0F7219847EAE72379A8E7C9
:10BCF00038E200203CE20020A80100207565012404
:10BD000008B5054B1B68DB0703D5044B044A1A60D2
:10BD100008BDFEF7FDFCF8E770DF00201CE2002004
:10BD200074DF00200B6802685B691B78803B13712D
:10BD3000704700BF0B6802685B691B78803B5374D7
:10BD4000704700BF134602490268186814F0D4BE59
:10BD5000943D03240B68022012685B69197807F090
:10BD60001BB800BF106803F01BB900BF012A02D145
:10BD7000016000207047022A05D0032AF9D0002A6A
:10BD8000F7D10260F5E70B680360F2E7012A02D100
:10BD9000016000207047002AFBD10260F9E700BF74
:10BDA000012A02D1016000207047002AFBD1026005
:10BDB000F9E700BF012A70B5044603D10B680360A0
:10BDC000002070BD022A0CD0032A03D0002AF7D12C
:10BDD0000260F5E700680028F2D014210FF0B3FEEE
:10BDE000EEE70D6814200FF0B0FE0646AC4605469F
:10BDF000BCE80F000FC5DCF8003026602B60DFE7E1
:10BE0000012A02D1016000207047022A05D0032ACE
:10BE1000F9D0002AF7D10260F5E70B680360F2E77A
:10BE2000012A02D1016000207047022A05D0032AAE
:10BE3000F9D0002AF7D10260F5E70B680360F2E75A
:10BE4000012A02D1016000207047022A05D0032A8E
:10BE5000F9D0002AF7D10260F5E70B680360F2E73A
:10BE6000012A02D1016000207047022A05D0032A6E
:10BE7000F9D0002AF7D10260F5E70B680360F2E71A
:10BE8000012A02D1016000207047022A05D0032A4E
:10BE9000F9D0002AF7D10260F5E70B680360F2E7FA
:10BEA000012A02D1016000207047002AFBD1026004
:10BEB000F9E700BF012A02D1016000207047002A83
:10BEC000FBD10260F9E700BF012A02D10160002026
:10BED0007047002AFBD10260F9E700BF012A02D1B6
:10BEE000016000207047002AFBD10260F9E700BF23
:10BEF000012A02D1016000207047022A05D0032ADE
:10BF0000F9D0002AF7D10260F5E70B680360F2E789
:10BF1000012A02D1016000207047002AFBD1026093
:10BF2000F9E700BF0B6812685B69197819B9044B0F
:10BF30001B881380704701390120F7F70BBB00BF46
:10BF40007438032430B5046885B015682369D4E9D2
:10BF5000021202EB820201EB021103EB830263681F
:10BF6000D1F88C1201EB02121249906922680090FC
:10BF7000284614F0C1FDA168D4E90323044602EB6E
:10BF8000820203EB830301EB02111B01D1F88C1237
:10BF900003F12002881882684AB1CA180833254480
:10BFA0000B44D46A02A903AA03950293A04705B0E3
:10BFB00030BD00BFA03D0324096810684A69034BE7
:10BFC000127853F8221015F08AB800BF2804002018
:10BFD000096810684A69034B127853F8321015F05B
:10BFE0007EB800BFF4E600200B6812685B69197820
:10BFF00019B9044B1B88138070470139012006F0E2
:10C00000CBBE00BF743803240B6812685B691978D3
:10C0100019B9044B1B88138070470139002006F0C2
:10C02000BBBE00BF7438032403681268197819B9BD
:10C03000034B1B88138070470139002006F0ACBE0B
:10C04000743803240368106893F9042012B9034973
:10C0500014F052BD024914F04FBD00BFFC39032457
:10C06000AC3D03240368106893F9112012B9034909
:10C0700014F042BD024914F03FBD00BFFC39032457
:10C08000AC3D03240368106893F90420183A02D1E8
:10C09000024914F031BD024914F02EBDFC390324CD
:10C0A000AC3D03242DE9F043044687B00D4606F06D
:10C0B000D5FD0646204607F0F3F92C6800234FF023
:10C0C000000807460220236542466365A365624B6C
:10C0D000C4F89C80236604F15403636604F1A00352
:10C0E0002B6096F80B90494606F056FE431E3246EA
:10C0F0005A49DBB20DF1080CC4F8B0109945DFF8CD
:10C100006CE128BF9946FF2B02F80B9FC4F8A430BE
:10C1100014BF01230823C4F8B420C4F8A080C4F8D5
:10C12000A8300123C4F8EC306C462B6803F11802E8
:10C1300092E80300CDE900888CE8030094E803004E
:10C14000DFF82C8182E803001C6A5A6AC3F8208059
:10C150000494C3F824E005921CB1032261466046B2
:10C16000A047FB68DB0774D42B6831463C484FF08E
:10C17000080C03F150022A60727B18663846082AC0
:10C1800038BF0822F82A28BFF82201F80D2FF8221C
:10C1900059662946C3E914C201229A65C3F89C2056
:10C1A0002B68DA6C42F01002DA6410229A604FF4C5
:10C1B00080523B68DB689847F37A022B2AD0052B24
:10C1C00028D02B6803F150022649F8202A60327BE0
:10C1D00019660121082A38BF0822F82A28BFF82248
:10C1E00006F80C2F08225E661A652A68C3F89C10B0
:10C1F0003C68C3E91501D36C1020294643F00803BD
:10C2000090603846D3644FF40052E36807B0BDE84D
:10C21000F0431847FA682B689405D3D503F1500210
:10C2200011482A603246B17B186602F80E1F0021C1
:10C230005A66FF22C3E9141208229A650122C3F844
:10C240009C202B68DA6C42F00802DA6410229A60B3
:10C25000B8E707B0BDE8F083B03D0324CC3D03242C
:10C26000D43D0324D83D0324803B032455BD012441
:10C27000A1BD0124C3682DE9F04F154603F0020269
:10C280008FB0D0F84072AA420690029100F09283DB
:10C2900003F00802AA4200F03C8303F01001A94217
:10C2A00000F05C8103F02003AB4200F0C98301354C
:10C2B00040F04281069A0020012404E0013050320F
:10C2C000182800F03981D2F85432002B00F0348164
:10C2D000D2F88C82B8F1000FF0D04FF0000A07902E
:10C2E0000392CDE0022220469847D7E90A3C94E821
:10C2F000030008AF05F1680287E8030092E8030035
:10C3000084E8030097E8030082E80300D5F870B0E2
:10C31000CDF830B02B676B6F0D93C5F874C0BBF1CF
:10C32000000F03D0032221462046D84706F13001F2
:10C33000002341440A93C4E901330D938B68002B19
:10C3400000F0FF80022220469847019B534408EBEF
:10C350000313D3E90E3C94E8030005F1780287E863
:10C36000030092E8030084E8030097E8030082E8F2
:10C370000300D5F880B0CDF830B0C5F88030D5F8DE
:10C3800084300D93C5F884C0BBF1000F03D00322A5
:10C3900021462046D84706F14001002341440A9334
:10C3A000C4E901330D938B68002B00F0C880022292
:10C3B00020469847019B534408EB0313D3E9123CF2
:10C3C00094E8030005F1880287E8030092E803007F
:10C3D00084E8030097E8030082E80300D5F8906042
:10C3E0000C96C5F89030D5F894300D93C5F894C0EC
:10C3F0001EB1032221462046B047D9F85030142000
:10C40000514EC5F89830D9F85430C5F89C30029B8D
:10C410001D684E4B2B6100230A93C4E901330D9331
:10C420000FF093FB049A03460A900260059A42605B
:10C43000069A9A60079A94E80300C3E9032A05F173
:10C440001803434A87E8030093E8030084E80300E5
:10C4500097E8030083E80300D5E908310C932E62C6
:10C460000D916A621BB103222146204698470024A1
:10C470000AF1010ABAF1060F57D0039BD3F88C8258
:10C4800098F80430002B50D00AEB8A064FEA8A0253
:10C4900008EB061901923601D9F8542012F4C06F46
:10C4A000E6D0039AD2F854120A780491413A392A14
:10C4B00001D901310491274A03EB8303126852F832
:10C4C00023300593029B1D685CB100232B656B65CF
:10C4D000AB6505F1540350356B610023EB641E4BD3
:10C4E0002B61019B06F12001029A0AAC03EB0A07BB
:10C4F00005F15003414408EB07171360BB682B6537
:10C50000FB686B653B69AB657B69EB65BB692B665B
:10C510000023FA696A66CDE90A33CDE90C338B68EA
:10C52000002B7FF4DFAE9C46E1E60798039A0130CA
:10C53000503218287FF4C7AE0FB0BDE8F08F9C468C
:10C540003EE79C4607E700BFB5BD012458310324F0
:10C5500045BF0124102801204C3E03240AAC08AE3C
:10C560000299D1F8008008F150030B60002A40F0D6
:10C5700054821146104697F801A006F00DFCC0B297
:10C5800007F10109BB4A824528BF8246FF2814BF34
:10C5900001230823C8F86020012187F801A00022A8
:10C5A000C8F8649008927260DFF8ECE2C8E91503FD
:10C5B000029B1B68C8F8502003F1180CC8F89C10A7
:10C5C0000A926260AC4A9CE8030084E8030096E8A3
:10C5D00003008CE80300D3F82080596ACDF830803E
:10C5E000C3F820E00D915A62B8F1000F03D0032286
:10C5F00021462046C047069BDB6803F020039D428E
:10C600009AD10299002201200D6805F150030B60B8
:10C61000114697F8028006F0BFFBC0B202993B4674
:10C62000964A8045DFF874E22A664FF0000228BF80
:10C630008046FF28089203F8028F6B660B6814BFD0
:10C64000012108212A6503F1180C6865A9650121FB
:10C650007260C5F89C100A926260894A9CE80300E7
:10C6600084E8030096E803008CE803001D6A596A19
:10C670000C95C3F820E00D915A621DB103222146AA
:10C680002046A847069B0299DA680B6892064ED5A9
:10C690007C480268002A4AD003F150020A60002256
:10C6A000013250F832100029FAD10698013A4FF0C1
:10C6B000010CDFF8ECE1D0F84002D2B20891C57865
:10C6C000C3F860E095427160DFF8D8E128BF1546F5
:10C6D00000F8035F5A65C3F858C0C3F89CC0586699
:10C6E0001965029B0A911B68616003F11802DFF86B
:10C6F000B8C192E8030084E8030096E8030082E8EA
:10C7000003001D6A5A6A0C95C3F820E00D92C3F825
:10C7100024C01DB1032221462046A847069BD3F81A
:10C720004022029BD1781B68002940F0968103F1DA
:10C730005002029950250A6001213A79996582F0E8
:10C740008002C3F89C10B021502A38BF5022B02A72
:10C75000C3E9145128BFB0224B490A704B4A5966AD
:10C760001A66069AD2F8902212F00402D3E91C5CF1
:10C7700040F06981DFF83481DFF834E1CDE90A72F5
:10C7800003F1680294E8030086E8030092E80300DE
:10C7900084E8030096E8030082E803000C95C3F8E0
:10C7A0007080CDF834C0C3F874E01DB10322214677
:10C7B0002046A847029B00220A971B680B9203F1B0
:10C7C0002802DFF8F0E0DFF8F0C094E8030086E824
:10C7D000030092E8030084E8030096E8030082E87F
:10C7E00003001D6B5A6B0C95C3F830E00D92C3F833
:10C7F00034C01DB1032221462046A847029A0021D9
:10C80000069B2348D3F840C21368DFF8B0E003F179
:10C81000500515609CF811205866803A1965DFF8BC
:10C82000A0C00270FF201B4A1A660822C3E9150245
:10C830000122C3F89C2003F16802CDE90A7194E853
:10C84000030086E8030092E8030084E8030096E80A
:10C85000030082E803001D6F5A6F0C95C3F870E067
:10C860000D92C3F874C06DB3032221462046A84739
:10C8700028E000BFF03D032409C00124183E032432
:10C88000E9BF0124F4E600202D020020383E0324F5
:10C890002C020020443E0324DDBE0124C9BE012435
:10C8A000243E0324B5BE0124D1BF012461BE01246E
:10C8B00045C0012441BE012425BD012421BE01241F
:10C8C00065C00124029B0022DFF818C21B68CDE975
:10C8D0000A7203F128027D4F94E8030086E8030002
:10C8E00092E8030084E8030096E8030082E803006E
:10C8F0001D6B5A6B0C95C3F830C00D925F63002D11
:10C900003FF41AAE032221462046A8470FB0BDE8E7
:10C91000F08F029900220E68104606F150030B605A
:10C9200011463C7806F038FAC0B20299684B0022F2
:10C930008442DFF8B4E1336628BF0446FF28DFF8FD
:10C94000ACC13C700AAC0B6814BF012108213265F0
:10C950007065B16501217766C6F89C1008AECDE917
:10C960000A7203F1180294E8030086E8030092E8D3
:10C97000030084E8030096E8030082E80300D3F88C
:10C9800020805A6ACDF83080C3F820E00D92C3F8B9
:10C9900024C0B8F1000F03D0032221462046C0472F
:10C9A000069BDB6803F0100295427FF426AE03F08D
:10C9B0000802D5E50B680E460021002203F1500065
:10C9C00003F1680C0AACDFF828E1306008AE1965A5
:10C9D000596599653F49C3F89C20196603F15401D4
:10C9E0005966CDE90A229CE80300CDE9082284E8D3
:10C9F000030096E80300384A8CE803001E6F596F65
:10CA00000C96C3F870E00D915A671EB103222146BF
:10CA10002046B047069BDB683AE4002297F801A065
:10CA200007F101091146104606F0B6F92B4AC0B2CB
:10CA3000824528BF8246FF2814BF01230823A9E5A9
:10CA40000AAC08AEDDE50022DFF8A880DFF8A8E038
:10CA50000B9203F168020A9794E603F15001029DDC
:10CA60001F482960117C186601200B29DFF88CE033
:10CA7000DFF88CC028BF0B2102F8101F00215A6676
:10CA80002A689865C3F89C0002F118050B20196507
:10CA90000891586571600A91616095E8030084E827
:10CAA000030096E8030085E80300136A516A0C93BB
:10CAB000C2F820E00D91C2F824C01BB10322214628
:10CAC00020469847029B1B6831E600BF35BD012414
:10CAD0000C3E0324FC3D032465BD0124E03D0324FA
:10CAE000303E032401BE0124F1BE012429C00124EB
:10CAF00011BF012481BE012485C00124A1BE0124EF
:10CB0000B9BF01242DE9F04F06468BB00C4606F064
:10CB1000A5F80746304606F0C3FC40F20442C3685D
:10CB200081461A4206D1914B1B68002B61D00BB095
:10CB3000BDE8F08F2368002201208D4D503311464F
:10CB40002360F6F707FD042879793A46C8BF01301B
:10CB50002368DFF834E2C0B21D61DFF830C28142E1
:10CB600028BF0146FF2802F8051F4FF0000158605A
:10CB700018BF01205A6108BF082022689860012070
:10CB800002F118051960D86406ABCDE90611CDE9AC
:10CB9000021195E8030083E8030002AB93E8030069
:10CBA00085E80300136A516A0893C2F820E00991EE
:10CBB000C2F824C01BB106A90322084698476D4B52
:10CBC0001B789BB107F106080025A246284606F00F
:10CBD00067FCC368DB0740D5AE423ED0654B0135EC
:10CBE00008F101081B78AB42F0DC54465F4B1B6830
:10CBF0001BB921463046FFF755FA40F20442D9F8F6
:10CC00000C301A4293D07B79002B90D0236806AA6F
:10CC10000120503323607979013906F0BDF806A967
:10CC20005548256800F0F6FEFB7B002128610122B3
:10CC3000642B28BF642307F80F3F23682960642111
:10CC4000AA6069600521EA64DA6C6F6142F008024B
:10CC50009960DA640BB0BDE8F08FDAF800300DF1BE
:10CC6000080C464C5033CAF80030454B0FCB8CE8CB
:10CC70000F000AAB284603EB860343F8204C05F06F
:10CC8000F5FF98F800200446DAF80030642A28BF3F
:10CC90006422AE424CD000284AD03A4801214FF0DD
:10CCA000000B24B2186188F800206422996004EB1C
:10CCB0004404D964C3F81480C3E900B207F00CF847
:10CCC00000682F2100EB04106C46083014F08BF83C
:10CCD000DAF80030013006A9CDF81CB003F11802D3
:10CCE00006900DF1180BDFF8A8E0DFF8A8C003C923
:10CCF00084E8030092E803008BE8030094E8030053
:10CD000082E803001C6A5A6A0894C3F820E009927A
:10CD1000C3F824C01CB1032259465846A047DAF88C
:10CD20000040E36C43F00803E3640523A36055E788
:10CD300002A94FF0000B51F82510196188F8002066
:10CD40000122DAF800409A60DA646422C3F81480A1
:10CD5000C3E900B2236A002BE3D004F118010322D7
:10CD600008469847C4E908BBD9E700BF60F2002035
:10CD7000683E0324A8010020803E0324743E03245F
:10CD80005C310324C43603248DBD012425BF012456
:10CD90006DBD012445BD0124704700BF00487047A8
:10CDA0002CE3002070B40E4DD5F88040D5F8846097
:10CDB00004F1FF3CACEB060C1CF00F0FF4D0D5F8DF
:10CDC0008440661C25F8340005EBC40006F00F060D
:10CDD0004180C5F884608280C38070BC704700BF0A
:10CDE00048E20020A0F1300310B54F2B5FD8DFE8F8
:10CDF00013F00501C500BB005E005E005E005E0032
:10CE00005E005E005E005E005E005E005E005E0032
:10CE10005E005E005E00B1005E00A7005E009D0047
:10CE20005E005E0099008B007D00D200E6005E008F
:10CE30005E005E005E00260122015E005E005E0074
:10CE40005E00180150006E005E005E005E005E0035
:10CE50005E005E005E001401CF00D6005E005E0042
:10CE60005E005E005E008B007D0001015E005E00E2
:10CE70005E005E005E00FD005E005E00F3005E008E
:10CE80005E005E00570075005E005E00DC005E0024
:10CE900011014FF48073002203201946FFF782FF2F
:10CEA00000234FF4807102201A46FFF77BFF664A89
:10CEB00001240020D2F8843042F8334002EBC30151
:10CEC0002344486003F00F03C2F8843010BD4FF4D0
:10CED0000073002203201946FFF764FF00234FF47C
:10CEE000007102201A46FFF75DFFE0E76B284FF064
:10CEF00000034FF400714FF0040014BF01224FF003
:10CF0000FF32FFF74FFFD2E76A284FF000034FF4DC
:10CF100080714FF0040014BF01224FF0FF32FFF781
:10CF200041FFC4E7072001F0A5FCC0E7474A136FA3
:10CF300083F01003136706F0A1FCF6F7B3FAB6E727
:10CF4000424A136F83F04003136706F097FCF6F72D
:10CF5000A9FAACE73D4A136F83F02003136706F08C
:10CF60008DFCF6F79FFAA2E7384A136F83F48073BB
:10CF7000136706F083FCF6F795FA98E7334A136FC8
:10CF800083F08003136706F079FCF6F78BFA8EE7DF
:10CF900000231B70FFDE022001F06CFC87E72C4AA7
:10CFA000137883F00103137081E7284A136F23F489
:10CFB0000073136706F062FCF6F774FA77E7254B07
:10CFC000012200241A70204605F048FE631C042B41
:10CFD0001C468372F7D16AE71C4A136F83F08053B3
:10CFE000136706F04BFCF6F75DFA60E70C2001F0E2
:10CFF00041FC5CE70B2001F03DFC58E7134A136F3E
:10D0000023F0804383F00053136706F037FCF6F7F4
:10D0100049FA4CE7F6F746FA49E70F4B00221A6047
:10D0200010BD0A4A136F43F08043136706F026FCD5
:10D03000F6F738FA3BE7092001F01CFC37E703203C
:10D0400001F018FC33E700BF48E20020781F012000
:10D05000845400200D1F012058040020054B064970
:10D060001B6F064AC3F3400003F00103C870D3707E
:10D07000704700BF781F0120D0E20020E0E20020CE
:10D080002DE9F04F91B0DFF86C9292469B469DF8E7
:10D0900078409DF874700894219C9DF87C609DF800
:10D0A000805005949DF86C209DF8703009970A9681
:10D0B0000B95CDE90601D9F870009DF86810C406FB
:10D0C0000AD41C460846089B59468346CDE90A37D0
:10D0D00013462246CDE9086500257F484FF4FA76CD
:10D0E0000EAF05807D487E4C05607E48DFF80882E3
:10D0F000066038467C4EC4F88450A8F80050C4F846
:10D100008050CDE90C23012333600CF073FB9DF8B4
:10D11000380059464FF0FF0B3071022086F805B0F9
:10D12000B06038460CF066FB0D9B384686F80DB0B3
:10D1300019469DF8383033734FF4807333610CF027
:10D1400059FB9DF8383038460C9A33754FF400730C
:10D15000114686F815B0B3610CF04CFB9DF83830E1
:10D1600038460B9986F81DB033770CF043FB5F4EC1
:10D1700038469DF838300A9933700CF03BFB9DF827
:10D1800038303846089973704FF6FF73DFF86CB18A
:10D19000B3817580C6E901550CF02CFB9DF8382051
:10D1A000099938468BF800200CF024FB4FF6FF73EA
:10D1B00029460798ABF80C309DF83830ABF8025090
:10D1C0008BF80130CBE90155F5F7F0FE29460698BA
:10D1D000F5F7ECFE29465046F5F7E8FE4FF001035F
:10D1E0000598ADF83C30424B0E9397E80600F5F7F2
:10D1F00029FF294650461FF073FED9F87070059B31
:10D200005246C7F3401CCDF808C0C7F3001CC7F353
:10D210000027CDF804C00097DDE90601F6F7A4F871
:10D22000F7F7E4F90746002838D02846F5F712FF4B
:10D23000012150461FF054FE0598F5F709FF1FF035
:10D240004FFFD4F88030C4F88430B8F80030CBB940
:10D25000D4F88430D4F880209B1A190712D11FF01B
:10D260003FFFD4F88030C4F88430FDF7C9FF0028B0
:10D27000FBD10120F6F710F90028F6D1B8F80030FC
:10D28000002BE5D0D9F87030C3F3400203F001035E
:10D290008BF80320F37011B0BDE8F08F0146F8F76A
:10D2A0007DF83846F5F7D6FE012150461FF018FEEE
:10D2B0000598F5F7CDFE1FF013FFD9F870309800F0
:10D2C00003D4B8F80020D207DED500F091FF11B0EA
:10D2D000BDE8F04F05F056BD28E3002024E3002010
:10D2E00048E2002020E30020F0E20020E0E20020FD
:10D2F00080841E00781F01202AE30020D0E2002055
:10D3000070B50B4E00240B4D0B4B32460B48294693
:10D310001C7104801C731C751C770EF00FFC0848F0
:10D32000324629460480BDE870400EF007BC00BFBD
:10D330000000002099CD0124F0E20020E0E200206E
:10D34000D0E20020704700BF704700BF704700BFA9
:10D35000014B00221A8070470E1F01202DE9F04773
:10D36000D1F800A0D2F80080DAF814301B7863B34B
:10D3700000250646184FA9462C46204605F06EFCAF
:10D380003B785BB1DAF81420817A1278914205D1AA
:10D3900072680135A242C8BF09F101090134042CA9
:10D3A000EBD1DAF81420012D127808D03BB109F145
:10D3B000410340460949BDE8F04713F09DBB404694
:10D3C0000749BDE8F04713F097BB064B1B88A8F848
:10D3D0000030BDE8F08700BF0D1F0120C03E0324D0
:10D3E000FC39032474380324054B10B51B7803EB78
:10D3F000830303EB83039C0005F072FB046010BD04
:10D40000F4E30020F6F780B870B5054600200C461E
:10D41000F8F7D2FD1C237C2216210220F8F712FE19
:10D420000120F8F7C9FD1923782217210420F8F705
:10D43000F9FD17237A2218210320F8F7F3FD0123C1
:10D440002A465CB11C214020F8F7B8FE2246002392
:10D4500026214020BDE87040F8F7B0BE20214020D2
:10D46000BDE87040F8F7AABE0B469446102102684A
:10D470001B68DCF800005B691B6813F007BB00BF8A
:10D48000012A02D1016000207047022A05D0032A38
:10D49000F9D0002AF7D10260F5E70B680360F2E7E4
:10D4A000012A034602D1016000207047022A05D0FC
:10D4B000032AF9D0002AF7D10260F5E703C983E80F
:10D4C0000300F1E7012A02D1016000207047002A21
:10D4D000FBD10260F9E700BF012A02D10160002000
:10D4E0007047002AFBD10260F9E700BF012A02D190
:10D4F000016000207047002AFBD10260F9E700BFFD
:10D50000012A02D1016000207047002AFBD102608D
:10D51000F9E700BF012A02D1016000207047002A0C
:10D52000FBD10260F9E700BF0B68012012685B695C
:10D530001978043905F030BC012A02D101600020BD
:10D540007047002AFBD10260F9E700BF012A02D12F
:10D55000016000207047002AFBD10260F9E700BF9C
:10D56000012A02D1016000207047002AFBD102602D
:10D57000F9E700BF012A034602D10160002070478D
:10D58000022A05D0032AF9D0002AF7D10260F5E774
:10D5900003C983E80300F1E70B46DFED096A106871
:10D5A0001B6808495B691B8807EE903AF8EE677ABA
:10D5B00087EEA67AB7EEC77A53EC172B13F09CBA16
:10D5C0000000C044C83E03240B6812685B691978E8
:10D5D00019B9044B1B88138070470139032005F0EB
:10D5E000DBBB00BF7438032430B5002304460D684C
:10D5F0002DED028B83B08DF807304368DA6CD207CB
:10D6000009D51A68002A34DB281E18BF012003B090
:10D61000BDEC028B30BD5B699FED298AD3ED007AAA
:10D620000DF10703006867EE887A90F81421FDEE8B
:10D63000E77AD20117EE901AF7F7DAF99DF807109A
:10D6400020682944C9B2F7F761F907EE900A6368C8
:10D65000F8EEE77A5A6987EE887A82ED007AD3EDA0
:10D66000007AB4EEE77AF1EE10FA1BD5C2ED007A3B
:10D67000CAE700685B6990F8142119680DF1070387
:10D68000D201F7F7B5F99DF8071020682944C9B20F
:10D69000F7F73CF963685A6910601968884209DA3B
:10D6A0001160B1E7D3ED017AB4EEE77AF1EE10FA4A
:10D6B000AADDDBE75B689842A6DD1360A4E700BF44
:10D6C0000000C04470B5104B064600F5CC74A0F1C4
:10D6D0004805036004F13801236C0322084603B1B6
:10D6E000984704F12801236B0322084603B19847A9
:10D6F00004F11801236A0322084603B19847503CFD
:10D70000AC42E7D1304670BD9C65032470B5134B25
:10D71000054600F5CC74A0F14806036004F1380119
:10D72000236C0322084603B1984704F12801236BB8
:10D730000322084603B1984704F11801236A032223
:10D74000084603B19847503CB442E7D128464FF40D
:10D75000F4710EF0F8F9284670BD00BF9C650324F3
:10D76000836810B5044613B103220146984720464A
:10D7700010BD00BF2DE9F043044683B00E461746A6
:10D78000F5F720FC236C054663B1636C0DF10302D1
:10D7900001A904F1380001968DF80370984700281C
:10D7A00040F0AF807D4F3B689C4204D02022002196
:10D7B0007B4813F001FB7B4979480B68E26C03F16D
:10D7C000010C03F0070340F823505307C1F800C0D1
:10D7D00023D4D007DFF8DC81616926D520683A6858
:10D7E000002863687BDBFF2B9C4600F39380944208
:10D7F00091F800E0D4F8089000F0BD80B9F1020F74
:10D8000040F3BF8006EB0E02934203DB9042B8BFA9
:10D810001046844681F800C03CE0DFF89881D007CC
:10D8200061693C60C8F80050D8D4530691ED007A85
:10D830003ED55D4BF6EE007AA5F5AF7C03F12000F6
:10D8400053F8042F624588BF77EEA77A9842F7D144
:10D85000DFED564A06EE906A94ED006A84EEA75A10
:10D86000F8EEE65AD4ED016A76EEC64AC4EE857A41
:10D87000A7EEA57AB4EEE67AF1EE10FA08DCB4EE83
:10D88000C67AF1EE10FA54BFF0EE476AF0EE466A3F
:10D89000C1ED006A236B2BB1636B01A904F1280071
:10D8A000019498473C60C8F8005003B0BDE8F0838D
:10D8B0003A68A368944243D0022B46DD07EE906A93
:10D8C000D4ED016A94ED006AF8EEE75A9FED385AFC
:10D8D00076EEC67A67EE857AA7EEA57ACAE7944215
:10D8E000D1F800C03ED01A1A48BF7F32D21106FBD1
:10D8F00002C2934203DB90420346B8BF13460B605B
:10D90000C8E7264FDFF8AC803C60C8F8005003B091
:10D91000BDE8F083B3F5803FE1DA9442B1F800E06E
:10D9200032D01A1A48BF7F32D21106FB02E293426C
:10D9300003DB9042B8BF10468446A1F800C0A9E7B7
:10D94000D8F8002064329542B6D807EE906A06EE09
:10D95000903A94ED006AF8EEE77AA7EEA67AD4ED55
:10D96000016A87E7D8F8002064329542BBD8A268E4
:10D9700002FB06C2BDE7D8F80020643295423FF6AC
:10D980003DAF09FB06E23FE7D8F80020643295423C
:10D99000C7D8A26802FB06E2C9E700BFD0E30020B7
:10D9A000ACE30020A8E30020A8E3002000C0F94475
:10D9B0000000003CCCE30020114B12681B78032BC5
:10D9C00015D8DFE803F0100C08020E4B18681B791D
:10D9D0001060137170470021084605F0DDB90A4B4D
:10D9E000186810607047094B1B8813807047084BFC
:10D9F000186899889B79106091809371704700BF77
:10DA0000101F0120D43E0324D03E03247438032485
:10DA1000DC3E03240FB410B582B0074C402104ABA8
:10DA2000204653F8042B019313F0FAF8204602B075
:10DA3000BDE8104004B07047B4E600202DE9F04F77
:10DA4000DFF8D892002406460D464F1C2DED028BC0
:10DA500087B099F80000B0EE408A8DF8174005F0C5
:10DA60001FFD804699F8000005F0F8F8224608F5F9
:10DA70009479C178484605F08BFB4846F6F74CFF91
:10DA8000002840F0BA80B2EE046A0346B9EE007A8C
:10DA900077EE487ADFED9A6A37EE267AF0EEE77A8B
:10DAA000F4EEC67AF1EE10FA03D5B0EE676A5CB216
:10DAB00001200133612BEBD1002800F09B808DF811
:10DAC0001740904B4FEAE479BFB2DFF854A283FBD2
:10DAD000042331B2FA1F8C48C9EB630906F1220B0B
:10DAE00012B2A5F1040809EB4903053FA4EB830436
:10DAF0000E233FB264B200931F2307F07BFB5AF85A
:10DB000024308148039306F085FF42465946039B23
:10DB100000907E48FCF78EFAAB1C4FFA89F17C48E6
:10DB200003931FFA86F9FFF775FF0546764806F05E
:10DB300071FF2B46594609F1020509F11E0B0090B1
:10DB4000ADB2039A1FFA8BFB7048FCF773FA0A21F7
:10DB500003233A466C48009129B2043507F07AFB5A
:10DB6000ADB2AB45F3D10021674806F04FFF09F194
:10DB700004034FF0000B9DB2BBF1020F4FF0050103
:10DB80004FF003033A46604805F1040C02D11FFA36
:10DB90008CF59B460BF1010B009129B2043507F07F
:10DBA00059FBBBF1060FADB2E6D10221564806F093
:10DBB0002DFFF31C042C5AF8242003EB4403039894
:10DBC0005278C8BF0233002A08BF80461BB208F152
:10DBD00003000FFA88F2194600B200904A4806F096
:10DBE0005FFF0121484806F011FF07B0BDEC028B32
:10DBF000BDE8F08F9DF9174063E7DFED467A0DF140
:10DC0000170398F83C22484628EE278AD201FDEEF9
:10DC1000C87A17EE901AF6F7EBFE9DF917303F2BF6
:10DC200063DDD8F838C2403BBCF1000F00F034810E
:10DC3000DCF80420BFB231B2A5F1040BB3FBF2F261
:10DC4000141DFA1F12B2DCF80400B3FBF0F90C2823
:10DC500000FB193900F0848080000E2300F1030AD4
:10DC6000009329480FFA8AF3B24407F0C3FA0AF185
:10DC7000030AB9F1000F40F00981274B22480393B2
:10DC800006F0C8FE039B5A46514600901F48FCF719
:10DC9000D1F921461E48FFF7BDFE04461A4806F09A
:10DCA000B9FE2346B41CAA1C009051461748002513
:10DCB000A4B2FCF7BFF912E05B687A1F9D424FF0F7
:10DCC0000A0112B291D20091032321B20E4807F04B
:10DCD000C1FA4D4500F0C08004340135A4B2D8F833
:10DCE0003832002BE8D10C23E7E7D8F838C21A46BF
:10DCF0000324BCF1000F00F0AA80DCF8040012E05D
:10DD0000ABAAAA3DABAAAA2A24430020284300209C
:10DD1000FC3903240000C044E040032454E6002002
:10DD200028040020013C024401463F2AFADDA3F109
:10DD300040025318002B1A46FBDBBFB2A5F1040BBF
:10DD400031B2FA1F12B2BCF1000F7FF47CAF584819
:10DD5000A0FB03094FEAD90909EB4909A3EB89099B
:10DD60000E23DFF85CA1534806F1220800931F231D
:10DD700007F040FA5AF829304E480235039306F06E
:10DD800049FE039B5A46414600904B48053FFCF72D
:10DD900051F9214649483FB20395FFF73BFE04463F
:10DDA000444806F037FE2A46B5B223464146009065
:10DDB000AC1C05F11E084048A4B21FFA88F8FCF715
:10DDC00039F921B204340A233A46A4B239480093FF
:10DDD000032307F03FFAA045F3D10021354806F0B0
:10DDE00015FE2B1D4FF000089CB2B8F1020F4FF04A
:10DDF00005014FF003033A4604F1040001D184B257
:10DE0000984608F1010800912A4821B207F022FA49
:10DE10000434B8F1060FA4B2E7D10221254806F078
:10DE2000F5FDF31CB9F1040F5AF8292003EB49035F
:10DE30000398527888BF0233002A08BF83461BB27A
:10DE40000BF103000FFA8BF21946C5E6013C0C32C8
:10DE50003F2AFBDD0C216AE7661C07F1020A02215A
:10DE6000144836B20FFA8AFA06F0D0FD0123314683
:10DE70005246104806F07AFE314652460D4806F0EA
:10DE8000CDFD01210B4806F0C1FD25E749460B48B1
:10DE9000FFF7C0FD0346F1E6054CBFB231B2A5F174
:10DEA000040BA4FB0324FA1FE40812B204344EE767
:10DEB000ABAAAAAA2443002028430020FC3903244B
:10DEC00028040020034678B11046C901074A91FB97
:10DED000F0F110B4C1F18001054C064821603F21EA
:10DEE0005DF8044B12F0D2BD704700BFE43E03243E
:10DEF000B0E6002070E60020037803B97047FFF712
:10DF000083BA00BF0FB400B583B04021074804AB0B
:10DF100053F8042B019312F083FE054B80221A6004
:10DF200003B05DF804EB04B0704700BF70E600205A
:10DF3000B0E60020994B002270B582B01A60831EB3
:10DF4000112B1FD8DFE803F0202020271E2C34439C
:10DF50004F545C637D92091E1EA7914A914B117824
:10DF60001A780A44D2B2B2FBF1F001FB1022D2B20D
:10DF7000032A00F0E880CA1CD2B2B2FBF1F001FB28
:10DF800010221A7002B070BD874A1368012B18BFA7
:10DF900001201060F6E702B0BDE870400BF078BCDD
:10DFA000814B1A68012A00F0BD8001221A60E9E75E
:10DFB0007E4C2368002B01DD5B4223600433032B7E
:10DFC000E0D8DFE813F0D000D900E100DD00784BA5
:10DFD00018680028D6D105F0F3F8764802B0BDE8FD
:10DFE0007040FFF78FBF02B0BDE87040F5F75ABA36
:10DFF0006E4A1368002B40F38880013B1360C1E731
:10E000006A4A1368002B73DD01331360BAE7644A70
:10E01000644B11781A780A44D2B2B2FBF1F001FBDA
:10E02000102212F0FF0206D15F4A1068012814BFC7
:10E03000012003201060B1FBF1F202FB11111970F5
:10E04000A0E7574A574B11781A780A44D2B2B2FB6C
:10E05000F1F001FB1022D2B2012A7CD04A1CD2B2CC
:10E06000B2FBF1F001FB10221A708BE74C4A4D4BCA
:10E0700011781A780A44D2B2B2FBF1F001FB1022F7
:10E08000D2B2022A57D08A1CD2B2B2FBF1F001FB05
:10E0900010221A7076E7434C207805F001FA01222D
:10E0A000034620789A6004F0D9FD837A002B3FF470
:10E0B00069AF41F63072302320780DF10605ADF8D6
:10E0C00001206C46ADF8043004F0C8FD837A3A4E66
:10E0D000A3F171027F338DF800208DF80330306892
:10E0E00014F8011B03685B689847AC42F7D149E715
:10E0F0002C492B4A0B78127813440133DBB2B3FB63
:10E10000F2F002FB10330B703CE72649244A0B78EF
:10E1100012781344013BDBB2B3FBF2F002FB103385
:10E120000B702FE71F4B254A1B78D15600292FDB98
:10E13000FF21D15426E71C4A1068012814BF012092
:10E14000032010609FE7184A1068012814BF0120BF
:10E15000032010600FE7144A1068012814BF012043
:10E16000032010607AE70BF093FB2368002B7FF706
:10E1700009AF5B42236005E70B4B04221A6001E7FD
:10E18000094B02221A60FDE6074B03221A60F9E6EA
:10E19000064A13685B421360F4E600BF10E60020F5
:10E1A000A801002054E600202404002020040020C0
:10E1B000B0E60020EC3E03241CE2002054030020C3
:10E1C000024B1A6802B11860704700BFB0E6002029
:10E1D000064B03F1C0011A681AB10C338B42FAD115
:10E1E000704707C883E80700704700BF600300203E
:10E1F000044A06200449136F086043F00053136774
:10E20000704700BF781F012024040020062970B544
:10E210002DED028B82B05BDD0D46064600213248B3
:10E2200006F0F4FB7F2340210A222F480A240091A4
:10E23000194606F035FC01212B4806F0E7FB22B217
:10E2400002347F21284806F0E9FB3C2CF7D105EB8E
:10E25000C505052E07EE905AF8EEE77A35DD053E46
:10E2600006EBC60607EE106AB8EEC77ADFED1F6A46
:10E2700087EE278AC6EEA78A28EE268A68EEA68A47
:10E28000F5EEC08AF1EE10FA1BDDB2EE067A00243C
:10E29000DFED177A38EE078A77EE887A01347F212E
:10E2A0001148FDEEE77A17EE903A1AB206F0B6FB87
:10E2B00007EE904AF8EEE77AF4EEE78AF1EE10FA0C
:10E2C000EADC02B0BDEC028B70BD9FED097ACDE7B0
:10E2D0007F2340240A2204481946009406F0E0FBFC
:10E2E00002B0BDEC028B70BD244300200000484208
:10E2F0000000000070B586B00346114E0DF1080C09
:10E3000003F13802EE460F4DCDE902109CE8030000
:10E310008EE8030092E803008CE803009EE8030007
:10E3200082E803001C6C5A6C1E6404945D640592C0
:10E330001CB1032261466046A04706B070BD00BF15
:10E3400075D50124E9D501242DE9F047144612784A
:10E3500098469DF820303E2A07460D469DF824A099
:10E3600008BF0134ABBB0A21204612F03CFD064633
:10E37000A8B1A5F10508011B22462A48FFF74AFB70
:10E380004146024600233846F7F7F2FE6A1C334640
:10E3900039B212B22448BDE8F04707F053BA092158
:10E3A000204612F020FD8146E0B1011B22461D48A7
:10E3B000FFF730FBA91F024601233846F7F7D8FEC6
:10E3C000334609F10102A91C781CBDE8F047F7F7B4
:10E3D000CFBECA1EC11F154B12B2134809B207F0B7
:10E3E00031FAC0E7AAB239B2BAF1000F12D0063A38
:10E3F00023460D4812B207F025FA0B4806F00AFB37
:10E4000004464346AA1C791C08940948BDE8F04715
:10E41000FBF710BE033A2346034812B2BDE8F047AB
:10E4200007F010BAA83B032424430020FC3E032439
:10E43000284300202DE9F04F2DED028B85B09DF88B
:10E440004070DDF8448072B1144612785AB1252A22
:10E4500006460D4620D0242A0AD0402A08D03E2A5B
:10E460000AD02E2A1FD105B0BDEC028BBDE8F08F7B
:10E47000627801343E2AF4D1033D2DB2002F40F0E2
:10E48000EA80631C2A4631B2914805B0BDEC028B8C
:10E49000BDE8F04F07F0D6B962784FF000080134BC
:10E4A000242ADAD1E4E707EE903ADFED8A5ADFED6D
:10E4B0008A6AF8EE677A9FED898ADFED898A9FED97
:10E4C000897A87EEA56AA6EE268AFCEEC87A17EE50
:10E4D000903A9BB207EE903AF8EE677A87EEA80A78
:10E4E00020EE070A1EF01CFD20EE280ABDEEC00A31
:10E4F00010EE103A0FFA83F9B9F1000F03DA09F5BB
:10E50000FF5909F11F09BDEEC88A43F6FF73DFED1D
:10E51000748A4FEA69399FED737A18EE102A1A440B
:10E520001346714A82FB0312D9171A44C1EBE23237
:10E5300013449BB207EE903AF8EE677A87EEA80A8A
:10E5400020EE070A1EF0ECFC20EE280ABDEEC00A01
:10E5500010EE103A1BB2002B02DA03F5FF531F3303
:10E5600022785B13092A02D16278123601347E2A9E
:10E5700079D008EE103A08EE909A052303930A2109
:10E58000204612F030FC82461FFA86FB1FFA85F9FE
:10E59000002846D0011B22465448FFF73BFA0023CF
:10E5A0000246A91F06F10C00F7F7E2FD0AF101028D
:10E5B0000123294606F10B00F7F7DAFD36B2039B7B
:10E5C0002DB247B303332A463146414806F0CEFA0E
:10E5D000F8EEE88AB8EEC88ADFED457A68EEA78AD9
:10E5E00028EE278AFDEEE88ABDEEC88A18EE103ABA
:10E5F0002A4631463648994418EE903AABEB03036D
:10E600000FFA89F41BB2109405B0BDEC028BBDE883
:10E61000F04F06F045BA2A4631462D4806F0A6FAD4
:10E62000E4E70921204612F0DEFB88B322460446C7
:10E63000811A2E48FFF7EEF9A91F0246012306F1C1
:10E640000C00F7F795FD5346621CA91C06F10D005E
:10E65000F7F78EFDB2E7F11F264B2A461C4809B298
:10E6600007F0F0F80DE707EE909A01340027F8EE76
:10E67000E78A07EE903A0723B8EEE78A78EEA88A91
:10E68000039338EE088AFDEEE88ABDEEC88A76E785
:10E690000BF10C01234609B2B8F1000F11D0A9F11A
:10E6A00006020B4812B207F0CDF8094806F0B2F99D
:10E6B00043460090AA1C06F10D010F48FBF7BAFC77
:10E6C0007CE7A9F10302024812B207F0BBF875E734
:10E6D0002443002000FF7F4700FF3F470000004623
:10E6E00000FEFF46DB0F494001800080A83B032469
:10E6F00033331340FC3E03242843002007EE901AD6
:10E700009FED287AF8EEE77A70B50D4606462DEDB6
:10E71000028B87EE278A84B062BB0121224806F073
:10E7200075F9002D22DD002401E0AC421ED0A64286
:10E7300004F10104F9D107EE904A04213C221A4861
:10E74000B8EEE77A0091F0EE487AD7EE087ABDEE9F
:10E75000C87A8DED037ABDF90C30FDEEE77A17EE3D
:10E76000901A09B206F076FDAC42E0D104B0BDECDF
:10E77000028B70BD042400210B4806F047F980236A
:10E780003C2200210848009406F064FD012106485F
:10E7900006F03CF980233C2200210348009406F057
:10E7A00029FDBAE70000004324430020184B1B68F2
:10E7B00070B5012B174E0546347812D021467CB136
:10E7C000002403E001343178A14209DDA542F9D1EA
:10E7D00001222846FFF792FF01343178A142F5DC8F
:10E7E00070BD032CEAD12246302310217D20F7F79B
:10E7F00039FC2246302310217D20F7F713FC691CD9
:10E800002246102309017D20BDE87040F7F71ABCAD
:10E8100024040020A80100200649074B1A780B7831
:10E8200013441844C0B2B0FBF2F302FB1300C0B2B1
:10E830000870704754E60020A801002070B5054616
:10E8400008460C46EDF72CFB02460948214692B2D9
:10E8500006F07CFED0F1800123462A4648BF0131F4
:10E86000034841F34F01BDE8704006F0EBBF00BF25
:10E8700024430020024B1B6803B17047FFF75ABBCB
:10E8800034E2002091F900C05CEA020301D50A706D
:10E89000704702EB820300EB0313D3F88C32002B9A
:10E8A000F5D00CEB8C0C00EB0C1070B5D0F88C4252
:10E8B000A64604F5F075586D20F08000586534B117
:10E8C000DEF8546006F0800C4CEA000058650EF14A
:10E8D000500E5033AE45EED10A7070BD70B504468F
:10E8E000124D134B042C287801DCE2070BD503EB07
:10E8F000400393F901205C70A24203D00D4E3356C1
:10E90000002B0ADA70BD13F9102003F81040A24260
:10E91000F8D0084E3356002BF4DB04F0C1FD297803
:10E9200022463144BDE87040FFF7ACBF54E60020FA
:10E93000580300205403002070B50E46054604F02D
:10E94000AFFDD0F8541200293AD002460123D2F884
:10E95000A4429C4650320133002CF8D16146A6B146
:10E960001F4B6C0003EB450292F90120042A32DDB3
:10E970004FF0010C62448A422BDA52B219194A70E4
:10E9800018494A57002A13DA70BDBCF1060FA8BF18
:10E990004FF0060C124B134913F91520023294451F
:10E9A000CCBF52B2002203F815204A57002AEBDBF5
:10E9B00003EB450329449A57BDE87040FFF762BF57
:10E9C00066B1074B6C0003EB450292F90120042A63
:10E9D00001DD72B2D2E74FF0020CCBE7B446D9E7C3
:10E9E00058030020540300202DE9F04F161E87B075
:10E9F000C0F2C3800746084604F052FD804606EB8D
:10EA000086034FEA860900EB0313D3F88C52002DDE
:10EA100000F0B7802B4600229C695CB121782E293A
:10EA200003D0596D090600F11F8101325033062AC7
:10EA3000F2D10024052ED8F85432D4BF0020012092
:10EA4000002B00F00D8143460021D3F8A4220131B0
:10EA50005033002AF9D1092900F39D80002800F0E5
:10EA6000D9803B88012B0DD07A88B2F5007F00F069
:10EA70008480042B00F0DA80022B00F0A680032BA8
:10EA800000F0E7804FF0FF3906234FF0070A4FF000
:10EA9000020B40274E464FF0000803930021924896
:10EAA00005F0B4FF32230C2241468F48B4FA84F4B7
:10EAB0000093402306F0CEFB04223B4631460092F1
:10EAC0006409894805F0ECFF0121874805F09EFFA5
:10EAD00039230522414684480093402306F08AFBEF
:10EAE00007234146052280480093402306F0B2FBED
:10EAF000052231467C4805F097FF052239467A48C1
:10EB000005F092FF31463B22774805F08DFF3B220E
:10EB10003946754805F088FF0021734805F076FFF7
:10EB2000714805F077FF714B0622594600907048F6
:10EB3000FBF780FA01216C4805F068FF00222B7971
:10EB400050461121019200946A4AFFF773FC2B7919
:10EB5000694A03EB830303991268634852F8233030
:10EB60000E2206F06FFE2B68644A5B69934240F008
:10EB70001F81012007B0BDE8F08F002007B0BDE87D
:10EB8000F08F5F4C5F4D236813F0010372D00023B8
:10EB90002B715C4D3EE73B88012B09D07A88B2F59A
:10EBA000807FEAD0042B41D0022B0ED0032B50D013
:10EBB0004FF03F0946234FF0470A4FF0420B8027A2
:10EBC0004E464FF04008039368E7002C00F0F580B4
:10EBD000236C63B10023666C0DF1130205A904F1E7
:10EBE000380005938DF81330B0470028C1D105F5E2
:10EBF000F472E36CA24223F0800353D8E364083537
:10EC00009542B6D22B69002BB3D0EB6C43F0800356
:10EC1000EB64AEE70929BEDC3B88F243012B02F02E
:10EC2000010250D0002A3FF41FAFB7E7B7F9041034
:10EC3000002C6FD02369F888002B9AD06369002BD1
:10EC400097D0821A2046B2FA82F25209FEF792FD5C
:10EC50008FE7002C91D0E36C23F08003E36488E716
:10EC6000052E3FF7FEAED7E702EB820205EB02145A
:10EC70000834DFE62B7105F5F47A05F10803184630
:10EC80005022002112F098F8034650335345F6D134
:10EC90001D4B1E4A2B6001231D491A4823600CF0AE
:10ECA0004DFF74E704F15005E364AA4207D860E71A
:10ECB0001B782E2BA4D15035AA427FF65AAF2B6970
:10ECC000002BF5D19CE74FEA82194A46C84609F164
:10ECD000020B09F1070A931D09F1FF3908F14007FA
:10ECE0000FFA89F60393D9E624430020003F03245A
:10ECF00028430020FC3E03241028012045D3012492
:10ED000010E4002014E400202493032400000020D9
:10ED1000C5D6012409EB06072D7908EB07136D18FA
:10ED20004FEA0717D3F88C224AD429492948D1E958
:10ED300000135B1A9B1000FB03F39D42A8BF03F175
:10ED4000FF358AB113799D423FF413AF07F5237065
:10ED5000404403F075FF09EB060308EB0313D3F8F7
:10ED60008C22002A7FF405AF002D7FF702AF184BED
:10ED7000184AD3E900031B1A9B1002FB03F39D42C0
:10ED8000BFF4F7AE07F511734344059305EB850314
:10ED900000EB8300C368C3B1036905A90430984739
:10EDA00009EB060308EB0313D3F88C321D71E0E680
:10EDB0000E22494628469847DBE605F5F4721EE721
:10EDC000002A3FF4D6AE2546BCE70CF0E5FE00BFB6
:10EDD00010280120CDCCCCCC0346034A1021034897
:10EDE0001B6911F053BE00BF4C490324F8E3002017
:10EDF0002DE9F04F92461268984683B002EB8203E9
:10EE000081460E4608EB03131F6917B13B783D2B73
:10EE100032D0012E20DD102239465F4811F0F0FF7C
:10EE2000D0B13B784546002401930AE0D5F810B0F4
:10EE30005035594611F0E4FF00286DD00134A64248
:10EE40000AD0019B102254483D2BEFD17B783D2BFB
:10EE5000ECD10134A642FCD13B46504A10214E4829
:10EE600011F014FEB9F80030042B15D0022B39D064
:10EE7000002003B0BDE8F08F7B783D2BC9D1013273
:10EE800092FBF1F301FB1322CAF8002002EB82028D
:10EE900008EB02121769BCE7B9F80230B3F5807FBE
:10EEA00004D0B3F5007F3FD00120E2E7B9F90410A8
:10EEB000DAF800208A1833D4B242A8BF06F1FF3234
:10EEC00002EB8203104608EB03131B69CAF800002B
:10EED00013B118783D283FD0304A10212E4811F048
:10EEE000D5FDE1E7B9F80230B3F5007FDCD1DAF8FF
:10EEF00000301021013393FBF6F206FB1233274A50
:10EF000003EB8300CAF8003008EB00182248D8F859
:10EF1000103011F0BBFDC7E75F46CAF800409BE721
:10EF2000002043460246D0E7DAF8000000EB8000FC
:10EF300008EB00100369002BB6D04369002BB3D057
:10EF4000B9F80620B9F90410A2F50072B2FA82F2FB
:10EF50005209FEF70FFCA7E758783D28BCD11144B1
:10EF60000029CAF8001007DBB1420BDA01EB81017E
:10EF700008EB01110B69AFE70022D8F81030CAF88E
:10EF80000020A9E7013E06EB8603CAF8006008EB03
:10EF900003131B69A0E700BFF8E300204C490324DA
:10EFA000114B02461B78032B15D8DFE803F0100C39
:10EFB00008020E4B18681B7910601371704700210E
:10EFC000084603F0E9BE0A4B186810607047094B09
:10EFD0001B8803807047084B186899889B791060DC
:10EFE00091809371704700BF101F0120D43E03240D
:10EFF000D03E032474380324DC3E032410B4046997
:10F000002CB143691BB15DF8044BFEF7B3BB5DF84F
:10F01000044B7047C26C0346416902F0010052077D
:10F0200047D5A8B983ED030AD1ED007A77EE807A4F
:10F03000C1ED007A1A6B002A3AD05A6B03F128000E
:10F0400000B583B001A90193904703B05DF804FBBC
:10F05000DFED817A1A6820EE270A002ABDEEC00A89
:10F06000F8EEC06AC0F2A3800888D3ED017A07EEFB
:10F07000100A83ED030AF8EEE77AB8EE477A37EE26
:10F08000267AF4EEC77AF1EE10FA09D407EE902A48
:10F09000F8EEE77AF4EEC77AF1EE10FA77FE877AA7
:10F0A000FCEEE77A17EE902A0A801A6B002AC4D188
:10F0B0007047F2EE047A80EE276A70B3D3E900025B
:10F0C000002849DB07EE900AFF2AB8EEE75A00F362
:10F0D0008E80101A07EE902A07EE100A0878F8EED4
:10F0E000E77AB8EEC77A05EE900AF8EE655A27EE91
:10F0F000067ABDEEC77AF8EEC76A83ED037A36EE7C
:10F10000A57AF4EEC77AF1EE10FA40F19B80FCEE9E
:10F11000E77A17EE902A0A708CE7D3ED016AD3EDF7
:10F12000005AD1ED007A36EEE57A27EE067A77EED0
:10F13000277A83ED037AF4EEE76AF1EE10FA02D54E
:10F14000C1ED006A76E7F4EEE75AF1EE10FA75FECB
:10F15000A76AC1ED006A6DE707EE902A121AD1ED99
:10F16000006AB8EEE77A07EE902AF8EEE65AF8EE73
:10F17000E77A67EE867AFDEEE77AF8EEE76AC3EDA6
:10F18000037A76EEA57AB4EEE77AF1EE10FA09D4B6
:10F1900007EE100AB8EEC77AB4EEE77AF1EE10FA8D
:10F1A00037FE277ABDEEC77A81ED007A42E791ED0E
:10F1B000007AD3ED017AB8EEC77A83ED030AF8EE50
:10F1C000E77A37EE267AF4EEC77AF1EE10FA09D430
:10F1D00007EE902AF8EEE77AF4EEC77AF1EE10FA2D
:10F1E00077FE877AFDEEE77AC1ED007A22E7B2F585
:10F1F000803FB1DA101A07EE902A07EE100A08884D
:10F20000F8EEE77AB8EEC77A05EE900AF8EE655A9E
:10F2100027EE067ABDEEC77AF8EEC76A83ED037A69
:10F2200036EEA57AB4EEE77AF1EE10FA3FF738AF92
:10F23000B4EEC57AF1EE10FA54BFF0EE477AF0EE74
:10F24000457A2DE7B4EEC57AF1EE10FA54BFF0EE30
:10F25000477AF0EE457A5AE70000C044C36CDB07FA
:10F2600010B4446931D5D0E90023FF2B28DDB3F574
:10F27000803F4CDBC168206807EE902A0144F8EE1D
:10F28000E76A07EE901AF8EEE77AF4EEE67AF1EE26
:10F2900010FA39D407EE103AB8EEC77AF4EEC77A0E
:10F2A000F1EE10FA37FE277A9B1A37EE667A5DF890
:10F2B000044B07EE903AF8EEE77A87EE270A70479C
:10F2C000002AD7DB2178C068D6E794ED007AD0ED2C
:10F2D000037AD0ED006A77EE877A90ED017AF4EE4A
:10F2E000E76AF1EE10FA17DCB4EE677AF1EE10FA85
:10F2F00048BFF0EE477A77EEE67A5DF8044B37EEDA
:10F30000667A87EE870A7047B0EE667ACCE7002A05
:10F31000B0DB2188C068AFE7F0EE667AEBE700BFAC
:10F32000C36C024613F0010013D0D2E9000310B4FD
:10F33000FF2B54690EDDB3F5803F13DB246871B9F0
:10F34000844203DBA342A8BF234618465DF8044B62
:10F35000704770470028F1DB24780029F0D0D2688C
:10F360001444EDE70028E9DB24880029E8D0F6E71B
:10F37000C36C4169DB071CD5D0E90023FF2B14DDEA
:10F38000B3F5803F22DB07EE902A91ED007A9B1ABD
:10F39000F8EEE76AB8EEC77A07EE903AF8EEE77A49
:10F3A00037EE667A87EE270A7047002AEBDB09788A
:10F3B0000FE0D0ED006A91ED007AD0ED017A37EEE2
:10F3C000667A77EEE67A87EE270A7047002ADADB5C
:10F3D000098807EE902A07EE101A9B1AF8EEE76AE2
:10F3E000B8EE477A07EE903AF8EEE77A37EE667AAB
:10F3F00087EE270A704700BF2DE9F04FAF4C9146CA
:10F4000084468E4684FB0324DB17C3EB64039945D3
:10F410002DED028B8BB040F39781A9EB0303C3EB77
:10F420004372C3EBC20303F10C06BEF1000F40F3BD
:10F43000A5804FF0000B06F101087746CDF818C003
:10F440005D46CDF81490731E3A2B00F28B8005EBCD
:10F450008504069B03EB041422691AB113783D2B33
:10F4600000F00E81964B05989649DFF85C9258455E
:10F4700008BF1946484611F03FFB23691B785BB96A
:10F48000236A4BB109F1010309AA08A904F1180084
:10F4900009930894636A9847E36C1A0500F1E780C2
:10F4A0000921894811F09FFCA0EB0901002907DD23
:10F4B000854A8648FEF7AEFA0146834811F00FFEF2
:10F4C000814A31460120F6F749FEE36C13F0180F2C
:10F4D0005DD01FFA88F92046FFF74AFF632309F140
:10F4E00004040FFA88FA1946794824B25246B0EE5D
:10F4F000408A009405F0D4FA7B23524600941946C2
:10F50000734805F0CDFA6324B3B2DA1C07932B4697
:10F510000FFA82FA55469A4623B202342A466C48BC
:10F52000A4B21946009505F0BBFA7B2CF4D1B3EEDA
:10F53000087ADFED687A09F1050309F1FF326448C2
:10F540005546E8EE077A1BB212B20093FDEEE77A59
:10F5500017EE903A1BB2194605F0A2FA059B5B45DF
:10F5600000F0D5800135093608F10908EDB2AF4247
:10F57000AB463FF768AFBE46DDF81490714648468B
:10F580000BB0BDEC028BBDE8F04FFEF73FBE4E491D
:10F590004F4806F0ADF9236A8246002B7AD004F179
:10F5A000180008A9636A09AACDE908499847092102
:10F5B000454811F018FC18B1411C434811F08FFD6B
:10F5C0004149434806F094F9C0F34F0013283FD84F
:10F5D0000AEB400A0446BAF1740F39DC0F283A4BA3
:10F5E00032B28CBF6B216F218946091A384809B2A3
:10F5F00006F028F9059B5B45B4D1A9F1060B33B29F
:10F600003348ABEB040BB4B202931FFA8BF9A21C84
:10F610000FFA8BFB09F1040A09F1020912B25946EB
:10F620000FFA8AFA0FFA89F900925346CDF804903E
:10F6300005F018FC221D0634534612B2594624B276
:10F640002348CDF804900294009205F00BFC89E762
:10F650001D484FF07E09ECF723FC002300EB8004EB
:10F66000194A4146C4F17E00F6F782FDC2E71A4905
:10F670001448FEF7CFF90146174811F030FD0FE7A7
:10F6800053783D2B7FF4EEAE002341460120F6F780
:10F690006FFD67E7D4E91293DB0725D56368FF2B7D
:10F6A00054DC63690D491A780D4B0748B9F1000F16
:10F6B00008BF0B460B4911F01FFA81E7398EE3387A
:10F6C0000C3F0324343A032414E60020A83B03240F
:10F6D000244300200000C64215E60020C43603245F
:10F6E000103F0324143F03246369244AD3ED007AB6
:10F6F000234BB7EEE77A2349B9F1000F18BF134641
:10F700002148009353EC172B11F0F6F958E7079BAB
:10F710005E245C211D489A1C33B2019412B20293FC
:10F720006023009205F09EFB079B5C2117481A1D81
:10F7300003F1060A01940FFA8AF312B202936023CE
:10F74000009205F08FFB0DE70C266EE62046FFF7D2
:10F750000FFEDFED0F7A0A4A20EE270A074B0D490C
:10F76000B9F1000F08BF13460748FCEEC07A17EE48
:10F77000902AC2F3462211F0BFF921E7103F03247B
:10F78000C43603241C3F032414E600202443002035
:10F7900000FF7F47143F03242DE9F047ADF5A15D3D
:10F7A000B14F804682B0387803F07AFE06460AAD43
:10F7B000387803F053FA81462A46002302F13801D3
:10F7C00002F1280413629FEDA67BC2E90033C2E96F
:10F7D000023382ED047BC2E90633503242E90B3337
:10F7E000C4E9013342E90733C1E9013341F2284159
:10F7F00042F8043C69448A4242E90333DDD1EB64B8
:10F800000023022203A92B6030466B60AB6003AB80
:10F810001D60964B2B612B1D6B613368DB6898472D
:10F820003368082203A9DB68304698473368102202
:10F8300003A9DB68304698473368202203A9DB68B8
:10F8400030469847336830464FF0FF32DB6803A9F3
:10F850009847874B1B78002B4AD1387803F020FE5D
:10F86000C3681B0644D43E7803A93046FDF74AF925
:10F8700003AB804A1B68804E5B1B1B1102FB03F32A
:10F880003A7856F8221003F101090029C0F2E2800B
:10F890004945A8BF46F8223006EB820240462B4677
:10F8A0004946FFF7A5FA0446002877D041F2D8343C
:10F8B0006C4404F13801236C0322084603B19847D5
:10F8C00004F12801236B0322084603B1984704F191
:10F8D0001801236A0322084603B19847A4F1500394
:10F8E000A5421C46E5D10DF5A15D02B0BDE8F0874B
:10F8F000039B00224FF0000C60491A6506AC5A6564
:10F9000003A89A6503F15402C3F89CC05A664A469C
:10F91000196699F80A10DFF86CE110293E78C3F8EF
:10F92000B0E028BF1021C4F80090666002F80A1FFA
:10F930001021C3F8B4200122C3F8A41003F1A001E0
:10F94000C3F8A0C003F1B80CC3F8A820C3F8EC209A
:10F9500004AA0160DFF830A1DFF830E194E8030089
:10F9600082E803009CE8030084E8030092E80300B7
:10F970008CE80300D3F8C090C4F80890D3F8C420F2
:10F98000C3F8C0A0C3F8C4E0E260B9F1000F3FF4CF
:10F990006BAF032221462046C84764E7384805F08C
:10F9A0006BFE0121364805F031F8402322462146FE
:10F9B00033480093802305F01DFC3B7849462846D8
:10F9C00056F823202923FFF717FD0A22802321461A
:10F9D0002B480092224605F03DFC2146284805F0C0
:10F9E00015F8387803F042F9064604F075F9006816
:10F9F00033B22146012241F2D83403EB43036C4475
:10FA000000EB03131E48083305F01CFF01211C48BE
:10FA100004F0FCFF00E01C4604F13801236C0322D3
:10FA2000084603B1984704F12801236B03220846D6
:10FA300003B1984704F11801236A0322084603B171
:10FA40009847AC42A4F15003E5D10DF5A15D02B099
:10FA5000BDE8F087002346F822301DE7AFF30080B1
:10FA6000000000000000000054E60020243F0324B2
:10FA70000D1F0120CDCCCCCCD4E30020403F03248B
:10FA8000244300205C3F0324A1D401245DD301243E
:10FA90002DE9F04FADF5797D804608ADF8AC2B46E9
:10FAA000184650220021002611F086F903465033F3
:10FAB0009C42F5D1AD4C324631460320277803F005
:10FAC0006BF9C0B2AA490EAB6C61874229614FF055
:10FAD00001012E6028BF0746FF28E964277018BF80
:10FAE000012202AC08BF0822A24904AF6860AA60E4
:10FAF000C4E90066DDE91062296293E80300CDE9FC
:10FB000006629D4A87E8030094E803006A6283E87E
:10FB100003001EB1032239463846B047002212AB1B
:10FB2000149EC4E90022159A06960792934A2A6306
:10FB3000934A93E803006A6387E8030094E80300AC
:10FB400083E803001EB1032239463846B0472599A1
:10FB500022AA249B4FF0000B079101268949DFF868
:10FB600068922966884999F800A029678749BAF1FF
:10FB7000030F0693696728BF4FF0030AC5F8649026
:10FB800089F800A0AE65C5F89C6092E80300C4E95E
:10FB900000BB87E8030000200321CDE91C0194E8A5
:10FBA000030082E80300002B00F014810322394691
:10FBB0003846984799F800A0BAF1030F40F20A813D
:10FBC000399A36ABC5F8A8600792714AC5F8EC605F
:10FBD000C5F8B020FF22389EC5F8A4206D4A0696CD
:10FBE000C5F8C0206C4AC5F8A0A0C5F8B490C5F807
:10FBF000C42093E80300C4E900BB87E8030094E84D
:10FC0000030083E803001EB1032239463846B0479B
:10FC100000223AAB3C9EC4E900223D9A0696079228
:10FC20005E4AC5F8D0205E4A93E80300C5F8D420A8
:10FC300087E8030094E8030083E803001EB1032271
:10FC400039463846B047574A4AAB4C9E1188C5F8EA
:10FC50000421B1F5705F069628BF4FF470511180F2
:10FC60000022C4E900224D9A07924F4AC5F80021AC
:10FC70000222C5F8F8200122C5F83C214B4AC5F8FC
:10FC800010214B4A93E80300C5F8142187E80300CC
:10FC900000204FF47051CDE9440194E8030083E85B
:10FCA00003001EB1032239463846B04700224EAB4E
:10FCB000509EC4E90022519A069607923D4AC5F823
:10FCC00020213D4A93E80300C5F8242187E803007A
:10FCD00094E8030083E803001EB103223946384646
:10FCE000B04799F800A044AEBAF1010F76D102F006
:10FCF000F7FE0368314806F17802314906F1500BEE
:10FD0000A0FB03031E207166C3F34713C6F858A077
:10FD1000C6F89CA01E2BDFF8B4E0DFF8B4C038BFF3
:10FD20001E230B70FF21274BC6E914013366002305
:10FD3000D2E90001C4E9003387E8030094E8030036
:10FD4000C2E90001D6F88030D6F88420C6F880E0F9
:10FD500006930792C6F884C01BB103223946384681
:10FD600098470123B3655E4638E000BF0D1F0120B0
:10FD70006C3F032461D50124C9D501244DD501244C
:10FD800005D401247C3F032439D50124B9D90124A9
:10FD90008C3F032415D5012429D5012401D5012444
:10FDA0004DD301240E1F0120983F0324EDD40124DC
:10FDB00099D50124D9D4012451D301241F85EB51B5
:10FDC000F4E30020A83F0324101F0120C5D4012420
:10FDD000E9D30124BAF1010F1CAE88D0761BDFF8FD
:10FDE00064B1514B3611514F9BF8002003FB06F6CE
:10FDF00057F8223006F1010A002B7ADB5345A8BFE1
:10FE000047F8226007EB820240462B465146FEF738
:10FE1000EFFF0446E8B1F8AC54F8103C0322503C24
:10FE20001BB104F138010846984704F12801236BFF
:10FE30000322084603B1984704F11801236A0322FC
:10FE4000084603B19847AC42E6D10DF5797DBDE88F
:10FE5000F08F374805F010FC0121354804F0D6FD3D
:10FE600040232246214600938023314805F0C2F901
:10FE700099F80030002B40D19BF8002032235146E6
:10FE8000284657F82220F8ACFFF7B6FA00220A21DC
:10FE9000802327480091114605F0DCF90021244811
:10FEA00004F0B4FD0122234B1146214805F0CAFCA1
:10FEB00001211F4804F0AAFD54F8103C0322503CD5
:10FEC0001BB104F138010846984704F12801236B5F
:10FED0000322084603B1984704F11801236A03225C
:10FEE000084603B19847AC42E6D10DF5797DBDE8EF
:10FEF000F08F002347F8223084E70F4B0F48196832
:10FF00000F4B1A68FDF786FD234602463821042070
:10FF1000F6F72EF902F016FC0028ADD03821452066
:10FF2000F6F77EFAA8E700BFCDCCCCCCE4E3002006
:10FF300024430020C43F03241C1F0120B83F032496
:10FF4000181F012054E60020C36C4269DB0717D557
:10FF50000AB3D0E90031FF291EDC002B1FDBC91AD0
:10FF600007EE903A07EE101AF8EEE77AB8EEC77A85
:10FF7000E7EE007AFCEEE77A17EE903A13707047DE
:10FF80004AB1D0ED007A90ED017A37EE677AE7EE6C
:10FF9000007AC2ED007A7047B1F5803F0FDBC91AD5
:10FFA00007EE903A07EE101AF8EEE77AB8EEC77A45
:10FFB000E7EE007AFDEEE77AC2ED007A7047002B9B
:10FFC000EDDBC91A07EE903A07EE101AF8EEE77A61
:10FFD000B8EEC77AE7EE007AFCEEE77A17EE903AD1
:10FFE000138070472DE9F04186B00E460161012172
:10FFF0000D9D04460C9FAB42C1644BDCBB42B8BFB5
:020000042402D4
:100000003B46FF2D13606261C4E900753CDDEB1BCC
:10001000264A82FB0312DB17C3EBA20324493046B6
:10002000A36010F07BFF60B300230DF1080C6A465B
:10003000DFF88480DFF884E0CDE9026304F118037F
:100040009CE8030082E8030093E803008CE80300C7
:1000500092E8030083E80300236A626AC4F8208000
:100060000493C4F824E005921BB103226146604664
:1000700098471049304610F051FF10B1ED1B642D28
:100080000AD006B0BDE8F081E36C43F02003E364DE
:100090000123C3E72B46B4E7E36C052223F02003DA
:1000A000A260E36406B0BDE8F08100BFABAAAA2A53
:1000B000FC390324F439032481D4012469D40124B4
:1000C000B14B1B682DE9F04F9342D66C14460546A0
:1000D000884606F080062DED028B87B000F008827E
:1000E000A36C4FF0000AB3F1000918BF4FF00109EB
:1000F00027693B78092B02D17B7806350137232B02
:1001000000F0BE805F2B00F001822E2B25D0A36C67
:100110001BB3BAF1000F20D12BB2A9B21FFA88F29B
:1001200003930FFA88FB002E00F05F820623083A43
:100130000839964812B2009309B205F08BF851467F
:10014000924804F063FC5A46039908238F4804F050
:10015000F1FD01218D4804F059FC236AA3B1B9F1E6
:10016000000F03D0E36CD80700F1F080884F05AA98
:10017000636A04A904F118000494059798473B7832
:10018000002B00F0FC81824F003EE36C18BF01267B
:1001900059072CD597F800A0BAF13E0F00F036822F
:1001A000BAF12E0F40F0B880DA0740F1998020466E
:1001B0004946FFF7B5F807EE900A2468F8EEE77AAB
:1001C0009FED747A002C87EE870A03DBF1EE047A48
:1001D00030EE670ABAF1000F4DD0414605F10C0030
:1001E00007B0BDEC028BBDE8F04FFDF727BC9B06C6
:1001F00023D523691B78242B1FD0402B1DD04946C3
:100200002046FFF78DF8C1B26348FDF703FC3A784A
:1002100003462E2A2FD0BAF1000F05D1A26CB2F1FD
:10022000000A18BF4FF0010A3A4641462846CDF869
:1002300004A00096FEF788F81DE02046B9F1000FF3
:1002400040F0B680FFF794F8DFED587A20EE270AE9
:10025000BCEEC00A10EE103A1FFA83FBBAF1000F91
:1002600040F0ED815B463A4641462846CDF804A071
:100270000096FEF7DFF807B0BDEC028BBDE8F08F0B
:100280003F2D07F101014548D4BF083D2935FDF751
:10029000C1FB00230246A8F106012846F5F768FFD6
:1002A00049462046FFF73CF801463D48FDF7B2FBC2
:1002B0000446002E40F0128108F10108B9F1000F48
:1002C00040F0F880012322464146E818F5F750FF38
:1002D000012007B0BDEC028BBDE8F04FF5F76CBE16
:1002E0006369D3ED007AB9F1000F40F0B1819FED61
:1002F0002D7A77EE877A94ED000AF4EEC07AF1EE6B
:1003000010FA3FF567AF94ED010AF4EEC07AF1EE12
:1003100010FA30FE270A5DE72046FFF729F8DFEDE7
:10032000237A0023204A20EE270A414601932846DB
:100330000096BCEEC00A10EE103A9BB2FEF77AF8B7
:10034000E36C97F800A0DA07CAD530E72046104FD3
:10035000FFF70EF80121FEF7E3FF6369B0EE408A74
:100360001870236A04940597002B00F0938104F120
:100370001800636A05AA04A99847B0EE480A204607
:10038000FFF7E2FDFBE600BFD0E30020244300209E
:1003900014E600200000C044FC3903244C49032427
:1003A000D03F032400000000E03F032400FF7F470C
:1003B000FEF754FF5FED037AB74820EE270AFCEE04
:1003C000C07A17EE90BACBF346211FFA8BFBFDF7EC
:1003D00021FB38B123691B78242B00F03F81402B8F
:1003E00000F04A815B463A464146CDE90060284626
:1003F000FEF720F83B78252B7FF43DAFBAF1000FD4
:100400003FF439AFA5F10B0608F1020709231722C3
:1004100030463946F5F726FE39463046172209237D
:10042000F5F700FEE36C9FED9D7A204603F0400354
:10043000DFED9B7A9FED9B6A002BDFED9B5A06FE5A
:10044000076A45FEA75AFEF793FFDFED987A9848B2
:1004500060EE277AFCEEE77A17EE903A9BB207EE51
:10046000903AF8EEE77A67EEA57AFDEEE77AF8EED5
:10047000E77A77EEC67AFDEEE77A17EE904A2146E4
:10048000FDF7C8FA0646002C00F0FF8030460A351A
:10049000EBF706FD3246C0EB807308F10401C0EBB8
:1004A00083000023284407B0BDEC028BBDE8F04F69
:1004B000F5F75EBEF2F786FD7E4BA3FB00234FF4FB
:1004C000FA725B0902FB1300F9283FF6FBAE022328
:1004D000012241462846F5F7B5FDF3E628460923F3
:1004E0000E224146F5F7AEFD0220F5F765FDE3E685
:1004F000714B1F68F2F766FD07F57A7787427FF642
:10050000EFAD4FF0010A4FF00009F1E50137384631
:10051000EBF7C6FC3F2D00EB800038DDC0F1700525
:100520004FF0710B4FF0700A3946A8F10607634887
:10053000FDF770FA0023024639462846F5F718FE03
:10054000236A53B35E4D04F11800636A05AA04A937
:100550000494059598473EB9B9F1000F75D1002371
:100560002A4639465846B1E65046A8F10701072306
:100570001022F5F767FD0220F5F71EFDECE7514B61
:1005800093E80300B980090C3860B971FBE5083DB8
:1005900000EB050A0AF1010BC6E7E36C2046DD0714
:1005A0000DD56368FF2B0ADC4946FEF7B9FE01460C
:1005B0004548FDF72FFA0546002ECDD0D4E7FEF7CB
:1005C000D7FEB9F1000F46D1DFED407A30EE270AB1
:1005D0003D48F0EE407AFEEEEC7A17EE901AFDF709
:1005E00019FA0546002EB7D0BEE70323053A0539B0
:1005F000374812B2009309B204F02CFE3146344859
:1006000004F004FA5A46039905239FE52046FEF7B5
:10061000AFFEDFED267A0023284660EE277A2D4ACA
:100620000193414600960B3DFCEEE77A17EE903AB7
:100630009BB2FDF7FFFE97F800A0E36CB4E54FEA2C
:100640005B211548FDF7E6F9C3E6F2F7BBFC86E748
:1006500094ED037A4DE6D4ED037AB7E74946204698
:10066000FEF75EFE802805D0A0F180011048FDF75E
:10067000D1F9B7E61848B5E649462046FEF750FEE0
:1006800001460548FDF7C6F9ACE61348FDF7C2F987
:100690000646FBE60BF080FAFC39032400C07944DF
:1006A000FAC0F93C000080428000003B00FF7F4719
:1006B000AC3D0324D34D6210CCE300204C4903240D
:1006C00014E60020B8380324D83F032400000000BB
:1006D00024430020FC3E0324B03903242DE9F041DB
:1006E0000E46116986B014460B7805463E2B54D051
:1006F000744B1B68934200F08480A36C226A002B29
:1007000062D0002A72D067690121204697F80080E4
:10071000FEF706FE387002AF236ACDE90047002BD2
:1007200000F09E80636A01AA694604F118009847A8
:10073000636983F800804FF00108E36C1B063CD42A
:100740002269053513785BB9B8F1000F1DD100237C
:100750003A4631462846F5F70BFD06B0BDE8F08174
:10076000002331462846F5F703FD2069EBF798FB97
:10077000002300EB8000544A31460544681E0335CF
:10078000F5F7F6FCB8F1000FE1D002232846314618
:1007900003351A46F5F756FCD9E7D36C180620D472
:1007A00001314A48FDF736F9024600233146284612
:1007B00006B0BDE8F041F5F7DBBC0023444A314602
:1007C000681CF5F7D5FCBBE73AB302AF636A01AA30
:1007D000694604F118004FF00008CDE9004798473A
:1007E000ABE73C48FDF716F90246DEE7E36CDA07B3
:1007F00038D463694FF0010894ED037AD3ED007AA1
:1008000014E0354B1F68F2F7DDFB07F57A77874276
:100810007FF673AF236A002BD7D1E36C13F0010886
:1008200037D163699FED2D7AD3ED007A37EE277AC1
:10083000D4ED007AB4EEE77AF1EE10FA07D4D4EDF5
:10084000017AB4EEE77AF1EE10FA77FE877AB7EE26
:10085000E77A234853EC172BFDF7DCF807466CE7E3
:100860000BF09AF94FF001082368002B1CDB676836
:1008700041462046FEF754FD7F2F014604DDFF2F41
:100880000ADDB7F5803F09DB1648FDF7C3F80746D8
:1008900053E74FF00008E7E74110F5E74112114830
:1008A000FDF7B8F8074648E76369196821B90E48AB
:1008B000FDF7B0F8074640E70C48FDF7ABF80746F0
:1008C0003BE700BFD0E30020AC370324343A0324D5
:1008D000FC3E03244C490324CCE30020000000002C
:1008E000E43F0324FC390324CC420324AC3D03241D
:1008F0002DE9F04FBE4B8DB0D0F8547205468846B6
:100900001E78002F00F0B68103460120D3F8902214
:100910001C465033014622F08002D4F8A442013034
:10092000C3F84022002CF1D1B24C0A290F4614F929
:10093000162045DC14F91630BB4209DA03EB8303B9
:1009400005EB0313D3F854321978002900F06081C5
:1009500004EB460999F90110B9421FDB8A0014F92A
:1009600016300A44042F03EB830305EB021205EB58
:100970000313D3F8901241F08001C3F89012D2F81B
:10098000903243F08003C2F890327ADC022F00F3F9
:100990007381D7B122264FF0140975E001EB810372
:1009A0008A0005EB0313D3F854321B78002BD6D101
:1009B0008F4B01211878FDF7BFFF99F90110CDE7A2
:1009C00005F511702923FEF717FD00218A4804F070
:1009D0001DF80022092180238748854D009111468A
:1009E00004F038FC0121844804F010F8287802F063
:1009F0003DF9044603F070F9016823B200227E48F5
:100A000003EB430301EB03134FF0FF31083304F012
:100A100019FF082200217848802304F01FFB0321DE
:100A20002A786E20F2F702FDB8F1000F04D098F892
:100A30000030002B40F0D680704BD3ED007AF5EEFD
:100A4000C07AF1EE10FA15DD694A6D4B12786D48E7
:100A500003EB8203D3ED006A86EEA77AB7EEC77A7E
:100A600053EC172BFCF7D6FF0023024635216020FC
:100A7000F5F77EFB5E4B18780DB0BDE8F04FFDF743
:100A800095BE12264FF01009062F05F5117BBA46C8
:100A90000297A8BF4FF0060A5F460024AB460DE060
:100AA000DBF800003A46584B056908209D4211D1F9
:100AB000FFF706FB0234A037544514DA3A69611097
:100AC000127809FB01615F2AEAD1FA6C31461206FD
:100AD000F0D5E5E702340A463B4608215846A037E0
:100AE000A8475445EADB029F5D46062F31DC012F03
:100AF0003FF46BAF0BF525730124AA469B46DBF848
:100B0000103061101B7809FB01615F2B0FD0DAF800
:100B100000301D693C4B9D4215D15A464820FFF7D5
:100B2000CFFA02340BF1A00BBC42E8DB4DE7DBF857
:100B30004C30314613F0800FF3D0DAF800301D69E5
:100B4000314B9D42E9D00A465B4648215046A847B2
:100B5000E7E70A2F6CD0092FDFF8B0E00DF1100C99
:100B6000CDF80C8014BF0423052303AC0DF12C0A2F
:100B7000A9EB03090CBF06230723BB460293DDF84C
:100B80000880BEE80F00ACE80F009EE80F008CE87C
:100B90000F0009E02F683F69674544D1FFF790FADD
:100BA000A2454E44C1461AD054F8042F05F52573CA
:100BB000DFF854C0314602EB82075A4505EB0717B0
:100BC0000DDA012A4FF048001A46E3D007F51172FA
:100BD0004320FFF783FDA2454E44C146E4D1DDF832
:100BE0000C80F2E600214046FCF70EFC24E700BF33
:100BF00054E6002058030020244300203002002047
:100C00000CF70020EC3F0324B55701246C3103247A
:100C100004EB46093046FDF78FFE99F90110B94201
:100C2000FFF6BCAE9AE6324648212846B847B7E7F9
:100C3000DFF850E00DF1100CF41F03AF3136BEE8C1
:100C40000F00ACE80F009EE80F008CE80F0057F88B
:100C5000043F03EB8302092B05EB02123FF7B5AE0D
:100C60002146073402F511724320FFF737FDB442E5
:100C7000EDD1AAE6024C5DE616264FF0140903E713
:100C8000580300206C31032438B5074B04460D4649
:100C9000187802F005FC844200D038BD2946BDE832
:100CA0003840FFF725BE00BF54E6002000B583B0F2
:100CB0008DF80320826801913AB1C3680DF10302F7
:100CC00001A9984703B05DF804FB0AF065FF00BF77
:100CD000E9B13D4A2DE9F047D0E9014307460D4609
:100CE0001B1BD0F800909B1002FB03F38B420FD329
:100CF00001EB410504EB85050C340023AC4244F8BC
:100D0000043C44E90333F7D17C60BDE8F0877047C9
:100D1000A4EB09062D4B4FEAA60802FB08F8A3EB4B
:100D200008028A424CD3884508EB010A43D34FEAB4
:100D30004808984528BF984608EB48084FEA8808B5
:100D400040460AF002FF831905EB4502054603EB16
:100D5000820200219960C3E900110C339A42F8D154
:100D6000A14514D009F10C0148462B4651F8082C36
:100D70000C300C310C3343F8082C844251F8102C01
:100D800043F8042C51F8182C43F80C2CEED1B9F18F
:100D9000000F05D0B9684846A1EB09010AF0D3FE5F
:100DA0000AEB4A0A05EB08033D6005EB8A05C7E933
:100DB0000153BDE8F087534528BF53469846BBE72B
:100DC00003480AF0E6FE00BFABAAAAAAAAAAAA0A8A
:100DD000F43F03242DE9F04FD0E90075894693468E
:100DE0006FF06041EA1B83B0B1EBA20F5DD0AF4260
:100DF00004464FEAA203A9EB070A3FD0B3EB430F27
:100E00004FEA430619D8002E4AD1B046DBF800302D
:100E10000AF1040BBAF1000FC34448F80A30A5EBFD
:100E200009030BEB030515DC002B0DDCDFB9A66015
:100E3000C4E9008503B0BDE8F08F1D4E30460AF0CE
:100E400084FE80460644E1E71A464946584610F0BB
:100E50004EF9EBE752463946404601930FF092FFB8
:100E6000019B002B11DCA1683846C91B0AF06BFE00
:100E7000A660C4E9008503B0BDE8F08F0133DCD281
:100E80008B4228BF0B469E00D8E749461A46584673
:100E900010F02DF9A1683846C91B0AF054FEE7E7A7
:100EA000B14228BF31468E00C8E702480AF071FE01
:100EB000FCFFFF7F104003242DE9F84FD0E90078B4
:100EC0000C4693466FF07041A8EB0702B1EBE20FBE
:100ED0005CD0474506464FEAE203A4EB070544D041
:100EE000B3EB430F4FEA43022DD8002A48D1BC424E
:100EF00091469BE8030085E803003ED0CA460AF10C
:100F0000080C3B4693E803000833A3420CE90300B6
:100F10000CF1080CF6D108355544444507D0A8EB30
:100F20000408284621464544424610F0E0F827B11F
:100F3000B1683846C91B0AF006FEC6F80890C6E933
:100F400000A5BDE8F88FDFF8509048460AF0FDFD97
:100F5000BC4200EB0503824681449BE8030083E822
:100F60000300CCD10AF10805D7E70133EBD28B425D
:100F700028BF0B464FEAC309E7E708259246CEE7AC
:100F8000914228BF11464FEAC109DEE701480AF045
:100F900000FE00BF10400324F8FFFF7F75490346A1
:100FA00000222DE9F04F95B00878DFF8D091089233
:100FB0000593099201F05AFE044624200AF0C5FD6B
:100FC00009F1200C00F12407054686460E90109783
:100FD0004E460EF1100E09F110090FCE66454EF87F
:100FE000100C4EF80C1C4EF8082C4EF8043CEFD1B7
:100FF000D9F800000026CEF800000F971396CDE92F
:10100000116602F069FE0390D0E900C3634500F069
:101010003484A7EB0509BA46B04604944F46E1462E
:1010200008EB4802002F4FEAA70B09EB021202F16E
:10103000080440F3F1810026029737461E4602E07D
:101040005F4580F2E88155F82700022221460137EA
:101050000FF0D6FE0028F3D13346029FA3EB09041C
:10106000454808F101081E4624114A4600FB04F4D5
:10107000A045D5D3049C5746DDE91139A9EB0301FE
:10108000891000FB01F18B4500F246831099049111
:1010900015D20BEB4B0B03EB8B0BD9450FD05E46F8
:1010A000336818461BB1B168C91A0AF04CFD0C36FA
:1010B000B145F5D1039BCDF848B0D3E9002696425F
:1010C00000F039834FF0000BA7EB0509DDF80CA009
:1010D000069403970BEB4B042F2102EB0414083406
:1010E00020460FF080FE002800F0A481431C0293EC
:1010F000B9F1000F4FEAA90840F37C81002602E015
:10110000464580F2778155F826000222214637466F
:101110000FF076FE01360028F2D107EB4702119E50
:10112000029B06EB8202CDF830B00D93D2E901416B
:101130008C4200F081810CAB04F1080793E80300B6
:1011400084E8030057600C480BF1010BDAE9002139
:10115000891A091100FB01F18B45BBD3039F12993A
:10116000BD42069C079100F0EC820294AB463C46DF
:101170000EE000BF54E60020ABAAAAAAF89203240E
:101180000F9CBB46A7EB050AA3454FEAAA0956D018
:10119000ABEB050A0BF104074FEAAA0909EB490278
:1011A00006EB820856F82200D8F804208242E7D1E4
:1011B00008F10C028A4227D08A1A002A24DD08F19D
:1011C000180803940695424444468846154654F848
:1011D000180C002354E9041244F8182C091A54F886
:1011E000082C44F8142C54F8042C44F8043C44F81B
:1011F000102C44E9033308B10AF0A5FC0C34AC42CE
:10120000E5D1039C4146069DA1F10C0851F80C0C58
:10121000CDF8488020B151F8041C091A0AF093FC5B
:10122000BC4207D0E21B042A40F3298339465846C2
:101230000FF0A8FD043C4146A3450F94A8D1DFF868
:1012400088B2029CDBF800300791002B00F081820D
:10125000934B0693934B0393059B5B88B3F5807F79
:1012600000F01F82B3F5007F00F0F6818E4B0993EA
:101270008E4B05938E4B02938E4804F0FDF90121AD
:101280008C4803F0C3FB002240238A481146009398
:10129000802303F0AFFF00220B2386481146009302
:1012A000802303F0D7FF0021824803F0AFFB022226
:1012B000814B11467F4804F0C5FA039F069A97F9BF
:1012C000003092F9002003EB43037C4856F82330AA
:1012D00013F83210FCF79EFB0222034631217548B9
:1012E00004F0B0FA0221734803F090FB3B23002284
:1012F000704800932E23194603F0D2FB059897F906
:10130000002090F90030D91C8A4202DDD31E5BB266
:1013100003709A42C0F29C810E274FF00008DDF85E
:1013200014B0089401E09BF90030434464484B45F5
:10133000B4BF55F823106349FCF76CFB2F2104461A
:101340000FF051FD84463AB22346032159484FF02D
:10135000000EBCF1000F01D08CF800E008F101088C
:101360000A3704F06FFAB8F1050FBFB2DBD102986B
:10137000069A90F9003092F90020D91C089C8A4204
:1013800002DDD31E5BB203709A42C0F25D8100277A
:101390001A460894DDE902B898F900303A4403EBA4
:1013A000430306EB830056F82310436801EBC200A9
:1013B0005B1AB2EBE30F4FEAE3015BD244682046CD
:1013C000002C57D0EAF76CFD0D2807EB87014FF092
:1013D000000322464FF031004FEA41018C4601F1F3
:1013E0000F012FD90137F4F7C3FE052F32D09BF937
:1013F0000020D1E7DDE903320C949A4200F00E811F
:1014000043F8044B03930F93039BA3EB05094FEAA7
:10141000A902571E81E63346109A0C94524500F0FB
:1014200008814AF8044BCDF83CA0AAEB05074FEA27
:10143000A70B13E602945BE6104621460CAAFFF7C1
:101440003BFD80E601370CF10E013120F4F786FEFA
:10145000052FCCD1039B089C93F9003003EB430389
:1014600006EB830256F823305268A2EB030B4FEAD7
:10147000EB0101E0089C9B46BAF1000F3FDDB2464C
:101480004FF00008059F0896CDE90A15039DDAE99B
:1014900000239B1A002B4FEAE30127DD002618E00A
:1014A0000DE400200FE4002010E600200EE40020F0
:1014B0000CE40020244300202C4003243440032467
:1014C0004C490324C436032408E4002001368E422C
:1014D0000CDA12F836309C42F8D197F900304345C7
:1014E00040F38D8095F9003043456DD008F1010837
:1014F0000AF10C0AC845CADB089EDDE90A15069FF9
:101500000B2497F90000FCF781FE0121B14803F09C
:101510007DFA0A227F21AF4803F080FA039B059AE7
:10152000022193F9003092F90020AA489B1A0094F6
:1015300003EB83035A002B230C3203F05BFE029A69
:101540000094BBF1280F92F900204FF0300197F979
:101550000030A048A3EB020303EB83034FEA4302EE
:10156000CCBF4E2350230C3203F044FE099B196874
:10157000012900F06381022900F06581002940F013
:101580003981954B1878FDF711F9079B9E420BD0D6
:101590003446079F236818461BB1A168C91A0AF090
:1015A000D2FA0C34BC42F5D126B113993046891BCE
:1015B0000AF0C9FA002D71D0049B2846591B15B0BA
:1015C000BDE8F04F0AF0BFBA029B93F90030B34276
:1015D0008CDCF61ABBF1280F4FF00B034FF03001F3
:1015E00006EB86067B480093C8BF4E234FEA4602AF
:1015F000D8BF50230C3212B203F02CFE76E7A8EBD2
:1016000003030221734803EB83035A000B230C32BC
:1016100000932B2312B203F01DFE63E704990CAA7A
:101620000EA8FFF7D7FB0F9B0E9D0393109B04930F
:10163000EAE651460CAA0EA8FFF7CCFB039BDDE9B6
:101640000E5AD3E90093F0E6029B1A7013469EE609
:10165000059B1A7013465FE6059B1B88022B00F062
:10166000F780032B00F0D280042B7FF4FFAD5B49A1
:10167000059B0868B3F904300991002800F0318116
:101680000344574A0B601278002B40F05881012325
:101690000B60544B0593544B0293EDE515B0BDE838
:1016A000F08F059B1B88042B7FF4E0AD059B002188
:1016B0009A88039B1B781344484A099211605AB2D6
:1016C000DBB28A42C0F209814B45C0F2F48009F1D5
:1016D000FF3252B202EB4201134606EB810103983E
:1016E0009945404B027000F3F38005930698D1E9C9
:1016F000002390F900109B1AB1EBE30F4FEAE302CD
:1017000001DB013A0270182B374B00F3DF801A46D9
:10171000029300231370AFE5ABEB010111A8FFF7B3
:10172000D7FA039BD3E90026109B96420493DDE988
:101730000E577FF4C7AC1299BD42119E07917FF4FA
:1017400014AD2A4B4FF000090693CA46284B039369
:1017500082E5BAF1000F7FF77BAD3746029603951D
:101760009C461846089DDDE9096ED7E900135B1A0F
:10177000002B4FEAE30813DD002311F833209442D5
:101780000BD1434501F104025DB24FF0010C46B2AA
:1017900034BF52F833E04FF0000E01339845ECDCD3
:1017A00001300C374845E0DBCDF828E0CDE908569C
:1017B000DDE90265BCF1000F3FF44AAD0A9B089ACF
:1017C000CBF80030094B1A700693099A084B039323
:1017D0001A7041E52443002054E6002010E6002062
:1017E000A80100200EE400200CE400200DE40020FD
:1017F0000FE4002002395A48FCF70CF90378002B5B
:101800003FF4BFAE5749FBF7FFFDBAE6564A1168F1
:10181000099200294CD0554B022918787FD90339F9
:1018200002F030FF524B01221A60059BDA88514BBF
:101830001A80514B0593514B02931DE5494950487D
:10184000FBF7E2FD9DE647494E48FBF7DDFD98E6D4
:10185000454B464A099310781A68022A16D9D11EB8
:1018600002F010FF424B01221A600023099A136014
:10187000414B0593414B0293FEE409214EE77FF46F
:10188000D9ACDBF80420CBF80020D3E4039B003A6A
:10189000069993F9003018BF012291F9001003EB6B
:1018A000430356F8233013F8311001F0E9F9D9E772
:1018B00001231360B9E703EB430106EB81010EE757
:1018C000431E069A13702C4B05932C4B0293D3E4C2
:1018D0001A4605930023137008E70A46314613465B
:1018E000FDE6039A069992F90020097802EB42027C
:1018F000194456F8227006EB82034AB25B68C9B2FB
:10190000002A26DBDB1BB1EBE30F4FEAE300D7DA5B
:10191000069B1A70184B0593184B0293ACE4039B7B
:10192000069A93F9003092F9002003EB430356F82E
:10193000233013F83210012201F0A2F972E70232CB
:101940009342C0D9099B1A600B4B05930B4B029332
:1019500092E4094B06990593084B087002938BE4B7
:101960007C4003244440032410E6002054E6002079
:10197000240400200CE600200EE400200CE40020EB
:1019800054400324684003242DE9F04FB04D8BB040
:10199000DFF8FC8295F8009002F0B8FD287801F09D
:1019A0007FFD98F80030002B40F00B8104462E7824
:1019B000A84F17F9163003EB830304EB0313D3F896
:1019C0009032DB0500F1F88007EB46034FEA460A48
:1019D00093F9013003EB830304EB0313D3F8903244
:1019E000D80500F1E480DFF8ACB2DBF80010002984
:1019F00066D0994D2B68D90740F1FC80974CF1F7E0
:101A0000E1FA2368C01A0C2800F20181944D4022AB
:101A1000944E00202946F2F74BFF33680446834278
:101A200000F0D380904803F027FE01218E483460F7
:101A300002F0ECFF2B782E2B00F030810A21284693
:101A40000FF0D1F90446002800F0988100232846C1
:101A50002370EAF725FA02462946834892B203F03A
:101A600075FDD0F180014FF018022B4648BF0131BF
:101A70007D4841F34F0103F0E5FE0A2304F8013BE2
:101A80002046EAF70DFA02462146774892B203F063
:101A90005DFDD0F1800123464FF0200248BF0131A7
:101AA000714841F34F0103F0CDFE704B00207049A7
:101AB000D3F880200880C3F884200BB0BDE8F08FF5
:101AC0006A4B674A1170D3F88420D3F88000121A49
:101AD00064481207016032D1E2685006EDD5654ACC
:101AE00011680029E9D0644909680129E5D1029209
:101AF000F1F768FA61490968411A0A29DDD9029AA1
:101B00005A4BD3F88010D3F884000139091A090719
:101B1000F7D011684FF0000CD3F884004FF0010E9D
:101B2000013123F830E01160421C03EBC00102F0E8
:101B30000F02C1F804C0A1F802C0C3F88420D3F892
:101B40008020DFF854B103EBC201013202F00F0232
:101B500003C9C3F8802006AB83E80300DBF800303C
:101B6000002B6ADB424BBDF818101A8812B102290B
:101B700000F0C68101293F4A00F0A98041F270704F
:101B800010603D4B1868062800F0AA803C480068A9
:101B9000B0F5FA6F40F208813A480088012840F019
:101BA000038118600021324B1160188085E7012104
:101BB0002878FCF7C1FE16E700213046FCF7BCFE92
:101BC00002E7F4F73FF90446F1E62B782E2B7FF479
:101BD00074AF6B782E2B7FF470AFDBF800300624E7
:101BE0002A220021C3F180031F4800941BB203F096
:101BF00031FB62E7F1F7E6F9184C012320602B6016
:101C0000F1F7E0F92368C01A0C287FF6FFAEF1F770
:101C1000D9F923681C4AC31AA2FB0323DBF800206E
:101C2000D908B2EBD30F8CBF521A02F1FF32CBF8B6
:101C30000020F1F7C7F92060E8E614488368002B1C
:101C400090D0C36806A9984700288BD035E700BF1D
:101C500054E600205803002000E6002004E600209F
:101C600070E600206CE600202443002048E20020BB
:101C70000CE60020580400202404002008E6002080
:101C800024E300202AE30020ABAAAAAA58E60020F9
:101C900084540020B0E60020200400206B782E2B16
:101CA0007FF4CCAE062480232A220021A8480235E6
:101CB000009403F09FFADBF800302A220021C3F1E0
:101CC0008003A34800941BB203F0C4FAB6E6106880
:101CD000002800F0F7800138106000287FF451AF31
:101CE000BDF81E1040F20112914200F09C80F1F705
:101CF00069F9984A984B10601A68062A00F0AF807C
:101D000096499748BDF81880484409880290404693
:101D1000002940F0D380934A50468E469A46C446E6
:101D200002F1C001A0460346144603E00C34A14270
:101D300000F09D8034F8082CBDF81E00022A08BF70
:101D4000BDF81A006245F1D154F8042C8242EDD15D
:101D5000854A126842B954F80C0C0393FCF7EAF870
:101D6000BDF818C0039B8149BCF1030F03D1BDF836
:101D70001E207A4802804FF0010ED7E72846EAF786
:101D80008FF802462946724892B203F0DFFBD0F189
:101D900080012B464FF0200248BF01316C4841F3CF
:101DA0004F0103F04FFD80E6DBF80020002A97DAB0
:101DB0001A680129A2F10102B2FA82F24FEA521224
:101DC00008BF0022002A8BD0654911F909C0BCF177
:101DD000000F1BDBD4F8541259B122460021D2F86F
:101DE000A43250320131002BF9D10929CCBF002295
:101DF0000122BCF1050FBDF81A0040F3F481002A5E
:101E000000F0F181B0F5807F3FF46AAF2268584955
:101E1000926A8A423FF464AF06A9204690470028A0
:101E20007FF44BAE5CE7F1F7CDF852490A68821AAD
:101E3000B2F57A7F7FF65BAFF1F7C4F84D4998F8B9
:101E4000002008604C4982F00102444B098888F860
:101E50000020FF221980424B03F809202DE6BDF82F
:101E60001820032A6ED006A805F0D8FF25E61A46EA
:101E700044465346E0469246BEF1000F7FF41DAE45
:101E8000BCF1030F60461A6806D1062A5AD0012A0F
:101E900000F02B811A680320911E042974D80FF2D8
:101EA000080C5CF821F000BF1F1F0224891F0224C8
:101EB000171F02240F1F0224671E0224B8F1030F0C
:101EC000EAD1E4E724480568062D0AD02B4D2E6898
:101ED00042F21075AE4204D9274D2D88012D00F035
:101EE0006B812368264A5B6A934240F07281254BDE
:101EF0001868002800F0928103681B689847DCE5A9
:101F0000BDF81A10154B22EA01021A80D5E506A881
:101F100007F014FDD1E506A8FDF7BAFDCDE506A84A
:101F2000FFF73CF8C9E50E4B13F90920002AC0F26F
:101F30001481297806A8FCF757FD18B9FF22084B31
:101F400003F80920BDF81E20044B1A80B5E500BF38
:101F50002443002008E60020240400200CE6002092
:101F6000540300206C03002034E200202C040020E5
:101F70007D570124FCE500202AE3002024E3002013
:101F8000C157012468E60020BDF81A10B1F5807F22
:101F900000F0FA80B1F5007F00F0F6801B68032B9B
:101FA00000F01A81BDF81880B8F1010F7FF485ADFB
:101FB0000020F1F733FAAC4B4FF480620021064663
:101FC00018680EF0F9FE4146A84802F01FFD23688C
:101FD000A74A1B6A934240F0B481287801F060FA66
:101FE000844202D10021FEF783FCA24B13F90920A1
:101FF000002A0CDB06AB93E8030008AB83E8030080
:10200000184601232978ADF82030FCF7EDFCDBF809
:102010000030002B65DB0025002404F00100214680
:1020200001342844F3F7E6FF402CF6D10235802D29
:10203000F2D1F3F7B7FF18238F4A1321DBF80050D2
:10204000062000921A46F4F779F81E231021032087
:102050001A46F3F7E7FF012D00F066811823874A3F
:10206000DBF800401321252000921A46F4F766F8A9
:102070001E23102122201A46F3F7D4FF022C00F071
:10208000468118237E4ADBF8004013214420009249
:102090001A46F4F753F81E23102141201A46F3F78D
:1020A000C1FF032C00F09D811823764ADBF8004025
:1020B0001321632000921A46F4F740F81E231021E2
:1020C00060201A46F3F7AEFF042C00F07D81DBF8A8
:1020D0000030002B40F3B180042B02DD0123CBF84C
:1020E00000303046F1F79AF9E7E4BDF81E10BDF86C
:1020F0001A0011F4407F58D031F4407155D1B0F539
:10210000807F00F09E8007EB0A0090F901C050200C
:1021100000FB0C40D0F8843200F51F70002B3FF418
:1021200002AF0CEB8C0C08918DF8172008A904EB7A
:102130000C1C0DF11702DCF88832984700287FF458
:10214000BCAC4C4B13F90920002ABFF6F2AEBDF827
:102150001A20B2F5807F00F057815744029920463B
:1021600097F90120FCF78EFB424B13F9092002EB93
:10217000820204EB0212D2F85422002A7FF4E2AE6B
:10218000FF2203F80920DDE6032A52D0022835D0C9
:1021900004287FF409AFDBF80020002A7ADBBDF9C0
:1021A0001C301344CBF80030FEE6B0F5807F0146CA
:1021B0001A683BD00320EDE6334B062541F27074DC
:1021C0001980324905600B6F146043F000530B67B0
:1021D00073E42046984770E406A8FDF7DDFA2878F6
:1021E000FCF7E4FA69E4092903DC1CF0010F7FF431
:1021F00009AEB0F5007F7FF409AE71E5DBF8002091
:102200000293002AC0F2A080214A1268002A7FF4BB
:10221000CBAE0820FBF78EFE029BBFE6124B0146B9
:102220004FF4806218680EF0C7FD46E4032A7FF47D
:1022300044AC06A8FDF7B0FA3FE40423CBF8003025
:102240004FE717F916004FF0500C0CFB0040D0F888
:10225000843200F51F70002B00F0D080FEF726FDC1
:1022600000287FF42AAC6CE7005F002024430020A4
:1022700049690124540300200C0300207C02002043
:10228000C4020020340200200CE60020781F012048
:1022900034E20020039306A8824B297813F9092021
:1022A000FCF7A2FB039B00287FF478AEBDF81EC0AC
:1022B000BDF81A20944502D17B49A1F800C0D4F89A
:1022C0005412002900F0A78021460020D1F8A4E292
:1022D000804650310130BEF1000FF7D10A2840F39B
:1022E0009A80B2F5807F17F9161000F09B8050207D
:1022F0000293ACEB020300FB01415A4201F511705D
:10230000BDF91C105A41FCF779FE029B46E61C23DE
:10231000112123201A46F3F7C3FE0123634A332118
:102320004020F3F74BFFACE61C23112104201A4692
:10233000F3F7B6FE2B465E4A20463321F3F73EFF05
:102340008CE62046984750E6564B06A8297813F9A4
:102350000920FCF749FB029B024600287FF41EAED1
:10236000BDF81A10B1F5807F00F0848057445021E9
:1023700097F9010001FB0040D0F8841200F51F70AE
:10238000002971D011460293FEF790FC029B0028B1
:102390007FF493ABD4F8542252B122460021D2F8F4
:1023A000A402503201310028F9D10A293FF7F6ADD5
:1023B000BDF81A202878B2F5807F6CD001210293F5
:1023C000FCF7BAFA029BE9E51C23112161201A46A9
:1023D000F3F766FE0123374A33214020F3F7EEFE80
:1023E00075E61C23112142201A46F3F759FE0123FA
:1023F000314A33214020F3F7E1FE55E6294B13F92A
:102400000920002ABFF695AD17F91620204602993B
:10241000FCF738FAA8E6B2F5807F20D0574497F948
:10242000011064E7BDF91C2052181BD49042C8BFAC
:1024300090461C4B4FFA88F213F909104FF0000335
:1024400062F30703002962F30F2327F81630FFF623
:1024500034AB02992046FCF715FAFFF72EBB17F9AB
:10246000161044E7F046E4E7D4F85422002A94D149
:102470002878A3E7502117F9160001FB0040D0F897
:10248000841200F51F7000297FF47CAFD4F8542229
:10249000002A82D1287800210293FCF74DFA029B92
:1024A0007CE500BF540300200CE600209C40032480
:1024B00088400324BC400324A8400324044800238C
:1024C000044A0549C0E90033C0E9023309F036BBCC
:1024D00058E600200000002061D70124704700BFAB
:1024E000704700BF704700BF3AB10B461144C01A95
:1024F0001A5C03F8012B8B42FAD17047F0B50568DE
:1025000083B0166804460F680122AB680DF107011D
:1025100068688DF8076098476B68394624683246CA
:1025200001336B60A36860689847636833446360F5
:1025300003B0F0BDF0B5056883B0166804460F68B7
:102540000122AB680DF1070168688DF807609847B4
:102550006B6839462468324601336B60A368606853
:10256000984763683344636003B0F0BD0EF0BFBDAD
:10257000704700BF012A02D1016000207047022A83
:1025800005D0032AF9D0002AF7D10260F5E70B68DD
:102590000360F2E7012A034602D101600020704780
:1025A000022A05D0032AF9D0002AF7D10260F5E704
:1025B00003C983E80300F1E7012A034602D1016061
:1025C00000207047022A05D0032AF9D0002AF7D14B
:1025D0000260F5E703C983E80300F1E7012A02D1AD
:1025E000016000207047022A05D0032AF9D0002A92
:1025F000F7D10260F5E70B680360F2E7012A02D128
:10260000016000207047022A05D0032AF9D0002A71
:10261000F7D10260F5E70B680360F2E770B5D0E927
:1026200000450646AC420AD004F12001A36A032209
:10263000084603B198473034A542F5D1356825B135
:10264000B1682846491B09F07EFA304670BD00BFCC
:10265000F0B5056883B0166804460F680122EB6880
:102660000DF10701686898476B6801336B609DF84E
:1026700007309E4205D0636840F259521A6003B099
:10268000F0BD246832463946E3686068984763685D
:102690003344636003B0F0BDF0B5056883B01668DD
:1026A00004460F680122EB680DF10701686898473E
:1026B0006B6801336B609DF807309E4205D06368FC
:1026C00040F23E521A6003B0F0BD246832463946EB
:1026D000E3686068984763683344636003B0F0BDA3
:1026E000024A5268C0E90021704700BF001000E0B4
:1026F000124BD0E900125B6892ED007A99420ED934
:10270000013BDFED0F6A5B1A07EE903AF8EE677A4D
:1027100077EEC77AA7EEA67A82ED007A70475B1A49
:10272000DFED076A07EE903AF8EE677A77EEC77A40
:10273000A7EEA67A82ED007A704700BF001000E095
:102740000AD7233C08B5F0F73DFC054B1B68C01ABF
:10275000642803D8181E18BF012008BD002008BD3A
:10276000141F012038B5134D0446F0F72BFC4EF62C
:102770006023296803FB04F40F4A401A116800EB38
:102780004000C000B4FBF0F0431A002BB8BF5B421E
:10279000012B4FF0640303FB00F005DC074B401AEC
:1027A000A3FB003001EBD0001060F0F70BFC2860B9
:1027B00038BD00BF041F012064040020CDCCCCCC68
:1027C00070B5F0F7FFFB884D0446F0F7F9FB874A38
:1027D000034628784FF47A71A2FB0352920901FB59
:1027E000123301FB0433032800F2F680DFE800F027
:1027F000434705027E4B187870BD7E4A146814F07A
:10280000010462D07A4E3168002900F0BD807A4818
:102810000268511C102900F3C78001EB41020160DE
:1028200076485200013280FB0210D117C1EB201113
:10283000734801EB4101A2EB411232600268714D15
:102840007149A5FB020203EB92030B60F0F7BAFBA0
:1028500034686E4BA5FB0425DFED6D6A1860AD0989
:1028600005EB4505A4EB451507EE905AF8EEE77A1F
:1028700087EEA67A50E05E4B00221A6070BD654A72
:10288000654812686549A0FB02025F485C4C52092A
:10289000574EB1FBF2F20168226099424FD932687B
:1028A000584BDFED5B6AA3FB0203D0B25C499B0986
:1028B00003EB4303A2EB431207EE902AF8EEE77A0C
:1028C00087EEA67A81ED007A70BD4F4A484E1168B6
:1028D000994207D831684B48524D00FB01FCB5EBDB
:1028E0007C0F64D3494DF0F76DFB2A684E4B801A7C
:1028F0001B6898423DD83468424BDFED456AA3FB24
:1029000004239B0903EB4303A4EB431307EE903A24
:10291000F8EEE77A87EEA67A414B83ED007A434AD8
:102920001368A34209D0374B414904FB03F31460F9
:1029300003F15533B1EB331F16D2E0B270BD31490C
:102940003468A1FB025203EB9202A1FB04139B0922
:10295000026003EB4303A4EB431401343460F0F74B
:1029600031FB2A4B18609AE73020FFF7FBFE3468F2
:10297000E3E72B4900202D4B0022086019683260E4
:102980000029DAD01A60D8E7224A23481268A0FB4F
:10299000020222485209B0FBF2F219480260612299
:1029A0003260154A116049E7A2F10F0135E7A0FB3B
:1029B00001C5AD0905EB4505A1EB4511134D0131ED
:1029C00031600F490968A0FB010103EB910313601B
:1029D000F0F7F8FA286086E7F0F7F4FA044E0B4BAC
:1029E000346818609BE700BF101F0120D34D6210B0
:1029F000181F012004280120FC1E0120ABAAAA2ACE
:102A00001C1F0120ABAAAAAA001F0120141F01202D
:102A10000000C042640400201F85EB51C0E1E400C7
:102A2000081F0120AAAAAA2A60040020F81E01207B
:102A300055555505224B1B78022B2ED9002831DB2A
:102A4000204B1A681044602810B5186026DD6038E5
:102A500018601D4C2060F0F7B5FA22681B4B1C492A
:102A600002FB03F3086003F155331A49B1EBF30F8E
:102A700020D2164BDFED186AA3FB020317499B090E
:102A800003EB4303A2EB431207EE902AF8EEE77A3A
:102A900087EEA67A81ED007A10BD70470028D8DC59
:102AA000094CD8E708496120064B4FF0FF32086017
:102AB0001A6070471820FFF755FE2268D9E700BF5B
:102AC000101F0120F41E0120181F0120ABAAAAAA82
:102AD000141F0120AAAAAA0A0000C042081F012050
:102AE000004870476404002038B500231A4C05469E
:102AF00000F51572C0F84032C0E9004300F6D41466
:102B0000C0E90231002302F1180C02F1280113611F
:102B100042E9043342E90233C2E90033C2E9023335
:102B20005032A24242E90F33CCE9013342E90B3380
:102B3000C1E9013342E9073342F8143CE2D105F11F
:102B40001000C5F8C439F1F7C9FE05F59470F1F726
:102B5000C5FE284638BD00BFCC92032410B540F610
:102B6000D4100DF009F8044658B12821FFF7BCFF36
:102B70000023054A84F8C839C4F8CC392260C4F867
:102B8000D039204610BD00BF4493032470B5104BCC
:102B9000064600F6741400F5FA75036004F1380176
:102BA000236C0322084603B1984704F12801236BE4
:102BB0000322084603B1984704F11801236A03224F
:102BC000084603B19847503CAC42E7D1304670BD4F
:102BD000CC920324034B10B504460360FFF7D6FFE5
:102BE000204610BD44930324064B10B504460360F1
:102BF000FFF7CCFF40F6D411204608F0A4FF204692
:102C000010BD00BF4493032470B5074C074EA4F5D4
:102C10001F55A4F51F64204640F81C6FFFF7B6FF50
:102C2000AC42F6D170BD00BFE01E012044930324E6
:102C300001210CF085BF00BF08B10CF0A5BF7047A3
:102C400010B50446006838B103681B6898472068CF
:102C5000FFF7F2FF0023236010BD00BF4FF41F6297
:102C6000014B02FB0030704728F700204FF41F6231
:102C7000024B02FB00F0185C704700BF20F70020F9
:102C8000524241F08001034B6FF30E02114323F8CF
:102C90001010704704F70020C26C034630B444693A
:102CA00012F001000DD01D68002D0ADB5B68FF2BC0
:102CB00004DCD3040AD423780B7005E0B3F5803F1D
:102CC00004DB236804200B6030BC7047238802209B
:102CD00030BC0B80704700BFC26C0346406930B502
:102CE00012F0010483B00DD01D68002D0ADB5D6871
:102CF000FF2D04DCD20413D40A78027005E0B5F588
:102D0000803F0DDB0A68042402601A6B2AB15A6BFB
:102D100001A903F1280001939047204603B030BD7C
:102D20000A8802240280F0E70748084B00F10801F6
:102D300000F10C0210B4041DC3E90212C3E900043F
:102D40005DF8044B704700BF70F2002060F2002075
:102D500000280ADB032807DC084B094A03EB800341
:102D600083ED000A42F820307047044B044A83ED9B
:102D7000000AC2E90033C2E90233704770F2002052
:102D800060F20020034B0022C3E90022C3E90222C3
:102D9000704700BF60F20020F8B505460E461746A2
:102DA000F0F7D8FB0B4B04461B780BB1012D01D972
:102DB0002046F8BD3FB1864205DB361A0649384643
:102DC000721C0DF099FE054B1B7804EB4304204662
:102DD000F8BD00BF5C04002024410324A8010020AA
:102DE000092805DC00EB4000024B0001185A70472F
:102DF0000020704754F00020092805D8054B03EB4C
:102E0000800393ED000A7047034B03EB800313ED3F
:102E10000A0A704734F200202CF000200A4B1B688D
:102E2000834208DD0123094A83401268134214BF1C
:102E3000012000207047064AC01A105CA0F10F0064
:102E4000B0FA80F040097047741F01200428012067
:102E50004CF00020032830B446DC4FF41F623D4B99
:102E600002FB00335A6800EB4003D2683A4C410041
:102E70009B0012F0010201F1010CE55836D0002D43
:102E800053D0D5ED007A9FED357A354DF4EEC77A03
:102E900015F81030F1EE10FA4FEA03135BB241DC83
:102EA00005F8103008442F4B04EB800003EB810140
:102EB0004068C1ED007A002848D0D0ED007A03EBDD
:102EC0008C039FED267A15F80C20F4EEC77AC3ED3B
:102ED000007A1201F1EE10FA52B2C8BF42F00F02AE
:102EE00005F80C2030BC70471F4ABCE7EDB11C440C
:102EF0001B4BB1EE047A616823F81020D5ED007AFF
:102F0000184B67EE877A03EBC000C0ED007AA9B1D9
:102F1000D1ED007A03EB8C0367EE877A30BCC3ED0A
:102F2000007A704743F00F03BAE70D4B002223F8F5
:102F3000102000220B4B03EB81010A60DFED0B7ABE
:102F400003EB8C0330BCC3ED007A704705F80C002E
:102F5000F4E700BF20F70020201F0120CDCCCC3D9E
:102F60004CF000202CF000203CF700200000000076
:102F70000B4B1B68834209DD4FF48033094A8340C1
:102F80001268134214BF012000207047C01A064B7C
:102F9000185CA0F1FF00B0FA80F04009704700BF54
:102FA000741F0120042801204CF00020411C05D092
:102FB000821C034B14BF002018467047014870471D
:102FC000CCEF00206CEF0020002830B536DBF1EEAE
:102FD000047A00EB4003234C4FEA400E01F16005F8
:102FE000C0EE275A04EB4302128E06EE102A1E4A48
:102FF000B8EEC66A02EB031C3CF8022B0EEB000392
:1030000007EE902A04EB4303F8EE677A77EEC67A70
:10301000F5EEC07AF1EE10FA4CBF5B8E9B8E07EE98
:10302000103AB8EEC77AC7EE876AF1EC017A8D42A2
:10303000E6EEA57A41ED017ADED130BD0B4B01F110
:1030400060020B4CB0F1FF3F08BF2346F1EC017A60
:10305000B3EC017A9142E7EE007A41ED017AF5D1C5
:1030600030BD00BF781F012054F00020CCEF0020BD
:103070006CEF002030B51E4D0C4611461D4A2B68E2
:103080001833A2FB03C2920902EBC202A3EB421265
:10309000194B2A6003EB8202036833B34260F1B13B
:1030A0004FF0180C4FF0000E6145BCFBF1FC4FEAED
:1030B0008C0588BF0425182912D834F91E30104613
:1030C00007EE903A0023FAEEE87A0133E0EC017A59
:1030D0006345FAD30EF1010E2A447145EDD130BD9E
:1030E0000EF1010E7145E6D130BD0260D7E700BF99
:1030F00080F20020398EE33884F2002030B5204D74
:103100000C4611461F4A2B681833A2FB03C29209D2
:1031100002EBC202A3EB42121B4B2A6003EB8202BA
:10312000036853B3426011B34FF0180C4FF0000E18
:103130006145BCFBF1FC4FEA8C0588BF04251829CA
:1031400016D834F91E3010469FED107A07EE903AEB
:103150000023F8EEE77A67EE877A0133E0EC017A34
:103160006345FAD30EF1010E2A447145E9D130BD11
:103170000EF1010E7145E2D130BD0260D3E700BF10
:1031800080F20020398EE33884F20020ABAA2A3A7C
:1031900008B50A4B002903EBC103596808BF002199
:1031A000D0F81031994203D190F81431934203D0F2
:1031B000F1F7B4FB012008BD002008BDF4E60020B3
:1031C0002DE9F04FA7B00DF11808002800F03E815E
:1031D000CDE906004046F6F7B3FEA24BA24A1C46D4
:1031E000CDE9083207980222A049A0470798A04BD2
:1031F00002301B780790002B00F0D9800EAB9D4D5C
:103200000027009307E09A4B013705F51F651B78EF
:10321000BB4240F2CE8055F8046C1222089B29462E
:10322000746804949847042204A9DDE90703123066
:10323000079098470798049B04300790002BE2D032
:10324000DDF8009006F5117B06F6C41A01964C468F
:10325000C146804606E00BF1500BFFF71DFD04440C
:10326000DA4505D0DBF8103021465846002BF2D164
:103270004046C846A14605A9DDE90034A9EB030292
:10328000089B059204229847079BDDF800900020D8
:103290000433059A49460793F1F70AFB089B042279
:1032A0000AA90A90079898470798DDF814A049469C
:1032B0000430089B524607909847079B5344079356
:1032C00000238DF80F30D6F8543253B13246012323
:1032D000D2F8A4121846503201330029F8D18DF8E3
:1032E0000F00336864491A680023CDF828800B93D7
:1032F0008A42624B0D93624B0C9340F09F800AA967
:10330000032208469847089B012207980DF10F01F8
:10331000984707989DF80F3001300790002B3FF435
:1033200072AF43460026A846BA461D461EE0C8476F
:10333000D4F88C02079A4FF0000E0168514B01320D
:10334000D1F808905049514F89450792CDE90A5E5E
:10335000CDE90C3725D10AA9032208469847013642
:103360009DF80F3007985034B34215DDD4F88C32F5
:103370000122DDF82090191D002BD8D18DF82830BE
:1033800001220AA90136C84707989DF80F3050342A
:103390000130B3420790E9DC2B4657464546984634
:1033A00031E70AA9C8470C9B002BD8D0D3E70EAB56
:1033B0000093089B04223649002498470798009DF3
:1033C00004220430089B29460E9407909847079BD7
:1033D000204604330793FBF71FFA089B29468DF814
:1033E000380001220798984701222A49DDE907039E
:1033F00001300790984701222749DDE90703013092
:103400000790984729468DF838400122DDE90703E7
:1034100001300790984701222049DDE90703104455
:10342000079098474046DDE9062301339C1A07932D
:10343000F6F790FD204627B0BDE8F08F30460AA988
:1034400090470C9B002B3FF45EAF58E74FF480721F
:103450004FF480734046CDE90623F6F771FD089CD2
:10346000C0E600BF6D250224E524022470930324E6
:10347000A801002028F7002071570124FD24022410
:10348000FD250224DD250224F94A012435250224E4
:1034900064040020101F01200D1F01200C1F0120BB
:1034A000032806DC4FF41F62034B02FB003358680D
:1034B00070470248704700BF20F700203CF700200B
:1034C0000D4B1B7853B9032912DC0C4B4FF41F62D0
:1034D00002FB01335B68DB681B0609D5032907D8AB
:1034E0004FF41F62054B02FB0133987C0138704793
:1034F0004FF0FF30704700BF0D1F012020F7002064
:10350000B2F91C309FED297A07EE903A9369FAEEF2
:10351000E97A3C3B70B567EE877A0646DB01FDEE43
:10352000E77A17EE904A00293AD0C86CC00732D427
:10353000D1ED037A486967EE877AD0ED006AFDEE37
:10354000E77A17EE900AF8EEE77AD6EE877AFDEE84
:10355000E77A17EE905A896C21B1097901F0FB01E5
:10356000022920D1A5F540655269134496F824211B
:103570001918D20106F110000023F1F739FAD6F834
:103580004022431992F9041092F91100234400EBF0
:10359000C110184470BD48690568C8682D1ADAE77B
:1035A0000D460846E0E705440020DBE70000C04484
:1035B0002DE9F0418CB0002845D003AE0024202234
:1035C0000021354604A80DF0F7FB01342549684673
:1035D00022460DF091FA6846F0F7FAFE082C45F8FD
:1035E000040FF2D10023002419461A461846F0F7BA
:1035F0000FFF012180464FF480500CF0A1FA0746DE
:10360000013456F8045F17496846224675B10DF03B
:1036100073FA4FF48052294638460DF068FD0023B6
:103620004FF4805239466846F0F7F2FE082CE7D195
:103630003846FFF701FB41460B48FAF763FC40466A
:103640000CB0BDE8F081034602460146F0F7E0FE0B
:10365000804606484146FAF755FC40460CB0BDE8A6
:10366000F08100BF28410324344103244041032456
:10367000374B99422DE9F04F85B065D8026807466F
:10368000836834489B1A1B1100FB03F3994202D84C
:1036900005B0BDE8F08F01EB41017D680C01AD1A6A
:1036A000204608F052FA3E68D7F804B081465E45DD
:1036B0003CD006F1300EB0468446A2460390CDE9D8
:1036C00001655EF82C3CAEF128060CF108050024DB
:1036D000CCF804300CF120095EF8303CCCF8003016
:1036E0000FCE0FC533682B605EF8143CCCE907346D
:1036F0005EF8043CCCF82C305EF8083CCCE9094478
:103700003BB1AEF1100292E8030089E80300CCF867
:10371000283008F130080CF1300C0EF1300EC345A2
:10372000CFD1DDF80C905446DDE9016526B1B968CA
:103730003046891B08F007FA4D444C44C7E9009510
:10374000BC6005B0BDE8F08F034808F022FA00BF66
:10375000AAAAAA02ABAAAAAA5441032410B5A6B0E9
:103760000022002304466846CDE90023F6F7E8FB73
:103770008422039B05A90198984701998422259BDF
:103780001848114401910021AFF300807C2206A962
:103790000020F1F78DF84EF20673BDF814200146B3
:1037A0009A4213D1259B834210D12046BDF8164082
:1037B0007C2206A90DF09BFC21460B48AFF300804C
:1037C0006846F6F7C7FB204626B010BD07484FF005
:1037D000FF34AFF300806846F6F7BCFB204626B006
:1037E00010BD00BF64410324804103248C410324A5
:1037F00070B51F4D002489B285F86C409BB2AC6750
:10380000AE4605F13C042E46AC469FED177B85ED98
:103810001C7BACF830100CF1060CACF82C30ACF87A
:103820002E30A445F5D1134BCEF80820CEE9000286
:103830000EF10C0E9E45F7D1F9F7B0FA7C220C4937
:103840000DF055FC0A48FFF789FF336F0028BCBF15
:1038500043F0804333679B0502D5074B01221A7062
:1038600070BD00BFAFF3008000000000000000004A
:10387000781F0120A81F0120A801002010B5A6B0C4
:103880004EF206737C2406A8ADF81430FFF766FFED
:10389000013022461349ADF8160006A80DF027FCAA
:1038A00006A922460020F1F703F800220023259004
:1038B0006846CDE90023F6F743FB029B05A9019872
:1038C000842298470199842200238818BDF8161095
:1038D00001900548AFF300806846F6F73BFB26B041
:1038E00010BD00BF781F01209C4103242DE9F04F3B
:1038F000D0E900580C468449A8EB05031746834AD3
:1039000087B01B1101FB03F3934200F0FA80454599
:103910008346A4EB050A00F0E480B3EB430F4FEAC3
:10392000430100F2D380002940F0E4803023049169
:103930000291019302993E467B684FF0000E01EB25
:103940000A0956F8082B41F80A2009F1080CC9F8B1
:10395000043009F1200ABB6A03930FCEACE80F00D4
:103960003368FA69CCF80030039BC9F82CE0C9E948
:10397000072EC9E909EE53B15046022207F1200192
:103980009847FB6AC9F82C30BB6AC9F82830AC42AA
:103990003AD005F13007AA46029EA1460195A7F14B
:1039A000280C06F10805002406F1200E57E90C3218
:1039B00072603360BCE80F000FC5DCF800302B608C
:1039C00057F8143CF36157F8043CC6E90A4357F82A
:1039D000083CC6E9084433B1A7F1100292E803009D
:1039E0008EE80300B3620AF1300A30363037D14531
:1039F000D5D1019DA9F13003029A4C465B1B23F0FF
:103A00000F036033D318019344454CD0CDF814B064
:103A100004F1300EA146DDF804C0A3460395AEF1D3
:103A200028060CF1080500245EF808AC0CF120070C
:103A30005EE90C32CCF80420CCF800300FCE0FC574
:103A400033682B605EF8143CCCE907345EF8043C24
:103A5000CCE90944CCF82C30BAF1000F07D0AEF114
:103A6000100393E8030087E80300CCF828A009F1CD
:103A700030090CF1300C0EF1300EC845CFD15C4648
:103A8000234A039DA8EB0403DDF814B0303B1B0967
:103A900002FB03F3019A23F07043013303EB43036A
:103AA00002EB031301932DB1DBF808102846491BE4
:103AB00008F049F8029BCBF80030019BCBF80430AA
:103AC000049BCBF8083007B0BDE8F08F114E3046AC
:103AD00008F03BF8034682190290303304920193B8
:103AE00028E70133F2D2934228BF134603EB430386
:103AF0001E01ECE7914228BF114601EB41010E0186
:103B0000E5E7054808F045F8ABAAAAAAAAAAAA02BE
:103B1000ABAAAA0AE0FFFF7F104003242DE9F0437F
:103B200093B0002403466A4A0EAE0F4608A814213B
:103B3000119402ADCDE90D44CDE90644C6E9014436
:103B40000CF0A4FF08A8E8F7ABF908A90246204644
:103B5000F0F7AEFEBB680294CDE90540C5E901442B
:103B6000002B00F0AB800222394628469847D7E95F
:103B70000232109C6F461093119B0494059311928E
:103B800095E8030087E8030096E8030085E8030052
:103B900097E8030086E803001CB103222946284663
:103BA000A04700F099F8D0E9004294423CD0069931
:103BB00002E03034A24237D02368A0468B42F8D1CD
:103BC0000023DDF840900293C5E901330593B9F174
:103BD000000F7AD0022231462846C847DDE910920C
:103BE00095E8030004F1200387E8030093E803004D
:103BF00085E8030097E8030083E80300A36AE16A0D
:103C00000493C4F828900591E2621BB1032229466F
:103C100028469847109B1BB10322314630469847EF
:103C2000404613B0BDE8F08300F056F8044600F0BB
:103C300053F803462046D3E90031C91A254B091130
:103C400003FB01F10131FFF713FD00F045F8804659
:103C5000D0E901539D4233D0079B08AC05F1080C15
:103C600000276B6005F12009069B2B600FCCACE8A8
:103C70000F002368CCF800300D9BEF62C5E90737D1
:103C8000109BC5E909773BB1022248463146984767
:103C9000DDE91032C5E90A32D8F804303033C8F80B
:103CA000043000F019F8044600F016F82268D0E954
:103CB00000135B1A303B02EB0308ABE71A4658E7E8
:103CC00006AA2946FFF712FEEBE74A4688E700BF3F
:103CD0004C490324ABAAAAAA1D48036813F00103A8
:103CE00010B51C4C84B006D02268A3689A4212D04A
:103CF000184804B010BD9FED147BA3600123164A41
:103D000003602046154984ED007B07F017FF226809
:103D1000A3689A42ECD101210E48FFF7A9FC104894
:103D20000023104A039069460F480292CDE9003300
:103D3000FFF7F4FE029B002BDAD069460322084607
:103D40009847044804B010BD0000000000000000C7
:103D5000E01E0120E81E0120000000201D26022494
:103D60005D2B022475250224B841032470B586B06A
:103D70000446FFF7B1FFD0E900239B1A302B2CD06B
:103D80003B4B1B6F5B0006D40021204606B0BDE80C
:103D90007040FCF779BF37491C20FAF74FFD00232C
:103DA00004A80493ADF81430EFF78EFB9DF81510BE
:103DB0009DF814209DF813009DF8123000902E48B5
:103DC000CDE901219DF810109DF81120F9F722FE90
:103DD00001462420FAF732FDD6E7D4F8D05975B35E
:103DE000264E29464FF4806230680DF080F994F831
:103DF000C83913F0010513D0EFF7E4F8D4F8CC3943
:103E0000C01AB0F57A7F01D806B070BDEFF7DAF8C6
:103E100094F8C839C4F8CC09013384F8C839F3E7F9
:103E20002846F2F7C9F82B46154A24214D20F2F70F
:103E30009FF9144A2C214E20F2F790F9DCE701217A
:103E40004FF480600BF07CFE0C4EC4F8D009F2F702
:103E5000A9F828460C49F1F7A1FA4FF48062D4F88A
:103E6000D00931680DF043F9D4F8D059B9E700BF53
:103E7000781F0120D4410324E8410324005F00207F
:103E8000C0410324CC410324C43603242DE9F0416E
:103E90000C460546FFF720FF3B4ED0E900239B1A56
:103EA0001B1106FB03F3013B9C4247D800236E68BD
:103EB0002B70002E51D005F11C0305F108029E4223
:103EC0006B60C5F85C2231D14CB3FFF705FF0346A8
:103ED00004EB44001F684FEA001807EB0010037A58
:103EE000FBB1436801334360836A002B49D0C36A46
:103EF00020309847064600283AD057F8082005F1A8
:103F00000803103040F80C2CC0F83032F0F7E6FC13
:103F10002C7033681D4A5B686E6093422DD1BDE8FA
:103F2000F0811B48BDE8F041F9F7ECBF336830463B
:103F30009B6998473046FEF77FFEC5E7FFF7CCFE4A
:103F4000D0E90034E41A002324112B7006FB04F49A
:103F50006E68013CE4B2002EADD1002CB5D105F164
:103F60001C0205F108036A60C5F85C32BDE8F08107
:103F70000848BDE8F041F9F7C5BF3046BDE8F0415B
:103F8000184707F009FE00BFABAAAAAA755701247B
:103F90002042032408420324414BF0B51D6885B03C
:103FA000404C2846E7F77CFF294602463E48F0F79A
:103FB00077F97C223D493E48F0F772F93D4B03F515
:103FC000FA62C8330020934243F8040C43F8080C0B
:103FD000F7D1394B00226946009022600390C3E973
:103FE0000044C3E90244CDE9010003F049FE029B0D
:103FF0001BB10322694668469847304B3049314A25
:1040000003F5C47C5A60083351F8040F2832634525
:1040100043F8080CF6D1EFF775FA01462A48AFF3DA
:104020000080F5F78DFDA8B1284C04F51F552046FA
:1040300004F51F640021FFF729FFA542F7D1EFF730
:1040400061FA01462248AFF3008005B0BDE8F040B8
:10405000F1F77CBBFFF740FE0646D0E90075AF42A2
:104060000BD03C4604F12001A36A0322084603B1A9
:1040700098473034A542F5D1776016480023164A98
:104080006946039015480292CDE90033FFF746FDDB
:10409000029B002BC8D06946032208469847C3E715
:1040A000D001002070F2002038420324781F012044
:1040B00044420324F41F012060F20020F4E60020B3
:1040C00070930324389403245842032420F70020DB
:1040D000704203245D2B022475250224B841032479
:1040E0002DE9F04FA7B00446FFF7F6FDD0E9002315
:1040F0009B1A302B00F00D810023059318F0F0FF80
:10410000AB4B1B889B0700F1D38106AB002C00F062
:10411000C38118460093CDE90644F5F711FFA54B7E
:10412000A54A1C46CDE908230EAD02220798294670
:10413000A0470798BDF838304EF21872023093420B
:10414000079000F2B9819D4A1A449D4B1B78002BC1
:1041500000F052819B4F4FF00009019208E0984B0C
:1041600009F1010907F51F671B784B4540F24481AF
:10417000019C07F10801099B224698470798099B73
:10418000042220442946079098470798DDF8388094
:1041900004300790B8F1000FE1D00026344608E063
:1041A000FFF79AFD03689B593036434500F0F580D0
:1041B0000134FFF791FD844AD0E900135B1A1B110B
:1041C00002FB03F39C42EBD3002421463846FFF761
:1041D0005DFE7E4BD7F804A023F81940DAF80030D2
:1041E0007B4A9B68934240F05481099B04222946F4
:1041F000079898470798099B042204302946DDF860
:1042000038800AF5117407900AF6C4169847079B80
:10421000294602941A1D0E9B93460792039306E0CB
:1042200020465034FEF738FD0144B44202D02269E2
:10423000002AF5D1B8F1600F029CA1EB050100F254
:1042400051814145099B584642462946C0F0948019
:104250009847079B42462946434400200793F0F7BE
:1042600027FB039B834200F02B81DAF8003005AE78
:1042700058490DF128081A68009B8A420B960A9348
:10428000554B0D93554B0C9340F08A8003224146C9
:1042900040469847059B6BBB099B01220798414606
:1042A000984707989DF8283001300790002B3FF47D
:1042B00056AF502202FB03AA0AF5117A002301220D
:1042C0000DF113018DF81330099B984707989DF85D
:1042D000132001300790002A44D0414B4149D3E9D3
:1042E00000031B1A9B1001FB03F39A4214D340F204
:1042F0005D5305930098F5F72DFE0599002940F0D0
:10430000C480394B0022C3E90022C3E90222EFF73F
:10431000FBF827B0BDE8F08F02EB82020A9400EBB5
:104320008200C368002B00F0E1800369414604303D
:104330009847A36C9DF813202C491A71A06C2C4B44
:10434000026892680D9100990C93CDE90A162949EB
:104350008A420BD10322414640469847059B002BD9
:10436000C8D107985034A245A8D1F8E641469047F5
:104370000C9B002BF2D0EDE79847079B424629465D
:10438000434400200793F0F793FA039B83423FF4E2
:104390006CAF4FF4A6630593ACE7E1B20C4615E7AA
:1043A0005046414690470C9B002B3FF473AF6DE79E
:1043B0002AE30020E924022471250224FA18FFFFD1
:1043C000A801002020F70020ABAAAAAA04F7002029
:1043D000795701247157012499260224B925022412
:1043E00010280120CDCCCCCC60F200205126022434
:1043F00095250224F94A0124099B04223C49984747
:1044000007980422099B294610440790984707986B
:10441000012229460430099B07909847079B9DF885
:10442000380001330793FAF7F7F90122099B29466F
:104430000798984707989DF83820294601302D4B5A
:1044400007901A700122099B984707989DF8382019
:1044500029460130284B07901A700122099B984782
:1044600007980122099B2946104407909847079B0B
:104470009DF83810214A0133009811700793F5F721
:1044800069FD059900293FF43CAF1D48F9F73AFD55
:1044900037E750469847A8E618464FF480720093D5
:1044A0004FF48073CDE90623F5F74AFD099C3BE6FE
:1044B0001448F9F727FD20E71348F9F723FD19E71A
:1044C000A046AB4609E0404608F150085946FEF7C1
:1044D00003FC464583443FF4C8AED8F81030002BA7
:1044E000F1D1C2E640F21D53059303E707F054FBF8
:1044F00064040020101F01200D1F01200C1F01204B
:10450000B842032488420324A04203242DE9F04743
:10451000584E0024DFF8688133464246197803F587
:104520001F6332F8025BA94204D10134042CF5D197
:10453000BDE8F0874FF41F694F4B002205F07F0163
:1045400009FB04F9ED0B1A6006EB090ADAF80430EE
:104550005046DF68FFF79AFC16F8093028F8143047
:10456000DAF80480D8F84062711E00E04BB10A46C8
:1045700011F8013F0232B3FA83F3921B5B09112A4F
:10458000F4D91D4340F21442D8F80C30134251D1F3
:104590000DB9174263D021460220EEF7C9FFC3B21E
:1045A000B370D8F80C3013F0080245D00DB93A07B3
:1045B00050D421460020EEF7BBFFC3B23370D8F8C9
:1045C0000C3013F010031DD0002D37D1FB063BD566
:1045D000337B082B02D8737B082B16D940F2044397
:1045E000D8F80C20134203D01F4008BFC6F806704D
:1045F000D8F80030214A9B68934299D04046BDE8E4
:10460000F04718477370002DE2D0002508F1100024
:104610002A462946F5703574F0F780F948F2800390
:104620002146032035717574B573B381EEF780FFB1
:10463000F072D3E70023B3E71346BFE7214601201A
:10464000EEF776FF7070E0E721460120EEF770FF8D
:104650007070BDE713F01003B8D17370B8E713F0B2
:104660000802A4D13270D8F80C3013F01003ADD189
:10467000F3E700BF20F700200CF700207957012452
:1046800004F700204FF41F63394ADFF8F4C001FB40
:1046900003F3F0B5374F0E4683B00546F95CFC18BE
:1046A00041F080031A432CF81020FFF72FFF032E50
:1046B000D4BF666807F11C06032D55DC4FF41F6359
:1046C00003FB05777F68D6F8402207F5117757F886
:1046D000043C156854689068D1681D6006F5117532
:1046E0005C6006F6C4169860D960128A1A8203E0EC
:1046F00050355037B54235D02B69002B32D079690F
:104700002846FEF7C9FAAB6C002BF1D01A4A1B7988
:10471000106803EB8303019700EB8300C3682BB39E
:10472000036901A9043000249847AA6CBB6C127974
:104730001A710AE0BA6C03F1080001341A44084403
:10474000D169FEF7A9FA182CD2D004EB8403A96C26
:1047500001EB03121B019269002AEBD1503550374F
:10476000B542C9D103B0F0BD044FACE707F014FA6D
:104770000080FFFF20F70020102801203CF70020D8
:1047800004F700200022F8B511461046EEF7E2FECD
:10479000002204461E4B114601201C60EEF7DAFE93
:1047A0001C4B044600221C4F1C6002201B4C11466F
:1047B000EEF7D0FE04F51F56002504F10A004FF075
:1047C0000043282104F8125C44F80E0C44F80A5CFB
:1047D00004F8065C04F8055C44F8045C2360A580DA
:1047E000A571E571FEF780F984F8D259C4F8D6595D
:1047F000C4F8DA59C4F80A7004F51F64B442DBD176
:104800002846074A0749BDE8F84007F097B900BFB6
:10481000741F0120701F01204493032432F70020ED
:1048200000000020092C0224704700BF00207047C0
:1048300003060BD5104B1A78C22A14D0C32A15D000
:10484000822A07D0024600201A70704700220A4BC5
:104850001A707047A0F1AC010246B1FA81F11A70EA
:104860004909C801704702461A707047024640F075
:10487000C0001A70704700BF0828012010B5044618
:10488000D0F8140408B10BF07FF9204610BD00BF2A
:1048900010B50446D0F8140408B10BF075F92046A1
:1048A0004FF4866107F04FF9204610BD002AB0F89A
:1048B000203401DB994200DB704710B4B0F8224489
:1048C000A24206DA90F80644012C1FD0022C11D027
:1048D00014B15DF8044B7047D41002F0070203FBDB
:1048E00004110123014403FA02F20B7923EA0203C3
:1048F0000B71EEE7D41002F0070203FB0411012351
:1049000008449340027953400371E2E74FEAE20C16
:1049100002F0070203FB0C11944001440B791C4385
:104920000C71D6E7002910B502DA0B4400211BB246
:104930008C46B0F820E49C44F44522DC002B1FDDBB
:10494000D4104FF0010C02F0070204300EFB0411EA
:1049500090F802440CFA02F264450844D2B220D026
:10496000022C12D064B9013BD2439BB2D2B20133C4
:10497000034410F8011B1140984200F8011CF8D1C3
:1049800010BDAEEB01031BB2D8E7591E89B201314D
:10499000014410F8013B5340884200F8013CF8D133
:1049A00010BD591E89B20131014410F8013B134377
:1049B000884200F8013CF8D110BD00BF0E4900222A
:1049C00030B40E4CC0F828140D490E4D0460A0F808
:1049D00004240D4CC0F808240122C0F820144FF420
:1049E0008061C0F82C54C0F81C44A0F8241480F84E
:1049F000062430BC704700BF29480224E89B0324EA
:104A0000800040002D4802243148022480F806141A
:104A1000704700BF90F80604704700BF002901DB13
:104A2000FFF744BF704700BF002905DB002AB0F83C
:104A3000203401DB994200DB7047B0F822C46245A4
:104A4000FADA10B490F80644012C1CD0022C0ED0D7
:104A500054B9D41002F0070203FB041101230844E7
:104A600093400279134303715DF8044B7047D410EF
:104A700002F0070203FB041101230844934002796A
:104A800053400371F0E74FEAE20C02F0070203FB28
:104A90000C1194400844037923EA04030371E3E70B
:104AA0002DE9F04F83B0A3EB010B91461E46BDF9F3
:104AB0003040A4EB020ABAF1000FB8BFCAF1000AF5
:104AC000BBF1000FB8BFCBF1000BDA4549DC25463E
:104AD00023468946344617462E461146A14508DC32
:104AE000BC46354622461F460E464C46634629467E
:104AF0009146FF1AA9EB0403002F1DB29BB2B8BF69
:104B00007F42002DB8BF01358E424FEA650523DA9A
:104B10004FF00108BFB2CDE9003015E0002E22466B
:104B20003146019801DBFFF7C1FEEA1B0134009B0F
:104B300006EB080115B292B2002D24B21A4401DA34
:104B40000EB215B24C4509DCDA45E7DC002C3246E2
:104B500021460198E7DAE8E74C4504DD03B0BDE8FB
:104B6000F08F0F46BAE74FF0FF38D3E72DE9F04F4B
:104B7000894699B29C4687B0C1F1010380461FFA6D
:104B800089FA00271BB20C461FFA82FB059200939C
:104B9000CDF804C0CDE903195BE005321344621E71
:104BA000A3EB440394B21BB212B20093019205EB43
:104BB0000A060BEB0402AAEB050936B212B2002E6C
:104BC0000FFA89F960DB314640460292FFF76EFE2C
:104BD000ABEB0403B9F1000F029A1BB25FDB49464D
:104BE00040460293FFF762FE029B314640461A465A
:104BF000FFF75CFE029B1A4649464046FFF756FE09
:104C00000AEB040605EB0B02AAEB040436B20FFA1A
:104C100082F9002E24B22CDB4A4631464046ABEBEB
:104C20000505FFF743FE002C2DB23EDB4A46214628
:104C30004046FFF73BFE2A4631464046FFF736FE28
:104C40002A4621464046FFF731FE019BBB4234DD38
:104C50009CB2BBB200995F1C00294FEA4303BDB26E
:104C60008AB29BB23FB298DA033213441BB200936C
:104C70009DE7002CE9DBABEB05054A4621464046A3
:104C80002DB2FFF713FEDBE7B9F1000FB8DB4946A1
:104C90004046FFF70BFEABEB04031BB2ABE71A4633
:104CA00031464046FFF702FEAAE72A463146404613
:104CB000FFF7FCFD019BBB42CADC059EDDE9034911
:104CC00004EB0A0109B2002903DB32464046FFF734
:104CD000EDFDAAEB040AB9F1000F0FFA8AFA1ADB0C
:104CE00004EB0B0249464046ABEB040B12B2FFF754
:104CF000DDFDBAF1000F0FFA8BFB04DB32465146A3
:104D00004046FFF7D3FD5A464946404607B0BDE846
:104D1000F04FFFF7CBBDBAF1000F07DB324651462B
:104D2000404607B0BDE8F04FFFF7C0BD07B0BDE893
:104D3000F08F00BF2DE9F04F9B46154687B08BB230
:104D40001FFA8BF281461FFA85FA0027C2F101068D
:104D50001446059336B2CDE903251D4658E00532C9
:104D600004F1FF3B1344A3EB44031FFA8BF41EB280
:104D70000FFA8BFBAAEB0402A5EB08014FEA4803EC
:104D80001FFA82FC12B209B2002A1BB20ADBB9F880
:104D900022E4E64506D94846CDE90113FFF7C2FDF6
:104DA000DDE901130AEB040C0FFA8CF21FFA8CFCFC
:104DB000002A06DBB9F822E4E64502D94846FFF7A7
:104DC000B1FDAAEB0802291B63000CB291B212B22A
:104DD0001BB2002A09DBB9F822C48C4505D921464B
:104DE00048460193FFF79EFD019BD0440FFA88F2DD
:104DF0001FFA88F8002A07DBB9F82214414503D9C5
:104E000021464846FFF78EFDBB4511DD1FFA8BF4A6
:104E1000BBB2002EB2B203F101074FEA43031FFAFF
:104E200087F89BB23FB29ADA03321A4416B2A1E76E
:104E3000DDE90385002D11DBB9F822349D420DDA3E
:104E4000059A4FEA48034846A2EB08011BB22A46DE
:104E500009B207B0BDE8F04FFFF764BD07B0BDE889
:104E6000F08F00BF2DE9F04F8BB00646BDF950B072
:104E7000BDF958005A45BDF95440019040F3A08057
:104E8000824200F3A7800198834500F0BA808FB278
:104E9000DDF804C09DB2A3B26245A7EB050490B251
:104EA0001FFA8BF8A3EB05091FFA8CF1A3EB07039C
:104EB00024B204971BB20594A0EB0804A1EB0808E8
:104EC000A1EB000124B2029309B20FFA88F806940C
:104ED0000FFA89F9079100F0AA80013803B2039311
:104EE000039B5B45C0F2B78000275C46BA46CDE91C
:104EF000082B069B3046059A9AFBF3F397FBF8FCC8
:104F00002B44AC4492444F440FFA83FE22460FFADE
:104F10008CF19BB28E451FFA8CFC9B4602DC6346EB
:104F20007146DC460133002CA3EB0C0306DBB6F81C
:104F300022C41BB2644501DAFFF7F4FC0134039B81
:104F400024B2A342D5DADDE9082B029BA4EB020AC6
:104F5000A4EB0B0703FB0AFA019B09FB07F79C4232
:104F60002BDC079B224630469AFBF3FE97FBF8FCAE
:104F7000029BAC444F449A44049B0FFA8CF19E442C
:104F80001FFA8CFC1FFA8EF30FFA8EFE9B468E459D
:104F900002DC63467146DC460133002CA3EB0C03B4
:104FA00006DBB6F822C41BB2644501DAFFF7BAFC8F
:104FB0000134019B24B29C42D3DD0BB0BDE8F08FDD
:104FC00001985D468345184693460B462A4601469E
:104FD0007FF759AF019F5F4509DA5D461846DDF856
:104FE00004B0234601920C462A4601464FE7154677
:104FF000084621463A4601950446019883457FF4C8
:1050000046AF8B421EDDA14213DDBBF1000FD4DBA6
:10501000B6F822249345D0DA01335A462146304669
:105020001B1B1BB20BB0BDE8F04FFFF77BBC03921C
:1050300056E7A342B8BF2346BBF1000F0C461BB294
:10504000E6DABAE799420A461946B8BF1A46A142BB
:1050500013B2DADCEDE75C4677E700BFB2F1000C93
:105060000ADB00B5B0F822E4F44503DA5DF804EB9E
:10507000FFF758BC5DF804FB704700BF00293CDB1C
:10508000F0B5B0F820E4714536DA002A02DA1344AC
:1050900000221BB21446B0F822C41C44644503DD50
:1050A000ACEB020C0FFA8CF3002B25DDD410061D9F
:1050B00012F007020EFB041190F8064406EB010CF7
:1050C00025461BD0C2F108026FF0FF07D2B29A4208
:1050D00047FA02F743DDD51A4FF0FF0E012C4EFAC6
:1050E00005FE0EEA070E4FFA8EF75FFA8EF577D0BF
:1050F000022C5FD0002C3AD0F0BD7047072B1ADD90
:10510000012C46D864421A46E4B2083A8CF80040B2
:10511000B0F820148C4491B212B20729F5D8083B9C
:10512000C3F3CC02C2EB423203EBC2031BB2002B2F
:10513000E2DD90F806540122012D02FA03F3DBB2FE
:1051400003F1FF32D2B23FD0022D37D0002DD3D1A0
:105150009CF800205B4213408CF80030F0BD012C1D
:10516000FDB237D0022C25D0002C3DD17FB216F8ED
:1051700001E02EEA070E9A4206F801E0BCDC9A1A1A
:10518000B0F8201413B28C44072BD0DD90F80644FD
:10519000B6E7022CB0D11A469CF80010083AC94371
:1051A0008CF80010B0F820148C4491B212B2072988
:1051B000F2D8B4E7745C85EA040EDCE79CF80030B2
:1051C0005A408CF80020F0BD9CF800301A438CF84F
:1051D0000020F0BD745C45EA040E06F801E0CEE75D
:1051E000745C45EA040EC6E79A1A13B2072B83DCF7
:1051F000F4449CE72DE9F041151E07460E469846FB
:10520000BDF9184005DBB0F822C4654501DAFFF7A7
:1052100089FB23462A4631463846FFF72FFF08F11F
:10522000FF312346013C31442A462C4409B2FFF7A2
:1052300025FF22B2A4B2002A09DBB7F82234A34228
:1052400005D943463146BDE8F041FFF76BBBBDE8E9
:10525000F08100BFF8B55D18BDF91870A9420ADAEF
:105260000C461646214601343B46324624B2FFF72F
:1052700005FFAC42F6DBF8BD2DE9F04F1F4683B0C9
:1052800088468146F91DBDF93030DDF834A048BFAD
:1052900007F10E01002B4FEAE1012FDD96B24FF02E
:1052A000000BCDF834A033445D46DA46DDF834B067
:1052B0009BB201910093002F19DD002423B214F05A
:1052C000070F4FEA550504EB08010BEBE30309B2A6
:1052D00008BF13F80A5015F0010F05D0002932B2AB
:1052E000484601DBFFF7E2FA0134A742E6D1019B11
:1052F00001369A44B6B2009B9E42DCD103B0BDE8B1
:10530000F08F00BF2DE9F04FD0F80854174690F801
:1053100005248FB06E788046022ABDF86040BDF843
:105320006400019600F0AC80032A00F0A580012AF9
:1053300001D1091A09B2C84200F19B80B8F8206473
:10534000B14200F39680019AD74200F19280BE42AA
:10535000ACBF00220122002A40F08B80002C00F01C
:1053600088809B468BB2914695F802E004930BEB44
:10537000040AEB7801339B00CDE9028605931BF804
:10538000011B8E4573D8A1EB0E010424C9B214FB96
:10539000014304FB015204FB015011FB04F1EB5CDF
:1053A0005279C47903EA0200FF285DD00298B0F870
:1053B0002204874258DC049809EB000C0FFA8CF0A9
:1053C0001FFA8CF6C442B4464ED4039E86424BDB91
:1053D000294407F007068879019980460696013925
:1053E000C9100131C9B200284ED00598CDF824E08B
:1053F000C6460244F810039E02EB032280460023B7
:1054000015FA82F2CDE90CB7029FCDE90759CDE933
:105410000A4AB3FBF1F40CEB040901FB143412F853
:10542000015B1FFA89F9444414FB0694A0B22404DA
:105430000ED4B1456FEA090AB7F824442CBF4FF0E7
:1054400000094FF0010919EADA3901D0A04221DB45
:1054500001339E45DDD1DDF824E00396DDE90759EF
:10546000DDE90A4ADDE90CB7A1441FFA89F9DA45FA
:1054700085D10FB0BDE8F08F019AA7EB520217B2A9
:10548000A1EB500109B256E701FB04F08046002869
:10549000ABD1E9E797F80694B9F1010F3BD0B9F128
:1054A000020F1DD0B9F1000FD2D1A41B07EB0009E8
:1054B0000394069C99F804A005FA04FB039C2AEACD
:1054C0000B0AA04289F804A0C2DA069C3044C4F159
:1054D000080438442541047924EA05040471B7E737
:1054E000A41B07EB00090394069C99F804A005FA95
:1054F00004FB039C8AEA0B0AA04289F804A0A7DAFD
:10550000069C3044C4F10804384445FA04F4057993
:105510006C4004719CE7A41B07EB00090394069CF4
:1055200099F804A005FA04FB039C4AEA0B0AA0427E
:1055300089F804A08CDA30443C180698C0F10800C1
:1055400045FA00F025792843207181E730B5D0F87D
:105550000844A578F2B102F1FF3E00201FFA8EFE4A
:1055600003460EF1010E8E441EF8012DA2EB050C30
:105570000A2A04EB8C0C9CF807C063449BB203D14D
:10558000984238BF184600237145EDD1984238BF84
:10559000184630BD104630BDC0F80814704700BF33
:1055A0002DE9F041044617461D46D0F82834D9208D
:1055B0000E469847D4F8283438469847D4F828340B
:1055C00081209847D4F8283430469847D4F82834B6
:1055D000DB209847D4F8283428469847D4F8283454
:1055E000A4209847D4F82834A6209847D4F8283423
:1055F000AF20BDE8F041184707EE901A0B460906A8
:1056000082B0B8EEE77B9FED126B27EE067B0ED4DF
:10561000002B4FEAD303FCEEC77B0CBF0022F12224
:10562000CDED017A9DF8041002B0FFF7B9BF9FEDF0
:105630000A6BF122DB0837EE467BFCEEC77BCDED33
:10564000017A9DF8041002B0FFF7AABFAFF3008003
:1056500023DBF97E6ABCF23F000000000080454079
:1056600010B50446A120D4F828349847D4F828343B
:10567000C820BDE810401847B0F8242400210430A9
:105680000BF09ABB90F80434042B00F08F80D0F814
:10569000283410B50446AE209847D520D4F82834D5
:1056A0009847F020D4F828349847A820D4F8283414
:1056B0009847B4F82204D4F828340138C0B2984787
:1056C000D320D4F8283498470020D4F828349847B9
:1056D00094F80434032BD4F828340CBF0020402065
:1056E0009847D4F828348D2098471420D4F82834CB
:1056F00098472020D4F8283498470020D4F828343C
:105700009847A020D4F828349847C020D4F82834EB
:105710009847D4F82834DA20984794F804349A1E2D
:10572000012A01D9002B3AD1D4F828341220984705
:10573000D4F828348120984794F804349A1E012A1A
:1057400000D92BBBD4F82834CF209847D4F828347C
:10575000D9209847D4F82834F1209847D4F8283431
:10576000DB209847D4F8283440209847D4F82834D0
:10577000A4209847D4F82834A6209847D4F8283491
:105780002E209847D4F82834AF20BDE810401847A1
:10579000012BDBD1D4F828348F209847D6E7012B92
:1057A000C6D1D4F8283402209847C1E7704700BF1B
:1057B00070B50026D0F82C34C0F818140446C0F890
:1057C0000C64C0F81064C0F814649847054640B1F2
:1057D0002046FFF757FFB4F824243146201D0BF074
:1057E000EBFA284670BD00BF2DE9F041804608461F
:1057F0000C46E6F755FB86B2751CADB228460AF09A
:10580000BBF9E8B12A46214607460BF070FCAEB161
:10581000013E7C1E002517FA86F6D8F81C3414F8D1
:10582000010F98476B1C08B178559DB2B442F4D172
:105830003D4400232B703846BDE8F0813D46F8E733
:105840002746F8E72DE9F04706460F461946D0F8F7
:10585000083482B0154693F80180FFF7C5FF96F82B
:1058600005348146032B2CD04FF0000A1F494846CF
:105870000BF0F8FA0446F0B1A5EB0A05ADB22046EC
:10588000E6F70EFB0346214630469CB22246FFF760
:105890005DFE84460B462AB2394630464544CDE982
:1058A000004CFFF72FFD11490020ADB20BF0DAFAE2
:1058B00004460028E3D1484602B0BDE8F0470AF0AC
:1058C00063B901780029CFD000231A4601330A2991
:1058D00008BF01329BB292B219F803100029F5D12A
:1058E00008FB02F2C2F34F0AC0E700BF7C35032475
:1058F00038B50446FFF778FF0546E6F7D1FA0246C9
:105900002046294692B2FFF721FE044628460AF0B7
:105910003BF9204638BD00BFF8B505460C46164693
:1059200001F0B4FE2B7903B9F8BD06F1280304F1A8
:105930004002601C1946F0F765FB95ED7A6AB5EEFA
:10594000C06AF1EE10FA1BDB2034B7EEC66A06F12E
:105950002A052E3607EE904A9FED195BB8EEE77BDD
:10596000A6EE057BFDEEC77B17EE907A2B46294607
:1059700001353A462046F0F745FBB542F6D1F8BD71
:1059800004F12103B7EEC66AB0EE085B06F12A0502
:1059900007EE103A1F342E36B8EEC77BA6EE057B15
:1059A000FDEEC77B17EE907A2B462946013522463D
:1059B0003846F0F727FBB542F6D1F8BDAFF30080CB
:1059C000CDCCCCCCCCCC084070B50D4690F8F131A4
:1059D00090F8F01182B0DB010446C901A0F806324C
:1059E0000223A0F8041240F20111C0F82C32002367
:1059F000A0F8141204F5FA76B0F91C12A0F8F831E8
:105A0000C0F8303202291E48C4F8F40105DDA4F8BC
:105A10001C32C4F82432A4F8203294F8F20158BBA6
:105A20001069003818BF012008BBADF804000DF163
:105A30000602304601A90123F4F784FDBDF90630C2
:105A40009FED106AF2EE046A07EE103A94ED7B0ABD
:105A50002846B8EEC77AC7EE067A67EEA67A27EE32
:105A6000800AC4ED7A7AF9F7D5FA02B070BD40F237
:105A70000243ADF80430DAE70138FDF7CFF9D3E798
:105A80000000FF7F00FEFF4630B5002383B00D46C7
:105A900090F8F111ADF804300446B0F8F43180F814
:105AA000FA11A3F50043B0F8F211A0F8FC31A0F808
:105AB000F81190F8F00138B1012829D113691BB110
:105AC00040F20243ADF8043000210DF1060204F566
:105AD000FC700123ADF8061001A9F4F733FCBDF901
:105AE00006309FED106AF2EE046A07EE103A94ED6C
:105AF0007B0A2846B8EEC77AC7EE067A67EEA67A22
:105B000027EE800AC4ED7A7AF9F784FA03B030BD43
:105B10000238FDF783F90028D6D040F20243ADF8F1
:105B20000430D1E700FEFF46012A02D101600020C7
:105B30007047002AFBD10260F9E700BF012A02D1B9
:105B4000016000207047002AFBD10260F9E700BF26
:105B5000012A02D1016000207047022A05D0032AE1
:105B6000F9D0002AF7D10260F5E70B680360F2E78D
:105B7000012A02D1016000207047022A05D0032AC1
:105B8000F9D0002AF7D10260F5E70B680360F2E76D
:105B9000012A02D1016000207047022A05D0032AA1
:105BA000F9D0002AF7D10260F5E70B680360F2E74D
:105BB0000368126893F8F131042B1CD8DFE803F076
:105BC000090D11150300104B18689B881060938015
:105BD00070470E4B1868106070470D4B18681060C6
:105BE00070470C4B1868106070470B4B18689B8807
:105BF000106093807047094B186899889B791060F2
:105C000091809371704700BFF040032458440324EF
:105C10005C440324604403244C3903246444032477
:105C20000368126893F8F01149B1012903D00239D1
:105C30000020FDF7B1B8044B1B8813807047034B5D
:105C40001B881380704700BF2C3903247438032449
:105C50000368126893F8F21119B9044B1B8813807A
:105C6000704701390020FDF797B800BF2C39032495
:105C700070B5104B064600F5CC74A0F148050360E2
:105C800004F13801236C0322084603B1984704F15C
:105C90002801236B0322084603B1984704F1180139
:105CA000236A0322084603B19847503CAC42E7D12F
:105CB000304670BD9C65032470B5104B064600F558
:105CC000CC74A0F14805036004F13801236C032271
:105CD000084603B1984704F12801236B03220846C4
:105CE00003B1984704F11801236A0322084603B15F
:105CF0009847503CAC42E7D1304670BD9C650324C8
:105D000070B5134B054600F5CC74A0F1480603604E
:105D100004F13801236C0322084603B1984704F1CB
:105D20002801236B0322084603B1984704F11801A8
:105D3000236A0322084603B19847503CB442E7D196
:105D400028464FF4417105F0FEFE284670BD00BFA5
:105D50009C65032470B5134B054600F5CC74A0F187
:105D60004806036004F13801236C0322084603B19E
:105D7000984704F12801236B0322084603B1984792
:105D800004F11801236A0322084603B19847503CE6
:105D9000B442E7D128464FF40E7105F0D4FE2846F0
:105DA00070BD00BF9C65032470B5012388B000F26C
:105DB000F11207938B680692002B2BD00C460546F8
:105DC000CB6807AA06A920469847022605F5F9736D
:105DD000A268CDE90436EAB1E36805AA04A9204621
:105DE0009847042205F5F6730392A26802938AB1DC
:105DF000E36803AA02A92046984705F5FA75A36847
:105E0000CDE9005633B1E36801AA694620469847B8
:105E100008B070BD05F0C0FE70B500F5F97288B02D
:105E200001268B680692079653B30C460546CB684D
:105E300007AA06A92046984705F5F873A268CDE998
:105E40000436EAB1E36805AA04A92046984705F29A
:105E5000F113A268CDE9023692B1E36803AA02A960
:105E60002046984705F5F6750422A368CDE900524F
:105E700033B1E3686A4469462046984708B070BD6C
:105E800005F08AFE2DE9F0414FF40E7086B00F68E0
:105E9000FCF7CEFE0446002800F0AA80002200F1A4
:105EA000080300F5F47602711846502200210025FF
:105EB0000AF082FF034650339E42F5D1514B002237
:105EC00004F5FA70C4F8F051236004F5F876C4F8CC
:105ED000EC21F4F711FB2A462946284694F8F28172
:105EE000FCF75AFFC0B2A560039504F5F97280452E
:105EF00002AD454928BF8046FF28E06014BF01235A
:105F00000823E2616A4623610123A161636504F10C
:105F10002003029484F8F281DFF804E1DFF804C181
:105F200095E8030082E8030093E8030085E8030096
:105F300092E8030083E80300A36AE26AC4F828E059
:105F40000493C4F82CC00592002B58D00322294694
:105F500028469847636D43F400730021B7EE007A3A
:105F60002A4A04F5F670D4ED7B7AC4F8A810F4EE52
:105F7000C77AC4E91531264BF1EE10FAC4E91A26A6
:105F8000C4F808314FF0FF024FF00103E265C4F896
:105F9000AC204FF00802C4F8A430C4F8F4304FF439
:105FA000FE432266C4F8B020A4F8F03104F2F113E5
:105FB000184AC4F8BC30C4F8B8201DDCBFEE007A23
:105FC000F4EE477AF1EE10FA48BFF0EE477A4FF060
:105FD0007E531149114AC4F8FC304023C4ED7B7A4A
:105FE000C4F80C01C4F8F810C4F80021C4F8443116
:105FF000BC6406B0BDE8F081F0EE477AE7E740F216
:106000000123AAE7F89B0324343903246C440324B6
:106010005439032474440324000080BFABAAAA3D72
:10602000915B0224515C02242DE9F0434FF441704E
:1060300087B0D1F80080FCF7FBFD0446002800F093
:10604000F180002200F1080300F5F4760271184691
:106050005022002100250AF0AFFE034650339E4235
:10606000F5D1764B002204F5FC70A4F8F0512360C2
:106070004FF00043C4F800536F46C4F8EC2104F518
:10608000F979C4F8F231F4F735F947F6FF732A4687
:106090002946284694F8F061C4E98053B4F8F231F7
:1060A000A4F8F831B4F8F431A3F50043A4F8FC31B6
:1060B000FCF772FE0130A560C0B2614A8642E06022
:1060C00028BF0646FF2814BF0123082384F8F06187
:1060D00002AE2361212363655A4BA36104F5F87373
:1060E000E36104F12003CDE9024596E80300564D33
:1060F00087E8030093E8030086E8030097E80300BD
:1061000083E80300A36AE16A0493A5620591E26251
:10611000002B00F08F800322314630469847636D94
:1061200043F400736365042194F8F131474A042B6A
:10613000474DA26604F2F11228BF0423E266012251
:1061400084F8F1310023C4E91712212284F8FA31CE
:10615000A365C4F8A4203F4ACDE9024304F17003CB
:1061600096E8030087E8030093E8030086E803004D
:1061700097E8030083E80300A36FE16F0493A5672A
:106180000591E2671BB10322314630469847B7EECE
:10619000007A0021304B4FF6FF72D4ED7B7AC4F8C1
:1061A000A810F4EEC77AC4F8F8102C49C4F8FC2003
:1061B000C4F85811F1EE10FA2949C4E92E3940F615
:1061C000AA23C4F808114FF08021C4F80031C4F8A4
:1061D000F211C4E92B234FF0010304F5F672C4F861
:1061E000F430C4F8443104F5FA73C4F80C311EDC01
:1061F000BFEE007AF4EE477AF1EE10FA48BFF0EE07
:10620000477A4FF07E531749C4F85C21C4F84C31EB
:106210004023154AC4ED7B7AC4F84811C4F85021D4
:10622000C4F89431C8F8484007B0BDE8F083F0EEF8
:10623000477AE6E740F2212374E700BF189C032465
:10624000215C022434390324715B02247C4403243E
:10625000515B0224B15B0224844403245439032497
:106260008C440324000080BFABAAAA3D00B51348AC
:1062700085B00023124A0390694612480292CDE984
:10628000003301F0FDFC029B1BB103226946684606
:1062900098470D4800230D4A694603900C48029226
:1062A000CDE9003301F0ECFC029B1BB169460322EF
:1062B0000846984705B05DF804FB00BF855E0224E0
:1062C0003D5B02249444032429600224295B0224B8
:1062D0009844032400220B689A647047012A02D173
:1062E000016000207047022A05D0032AF9D0002A55
:1062F000F7D10260F5E70B680360F2E70346126826
:1063000001201B6893F8F111FCF746BD38B504462F
:1063100090F8F1010D4660B913697BB994ED7A0AE2
:10632000D4ED7B7A284620EE270ABDE83840F8F7FE
:1063300071BE0138FCF772FD0028EFD0D4F8F421CB
:10634000B3EE047A0A49BAEE040A0A4BDFED0A6A90
:1063500001FB023307EE903AC4F8F431F8EE677AA5
:1063600067EEA67AA7EE870A84ED7A0AD8E700BF1F
:106370000D6619005FF36E3C0000802F38B50446AF
:1063800090F8F1010D46FCF737FD94ED7E7A94ED1F
:106390007D6A30EE477ADFED1F7AD4ED7F6A84EDB7
:1063A0007E0AA6EE277AF0EEC77A84ED7D7AF4EEC7
:1063B000E67A76EEE76AF1EE10FACCBF94ED807AD9
:1063C00094ED817AE7EE267AB2EE047A67EE876A78
:1063D000F5EEC06AF1EE10FA16D4F4EEC76AF1EEEB
:1063E00010FA0EDCB0EE667A94ED7B0A2846C4ED16
:1063F0007F7A84ED7A7A26EE800ABDE83840F8F795
:1064000009BEF0EE476AEFE79FED037AF0EE476AC8
:10641000EAE700BF52B87E3F0000000070B590F878
:10642000E83104460D461646002B52D1136990F808
:10643000E901003B18BF012323B1D4F8FC3101333B
:10644000C4F8FC31002870D1327994F800329342BC
:1064500002D0612A00F08380D4F8FC31032B84F849
:10646000002202D9043BC4F8FC31EA6C51074BD43A
:10647000D20718D504EB8303D3F8EC31D5E9001229
:1064800003EB8303521A5B00802A07EE903AF8EE82
:10649000E77A55DD9FED5A0A284627EE800ABDE8C7
:1064A0007040F8F7B7BD023303EB830304EB03132B
:1064B00003F10800F8F75CFFB6EE007AF2EE047A1A
:1064C000284630EE470ABDE8704020EE270AF8F76C
:1064D000A1BDC1680A1F9A4248DC90F800C2327917
:1064E00090F8E90194451ED0C91A0429AAD801A33D
:1064F00053F821F03B640224A3650224DF650224E3
:1065000081650224BD65022404EB8303F2EE087A60
:10651000284693ED7B0AB8EEC00ABDE8704080EED5
:10652000270AF8F777BD002896D00138FCF776FCEB
:1065300088B10023C4F8FC31327984F8002294E752
:1065400007EE102A2846B8EEC77ABDE8704087EEFD
:10655000870AF8F75FBD3279D4F8FC317EE7032370
:10656000C4F8FC31327984F800227EE7581EFCF72B
:1065700055FC10B994F8E90164E794F8E9015CE787
:1065800002EBC20302EB430202EBC2025532C2F33A
:10659000C40343EA4213DBB20A2B8CBF002301235E
:1065A0004AE702EBC20302EB430303EBC303553399
:1065B000DBB2542B8CBF002301233DE702EBC20367
:1065C00002EB430202EBC2025532C2F3421343EA2A
:1065D000C203DBB2022B8CBF002301232CE702EBAA
:1065E000C20302EB430202EBC2025532C2F346037E
:1065F00043EAC213DBB22A2B8CBF002301231BE723
:106600000000803C38B504460D46E3682DED028B52
:1066100090F8F80194ED7B8A98420CBF0123002387
:1066200084F8F0312BD094F8F931CBB1D4F8F421BF
:10663000184693424FDDB0EB420F0ADDD4ED7A7A73
:10664000284628EE270ABDEC028BBDE83840F8F753
:10665000E1BC0538FCF78CFC0028EFD094F8F80179
:10666000FCF7CAFBF0EE407A20EE080A2846BDECA3
:10667000028BC4ED7A7ABDE83840F8F7CBBC04F160
:10668000A800F8F775FEDFED1A6A9FED1A7A284622
:1066900020EE260ADFED187ABDEC028BBCEEC00AB4
:1066A00010EE103A9BB200EE103AB8EEC00A20EE9F
:1066B000070ABDEEC00A10EE103AA3F2E73300EE6F
:1066C000103AB8EEC00A20EE270A84ED7A0ABDE837
:1066D0003840F8F79FBC581EFCF7A0FB0028BDD13E
:1066E000D4F8F42194F8F9018242A7DAA3E700BFB5
:1066F00000FF7F47FAC0F93C0AD7233C10B5046875
:10670000DFED200ADFED205AF0EE607A9FED1F6A80
:106710002DED068B94F8F231F7EE008A9FED1CAA5E
:1067200006EE903A94F8F3319FED1A9A07EE103A7C
:10673000F8EEE66ADFED189AB8EEC77AE6EEA57ACB
:10674000B0EE690AE7EE060AB0EE608A67EE8A0AE2
:1067500060EE890AC8EEA00A06F0F6FF68EE0A0AA3
:10676000F0EE407AB0EE690A60EE890AC4ED807AF4
:10677000C8EEA00A06F0E8FF84ED810ABDEC068BA6
:1067800010BD00BFCDCCCC3DA1A0A03CA1A0A03DA0
:1067900000803B476F12833A0AD7233C012A02D17B
:1067A000016000207047002AFBD10260F9E700BFBA
:1067B000012A02D1016000207047002AFBD102604B
:1067C000F9E700BF012A02D1016000207047002ACA
:1067D000FBD10260F9E700BF012A02D1016000206D
:1067E0007047002AFBD10260F9E700BF012A02D1FD
:1067F000016000207047002AFBD10260F9E700BF6A
:10680000012A02D1016000207047022A05D0032A24
:10681000F9D0002AF7D10260F5E70B680360F2E7D0
:10682000012A02D1016000207047022A05D0032A04
:10683000F9D0002AF7D10260F5E70B680360F2E7B0
:10684000012A02D1016000207047022A05D0032AE4
:10685000F9D0002AF7D10260F5E70B680360F2E790
:10686000012A02D1016000207047022A05D0032AC4
:10687000F9D0002AF7D10260F5E70B680360F2E770
:10688000012A02D1016000207047022A05D0032AA4
:10689000F9D0002AF7D10260F5E70B680360F2E750
:1068A000012A02D1016000207047022A05D0032A84
:1068B000F9D0002AF7D10260F5E70B680360F2E730
:1068C0000368126893F8E91119B9044B1B88138007
:1068D000704701390020FCF75FBA00BF7438032409
:1068E0000368086893F8E8111268B9B14368181F83
:1068F000884207DC5B1A042B0FD8DFE803F0211F66
:106900000719130001390020FCF746BA0D4B18682F
:1069100099889B7910609180937170470A4B1B880E
:1069200013807047094B18689B88106093807047EC
:10693000074B18689B88106093807047054BE6E70B
:10694000054BE4E7AC4403242C3903249C44032482
:10695000A4440324B4440324BC44032403681268FD
:1069600093F8F11119B9044B1B8813807047013952
:106970000020FCF711BA00BF2C390324036810B4BF
:1069800093F8F9111468A1B1D3F8F421914209DD0B
:10699000B1EB420F15DC8A1A20460D495DF8044B15
:1069A0000AF0AAB80A4620460A495DF8044B0AF0E4
:1069B000A3B8094B18681B79206023715DF8044B5C
:1069C00070472246013900205DF8044BFCF7E4B91A
:1069D000D4440324CC440324C4440324036812682D
:1069E00010B593F8F8110446DB68994206D00120EF
:1069F000FCF7D2F9054A23689A6610BD044B054995
:106A00001B8813800368996610BD00BFE04403240F
:106A1000DC440324CC45032470B5D0E90045064688
:106A2000AC4209D0211DE3680322084603B1984710
:106A30001434A542F6D1356825B1B1682846491B02
:106A400005F081F8304670BD30B5012385B000F205
:106A5000F11203938B680292A3B10C460546CB68F2
:106A600003AA02A92046984705F5F6750422A368F3
:106A7000CDE9005233B1E3686A446946204698473D
:106A800005B030BD05F088F870B5104B064600F52E
:106A9000CC74A0F14805036004F13801236C032293
:106AA000084603B1984704F12801236B03220846E6
:106AB00003B1984704F11801236A0322084603B181
:106AC0009847503CAC42E7D1304670BD9C650324EA
:106AD00070B5104B064600F5CC74A0F14805036074
:106AE00004F13801236C0322084603B1984704F1EE
:106AF0002801236B0322084603B1984704F11801CB
:106B0000236A0322084603B19847503CAC42E7D1C0
:106B1000304670BD9C65032470B5104B064600F5E9
:106B2000CC74A0F14805036004F13801236C032202
:106B3000084603B1984704F12801236B0322084655
:106B400003B1984704F11801236A0322084603B1F0
:106B50009847503CAC42E7D1304670BD9C65032459
:106B600070B5104B064600F5CC74A0F148050360E3
:106B700004F13801236C0322084603B1984704F15D
:106B80002801236B0322084603B1984704F118013A
:106B9000236A0322084603B19847503CAC42E7D130
:106BA000304670BD9C65032470B500F5FC7286B05C
:106BB00001258B6804920595FBB10C460646CB680F
:106BC00005AA04A92046984706F2F913A268CDE960
:106BD000023592B1E36803AA02A92046984706F558
:106BE000F6760422A368CDE9006233B1E3686A4413
:106BF00069462046984706B070BD04F0CDFF00BF3F
:106C000070B5134B054600F5CC74A0F1480603603F
:106C100004F13801236C0322084603B1984704F1BC
:106C20002801236B0322084603B1984704F1180199
:106C3000236A0322084603B19847503CB442E7D187
:106C400028464FF4FC7104F07EFF284670BD00BF5B
:106C50009C65032470B5134B054600F5CC74A0F178
:106C60004806036004F13801236C0322084603B18F
:106C7000984704F12801236B0322084603B1984783
:106C800004F11801236A0322084603B19847503CD7
:106C9000B442E7D128464FF4027104F054FF28466D
:106CA00070BD00BF9C65032470B5134B054600F50D
:106CB000CC74A0F14806036004F13801236C032270
:106CC000084603B1984704F12801236B03220846C4
:106CD00003B1984704F11801236A0322084603B15F
:106CE0009847503CB442E7D128464FF4067104F06F
:106CF0002AFF284670BD00BF9C65032470B5134B66
:106D0000054600F5CC74A0F14806036004F1380193
:106D1000236C0322084603B1984704F12801236B32
:106D20000322084603B1984704F11801236A03229D
:106D3000084603B19847503CB442E7D128464FF487
:106D4000FE7104F000FF284670BD00BF9C6503245F
:106D500070B500F5F47288B001268B680492059630
:106D6000002B38D00D460446CB6805AA04A9284656
:106D7000984704F2E913AA68CDE902365AB3EB68E2
:106D800003AA02A9284698470023D4E97B1261F39D
:106D9000070362F30F23D4E97D1261F3174301A9BE
:106DA00062F31F63042206910193AB68079293B1CB
:106DB000EB6807AA06A9284698479DF904009DF9A3
:106DC00005109DF906209DF90730C4E97B01C4E94F
:106DD0007D2308B070BD04F0DFFE00BF70B500F287
:106DE000F11288B001268B680692079653B30C46C1
:106DF0000546CB6807AA06A92046984705F5F9730A
:106E0000A268CDE90436EAB1E36805AA04A92046E0
:106E1000984705F2F313A268CDE9023692B1E36810
:106E200003AA02A92046984705F5F6750422A3682F
:106E3000CDE9005233B1E3686A4469462046984779
:106E400008B070BD04F0A8FE2DE9F04F1546884645
:106E50008346012305F12F0108F1030408F1020024
:106E600005F1180608F109094FF0000A2DED028B13
:106E700099B001923E22EFF7F5F83423E91E402243
:106E800008F10100EFF7CEF805F10A0120460BF1F9
:106E90000802F9F723FC204605F111010BF1580215
:106EA000F9F71CFC0BF1E0042B4625462C33CDE909
:106EB00002480093DBF8FC31534500F03781002392
:106EC000CDE90A33CDE90C3355F8383C049355F835
:106ED000343C059355F8303C069355F82C3C079309
:106EE00055F8283C089355F8243C099355F8183C6C
:106EF00053B10222A5F120010AA8984755F8143C85
:106F00000D9355F8183C0C930023CDE90E33CDE9D1
:106F1000103355F8083C53B10222A5F110010EA818
:106F2000984755F8043C119355F8083C10930023FA
:106F3000CDE91233CDE91433AB683BB102222946C7
:106F400012A89847EB681593AB6814932B6904A8B3
:106F500009F1020716936B691793F8F709FA09F11B
:106F60000402179C3346314648469046B0EE408AAC
:106F7000EFF748F8009B04F0800442464846194663
:106F80004FF00008EFF73EF8002C14BF0124022454
:106F900006EB0801A04401223846EFF713F8B8F1D8
:106FA000130FF5DDF7EE007A09F1FF30B3EE047A46
:106FB00077EEC87A67EE877ABDEEE77A17EE103A79
:106FC0009919002B00F09280142B00F08F8007EEAF
:106FD000106A09F10502B8EEC77A77EE277AFDEE5E
:106FE000E77A17EE903AEFF70DF8149B1BB112A950
:106FF000032208469847109B1BB10EA9032208469E
:1070000098470C9B1BB10AA90322084698470AF12E
:10701000010A09F10E095035BAF1040F7FF44AAFA5
:10702000DDF804A0DDE9024808F1FF3508F1370674
:10703000002354E90E120A93049105920B930C93CA
:107040000D9354F8183C54E90C120691079254E938
:107050000A12CDE9081243B10222A4F120010AA8C4
:10706000984754E90632CDE90C32002354F8087CE5
:10707000CDE90E33CDE9103347B10222A4F110015E
:107080000EA8B84754E90232CDE910320023A768B0
:10709000CDE91233CDE914333FB10222214612A8C3
:1070A000B847D4E90232CDE91432D4E90423169268
:1070B0001A0621D41793149B1BB112A90322084668
:1070C0009847109B1BB10EA90322084698470C9BBA
:1070D0001BB10AA90322084698470E355034B54221
:1070E000A6D119B0BDEC028BBDE8F08F01390223A7
:1070F0000722EEF7A7FF78E705F104080AF11D095A
:1071000023F0800311224046494617930923EEF7E6
:10711000A9FF4946404609231122EEF783FF04AA3E
:107120000AF11F012846F9F7D9FAC4E701990123AA
:10713000052248462E31EEF7B3FFC0E600222DE9C6
:10714000F041044688B010460F46114694F8E851C5
:10715000FBF722FE0530644B04F5F472C0B202AEB8
:10716000A36100238542E26105934FF0010228BF2D
:107170000546FF28A36084F8E85118BF012304AD39
:1071800008BF082304946265584ADFF86CC1C4E95B
:10719000030395E8030004F1200386E8030093E865
:1071A000030085E8030096E8030083E80300A36A70
:1071B000A262E26A0693C4F82CC00792002B00F08A
:1071C0008C800322294628469847636D43F4007358
:1071D0000022636594F8E98111461046FBF7DCFD57
:1071E000434AC0B20494A26604F2E9128045E06505
:1071F000E26628BF8046FF283E4A14BF01230823C9
:1072000084F8E98123660123DFF8F0C0C4F8A430D4
:1072100000230593A36504F1700395E8030086E855
:10722000030093E8030085E8030096E8030083E881
:107230000300A36FA267E26F0693C4F87CC00792B5
:10724000002B4DD00322294628469847D4F8A43075
:1072500043F40073C4F8A430FB6CDB0739D5D7E9DD
:107260000035ED1A48BF01356D100135402DA8BF1E
:1072700040256E4204F5F67204F2012104F1A800E3
:107280000023CDE90065F8F7ADFE04F5F87204F2CD
:10729000062104F1F8000023CDE90065F8F7A2FE0D
:1072A00004F5FA7204F20B2104F5A4700023CDE971
:1072B0000065F8F797FE002304F5FC7204F50471ED
:1072C00004F5CC70CDE90065F8F78CFE08B0BDE898
:1072D000F0816FF03F064025CCE740F2012377E7CD
:1072E00040F20123B6E700BF343903244168022489
:1072F0003C39032421680224E1680224C168022485
:1073000070B54FF406700E68FBF792FC044690B31C
:107310004FF40672002109F04FFD04F5F47504F1F5
:10732000080350221846002109F046FD03460022BA
:1073300050339D42F5D11149114D2160FF21A4F830
:10734000E821C4F8EC2184F80012C4E97C22C4E9E5
:107350007E220FCDC4F801022868C4F80512314618
:10736000C4F811022046C4F80922C4F80D32B464EE
:10737000FFF7E4FE70BDB06470BD00BF789C0324CD
:107380008C310324F0B54FF4FC7087B00F68FBF725
:107390004FFC044600287DD0002200F1080300F5D0
:1073A000F4760271184650220021002509F004FDF0
:1073B00003465033B342F5D100233B4A29462846C1
:1073C000A4F8F05122602A46C4F8EC31C4F8F44124
:1073D000FBF7E2FCA560C0B2039584F8F15104F21A
:1073E000F113FF28314A02ADE06014BF01210821EA
:1073F000A2616A4621610121E36104F12003616514
:107400000294DFF8BCC02A4E95E8030082E803002E
:1074100093E8030085E8030092E8030083E8030093
:10742000A36AE26AC4F828C00493E6620592002BBE
:1074300036D00322294628469847636D43F40073EB
:10744000B7EE007AD4ED7B7A1A4A00216365F4EE38
:10745000C77AA266C4F8A41004F5F672F1EE10FA29
:107460001BDCBFEE007AF4EE477AF1EE10FA48BF6B
:10747000F0EE477AD4F8F4300F4943F04003E26667
:107480004FF07E52C4ED7B7AC4F8F4300B4BA1650B
:10749000E2652366BC6407B0F0BDF0EE477AE9E729
:1074A00040F20123CCE700BF589C03243439032465
:1074B0005D69022454390324000080BFABAAAA3DB1
:1074C00061680224F0B54FF4FE7087B00F68FBF7D7
:1074D000AFFB0446002800F0BA80002200F1080348
:1074E00000F5F4760271184650220021002509F0BB
:1074F00063FC034650339E42F5D1594B0022294686
:1075000084F8F05123600423A4F8F8510120C4F852
:10751000EC212A46C4F8F43102AEFBF73DFC514B96
:10752000C0B20122A36104F5FC73FF2884F8F8516E
:10753000E36114BF01230823A5606265236104F1A0
:107540002003E060DFF83CC1474ACDE902456D46C3
:1075500096E8030085E8030093E8030086E803004B
:1075600095E8030083E80300A36AE16A0493C4F882
:1075700028C00591E262002B6FD0032231463046CD
:107580009847636D43F480636365D4F8F43194F8ED
:10759000F9215B00DFF8F0C0DBB29A42E36528BF57
:1075A0001A4604F2F91384F8F9210122E366002354
:1075B0002266C4F8A4202D4AA365A2662C4ACDE910
:1075C000024304F1700396E8030085E8030093E8A2
:1075D000030086E8030095E8030083E80300A36F37
:1075E000E16F0493C4F878C00591E2671BB10322F0
:1075F000314630469847D4ED7B7AB7EE007ADFED1E
:107600001D6A04F5F6721C4B77EEA67AC4F8B83002
:10761000F4EEC77AF1EE10FA1CDCBFEE007AF4EE5D
:10762000477AF1EE10FA48BFF0EE477A4FF07E53FA
:107630001249C4F8BC20C4F8AC304023104AC4ED51
:107640007B7AC4F8A810C4F8B020C4F8F430BC6445
:1076500007B0F0BDF0EE477AE8E740F2014393E768
:10766000389C03245C380324DD690224E0440324AD
:107670007D6902246F12033A54390324000080BF4D
:10768000ABAAAA3DA1680224816802242DE9F04733
:10769000034691460F4602F10A0A00269A695033C2
:1076A000002A3CD00136062EF8D1042E00F1080441
:1076B0004FF00105CCBF4FF006084FF0070807E078
:1076C0002E2B0DD16B1CAE4204F150041D4613D974
:1076D00023691B78252BF3D1062D0FD0236E6BB1B8
:1076E00022465146F81CC244F8F7F8FF6B1CAE4224
:1076F00004F150041D46EBD8BDE8F087224609F19D
:10770000080107F13300F8F7DBFCA9F1020107F1EA
:1077100027000123034ABDE8F047EEF729BD002EFC
:10772000C3D1E9E7243903242DE9F04104460D468D
:107730001646FFF7ABFF23790BB9BDE8F08194ED56
:107740007B7AD4ED7A7A114867EE877AB7EEE77ADA
:1077500053EC172BF6F75EF906F12703074605F100
:1077600040021946681CEEF74DFC3846E4F798FBDA
:107770003235C0EB80733A4606F12901C0EB830035
:1077800000232844BDE8F041EEF7F2BCE4440324B2
:107790002DE9F0410022044600F1080300F5F475DC
:1077A00086B00271184650220021002709F004FB20
:1077B00003465033AB42F5D100237D493A460120C0
:1077C00021603946C4F8EC3102ADC4F8F4316E469C
:1077D000C4F8F831C4F8FC31C4F8F071FBF7DCFAF6
:1077E0000138744B0122C0B284F8F171A361FF2803
:1077F000E060626514BF1346082304F2F112A7602B
:10780000236104F12003E2616B4ACDE9024795E868
:10781000030086E8030093E8030085E8030096E888
:10782000030083E80300A36AA262E26ACDE904329E
:10783000624AE262002B00F0B68003222946284605
:107840009847636D43F48063002702945C4A04F117
:10785000D0080397A266C4F8A8705A4ADFF878C126
:10786000C4E91537FF23E365C4F8AC300823236669
:10787000C4F8B0300123C4F8A430C4F8F43004F5DF
:10788000F973E366504BC4F8B8304FF4FE4395E803
:107890000300A4F8F23104F2F31386E80300C4F8FD
:1078A000BC3098E8030085E8030096E8030088E808
:1078B0000300D4F8D830D4F8DC10C4F8D8200493EE
:1078C0000591C4F8DCC063B10322294628469847D5
:1078D0000297C5E901770597D4F8D87037B93A46C9
:1078E0000AE017460293C5E9013305930222414697
:1078F0002846B847D4E9367295E8030004F18003BE
:1079000086E8030093E8030085E8030096E8030097
:1079100083E80300D4F88830D4F88C10C4F8887059
:107920000493C4F88C2005911BB1032229462846F4
:10793000984704F1A803D4F8D8200293B2B3D4F83E
:10794000DC30294640469847B7EE007AD4ED7B7A82
:1079500004F5F6731D4AF4EEC77AC4F80821F1EE77
:1079600010FA1DDCBFEE007AF4EE477AF1EE10FA61
:1079700048BFF0EE477A16484FF07E51154AC4F8DA
:107980000C314023C4F8F8002046C4ED7B7AC4F8DB
:10799000FC10C4F80021C4F8443106B0BDE8F08101
:1079A000F0EE477AE7E740F201434DE704F0F4F8E0
:1079B000989C03245C38032401680224FD6202249D
:1079C000EC440324DD620224F044032454390324EC
:1079D000000080BFABAAAA3DFD66022438B54FF473
:1079E00002700D68FBF724F9044608B1FFF7D0FEDA
:1079F000AC6438BD2DE9F843254B994245D802685F
:107A00000446836823489B1A9B1000FB03F39942AA
:107A100001D8BDE8F88301EB810167688E00BF1AC9
:107A2000304604F092F8D4F80090D4F804E0804690
:107A3000F1451AD04B46844619686246DD6842F823
:107A4000041B0021CCF80410C2E901111969CCF81B
:107A500010102DB1191D03C982E80300CCF80C5099
:107A600014330CF1140C9E45E6D1B9F1000F05D08A
:107A7000A1684846A1EB090104F065F84744464473
:107A8000C4E90087A660BDE8F883034804F081F8E4
:107A900066666606CDCCCCCC544103242DE9F04F6C
:107AA000D0E900659346604AAB1B0C465F4983B042
:107AB0009B10009002FB03F38B4200F0B180AE42BA
:107AC000A4EB060200F09A80B3EB430F4FEA4300A9
:107AD00000F28880002840F09B8081464FF0140A15
:107AE0008046DBF8001008EB02034FF0000C48F86A
:107AF000021003F1040EDBF81020C3F80CC01A6169
:107B0000DBF80C20C3E901CC3AB10BF1040103C945
:107B1000CBE903CC8EE80300DA60B44226D03346CA
:107B2000C4461F68624600211869D3F80CE042F889
:107B3000047BCCF80410C2E90111CCF81000BEF1AE
:107B4000000F05D0191D03C982E80300CCF80CE032
:107B500014330CF1140C9C42E3D1A4F1140AAAEBE7
:107B6000060A2AF0030A0AF1280AC244AC422AD0C3
:107B70002346D446624618680021D3F80CE042F848
:107B8000040B1869CCF80410C2E90111CCF81000FC
:107B9000BEF1000F05D0191D03C982E80300CCF81F
:107BA0000CE014330CF1140C9D42E3D12B1B204A42
:107BB000143B9B0802FB03F323F04043013303EB28
:107BC00083030AEB830A2EB1009B30469968891B18
:107BD00003F0B9FF009BC3E9008AC3F8089003B023
:107BE000BDE8F08FDFF850904846019203F0ADFFFA
:107BF000019A8046814400F1140A72E70133F1D200
:107C00008B4228BF0B4603EB83034FEA8309EBE764
:107C1000884228BF084600EB80004FEA8009E3E76E
:107C2000044803F0B6FF00BFCDCCCCCC6666660638
:107C3000CDCCCC0C10400324F8FFFF7F0A4670B572
:107C4000D0E901418C4217D01168A4460025D668BE
:107C50004CF8041B034611696560CCE901552161AC
:107C600036B1111D03C9D56015618CE80300E660CB
:107C70005A6814325A6070BD2146FFF70FFF70BD7D
:107C800070B5494E86B005460C463268B3689A42D4
:107C900027D025B34448D6E90031C91A434B89108F
:107CA00003FB01F10131FFF7A5FE0023A668059350
:107CB000CDE90153CDE903333EB10222214602A8AA
:107CC000B047D4E90232CDE9043201A93648FFF7C2
:107CD000B5FF049B1BB102A903220846984706B0D2
:107CE00070BD08213046FFF785FE0023304A30463C
:107CF00001A90192CDE902332E4B05932E4B04933B
:107D0000FFF79CFF049B1BB102A90322084698477A
:107D1000002301A92948CDE90133294B0493294BBC
:107D20000393FFF7ADFF039B1BB101A90322084694
:107D30009847002301A92448CDE90133234B04933C
:107D4000234B0393FFF79CFF039B1BB101A9032265
:107D500008469847FEF78AFA002301A91D48CDE995
:107D600001331D4B04931D4B0393FFF789FF039BC6
:107D70001BB101A9032208469847EDF7F3FA002347
:107D800001A91748CDE90133164B0493164B039311
:107D9000FFF776FF039B002B3FF47BAF01A9032283
:107DA0000846984775E700BF10280120CDCCCCCC01
:107DB000BC410324D5620224ED670224D040032491
:107DC000C5740224D9670224F44403248573022471
:107DD000C5670224F8440324DD790224B167022434
:107DE000FC440324017302249D6702240000000068
:107DF0009FED057B06480023064A0749836080ED16
:107E0000007B03F09BBE00BF0000000000000000EC
:107E10001028012000000020196A02248F4A1368EC
:107E20002DE9F04F13F0010B04462DED028B8DB0C0
:107E30007FD08B4D2B68023B062B00F28280DFE85F
:107E400003F05F3F045F3F046D004FF0020BB0EEA4
:107E5000000A4FF0FF30FAF77BFF2388042B38D05D
:107E6000022B71D07F48FDF707FC01217D48FCF70C
:107E7000CDFD0022402180237A4800911146FDF774
:107E8000B9F900220B218023764800911146FDF7B5
:107E9000E1F900217348FCF7B9FD2B6801330B2B86
:107EA00000F29D80DFE813F0300212023A0247012F
:107EB00047014701AE00AE00AE00B6028B00730270
:107EC000B8EE000A4FF0FF30FAF742FF2388042B88
:107ED000C6D12B68042B00F30D83012B00F3CA815C
:107EE000C0D16388B3F5807F00F0D083B3F5007F05
:107EF000B8D15D4AA188138803EBC1231380B1E791
:107F00009FED5A0A4FF0FF30FAF722FF4FF0000BB7
:107F1000A3E7534D08210123296013600026304652
:107F2000FAF76AFF30460136FAF712FF042EF6D14F
:107F3000ECE74F4E336F9F00EBD50123484D1360A4
:107F40002B60FAF71FFFE1E72B686288002B40F3F4
:107F50007581012A00F05783022A00F06F83012BFC
:107F600000F04383053B022B3FF67CAFB2F5007F68
:107F70007FF478AF3F4EB6F900000028C0F2AD8321
:107F8000092802D9092318463380FAF729FF2B68FC
:107F9000062B00F0C783072B40F0BA83B6F9002008
:107FA000334E02EB420206EB4202138EC31A48BF65
:107FB00001335B10002BB8BF5B42938652E72E4B18
:107FC000022204212748FDF73DFC01212548FCF74A
:107FD0001DFD2A4B142204212248FDF733FC244EB8
:107FE000336F990004D40DB0BDEC028BBDE8F08F67
:107FF00001220A2128680DB0BDEC028BBDE8F04FCC
:10800000F6F77CBB02221E4B16481146FDF71AFC00
:1080100000231C4A04211720EEF7AAF82B68052B31
:1080200000F0F882062B14BF02216FF00101164800
:108030004FF01109F5F7EEFC0D4E034602225F21C9
:108040000848FDF7FFFB012106480024FCF7DEFC91
:10805000079606EB4B0ACDE905B520E02028012064
:1080600024280120244300201C28012000000000B7
:10807000781F01201E2801201446032424460324CF
:10808000D0450324884503249845032401FB029529
:10809000102D18DC09F10A090AF1060A3C460022F3
:1080A0000120C44E4D461146EBF754FAA04240F36E
:1080B0004082B6F9003020466FF00901671C032B9F
:1080C000A3F10302E2DCFAF797FEB7EEC07A0FFAEB
:1080D00085F8B94853EC172BF5F79CFC424603464C
:1080E0002321B648FDF7AEFBBAF830B0F4F756FEE0
:1080F000059904EB4403B6F900200B44A24239462B
:1081000003F1180330F8136000F0C681AC48F5F7AE
:1081100081FC424603460221A848FDF793FBA6EBEB
:108120000B01A848F5F776FC424603465F21A348B9
:10813000FDF788FBAEE70222A34BA0481146FDF7EE
:1081400081FB0023A14A04211720EEF711F82B68C8
:10815000022B00F06182032B14BF02216FF001019A
:108160009B480127F5F756FC9A4E034602225F21F1
:108170009248FDF767FB012190484FF00008FCF79B
:1081800045FC33465E4605959B460022022011467B
:10819000EBF7E0F9B84240F3C981002308AA394659
:1081A0000220CDE90833CDE90A33EBF7D3F99DF886
:1081B0002130002B40D108EB480434445BF82450B4
:1081C000F4F7ECFD50F82430ED1A3EB185EAE57283
:1081D000A2EBE5729A42C8BF4BF82430754B08EB0E
:1081E0008804B3F900306400032B04F1110404DDAA
:1081F000DA1E6FF0090101FB0244102C08F101099D
:1082000019DD43450FFA84FA08AA494600F0948123
:108210007148F5F7FFFB5246034602216748FDF718
:1082200011FB29466748F5F7F5FB524603465F21E7
:108230006248FDF707FBC8460137A6E7022A00F0AF
:10824000F081002B7FF40EAEB2F5807F00F0268225
:10825000B2F5007F7FF406AEE388002B7FF402AE18
:108260005C4A0A21136F296083F0200343F0005316
:108270001367B8E66388B3F5807F00F0F781B3F544
:10828000007F7FF4EFADF4F789FD4A4B5349B3F912
:10829000003003EB430300EB83025B44926881FBF5
:1082A00002011144D217C2EBE122E1888E0540F1B0
:1082B0000982B4F904106420464E02FB01F156F81D
:1082C000232000FB112246F82320CBE50222444B59
:1082D0003A4811463F4EFDF7B5FA01213748FCF701
:1082E00095FB404B142204213448FDF7ABFA3E4B7A
:1082F0001E2204213148FDF7A5FA3C4B2822042117
:108300002E48FDF79FFA6BE60021394B01222960C8
:108310001A600DB0BDEC028BBDE8F08F0222354B28
:10832000264847F6FF7411462A4EFDF78BFA0121C5
:1083300022480127FCF76AFB00232F4A142104205E
:108340004FF00008EDF714FF1A4B326F0E201B8818
:1083500012F0020F29492344294A08BF0A4628215E
:108360009BB2CDE90078F6F765F8264B26494E20FA
:10837000CDE90078326F1B8812F0010F234A2344A5
:1083800008BF0A4628219BB2F6F754F828E6114E9A
:108390001F48F5F7B7FD336F23F000533367FBF742
:1083A0006DFAEBF77FF8124A0121002311602B6070
:1083B00016E600BF1E280120D445032424430020D4
:1083C000E8450324B4450324844503248845032455
:1083D00098450324781F0120BC450324A1000AA06E
:1083E000484503245845032460450324704503246D
:1083F0002404002020450324304503240845032499
:10840000004503241C28012018450324104503249B
:10841000EC3E0324B34B02220421B348FDF712FAC9
:108420000121B148FCF7F2FA00220120AF4F1146BA
:10843000EBF790F8042800F3AC801126002421E02B
:10844000FAF7DAFCB0EE408AEAF7BCFD57F8043BD5
:108450000FFA86F80134B7EEC88AC01AA44A0A3661
:10846000A44B2146B6B2C72898BF1A462346A24855
:108470008DED008BF5F7CEFA4246034604219A486B
:10848000FDF7E0F9002201201146EBF763F80346FF
:108490002046A342D4DCA2E59848ADB2F5F7BAFA7B
:1084A00042460346022190485C24FDF7CBF9A6EB37
:1084B0000B019348F5F7AEFA424603465F218A481E
:1084C000FDF7C0F9AA1C5E235A2112B28648CDF8E6
:1084D000088000920194FCF7C5FC2A1D06355E2336
:1084E00012B25A212DB28048019402950092FCF7F5
:1084F000B9FCCFE5053B022B3FF6B4AC6388B3F57E
:10850000807F00F0A380B3F5007F7FF4ABAC7D4BA0
:108510007D4EB3F90030A18803EB43035B4418336D
:1085200036F81320521A26F813209BE4059D5E4668
:1085300056E5DDE9065653E57448A4B2F5F76AFA44
:108540005246034602216848FDF77CF929466C48EB
:108550005C25F5F75FFA524603465F216248FDF756
:1085600071F9A21C5E235A2112B25F48CDF808A00F
:1085700000920195FCF776FC221D06345E2312B2B0
:108580005A2124B25848019502940092FCF76AFCE3
:1085900051E60C2600241EE0FAF72EFCB0EE408ACD
:1085A000EAF710FD57F8043B0134514AB7EEC88A88
:1085B000C01A504B2146C72898BF1A4623464E483A
:1085C0008DED008BF5F726FA31460636024600237C
:1085D0000420EDF7CDFD002201201146EAF7BAFF95
:1085E00003462046A342D7DCF9E4B2F5807F63D08E
:1085F000B2F5007F04D1444E336F83F0010333673B
:10860000F4F72CFD2EE4404E326F940006D5013B6A
:108610002B6027E400210AE50021A1E50A232B6055
:10862000E1E4394E326F9000F8D50133012B2B6015
:108630007FF418AC334E0023338013E4324E326F94
:108640009200EBD501332F4E2B60F4E72D4EA3881B
:10865000328813449AB21BB2002B3380EBDB092A19
:108660007FF600AC09233380FFF7FCBB254EA388BF
:10867000328813449AB21BB2002B3380DBDB032A0F
:108680007FF6F0AB03233380FFF7ECBB1D4AA188D4
:10869000138803EBC1231380FFF7E4BBE388002BAF
:1086A0007FF4E0AB184A0A21136F296083F01003AE
:1086B00043F00053136796E4134E336F83F00203C5
:1086C00033679DE7104EB4F9040056F8231002FBFF
:1086D000101146F82310FFF7C5BB0023184633805E
:1086E00053E400BFF045032424430020C4270120A5
:1086F000B0390324A0440324FC450324E0450324AB
:10870000B44503241E280120781F0120A04503241E
:10871000B6F900300C4E03EB430306EB4303188617
:10872000FFF7A0BBB6F90020074E02EB420206EBB2
:108730004202138EC31A48BF01335B10002BB8BF2F
:108740005B425386FFF78EBB781F01202DE9F04F67
:10875000436893B004468246079308AD54F8083B3B
:108760000026876A0DF138090693C3690D93C36A21
:1087700011930FCC0FC523682B600E96C9E90166D3
:1087800047B10AF12003109793E80300CAE90A668B
:1087900089E803000AF11C0602AFAAF1280AE8469C
:1087A000DFF86CB100245D4602E00134302C56D075
:1087B000142255F8041B08A808F022FB0028F4D165
:1087C000002502E00135302D4CD014225BF8041B4B
:1087D000504608F015FB0028F4D1A54246DDA6F16D
:1087E0001403A6F145025AE90201CAE90A0112F886
:1087F000011F03F8011BB342F9D10023DAF814106A
:10880000DAE90842C7E90033BB60CAF844100592B0
:1088100034B10AF1180103C9CAE9083387E8030033
:1088200097E803000AF1480388E8030093E803008F
:1088300087E8030098E8030083E80300DAE91431CD
:10884000CAF850400493CAF8542005911BB1032282
:10885000394638469847303EAAF1300AA0E76FF013
:108860000044ADE76FF00045A542B8DCA6F11C0C52
:1088700008AD4FF0000E119CDDF840B0CDF808E0D7
:10888000DDE90623C7E901EE46F81C2CCCF80430DC
:1088900005940FCD46F8140C46F8083C28680D9B4B
:1088A00046F8101C46F80C2C46F8040CCCF81C308A
:1088B000BBF1000F05D0CDE910EE99E8030087E881
:1088C000030097E803000CF1200388E8030093E815
:1088D000030087E8030098E8030083E80300DCF85E
:1088E0002830DCF82C20CCF828B00493CCF82C40AD
:1088F00005921BB10322394638469847109B1BB19D
:10890000032249464846984713B0BDE8F08F00BFA0
:10891000880400202DE9F04F884297B0009000F0C5
:10892000FE8000F13008414500F0F98000F1380781
:1089300000F1080B0291804E0024354603E001341B
:10894000302C00F0F280142255F8041B384608F051
:1089500057FA0028F3D1002503E00135302D00F04F
:10896000E180142256F8041B584608F049FA002802
:10897000F3D1A54208F1300A40F3CA805AF8143CFA
:1089800008F108050CAC0026019311935AF8083C35
:108990005AF8049C0393CDF854900FCD0FC42B6864
:1089A0005AE90CEC2360039B1496CDE90AECCDE95F
:1089B00012664BB1149308F1200393E8030012AB45
:1089C0004AE9026683E80300009BA8EB0308B8F1BC
:1089D000000F40F3AD80AAF11404AAF1580506AEC9
:1089E0000197A4EB08090DF1100855F8083CA4F113
:1089F0004502AB6255F8043CEB62A4F1140312F893
:108A0000011F03F8011BA342F9D16B696A6A6B6409
:108A100000232F6AB360C6E90033099237B105F12C
:108A2000180103C9C5E9083386E8030096E8030086
:108A300005F1480388E8030093E8030086E8030093
:108A400098E8030083E803002B6D696D2F65089398
:108A50006A6509911BB10322314630469847303C84
:108A6000303D4C45C1D1119BDDF85490019F0193DD
:108A7000DDE90AEC009B0CAC0025C3E900EC0FCC4F
:108A8000DDF850C0CBF80000CBF80820CBF80C3054
:108A90002068B560CBF80410CBF81000DDE9003297
:108AA000C6E90055DA61CDF82490BCF1000F06D07C
:108AB00012ABCDE9145593E8030086E80300009A51
:108AC00096E8030002F1200388E8030093E803001E
:108AD00086E8030098E8030083E803001146D2E922
:108AE0000A32C1F828C00893C1F82C9009921BB132
:108AF0000322314630469847149B1BB112A903222A
:108B000008469847029B3037534508D0D04612E7B5
:108B100040463037FFF71AFE029B5345F6D117B097
:108B2000BDE8F08F6FF0004523E76FF0004412E7D7
:108B300006AE0DF110089DE7880400202DE9F04FE6
:108B4000551E9DB01646079354BF2B461346019001
:108B500004915810B1EB630F069080F2F6810DF18D
:108B6000300B0B460DF1400A0892CDF814B0099570
:108B7000591CA84E002498464A0003964FEA810BE0
:108B800002F1FF3902920BEB410B019A09EB490705
:108B900002EB0B1B02EB07170BF1080502E0013497
:108BA000302C69D0142256F8041B284608F028F906
:108BB0000028F4D1039E434603940025344607F170
:108BC00008081E4602E00135302D5AD0142254F810
:108BD000041B404608F014F90028F4D1039C3346E6
:108BE000A54203EB43020299D8BF5F46019BD8BF61
:108BF000894603EB02153968120105F11C049950EE
:108C000005F1080279686960F91D11F8013F02F861
:108C1000013B9442F9D1FA690024BE6AEA61FA6A1A
:108C2000CAF80840CAE90044139236B107F120019E
:108C300003C9C7E90A448AE803009AE8030005F17A
:108C40002004059B83E8030094E803008AE80300FE
:108C500093E8030084E80300AC6AE96AAE62129408
:108C6000EA6213911CB1032251465046A047069B6D
:108C700099450BDA4B467BE7039E43466FF0004471
:108C80009AE7039C33466FF00045A9E7089EDDF89C
:108C900014B0099DF30740F10981B9F1010848BFFB
:108CA000C8464FEA6808079B12AC00261A6803F111
:108CB0000805D3F81CE0109202925A68D3E90AAC76
:108CC000119205920FCD0FC42B682360CDF86CC0B4
:108CD000CDE917E6CDE91966BAF1000F0BD0079A76
:108CE000CDF868A002F1200393E8030018ABC2E9B5
:108CF0000A6683E80300049B99450AAB039340F39B
:108D000094804A4608EB480A019B424D002403EB3D
:108D10000A1916464FEA0A1A029509F1080702E0F5
:108D20000134302C71D0142255F8041B384608F059
:108D300067F80028F4D13246029D0026174602E06B
:108D40000136302E5DD0142255F8041B12A808F00D
:108D500057F80028F4D13A4602EB4202019BA642A2
:108D60004FEA021503EB021757DD019B07F10802DA
:108D700009F1070007F11C0453F80A105951D9F8FA
:108D80000410796010F8013F02F8013BA242F9D1CA
:108D90000022D9F81C10D9E90A65CBE90022CBF8EA
:108DA0000820F9610F9536B109F1200103C9C9E91D
:108DB0000A228BE803009BE8030007F12002039BD3
:108DC00083E8030092E803008BE8030093E80300C4
:108DD00082E80300D7E90A42BE620E94FD620F9258
:108DE0001CB1032259465846A047B8F10101049B23
:108DF000424648BF414643454FEA61010CDA884686
:108E000080E73A466FF00046A6E73246029D6FF0D3
:108E1000004492E7880400204F46109BDDF85CE098
:108E20000293DDF86CC0119B0593029B12AC0025E8
:108E30001A9E3B60059B0C957B60C7F81CE00FCC2D
:108E4000B8602068F9603A617B61B861CBE901558F
:108E5000CDF83CC036B118ABCDE91A5593E8030004
:108E60008BE803009BE8030007F12003039A82E8E4
:108E7000030093E803008BE8030092E8030083E813
:108E80000300BB6AFA6ABE620E93C7F82CC00F9249
:108E90001BB103225946584698471A9B1BB118A983
:108EA0000322084698471DB0BDE8F08F023E48BF38
:108EB0002E46B9EB660F7FF4F0AE4FEA49050199F3
:108EC00007F1080307F11C00013505EB45042201F9
:108ED00001EB04148A58E11D3A6062687A6011F867
:108EE000012F03F8012B9842F9D1E2690023A66A09
:108EF0000DF1400AFA61E26A12931392CDE9103340
:108F000036B104F1200103C9C4E90A338AE8030039
:108F10009AE8030007F120038BE8030093E80300BD
:108F20008AE803009BE8030083E80300BB6AF96A50
:108F3000BE621293FA6213911BB10322514650464E
:108F40009847C8462746A946ADE6049B0DF1300B6D
:108F5000019A03EB430C994602EB0C179AE600BF0B
:108F600010B584B0EAF79AFA00F5FE2420212046D5
:108F700007F06BFF0C4A00230C49202814BF204641
:108F800010460B4A01930B4B0091694602930392E2
:108F9000EAF786FB029B1BB1694603220846984705
:108FA00013F0EEFFFCE700BF38460324E1970224EC
:108FB000B50C0124ED0D01242DE9F04FC36995B0E6
:108FC00000F1080CD0F800900093864666460F9397
:108FD000836A0C46D0F804800AADD0F82CB04FF06C
:108FE000000A019310AFCDF82090CDF82480CDF881
:108FF0004CB00FCE0FC533682B60019BCDF840A05D
:10900000C7E901AA002B00F09080019B12930EF19A
:10901000200393E80300CEE90AAA87E80300226848
:109020000EF11C00CEF80020E21D6168CEF804109D
:1090300012F8011F0CF8011B6045F9D1E269002606
:1090400004ADD4F82CC0CEF81C2004F1200AA26A8A
:10905000CDE904662AB19AE80300C4E90A6685E806
:10906000030095E8030002AE86E8030093E80300DE
:1090700085E8030096E8030083E80300DEF8283063
:10908000CEF82820DEF82C200693CEF82CC00792CC
:109090004BB103222946284698470F9BDDF84CB078
:1090A0000093DDE90898009B0DF1280C4FF0000EAD
:1090B000E361CDF810E0C5F804E0BCE80F00C4E9B6
:1090C0000098A060DDF84880DCF80000E1602261D3
:1090D0006361A061B8F1000F05D0CDE912EE97E809
:1090E000030085E8030095E8030086E803009AE89A
:1090F000030085E8030096E803008AE80300A36AFA
:10910000E26AC4F828800693C4F82CB007921BB119
:109110000322294628469847129B1BB10322394651
:109120003846984715B0BDE8F08F0EF1200376E77A
:109130002DE9F04FABB08DF837300B1A0990B3F52D
:10914000407F40F38682002A00F089820B91164608
:10915000099901F1300001F1080901F138040C907E
:10916000CDF82890614A1B11DFF884B1013E02FB63
:1091700003F30B9A5D46002723F00109303A09EB0F
:109180006309099B029203EB0913019303E0013782
:10919000302F00F06182142255F8041B204607F09E
:1091A0002FFE0028F3D1019B4FF00009504D03F131
:1091B000080805E009F10109B9F1300F00F08981D3
:1091C000142255F8041B404607F01AFE0028F1D17E
:1091D0000B9BB945464D4FF00008A3F1280A1EDD50
:1091E00005E008F10108B8F1300F00F068811422A1
:1091F00055F8041B504607F003FE0028F1D1C14585
:10920000C0F26281474517DB0C990998FFF7D4FE3D
:1092100016E008F10108B8F1300F00F0A78214221F
:1092200055F8041B504607F0EBFD0028F1D14745E7
:10923000EADBC14580F2488102990998FFF7BCFE3C
:10924000DDF830800B9BC2460793CDE90E640A9F80
:109250005C4600250AF1080602E00135302D1CD0DD
:10926000142254F8041B3046B04607F0C9FD00280C
:10927000F3D1D946002402E00134302C10D014225E
:1092800059F8041B384607F0BBFD0028F4D1AC4266
:109290000AF130090ADDCA46DAE76FF00045E8E76F
:1092A0006FF000440AF13009AC42F4DC079A23461F
:1092B0000496A2F13004CDF804801E46A0465C4618
:1092C000002508F1080702E00135302D12D01422E4
:1092D00054F8041B384607F093FD0028F4D1AE4241
:1092E000A8F130020CDA9046E9E700BFABAAAAAABF
:1092F000880400206FF00045A8F13002AE42F2DB96
:1093000044465546DDF80480A245079480F0C180AC
:10931000DAF8002026ABDAF82C1020AD1E924FF0C0
:10932000000E0592DAF80420DDF810C01F920692B4
:10933000DAF81C200293039201910895DAF828606C
:10934000BCE80F000FC5DCF80030039A2B600199D0
:10935000029BCDE9252EC3E901EE0AF120032991F4
:109360003EB1029A93E80300CAE90AEE82E80300DC
:1093700028962268049ECAF800207A1E6168143676
:10938000CAF8041012F8011F08F8011BB045F9D102
:10939000E2690026D4F828C012ADCAF81C2004F1F6
:1093A0002008E26A14961592CDE91266BCF1000F0E
:1093B00005D098E80300C4E90A6685E8030095E84B
:1093C000030010AE86E8030093E8030085E803007D
:1093D00096E8030083E80300DAF82830DAF82C1066
:1093E000CAF828C01493CAF82C2015915BB1032247
:1093F0002946284698471E9B05931F9B0693259B4D
:109400000393299B0193059B4FF0000EDDF820C0CC
:109410002360069BDDF8A0A06360019BCDF848E0C7
:109420001593BCE80F003860FB60DCF80000039B7C
:109430007960BA603861E361C5E901EEBAF1000F05
:1094400006D0029B93E80300CDE928EE85E80300EF
:1094500095E8030086E8030098E8030085E8030028
:1094600096E8030088E803000199A36AE26AC4F859
:1094700028A01493E16215921BB1032229462846C5
:109480009847289B1BB10299032208469847CA4671
:10949000DDE6DDE90E649DF83730504632460B9923
:1094A000FFF746FE099BAAEB0303B3F5407F40F3A9
:1094B000D080002E00F0D480CDF82CA052E66FF0C2
:1094C000004291453FF4B8AE01990998FFF774FD49
:1094D000B6E66FF000497BE60A9D0BB14846984717
:1094E000099BA5F12804CDF814A0A5F1140BDA1DF1
:1094F0009A46089210AA0792A4F10803626A216AA8
:109500002646069314AD63690027029201930391E6
:1095100054E902EC0FCECDE912EC0FC53368029A84
:109520002B600399019B1993C9F80870C9E900776A
:109530001D92002900F01D81039B1C9304F1180368
:1095400093E80300C4E9087789E80300DAF800200B
:10955000089944F8082CDAF8042044F8042C224630
:1095600011F8010F02F8010B5A45F9D10022DAF87F
:109570001C10DAF82C60DAF82850C8F8082061616D
:10958000C8E90022219635B10AF1200103C9CAE9D0
:109590000A2288E8030098E80300079A82E803009B
:1095A00093E8030088E8030092E8030083E80300DF
:1095B000236A626A25622093666221924BB103227C
:1095C000414640469847199BDDE912EC01931D9BEB
:1095D0000293069B14AE049D0027A3EB0A02664B80
:1095E000CDE91EEC4FEA221C0392DDF870E003FB8C
:1095F0000CFC0FCE0FC53368029A2B60019B25939C
:10960000059BC3E900779F602992BEF1000F07D048
:10961000CDE91C7799E8030083E80300CDF8A0E0CA
:109620004346624600215046FFF788FA289B1BB14B
:1096300005990322084698471C9B1BB10322494603
:1096400048469847039B303CABF1300B302B3FF73B
:1096500053AF2BB0BDE8F08F6FF00047A3E50D4688
:109660001B11454A0DF168090DF1980A03FB02F23E
:109670000DF178080A95911E08924B10019321F084
:10968000010303EB6103099901EB031720AB04937A
:1096900032E00699079B1F9193E80300C7E90A444B
:1096A00089E803000FCE0FC5336802982B60039A38
:1096B00025902992CDE91C4499E803008AE803002B
:1096C000CDF8A0B04346089A01990998FFF736FAF9
:1096D000289B032213B15146504698470198032214
:1096E00049461C9B00283FF4F7AE019801380190D1
:1096F0000BB148469847303F07F120023B68796834
:1097000007F1080EF86914AE079200241293B446CC
:109710001391059302900691049DD7E90AB2039232
:10972000BEE80F00ACE80F00DEF800300298CCF87D
:109730000030039A059BC9E900441E931990C9F8AB
:1097400008401D92BBF1000FA3D1069B14AD049CF1
:109750001F930FCD0FC42B682360029B2593039B9F
:10976000CAF808B0CAE900BB2993ABE76FF000481C
:109770005DE504F11803E9E6ABAAAAAA70B5FAF709
:10978000ABFAD0E90065B54220D0AC1B13494FF0CD
:1097900000033046221101FB02F22946B2FA82F29E
:1097A000C2F11F025200FFF7C3FCB4F5407F0EDD8B
:1097B00006F5407430462146FFF7ACF8A54205D0C7
:1097C00020463034FEF7C2FFA542F9D170BD2946CC
:1097D0003046BDE87040FFF79DB800BFABAAAAAA0B
:1097E00008B54FF40020F0F7E9F9BDE80840FFF7AD
:1097F000C5BF00BF10B50446084602212070E9F736
:10980000D5FB204610BD00BF007813F061BB00BF40
:10981000012A02D1016000207047022A05D0032AE4
:10982000F9D0002AF7D10260F5E70B780370F2E770
:10983000124B017818681368814203D0104A1288CD
:109840001A80704707290CD80E4918460E4A10B4E2
:109850000E4C23785DF8044B002B08BF114607F02F
:109860004BB9084A4FF0010C0849106881F800C054
:1098700091889279186099809A71704734280120F4
:10988000743803242049032418490324282801207C
:1098900010B5002398B00022214800242149007807
:1098A0000994086004A80A940D940E941794CDE9C5
:1098B0000423CDE906231C4B1C601C4BCDE911444D
:1098C000CDE91544CDE90B44CDE90F44CDE913446E
:1098D0000893F5F781FA013415496846224607F0E6
:1098E0000BF96846EAF774FD124B10B1082C1C60A6
:1098F000F1D1114B05221A60149B1BB112A903224E
:1099000008469847109B1BB10EA9032208469847AA
:109910000C9B1BB10AA903220846984718B010BD3A
:109920000C1F01203428012030280120C4360324D4
:10993000284103242C280120240400202DE9F04F85
:10994000ADF5637D8046E2AC2EAB18465022002177
:10995000002607F031FA03465033A342F5D1A14B5C
:10996000D3F800A0B245C0F20E810AAB1AACDFF802
:109970009C92B446029306AD04AF5346CDF80C80DA
:109980003FE09BF80030B34214BF5346734607F0E4
:10999000B3F899F800C0BCF1010F28BF4FF0010CDB
:1099A0000123002200200121A360E36404F11803D5
:1099B00089F800C0C4E90001C4E90489C5E90022AE
:1099C0002E70032295E8030087E8030093E8030064
:1099D00085E8030097E8030083E803008248D4E9A0
:1099E0000831AB602062E9608049616213B12946A9
:1099F0002846984701367B4BF6B21B689E42B44618
:109A00001DDC029A9C45DFF814B204F1500402EB0D
:109A10000C18DFF80CA2DFF80CE20CF1010274491B
:109A20004046AED1734907F067F899F800C0DFF8F7
:109A3000F881BCF1010F28BF4FF0010CB0E72EAB4D
:109A40006D4DDDF80C80E41A6C4B241103FB04F41B
:109A50002B68002B04F10106C0F29D80B34280F216
:109A60009880B8F80030022B54D0012B57D1644CA9
:109A70002368002B56D06348FBF7FEFD01216148A7
:109A8000FAF7C4FF002240235E481146009380236A
:109A9000FBF7B0FB29232A6831462EA8F5F7ACFC6A
:109AA00000220A218023574800911146FBF7D2FB80
:109AB00000215448FAF7AAFF0122534B114651489E
:109AC000FBF7C0FE01214F48FAF7A0FF2368002BE7
:109AD0004DD1CEAC00E01C4604F13801236C0322CA
:109AE000084603B1984704F12801236B0322084676
:109AF00003B1984704F11801236A0322084603B111
:109B000098472EAAA4F150039442E4D10DF5637D49
:109B1000BDE8F08FB8F80230B3F5007F3ED0384C86
:109B20000023236040462EAB334A3146F5F760F9F7
:109B30000028A0D0CEAC04F13801236C03220846E3
:109B400003B1984704F12801236B0322084603B1AF
:109B5000984704F11801236A0322084603B1984785
:109B60002EAAA4F1500394421C46E4D1CEE7274824
:109B7000274A284B00782849002814BF1046184669
:109B8000F4F7BAF9A5E71C4D2B68002B03DB4FF067
:109B9000FF342C6065E700232B6062E7184C2368D4
:109BA000002B63D0194B93F800B0BBF1000F60D0CD
:109BB00000270022384601371146F9F761F8042FD3
:109BC000F7D1FAF7A3FC2B680AAA02EB03100023D3
:109BD000C371EAF7FDFB002842D000F5805C034624
:109BE000804627E02C280120119802243198022475
:109BF000444903242841032434280120CDCCCCCC73
:109C00003028012024430020BC40032428280120C0
:109C10003C49032434490324444003240C1F0120FD
:109C2000C4360324284903242C490324614598465B
:109C30000B4603D21A6899180132F7D14B4FA8EBA3
:109C400000024B483978F3F7E5FEF4F75BF908F1C9
:109C50000E00FAF745FA2B6800203B70F9F7B0FACE
:109C6000444B01221A600023236004E70123236090
:109C700001E70AAB4FF480501A4602932B6802EBBF
:109C8000031383F807B0F8F7D3FF8046002868D0A5
:109C90002B68364A1370F9F793FA029B0246824604
:109CA000286802F10E0903EB0010EAF791FB074662
:109CB000002849D001464FF4805240465F4607F0E5
:109CC00016FAD8F8003001E058F807305A1C03D0D3
:109CD0001F44B7F5805FF7D309EB0703B3F5805F47
:109CE00028D808EB070307F10E004044C3F80090A2
:109CF000F9F766FA824503D01F48F4F703F919E72C
:109D0000029B414628684FF4805203EB0010002369
:109D1000EAF77EFB0146F0B9F9F752FA134B3A46DF
:109D200016481978F3F776FEF4F7ECF84046F8F7A2
:109D300083FF95E74FF48052FF214046002707F04C
:109D40003BF80E204346D0E74FF48052FF214046B7
:109D500007F032F8C0E70A48F3F75CFEF4F7D2F8F0
:109D6000E4E70848F4F7CEF8E4E600BF0C1F012052
:109D70009449032424040020504903246449032403
:109D80007C49032408420324022A82B0844613D06B
:109D900009230193DCF80C30002023F47053CCF835
:109DA0000C30019BDCF80C209B0203F4705313432E
:109DB000CCF80C3002B07047224B234A0B4493423C
:109DC00007D9224B224A0B44934205D80E23019314
:109DD000E0E70F230193DDE71E4B1F4A0B4493423C
:109DE00007D91E4B1E4A0B44934205D20C23019304
:109DF000D0E70D230193CDE71A4B1B4A0B44934246
:109E000002D80B230193C5E7184B194A0B44934220
:109E100002D20A230193BDE7164B174A0B44934223
:109E2000B6D3164B164A0B44934202D20823019331
:109E3000B0E7144B144A0B44934234BF0723062364
:109E40000193A7E7405327FFFF340C00401E1BFF80
:109E50003F420F0000DC0BFF7F4F1200808CF9FEA9
:109E600020D6130060B6E5FE5FE3160000D3CEFEF9
:109E700040771B00C05BB3FEC091210000CA91FE79
:109E800020753800E05459FEE09C4100890182B001
:109E900000230A4A41F020010193016103E00369B4
:109EA00013F0200307D0019B013393420193F6D9AD
:109EB000032002B07047184602B07047400D0300FF
:109EC000D0F8083882B003F006030193019838B146
:109ED0000198022804D0019B062B0CBF02200F2002
:109EE00002B0704730B50A78012300F5006C02F02B
:109EF0000F0E00EB421003FA0EF391F801E0BEF1F1
:109F0000010F18D0DCF81C2042EA0343CCF81C30C7
:109F1000D0F8003B1B040CD48B68D0F8004BC3F383
:109F20000A03C978114A234343EA81431A43C0F81C
:109F3000002B002030BDDCF81C402343CCF81C3043
:109F4000D0F800391C04F4D48B68D0F80059C3F35E
:109F50000A03CC7805492B4343EA844343EA8253FE
:109F60001943C0F80019002030BD00BF0080001068
:109F70002DE9F0434E7891F800E0012E4B6900EB9B
:109F80004E1CCC7858D0DCF8105B0CF5306E6FF3BB
:109F90001205CCF8105BDCF8105B6FF3DC45CCF8F5
:109FA000105B8D6893B32B44754E012A03F1FF3388
:109FB000B3FBF5F306EAC3469BB205FB03F3DEF8F9
:109FC000105045EA0605C3F31203CEF81050DEF830
:109FD000105043EA0503CEF8103027D0012C0CD1E5
:109FE000D0F8083813F4807FDCF8003B0CBF43F056
:109FF000005343F08053CCF8003BDCF8003B43F0C7
:10A000000443CCF8003B0020BDE8F083DEF81030BC
:10A01000C5F31205012A45EA0305CEF81050DEF813
:10A02000103043F40023CEF81030D7D1CB68002B8A
:10A03000D4D0CEF81430D1E70CF51065002B36D112
:10A040002E69012A6FF3DC462E612E6946F4002644
:10A050002E612E696FF312062E616CD0DCF8005968
:10A06000012C45F00445CCF80059CCD1D0F8084873
:10A0700014F4807FDCF800490CBF44F0005444F035
:10A080008054CCF80049002ABDD19BB203339A0812
:10A09000B9D0CB6800EB0E3E03EB82010EF5805E7B
:10A0A00053F8042B8B42CEF80020F9D1ABE72F698F
:10A0B000012CD1F808906FF3120709EB03082F6108
:10A0C00008F1FF382F69B8FBF9F86FF3DC472F610F
:10A0D0002B4F07EAC847D5F8108047EA08072F61D9
:10A0E000C3F31207D5F8108047EA08072F6111D093
:10A0F000012A3FD0DCF800390EF00F0E43F0044384
:10A1000006FA0EF6CCF80039D0F834381E43C0F801
:10A11000346878E72C69012A24F0C0442C612C694A
:10A1200044F000542C6114D0DCF8004944F004449D
:10A13000CCF800499AE70B6903B16B61012C0BD095
:10A14000DCF80039002043F00443CCF80039BDE8C6
:10A15000F0830B6903B16B61D0F8083813F4807F8A
:10A16000DCF800390CBF43F0005343F08053CCF8C7
:10A170000039E5E70B69002BE2D06B61E0E700BF37
:10A180000000F81F4B78F0B4012B0C784D6900EB00
:10A19000441C27D0DCF8100B0CF530636FF3120071
:10A1A000186118696FF3DC401861886805B148616F
:10A1B0001C69C0F31200012A44F400241C611C69CC
:10A1C00040EA0400186108D0DCF8003B43F0044387
:10A1D000CCF8003B0020F0BC7047CA68002AF3D0DE
:10A1E0005A61F1E70CF5106365B31E696FF312064F
:10A1F0001E611E696FF3DC461E618E68AE4201D29D
:10A2000035464E611E69012A46F400261E61C5F3DB
:10A2100012061F6946EA07061E612AD0DCF80039DB
:10A2200043F00443CCF80039002DD3D004F00F04E0
:10A230000123D0F83428A3401343F0BCC0F83438CD
:10A24000002070471869012A6FF3DC401861186913
:10A2500040F40020186118696FF31200186108D0EB
:10A26000DCF80039002043F00443F0BCCCF800399E
:10A2700070470A69002AF3D05A61F1E710B49DF8DB
:10A28000044064B903339B0809D0013201EB830316
:10A2900000EB023051F8042B8B420260FAD100200F
:10A2A0005DF8044B704700BF033292080AD000F5F6
:10A2B000805C01EB8200DCF8003041F8043B88420E
:10A2C000F9D17047084670470B784A7800EB431085
:10A2D000003B18BF0123012A0CD0D0F8002B002A24
:10A2E00000DBA3B9D0F8003B43F40013C0F8003BF7
:10A2F00000207047D0F80029002A00DB73B9D0F89D
:10A30000003943F40013C0F8003900207047D0F83A
:10A31000003B23F08043C0F8003BE3E7D0F800396E
:10A3200023F08043C0F80039D0F8003943F400131B
:10A33000C0F80039E9E700BFCB784A7891F800C04F
:10A34000023B012A00EB4C10DBB211D0D0F8002BFD
:10A35000012B22F40012C0F8002B01D90020704715
:10A36000D0F8003B43F08053C0F8003B002070471A
:10A37000D0F80029012B22F40012C0F80029EDD8F2
:10A38000D0F8003943F08053C0F8003900207047FE
:10A39000034609010020D3F8002801F4FE6122F4ED
:10A3A000FE62C3F80028D3F800281143C3F8001850
:10A3B000704700BF82B0436901938269019B1340DB
:10A3C0000193019802B0704782B0D0F81838019319
:10A3D000D0F81C28019B134001930198000C02B097
:10A3E000704700BF82B0D0F818380193D0F81C280D
:10A3F000019B13400193019880B202B0704700BFE7
:10A4000000EB411182B0D1F8083B0193D0F8142839
:10A41000019B13400193019802B0704784B0D0F8BB
:10A42000103801F00F0C00EB41110293D0F83438D2
:10A430000393039B029A23FA0CF3DB01DBB2134371
:10A440000293D1F80839029A13400193019804B09D
:10A45000704700BF406900F001007047D0F8002944
:10A4600000F500636FF30A02C0F800299A6802F051
:10A470000602042A05D1D0F8002942F00302C0F8F0
:10A4800000295A68002042F480725A60704700BF69
:10A4900030B4056C00F53063104CA54203D9D0F8F8
:10A4A000004B002C16DB002401291C611C6944F4BC
:10A4B00000241C611C6944F018041C611C6944F0F0
:10A4C000C0441C6106D15A61D0F8003B43F08023A0
:10A4D000C0F8003B002030BC704700BF0A30544F2A
:10A4E000D0F8002401F00303012900F5806C22F06C
:10A4F0000302C0F80024D0F8002443EA0203C0F8A5
:10A50000003409D0022901D00020704741F2707355
:10A510000020CCF8043070474BF680330020CCF894
:10A5200004307047D0F8140480B2704700EB41113A
:10A5300082B0002301F5A0620193D1F8003513F435
:10A54000802FD1F8003543F08043C1F8003522D187
:10A55000C36A13F47F0FD1F8003523D123F00043F1
:10A56000C1F80035D1F8003543F00043C1F800359B
:10A57000D1F8003523F40043C1F8003502E0136838
:10A58000002B13DA019B0133B3F57A7F0193F6D9DF
:10A59000002002B07047D0F8103413F47F0FD1F8C8
:10A5A000003506D043F00043C1F80035002002B06A
:10A5B000704723F00043C1F80035D1F8003543F06F
:10A5C0000043C1F80035D1F8003523F40043C1F849
:10A5D000003502E01368002BE8DA019B0133B3F584
:10A5E0007A7F0193F6D9002002B0704730B400247E
:10A5F00084B04FF48465AA4A00940146836823F02E
:10A60000010383600394056102E00B69980604D599
:10A61000039B013393420393F7D900201023A04AF0
:10A6200002900B6102E00B69DB0604D5029B01334B
:10A6300093420293F7D9D1F8003501F5A06201F5F4
:10A64000E0600193019B43F080430193019B23F061
:10A6500000430193019B23F400430193019BC1F844
:10A660000035D1F820350193019B43F080430193DD
:10A67000019B23F000430193019B23F400430193CA
:10A68000019BC1F82035D1F840350193019B43F07F
:10A6900080430193019B23F000430193019B23F42A
:10A6A00000430193019BC1F84035D1F86035019317
:10A6B000019B43F080430193019B23F000430193EE
:10A6C000019B23F400430193019BC1F86035D1F84D
:10A6D00080350193019B43F080430193019B23F05C
:10A6E00000430193019B23F400430193019BC1F8B4
:10A6F0008035D1F8A0350193019B43F0804301934D
:10A70000019B23F000430193019B23F40043019339
:10A71000019BC1F8A035D1F8C0350193019B43F0EE
:10A7200080430193019B23F000430193019B23F499
:10A7300000430193019BC1F8C035D1F8E035019386
:10A74000019B43F080430193019B23F0004301935D
:10A75000019B23F400430193019BC1F8E035D1F83C
:10A7600000360193019B43F080430193019B23F04A
:10A7700000430193019B23F400430193019BC1F823
:10A780000036D1F820360193019B43F080430193BA
:10A79000019B23F000430193019B23F400430193A9
:10A7A000019BC1F82036D1F840360193019B43F05C
:10A7B00080430193019B23F000430193019B23F409
:10A7C00000430193019BC1F84036D1F860360193F4
:10A7D000019B43F080430193019B23F000430193CD
:10A7E000019B23F400430193019BC1F86036D1F82B
:10A7F00080360193019B43F080430193019B23F03A
:10A8000000430193019B23F400430193019BC1F892
:10A810008036D1F8A0360193019B43F08043019329
:10A82000019B23F000430193019B23F40043019318
:10A83000019BC1F8A036D1F8C0360193019B43F0CB
:10A8400080430193019B23F000430193019B23F478
:10A8500000430193019BC1F8C036D1F8E036019363
:10A86000019B43F080430193019B23F0004301933C
:10A87000019B23F400430193019BC1F8E036136868
:10A880000193019B43F080430193019B43F00043FC
:10A890000193019B23F400430193019B136004E0A7
:10A8A000400D03001368002B05DA009B0133B3F55C
:10A8B0007A7F0093F6D920328242E0D14FF0FF3305
:10A8C0000020C1F814344B618B6843F001038B60A6
:10A8D00004B030BC704700BFF0B58C2387B00022B5
:10A8E000016003710125FA26194605AB8DF8142085
:10A8F0000296402200932B4601950446E7F7D2FCCE
:10A90000002840F098809DF814300DF11707402280
:10A91000204603F07F030097CDE901568DF81430EF
:10A920008DF817302B462179E7F7E2FC002840F03C
:10A9300082800420E6F786FD05AB40222046009386
:10A940002B46CDE901562179E7F7ACFC002872D1FE
:10A950009DF8143040220097204603F0BF03CDE954
:10A9600001568DF814308DF817302B462179E7F712
:10A97000BFFC00285FD10420E6F764FD0DF115034C
:10A980004322204600932B46CDE901562179E7F773
:10A9900089FC00284FD10DF1160348222046009370
:10A9A0002B46CDE901562179E7F77CFC002842D1FE
:10A9B0009DF8153043220097204643F001038DF89F
:10A9C00015308DF817309DF8163043F00103CDE9AE
:10A9D00001568DF816302B462179E7F789FC50BBDC
:10A9E0009DF816304822009720468DF817302B46E8
:10A9F000CDE901562179E7F77BFCE0B905AB4022B0
:10AA0000204600932B46CDE901562179E7F74AFC11
:10AA100088B99DF814202B460195204602F0CF05F9
:10AA200002960097402221798DF814508DF8175026
:10AA3000E7F75EFC00B1012007B0F0BDF0B5214D95
:10AA400087B000240126102702A94FF4805228461F
:10AA50000194CDE90267CDE9046412F089FA64201B
:10AA600012F0D6FA022302A94FF48052284602932C
:10AA70000594CDE9037612F07BFA042302A94FF482
:10AA8000805228460397CDE904340323029312F041
:10AA90006FFA40F23223042202A9284601931023C0
:10AAA0000496CDE90223019B4FF48052059312F0E6
:10AAB0005FFA40F60601284612F082FA204607B0F7
:10AAC000F0BD00BF4428012070B51F4B88B008229C
:10AAD0001E4E00214FF400641A614FF0020C0392E5
:10AAE0000A225E60202606924022054699600320D5
:10AAF000196210215C620124C3E905624FF4C0723F
:10AB0000DC60DA6107229FED0E7BCDE900C20422F2
:10AB1000CDE904016946181D029283ED0A7B12F00B
:10AB200003FB38B92846FFF789FF003818BF01201A
:10AB300008B070BD204608B070BD00BFAFF3008004
:10AB40000010000000000000402801204041005299
:10AB500009884FF0000C8271C0F802C0018000F03B
:10AB60008DB800BF10B5054C204612F069FA04F507
:10AB70008270BDE8104012F0BBBA00BF78280120F7
:10AB800030B58C463A4C8DB03A4D046004F5A27E47
:10AB9000BCE80F00AEE80F00DCF80030204625606E
:10ABA000CEF8003012F038FA0023D4F84C51039359
:10ABB000B5B9022304930022D4F85431D4F84811D3
:10ABC0009B1A18BF0123CDE906225B0031F0020277
:10ABD00005932DD00139012935D900200DB030BDA4
:10ABE0001622012D0492E6D1234A0093C4F80C31B9
:10ABF000C4F80421C4F81431C4F81C31CDE9013380
:10AC0000E6F7C6FDD4F844314BF68031024604F530
:10AC10008270C4F80851002B08BF0B46B2FBF3F357
:10AC2000C4F8103112F040FA0346B0B10120D5E764
:10AC300003A90F4812F0A8F90028F7D1D4F8481159
:10AC400001390129C9D8102203A9094812F09CF939
:10AC5000003818BF01200DB030BD2022694604F530
:10AC600082700293009212F053F90028A3D0DDE71E
:10AC70007828012000740040001000408378022BE7
:10AC800030B504468FB039D0032B00F0D180A3F14A
:10AC90000102B2FA82F25209E3780A92012B05D03E
:10ACA000A3F10203B3FA83F35B095B0000222046A1
:10ACB000CDE90B3212F0F4F90546204612F0D0F936
:10ACC00023780990082B13D8DFE803F02D40536652
:10ACD000798C9F051A00574BD3F8E02042F0800290
:10ACE000C3F8E020D3F8E03003F080030793079B1C
:10ACF00009A9284612F0ECF90FB030BD1122CBE7BC
:10AD00004C4B09A92846D3F8E02042F48072C3F8DE
:10AD1000E020D3F8E03003F480730893089B12F02E
:10AD2000D7F90FB030BD434B09A92846D3F8E0202E
:10AD300042F00102C3F8E020D3F8E03003F0010351
:10AD40000093009B12F0C4F90FB030BD394B09A934
:10AD50002846D3F8E02042F00202C3F8E020D3F8FE
:10AD6000E03003F002030193019B12F0B1F90FB040
:10AD700030BD304B09A92846D3F8E02042F0040248
:10AD8000C3F8E020D3F8E03003F004030293029B01
:10AD900012F09EF90FB030BD264B09A92846D3F812
:10ADA000E02042F00802C3F8E020D3F8E03003F0DE
:10ADB00008030393039B12F08BF90FB030BD1D4BBA
:10ADC00009A92846D3F8E02042F01002C3F8E02099
:10ADD000D3F8E03003F010030493049B12F078F9E9
:10ADE0000FB030BD134B09A92846D3F8E02042F03C
:10ADF0002002C3F8E020D3F8E03003F020030593ED
:10AE0000059B12F065F90FB030BD0A4B09A9284621
:10AE1000D3F8E02042F04002C3F8E020D3F8E0305D
:10AE200003F040030693069B12F052F90FB030BDB9
:10AE30001A4631E7004402580C4A82B00C4BD2F853
:10AE4000DC1041F04001C2F8DC10D2F8DC2002F046
:10AE500040020192019A1A6822F020021A601A68D0
:10AE600042F004021A6002B0704700BF004402586A
:10AE700000180248014812F03BB900BFF029012038
:10AE8000014812F035B900BF482A0120014812F0EC
:10AE90002FB900BFA02A0120014812F029B900BF34
:10AEA000F82A0120F0B54FF0580C0F682E4D8DB0E8
:10AEB0000CFB07FC032F05EB0C06066047DC0B467A
:10AEC0000868344649689A6807C41B7B274A237080
:10AED00004AC7368003B18BF01231B01B36100235E
:10AEE00073610FCA84E80F000CAB03EB870353F8C0
:10AEF000203CB3F1804F336124D01D4A934221D0CE
:10AF000030890CF1100458230021802203FB0753E1
:10AF10002C44C3E9070120469A6212F0C5F80346A3
:10AF200000B1FEE74FF4805208A920460193CDE915
:10AF30000823CDE90A33CDE9023312F061F8034664
:10AF400040B1FEE7582303FB07539868D9E7012077
:10AF50000DB0F0BD01A920460193039311F0D8FF75
:10AF60000028F5D0FEE700BFE0290120A03103242E
:10AF7000000C0040006808B5037B10302BB112F0C4
:10AF80008BF8003818BF012008BD12F06DF80038AA
:10AF900018BF012008BD00BF38B5046823695D6A89
:10AFA000E6F7F4FB23694000054A9B6A0133B0FBD6
:10AFB000F3F0A2FB0020800CB5FBF0F038BD00BF21
:10AFC00083DE1B4311B10368C3E91412704700BF4D
:10AFD0009FED0D7B0E4B4FF0FF31002299601A73ED
:10AFE000196683F86420C3F8B81083F8BC20C3F84E
:10AFF000101183F8142183ED007B83ED167B83ED24
:10B000002C7B83ED427B70470000000000000000B5
:10B01000E02901203E4B00220B20114610B5D3F849
:10B02000D84082B044F00104C3F8D840D3F8D840E7
:10B0300004F001040094009CD3F8D84044F00204CA
:10B04000C3F8D840D3F8D83003F002030193019B32
:10B0500011F0CAFF0B2011F083FF00220C201146D3
:10B0600011F0C2FF0C2011F07BFF00220D201146D1
:10B0700011F0BAFF0D2011F073FF00220E201146CF
:10B0800011F0B2FF0E2011F06BFF00220F201146CD
:10B0900011F0AAFF0F2011F063FF002210201146CB
:10B0A00011F0A2FF102011F05BFF00223C2011469E
:10B0B00011F09AFF3C2011F053FF0022112011469D
:10B0C00011F092FF112011F04BFF002238201146A1
:10B0D00011F08AFF382011F043FF00223920114679
:10B0E00011F082FF392011F03BFF00223A20114677
:10B0F00011F07AFF3A2011F033FF00223B20114675
:10B1000011F072FF3B2002B0BDE8104011F028BFE3
:10B11000004402589446D0F898021A4608B563468F
:10B1200011F0E6FE18B102280CBF0120022008BD74
:10B1300008B5D0F8980211F0EBFF18B102280CBF47
:10B140000120022008BD00BF08B5D0F8980211F018
:10B15000E3FE18B102280CBF0120022008BD00BF89
:10B160000A06D0F8983206D4C1EBC10103EB810383
:10B1700093F8FE01704701F07F01C1EBC10103EBC1
:10B18000810393F83E00704708B5D0F8980211F09B
:10B1900013FF18B102280CBF0120022008BD00BF18
:10B1A00008B5D0F8980211F017FF18B102280CBFAB
:10B1B0000120022008BD00BF08B5D0F8980211F0A8
:10B1C00047FF18B102280CBF0120022008BD00BFB4
:10B1D00008B5D0F8D00311F07FFE18B102280CBFDB
:10B1E0000120022008BD00BF2DE9F041D1E9073E52
:10B1F000D1E900824F6A43EA0E03D1E902C6D1E9E0
:10B2000004548969B8F1000F0FD13B43134302681E
:10B2100043EA0C036FF30E0233432B4323430B43E8
:10B22000134303600020BDE8F08142EA0C023B4377
:10B2300032432A4322430A43016821F4F8410B4375
:10B24000036043686FF30E03134343600020BDE8BF
:10B25000F08100BFF0B5CC684B69013C8D688F6907
:10B26000013B4FEA043E4C680E68013D013C1B0562
:10B270002D02013E4FEA041C0C69791E013C0906AF
:10B28000240472B94EEA03038268334302F0704229
:10B2900043EA0C032B4323430B43134383600020F7
:10B2A000F0BD4EEA030E4CEA0503084A334323433C
:10B2B0000B4381680A404EEA02028260C26802F0D3
:10B2C00070421343C3600020F0BD00BFFF0F0FFFAB
:10B2D0000246D1E9003010B403431469D1E90210E9
:10B2E00023435DF8044B013943EA4023002043EA3D
:10B2F00041131361704700BF0246002053696FF38A
:10B300004D0343EA41035361704700BF08B5D0F8CD
:10B310008C3233B11B689847003818BF01204000B9
:10B3200008BD022008BD00BF08B5D0F88C325B68AC
:10B330009847002008BD00BF38B500F520750446C9
:10B34000284600F06FFB0122B4F8863294F8801290
:10B35000C4E99B2301F01F0393420ED0022B06D0B9
:10B360008BB92946204600F00FF9002038BD294648
:10B37000204600F0BDFA002038BD2946204600F0E6
:10B3800083FA002038BD01F080012046FFF7D0FE8F
:10B39000002038BD10B5044659B99446D0F86C2247
:10B3A000032A13D0052A0DD1C4F86C12FFF7C0FE92
:10B3B00008E0D0F88C329B6933B190F87422032AEC
:10B3C00002D19847002010BD022010BDD0E95332B1
:10B3D00093420AD99B1A61469A42C0F84C318CBFFD
:10B3E0009AB292B200F042FBECE7D0F88C321B69C3
:10B3F0001BB190F87422032A03D0204600F040FBD2
:10B40000E0E79847F9E700BF70B5044679B9D0F88E
:10B410006C32022B18D033F0040332D094F8783217
:10B42000012B02D1002384F87832002070BDD0F8BF
:10B430008C325B6933B190F87422032A02D19847A9
:10B440000020F3E7022070BDD0E908630D469E425C
:10B450001BD8C669B6FBF3F203FB12620AB9B3420A
:10B4600020D9D4F88C32DB681BB194F87422032AFB
:10B4700028D080212046FFF75BFE204600F00CFB21
:10B48000CCE78021FFF754FEC8E7F61A11460662A2
:10B49000B2B200F0E1FA2B462A4629462046FFF7D1
:10B4A0008BFEBBE7D0F870329E42DAD20A4600F03B
:10B4B000D3FA2B462A4629462046C4F87052FFF795
:10B4C0007BFEABE720469847D3E700BF002240232E
:10B4D00070B50446402601251146FFF71BFE334692
:10B4E000802100222046C4F85061C4F84451FFF77F
:10B4F00011FE0021D4F89032A561666284F874527E
:10B50000C4F86C126160C4F87C1223B1D4F88C3298
:10B5100020465B689847002070BD00BF03460020AE
:10B520001974704703460421002093F8742283F8AD
:10B53000741283F8752270470346002093F8752231
:10B5400083F87422704700BF90F87422032A01D058
:10B550000020704708B5D0F88C32DB6903B19847FA
:10B56000002008BD00207047002070470020704771
:10B57000D0F88C22012108B580F874120179536843
:10B580009847002008BD00BF30B50B7883B00D464A
:10B59000044603F06003202B28D0402B26D053B163
:10B5A00080212046FFF7C4FD00212046FFF7C0FDA3
:10B5B000002003B030BD4B78092BF1D801A252F81E
:10B5C00023F000BF31B6022459B60224A1B50224EB
:10B5D00077B60224A1B502247FB60224B9B60224AC
:10B5E000A1B50224E9B60224FFB50224D4F88C32B6
:10B5F000294620469B689847002003B030BD8978D3
:10B60000A04D01292970CBD890F87432022B00F09C
:10B610001181032B00F0FF808021FFF789FD0021BD
:10B620002046FFF785FD29782046FFF77DFEBFE71E
:10B6300090F87432013B022BB2D8CA88022AAFD1EB
:10B64000D0F87C320146002B0CBF0123032341F8C4
:10B650000C3F00F0F3F9ABE790F87432013B022B9A
:10B660009ED84B88012BA3D100232046C4F87C32FE
:10B6700000F006FA9CE74B88012B99D1F5E78B88FF
:10B68000002B8DD1CB88002B8AD14B887F2B87D87C
:10B6900090F87422032A83D0DDB2294680F87652CE
:10B6A000FFF772FD204600F0EBF9002D00F0DE8080
:10B6B000022384F874327BE74A88130A013B062B85
:10B6C0003FF66EAF01A151F823F000BF7DB7022411
:10B6D00065B7022453B70224A1B50224A1B5022400
:10B6E0003DB702240FB70224CA88012A7FF458AF5D
:10B6F00090F87432022B00F28780002B3FF450AF99
:10B700000146002341F8083F00F098F950E7037C18
:10B71000002B7FF445AFD0F88C320DF106001B6B87
:10B72000984707234370BDF80630EA88002B67D09E
:10B73000002A5BD1204600F0A3F939E7037C002BF7
:10B740007FF42EAFD0F88C320DF106005B6B98477A
:10B75000E9E7D1B2052900F28D80DFE801F0271F6B
:10B7600017372F3F027CD0F88C32002A70D19B6AA9
:10B770000DF10600984702234370D4E7D0F88832D1
:10B780000DF10601007C1B689847CCE7D0F88832A1
:10B790000DF10601007CDB689847C4E7D0F88832D9
:10B7A0000DF10601007C9B689847BCE7D0F8883211
:10B7B0000DF10601007C5B689847B4E7D0F8883249
:10B7C0000DF10601007C5B699847ACE7D0F8883240
:10B7D0000DF10601007C1B699847A4E7D0F8883278
:10B7E0000DF10601007C9B6998479CE79A4201464F
:10B7F000204628BF1A46ADF8062000F01FF9EA8857
:10B80000002A7FF4D5AE95E7032B7FF4C9AE011D66
:10B8100000F014F9CCE611B3416801298AD0C9B20D
:10B82000FFF782FD297820466160FFF76FFD02284F
:10B8300080D1B5E600293FF47DAF012103234160AB
:10B8400080F87432FFF762FD02287FF473AFA7E639
:10B85000DB6A0DF1060098470223437063E7022379
:10B86000416080F87432FFF75FFD63E7012384F8DD
:10B8700074329DE6D0F88C320DF106029B6B98472E
:10B8800051E700BF0C32012038B50B780D46044655
:10B890005A060CD503F06002402A08D08021FFF739
:10B8A00047FC00212046FFF743FC002038BD94F8F8
:10B8B0007432013B022B11D82B79012B0ED8D4F80E
:10B8C0008C32294620469B689847EB88002BECD1A8
:10B8D0000028EAD1204600F0D3F8E6E78021204690
:10B8E000FFF726FC00212046FFF722FC002038BD90
:10B8F00038B50B7804468A8803F06003202B36D0D5
:10B90000402B34D04BB180212046FFF711FC0021A1
:10B910002046FFF70DFC002038BD4B785FFA82FC13
:10B92000012B3CD0032B29D0002BECD190F87432A2
:10B93000022B4FD0032BE6D10CF00F03120603EBC2
:10B94000830300EB830356D4D3F84431002BDAD0C1
:10B950001425634605FB0C0505F5A075002B55D194
:10B960000222294620462B6000F068F8D3E7D4F87D
:10B970008C3220469B689847002038BD90F874327E
:10B98000022B1CD0032BBED14B88A3B91CF07F0F18
:10B9900011D0CB887BB96146FFF7CAFB0BE090F86A
:10B9A0007432022B0BD0032BADD14B88002BB2D1BC
:10B9B0001CF07F0F32D1204600F062F8ABE71CF09C
:10B9C0007F0FA0D06146FFF7B3FB80212046FFF731
:10B9D000AFFBA0E71CF07F0F95D111064FF00003DD
:10B9E0004FF002024CBF00F1140100F5A0710B6092
:10B9F00000F024F88FE79B69002B84D00CF07F03C4
:10BA00005D1C05EB850500EB8505A7E76146204633
:10BA1000FFF7A6FB031E18BF0123A1E76146FFF74E
:10BA200093FBC8E70B7803704B7843704B884380D7
:10BA30008B888380CB88C380704700BF10B51346C6
:10BA400002240A460021C0F86C42C0E90733FFF720
:10BA5000A7FB002010BD00BF8C46002108B513468F
:10BA60006246FFF79DFB002008BD00BF8C46002109
:10BA700008B513466246FFF79FFB002008BD00BFD4
:10BA800008B504210023C0F86C121A461946FFF7C6
:10BA900087FB002008BD00BF08B505210023C0F8C2
:10BAA0006C121A461946FFF787FB002008BD00BF3D
:10BAB000D0F8C4230132C0F8C42302780B2A00D086
:10BAC0007047D0F87C33002BFAD09B69184700BF31
:10BAD000012380F823337047002380F82333704715
:10BAE000034600220121104683F8201383F8212306
:10BAF00083F82223704700BF38B501230025044690
:10BB000080F8213380F8235380F82053FFF760FB3F
:10BB10002179204600F006F86179204600F002F80D
:10BB2000284638BD0A2907D800EB8101D1F88433B3
:10BB3000C3F30E03C1F88433002070470B4601465F
:10BB4000184604F041BA00F02AB8012838BF012095
:10BB500010B50446204604F00FF800B110BD00F007
:10BB600021F808B903F0E4FF8047F3E700F058B884
:10BB700000F0C6BD00F018BF01F00EB800F098B894
:10BB800000F01AB800F0D4B800F002B908B503F01C
:10BB9000CFFF08B503F0CCFF08B503F0C9FF03F0F1
:10BBA000F3BF0000024B1868BFF35B8F704700BF04
:10BBB000103201200000000008B52DED048BB0EE1E
:10BBC000409B02F0D1FBB0EE408B00F091FB20B126
:10BBD000B0EE480BBDEC048B08BDB0EE490B00F095
:10BBE00087FB0028F4D005F04DFAB5EEC09B9FED21
:10BBF000088B9FED097BF1EE10FA38FE078BB0EE53
:10BC0000480BBDEC048B2223036008BDAFF300801A
:10BC1000000000000000F07F000000000000F0FFC6
:10BC2000B0EE407B17EE903A1B4A23F0004393425C
:10BC30001AD91A4A934202D930EE400B704700B528
:10BC400085B0684602F040FA00F0030001289DED3F
:10BC5000021B9DED000B10D0022809D090B902F014
:10BC60001FF805B05DF804FB9FED091B02F018B842
:10BC700002F016F8B1EE400BF3E702F0A9F8B1EECE
:10BC8000400BEEE7012002F0A3F8EAE7AFF30080F3
:10BC90000000000000000000FB21E93FFFFFEF7FF4
:10BCA00051EC100B024621F0004343EC102B70477F
:10BCB000B0EE407B17EE903A1B4A23F000439342CC
:10BCC0001BD91A4A934202D930EE400B704700B597
:10BCD00085B0684602F0F8F900F0030001289DEDF8
:10BCE000021B9DED000B13D002280BD098B9012048
:10BCF00002F06EF805B05DF804FB9FED091B002013
:10BD000002F066B8012002F063F8B1EE400BF1E7F3
:10BD100001F0C6FFEEE701F0C3FFB1EE400BE9E72B
:10BD20000000000000000000FB21E93FFFFFEF7F63
:10BD3000B0EE407B17EE903A134A23F00043934253
:10BD400018D9124A934202D930EE400B704700B521
:10BD500085B0684602F0B8F9400000F002009DEDA1
:10BD6000021B9DED000BC0F1010002F089F805B047
:10BD70005DF804FB9FED021B012002F081B800BFBB
:10BD80000000000000000000FB21E93FFFFFEF7F03
:10BD900030B52DED028B83B08DED000B019C364A42
:10BDA00024F00043934210D9344B002C93ED006BE8
:10BDB00093ED007B39DBB0EE405B86EE050B30EE99
:10BDC000070B03B0BDEC028B30BD2D4A93420FD957
:10BDD0002A4A2C4B92ED000B93ED007B30EE470B83
:10BDE000002CB8BFB1EE400B03B0BDEC028B30BDF0
:10BDF000B3F1725F23D3244A93422AD9234DFFF72C
:10BE00004FFF95ED007B20EE070B00F001FB1B4B75
:10BE100093ED007B95ED004B95ED006B36EE006BDE
:10BE200084EE060B37EE400BDAE79DED005B86EE05
:10BE3000050B30EE470B03B0BDEC028B30BD0F4B52
:10BE40009DED007B93ED000B30EE070B20EE070B12
:10BE5000B7E70E4D95ED008BFFF722FF28EE400B64
:10BE600000F0D6FA95ED007BB1EE406B37EE007B2B
:10BE700086EE070BB4E700BFFFFFEF7FB09D032402
:10BE8000FFFF3540A09D0324FFFFEF3FA89D032443
:10BE900002F0DCBB08B52DED028BB0EE408A02F05B
:10BEA0007BFCB4EE488AF1EE10FAF0EE408A0AD636
:10BEB000B0EE480A00F06EF9DFED0B7AB4EEE70A57
:10BEC000F1EE10FA04DCB0EE680ABDEC028B08BD9E
:10BED000DFED068A05F0D6F8B0EE680ABDEC028BFD
:10BEE0002223036008BD00BFFCD4B2420000807F63
:10BEF00008B52DED028BB0EE408A02F0B5FCB4EE31
:10BF0000488AF1EE10FA0FD6B5EEC08AF1EE10FABB
:10BF10000AD8B5EE408AF1EE10FA08D105F0B2F871
:10BF200022239FED090A0360BDEC028B08BD05F0DA
:10BF3000A9F8BDEC028B034621221A600348BDE834
:10BF4000084001F055BA00BF000080FFC43603244A
:10BF500008B52DED028BF0EE408A02F017FEB0EE30
:10BF6000408A01F005F920B1B0EE480ABDEC028B21
:10BF700008BDB0EE680A01F0FBF80028F4D005F027
:10BF800081F89FED088ADFED087AF5EEC08AF1EEC0
:10BF900010FA38FE278AB0EE480ABDEC028B222345
:10BFA000036008BD0000807F000080FF08B52DED14
:10BFB000028BB0EE408A01F0BDFDB4EE488AF1EE8E
:10BFC00010FA06D6DFED098AB4EEE88AF1EE10FA2F
:10BFD00002D4BDEC028B08BD05F054F888EEA80A27
:10BFE000BDEC028B2123036008BD00BF00000000F0
:10BFF00038B510EE105A25F00044B4F1A14FF0EE20
:10C00000407A0AD3B4F1FF4F58D8DFED4F7A9FED55
:10C010004F7A002D37FE270A38BD4D4B9C425CD825
:10C02000B4F1445F4DD34FF0FF3327EEA76A9FED85
:10C03000495A9FED497ADFED495ADFED494A66EEEC
:10C04000066A5A1CA6EE857AE6EEA54A9FED455A89
:10C05000DFED455AA7EE265AE4EEA65A9FED437A45
:10C06000DFED434AA5EE267AE5EEA64A9FED415A5A
:10C07000DFED415AA7EE265A9FED407AA4EEA67A4C
:10C08000E5EE265A27EE267AA5EE867A27EE877AFF
:10C0900038D03B493B4A01EB8301D1ED006A37EED2
:10C0A000667A02EB8303D3ED006A37EE677A002DE0
:10C0B00036EEC70AB0DAB1EE400A38BD30EE000AFB
:10C0C00038BD9FED317A30EE077AF7EE006AB4EEB4
:10C0D000E67AF1EE10FAA6DD38BD00F05BF82B4BE6
:10C0E0009C4212D8A3F5D0039C4223D8F0EE007AEC
:10C0F000BFEE007AA0EE277A002330EE270AC7EEC3
:10C10000007A92E737EEC70A38BD214B9C420BD824
:10C11000F7EE087AB7EE007AA0EE277A022330EE27
:10C12000670AC0EE077A80E7BFEE007AC7EE007AB2
:10C1300003237AE7F7EE007A30EE677A30EE270ACB
:10C140000123C7EE007A70E7DB0FC9BFDB0FC93FE1
:10C15000FFFFDF3ED769853C59DA4B3D21A215BD73
:10C160006BF16EBD356B883D95879DBD6E2EBA3DDA
:10C17000388EE3BD2549123EABAAAA3ECDCC4CBEBB
:10C18000B89D0324C89D0324CAF24971FFFF973F5D
:10C19000FFFF1B4010EE103A23F0004300EE103A70
:10C1A000704700BF10EE103A114A23F0004393424B
:10C1B00018D9B3F1FF4F02D330EE400A704700B5F3
:10C1C00083B0684602F0B2FB400000F00200DDEDF3
:10C1D000010A9DED000AC0F1010002F057F903B019
:10C1E0005DF804FBDFED030A012002F04FB900BF48
:10C1F000DA0F493F0000000030B52DED028B83B00F
:10C200008DED010A019C24F00043B3F1FF4F10D3E0
:10C21000334B002C93ED007AD3ED007A39DBF0EE4E
:10C22000406A87EE260A30EE270A03B0BDEC028B87
:10C2300030BD2C4A93420FD9294A2B4B92ED000A6C
:10C24000D3ED007A30EE670A002CB8BFB1EE400A99
:10C2500003B0BDEC028B30BDB3F1105F23D3B3F15B
:10C260007E5F2AD3214DFFF795FFD5ED007A20EEB2
:10C27000270A00F087FF1A4BD3ED007A95ED006A8C
:10C2800095ED007A37EE007AC6EE076A37EEE60AD9
:10C29000DAE7DDED016A87EE260A30EE670A03B0C1
:10C2A000BDEC028B30BD0E4BDDED017A93ED000A43
:10C2B00030EE270A20EE270AB7E70C4D95ED008AED
:10C2C000FFF768FF28EE400A00F05CFF95ED007A6A
:10C2D00037EE007AF1EE407A87EE870AB4E700BFC6
:10C2E000E09D0324FFFFAF41D89D0324DC9D032480
:10C2F00082B08DED000B019840F0004000F58010F9
:10C30000C00F02B0704700BF53EC102B10B4C3F342
:10C310000A54194664BB23F00041114325D09FED18
:10C320002E7B394920EE077B884253EC172B3FDBED
:10C33000C3F30A541946363C4CF2503C604520DCAD
:10C34000204440F2FE74A0421BDC002827DC10F1E0
:10C35000350F34DB36306FF31E519FED217B41EA00
:10C36000005343EC102B20EE070B5DF8044B704795
:10C3700040F2FF7C6445DFD130EE000B5DF8044BEA
:10C3800070479FED197B9FED1A5BB0EE470B002BBA
:10C390005DF8044B27FE057B27EE000B70476FF31B
:10C3A0001E5141EA005343EC102B5DF8044B7047DB
:10C3B0009FED110B5DF8044B27EE000B70479FEDCE
:10C3C0000E7B9FED0F5BB0EE470B002B27FE057B2E
:10C3D00027EE000BC9E700BF00000000000050433B
:10C3E000000000000000903C9C7500883CE4377E13
:10C3F0009C7500883CE437FE59F3F8C21F6EA50116
:10C4000059F3F8C21F6EA581B03CFFFF0000000089
:10C4100010EE902AB44922F000438B422DED088B98
:10C4200002F000400FD9B1498B4277D9B0498B4215
:10C430006CD910EE103AC2F313021A4300F00C81CB
:10C4400030EE000B8EE0AB4A934200F29F80AA4A86
:10C45000934240F2B78000239FED8BABB6EE009B7A
:10C46000B7EE007B9FED8A1B20EE098BB0EE085BD8
:10C470009FED892B20EE086BA6EE0A1B9FED883BF3
:10C48000A1EE062B9FED884BA2EE063BA3EE064BDA
:10C49000B0EE473BA4EE063BB1EE084BA8EE435B83
:10C4A00033EE453BA0EE454B83EE045B25EE065B89
:10C4B000002B53D035EE4B5B95EE00BB5A1C3BEE88
:10C4C00046BB00F0A080012B00F087805A1C392A5F
:10C4D0004FEA035C67D8132B00F3A8803BEE40BB08
:10C4E0004FF4001242FA03F3C3F17F5101F54011FA
:10C4F000002041EC170B37EE4B7B17EE901A53ECF4
:10C50000172B0CEB010343EC102B2BE09FED687B0A
:10C51000B4EEC70BF1EE10FA00F3AD8028BBB6EE17
:10C52000007B9FED656B20EE066B9FED654B37EE54
:10C53000067B9FED65BBFDEEC77BB8EEE76B17EEA4
:10C54000903A26EE0BBBB0EE407BA6EE447B37EE76
:10C550004B0B37EE407B37EE4BBB7DE790EE056B28
:10C5600030EE460BBDEC088B70479FED597B30EEEB
:10C57000077BB5EEC07BF1EE10FA00F18180BEEED4
:10C58000007B9FED4D6B20EE066BCEE75B4A93423E
:10C5900040D89FED4B7B80B330EE077B9FED4EBBC9
:10C5A0004FF0FF33D3E73BEE40BB37EE4BBB1BEE08
:10C5B000901A53EC1B2B0CEB010343EC102B30EEC9
:10C5C000470BCFE79FED467BBDEC088B30EE077B3A
:10C5D00037EE477B30EE470B7047BDEE006BB4EE95
:10C5E000C60BF1EE10FA3DD530EE099BB8EE000B0C
:10C5F0003BEE49BB2BEE000BB4E79FED33BB30EEB7
:10C60000477B0123A3E730EE4BBBBEEE000BABEE46
:10C61000090BA7E79FED286BBEEE007BB6EE005B33
:10C62000002820EE066B05FE077B7EE7C3F57F73CF
:10C6300003331905002041EC160B3BEE06BB30EE30
:10C640004B0B30EE070B10EE901A53EC102B0CEB4B
:10C65000010343EC102B85E70028BFEE007B00FEB2
:10C66000070B7FE730EE4BBBB0EE006BABEE067B0B
:10C67000B0EE470B76E7BDEC088B002000F044B924
:10C68000BFEE000B6EE700BF2DC3096EB7FD8ABE7B
:10C690003952E686CACFD03EB7DBAA9E19CE14BF68
:10C6A0008555FE19A0015A3FF41011111111A1BFB7
:10C6B000EF39FAFE422E8640FE822B654715F73F82
:10C6C0000000E0FE422EE63F763C7935EF39EA3D48
:10C6D00059F3F8C21F6EA501763C7935EF39EABDF2
:10C6E0009C7500883CE4377E79684340412E864043
:10C6F000FFFFEF7F422ED63FFFFF8F3CB1A2F03FFE
:10C7000070B410EE902A6FF47273C2F30A55EB18EE
:10C710003E2B85B044D8664B93ED026B93ED007BC6
:10C72000B0EE461BA7EE001B11EE100A31EE461BC1
:10C7300000F07F0293ED064B921893ED043B02F15B
:10C740000F0103EBC20292ED1C7BA3EE010BA4EEE2
:10C75000010B03EBC10293ED0A5B20EE001B30EEF0
:10C76000077B93ED082B93ED0E6BA5EE002B21EECE
:10C77000015B93ED0C4BA2EE017B53F83140566800
:10C78000A6EE004B00210A1906EB4033A5EE047B10
:10C79000EDB143EC102BA7EE000B05B070BC704759
:10C7A000002B56DBB5F5816F2DD910EE101A002045
:10C7B00012F5801F08BF814268D040F2FF74A54285
:10C7C00047D082425EDB05B070BC00F09DB8884265
:10C7D00044DAB7EE004B03F17F5101F5001110462A
:10C7E00041EC160B27EE067B36EE070BB4EEC40BBE
:10C7F000F1EE10FA09D49FED287B20EE070B05B06F
:10C8000070BC00F0B1B8002585E730EE043B36EE91
:10C81000406B34EE435B36EE076B35EE007B37EE54
:10C82000067B37EE037B37EE447BB5EE407BF1EEC3
:10C8300010FA24D09FED180B27EE000B9FED166B1E
:10C840008DED006B9DED007B27EE067B8DED027B71
:10C85000D5E7B7EE007B30EE070B9EE703F14041D2
:10C860009FED0F6B01F57001104641EC100BA7EE28
:10C87000000B20EE060B05B070BC00F081B89FEDF8
:10C880000A0BDBE705B070BC00F036B89FED060B75
:10C8900083E700BFAFF3008000000000000010003D
:10C8A000000000000000007F000000000000000009
:10C8B000E89D032410B52DED028BB0EE408B0446AD
:10C8C00004F0E0FBB0EE480BBDEC028B046010BD41
:10C8D00082B058B1B1EE407B8DED007B9DED007BC9
:10C8E000222020EE070B02B0FFF7E4BFB0EE407B42
:10C8F000F2E700BF000000009FED010BFFF7E8BF6B
:10C9000000000000000000109FED010BFFF7E0BFEA
:10C91000000000000000007082B00028BFEE006B35
:10C92000B7EE007B07FE067B8DED007B9DED000BD7
:10C930009FED037B222080EE070B02B0FFF7BABF0A
:10C940000000000000000000B0EE407BB4EE477B2A
:10C95000F1EE10FA30EE406B86EE060B02D6212087
:10C96000FFF7A8BF704700BFB5EE400BF1EE10FA1D
:10C9700000D070472220FFF79DBF00BF00000000DD
:10C980009FED076BB0EEC07BB4EE467BF1EE10FA84
:10C9900000DC70472220FFF78DBF00BFAFF300809F
:10C9A000FFFFFFFFFFFFEF7F70B553EC102B764CBE
:10C9B00003F1404C4FF0FF3E0CF5901C964574EB94
:10C9C0000C042DED068B1E4610464FD21D0CA5F112
:10C9D000100C47F6DF74A44500F29D80BFEE008B7B
:10C9E00006F14042694B02F5D012C2F3463403EB24
:10C9F00004154FEA225C6FF3130293ED083B93EDAD
:10CA00000C4B95ED249B95ED260B93ED067B93ED5A
:10CA10000A6B041EB51A45EC1A4B93ED005BA9EEA8
:10CA20000A8BA4EE086B93ED022BA3EE087B28EE95
:10CA3000084B93ED041BA6EE047B06EE90CAB8EEFD
:10CA4000E63BA5EE030B38EE005B30EE450B30EE17
:10CA5000080B28EE048BA2EE030BA1EE040BA8EE4C
:10CA6000070B30EE050BBDEC068B70BD484CA342A6
:10CA700008BF002A78D0B7EE001B30EE411B4349B7
:10CA800021EE01AB91ED123B91ED184B91ED107B36
:10CA900091ED166BA3EE017BA4EE016B91ED1E3BB5
:10CAA00091ED1C4B91ED0E8BA3EE014B9FED309B56
:10CAB00091ED145B91ED200BA5EE0A7BB0EE415B8E
:10CAC00091ED1A2BA0EE0A4BA1EE095B91ED223BF2
:10CAD000A1EE495BA2EE0A6BB0EE410B21EE0AAB70
:10CAE000A3EE0A4BA4EE0A6B25EE054BA6EE0A7BDD
:10CAF000A4EE080B31EE456B31EE055B28EE066BBC
:10CB000031EE401BA4EE081BA6EE051BA7EE0A1B88
:10CB100030EE010BA7E7941843EB030C54EA0C0426
:10CB20001BD01C4CA34208BF002A9CD029040CD463
:10CB300047F6F071A94308D09FED0F7B20EE077BED
:10CB400051EC170BA1F1507648E7BDEC068B43EC96
:10CB5000102BBDE87040FFF7F7BEBDEC068B01203F
:10CB6000BDE87040FFF7D8BE9FED050B7BE700BF27
:10CB7000000000000000A041000000000000304361
:10CB80000000000000000000FF08030058A6032476
:10CB90000000F03F0000F07F2DE9F04F55EC104B06
:10CBA0002DED0A8B2F0D11EE90CA07F1FF3E40F2DA
:10CBB000FD70864511EE103A89B02A4621464FEAAB
:10CBC0001C5600F2C780C6F30A0EAEF2BE307F28B4
:10CBD00098BF002000F22F81BFEE000BD24CD34B48
:10CBE0001444C4F3463503EB451693ED006B93ED07
:10CBF000027B251596ED189B96ED162B05EE105A27
:10CC00006FF3130496ED128B93ED0C4BB8EEC55BEE
:10CC100093ED04ABA5EE062BA5EE079B93ED08BBA9
:10CC200093ED105B93ED067B93ED0A6B93ED0E3B5A
:10CC30000E1E171B47EC1C6BACEE080BA0EE053B61
:10CC4000A0EE046B20EE0A5B30EE024B20EE058B6B
:10CC5000A0EE0B7BA8EE036B32EE442BA8EE067B16
:10CC600032EE002BB0EE483B39EE022B90EE053B46
:10CC700034EE085B20EE080B34EE454B32EE036BCE
:10CC800034EE084B36EE046BA0EE076B35EE064B28
:10CC900021EE048B18EE902AB0EE487BC2F30A55C1
:10CCA0006FF47273EB183E2B91EE047B35EE445B10
:10CCB00035EE065BA1EE057B00F2EE809C4B93ED1A
:10CCC000024B93ED005BB0EE441B93ED042BA8EEFA
:10CCD000051B93ED066B11EE101A31EE441B01F0AB
:10CCE0007F0293ED0E4BA1EE028BA1EE068B93ED2E
:10CCF0000C6B37EE087B27EE072B921802F10F041E
:10CD000003EBC202A7EE046B92ED1C4B03EBC402D3
:10CD100093ED0A3B93ED085B53F834605768A7EE38
:10CD2000035B4018002422EE023B37EE047BA2197D
:10CD3000A2EE057B07EB4033A3EE067B002D00F04F
:10CD4000BA8043EC102BA7EE000B09B0BDEC0A8BA8
:10CD5000BDE8F08FD8184CEB0C0A6FF0010910F108
:10CD6000FF3B4AF1FF3E6FF40018D94578EB0E0EF9
:10CD7000C0F0588114EB040E45EB050A1EF1FF3B91
:10CD80006AF10000D94578EB0000C0F02381002D46
:10CD9000C6F30A0E80F2838140F2FE30864540F3EE
:10CDA000F98040F23340864500F38081A0EB0E000D
:10CDB00000902038019000984FF0FF3909FA00F8F0
:10CDC000C0F1200A019809FA00FB009848EA0B0814
:10CDD00029FA0AFB48EA0B0809FA00F923EA0909CB
:10CDE0002CEA080859EA080840F0D480C3400198AA
:10CDF0000CFA0AFA2CFA00F043EA0A03034303F0A0
:10CE000001039804AEF2BE337F2B22F0004222D8F9
:10CE1000C7F30A07002F7FF4DFAE9FED3F7B45ECA1
:10CE2000164B26EE077B55EC174B25F000422146AA
:10CE3000A2F15072D0E6D8184CEB0C086FF0010B41
:10CE400010F1FF3A48F1FF396FF40017D34577EB43
:10CE50000907C0F00C81374B9A4208BF002900F047
:10CE6000B68040F2BD339E45324B48D9012972EB62
:10CE7000030334BF01230023B6F5006F2CBF002647
:10CE80000126B3424FF000000ED109B0BDEC0A8B71
:10CE9000BDE8F04FFFF730BD002BC0F28480B5F540
:10CEA000816F2AD9002AF0DB09B0BDEC0A8BBDE8FE
:10CEB000F04FFFF729BDA14280F2A080B7EE003B02
:10CEC00003F17F5101F50011104641EC150B27EEDF
:10CED000057B35EE076BB0EEC64BB4EEC34BF1EEFF
:10CEE00010FA29D49FED0E0B26EE000B09B0BDEC15
:10CEF0000A8BBDE8F04FFFF737BD0025DEE60020C6
:10CF000088429341B7EE000B34BF31EE000B30EE98
:10CF1000410B1AE7AFF3008000000000000030432F
:10CF20000000000000001000AB6A19C0E8AE032446
:10CF3000E89D03240000F03FB5EEC06BF1EE10FA5F
:10CF400035EE465BBFEE004B35EE075B58BFB0EEEB
:10CF5000434B36EE043B34EE437B37EE067B37EE35
:10CF6000057B37EE037B37EE446BB5EE406BF1EE9D
:10CF700010FA04D12A4601F0004343EC162B9FED32
:10CF8000725B8DED045B9DED047B27EE057B8DEDE3
:10CF9000067BA7E745EC104B09B0BDEC0A8BBDE85A
:10CFA000F04FFFF7D1BCB7EE000B38EE000B0028B6
:10CFB0003FF4CBAEB1EE400BC7E64918684B82F4A4
:10CFC00000224FF0000052418842934162D3B7EEF5
:10CFD000000BBAE6002D20EE000B69DB00205EEAB4
:10CFE0000A0A40F09180BCF1000FBFF6AEAE09B066
:10CFF000BDEC0A8BBDE8F04FFFF78EBC03F140415A
:10D000009FED536B01F57001104641EC100BA7EE3C
:10D01000000B20EE060B09B0BDEC0A8BBDE8F04F0B
:10D02000FFF7AEBC50EA0A03C7D021194D4F4FF0AD
:10D03000000645EB05038E4277EB030E1A4629D313
:10D04000BA4508BFB04225D14748834208BFB14224
:10D05000BDD0454B6FEA0C0C9A424FEADC7C34BFE2
:10D0600000220122624569D09FED3B0B6DE650EA3C
:10D070000806A2D03D4F0026BD4208BFB44250D1A1
:10D08000DB188CF4002C364B4CEB0C0C864273EB0B
:10D090000C039CD245EC174B37EE010B55E6AEF274
:10D0A000BE337F2B3FF6DDAE0020B3E60020A9E6BD
:10D0B000C6F30A02A2F2FF3134298FD8C2F5866284
:10D0C0004FF0FF31A2F11D04033201FA04F601FA18
:10D0D00002F0C2F12005304321FA05F630439140B9
:10D0E00023EA01012CEA000001437FF477AF23FA21
:10D0F00002F20CFA05F52A432CFA04F4224312F04A
:10D10000010217D110466AE7BCF1000FBFF61DAE51
:10D11000B7EE006B86EE007B8DED027B9DED020B82
:10D1200013E618F5001F08BFB042B3D1491845EB0C
:10D1300002028EE70120B1EE400B50E721EE010B19
:10D1400003E600BFAFF30080000000000000100005
:10D15000000000000000007F000000000000000050
:10D160000000F0FF0000E0FF0000E07F0000F03F63
:10D1700010EE103A23F00040B0F1FF4FACBF00209A
:10D180000120704710EE100A8A4A20F000439342B3
:10D1900000F000402BD9B3F1FF4F00F28F8000F078
:10D1A000E380002840F08D80834A934200F2FF80A4
:10D1B0009FED827A20EE077AF6EE007A77EE877A94
:10D1C0009FED7F6ADFED7F6AFDEEE77AB8EEE77AE2
:10D1D00017EE903AF0EE407AE7EE467A27EE267A9E
:10D1E00037EEC70A77EEC07A77EEC77A07E0764A5D
:10D1F000934255D8B3F14C5FC0F090800023B6EE57
:10D20000003A20EE034ADFED716A9FED716ADFEDAF
:10D21000714A9FED715A20EE047AF7EE003AA7EEBC
:10D22000266ADFED6E6AE6EE074AB0EE086AE4EEC3
:10D23000876AF1EE085AA6EE875AF0EE636AE5EEC9
:10D24000076AA4EE666AE0EE465A36EEC66AC6EE95
:10D25000256A66EE876A002B5BD076EEE76A5A1C79
:10D26000D6EE807A77EEC77A77D0012B5FD05A1C42
:10D27000392A4FEAC35140D8162B7BDC4FF080721D
:10D2800042FA03F3C3F17E5307EE103A77EEC07A09
:10D2900077EE677A17EE903ACB1800EE103A7047A7
:10D2A0004F4A93421DD8DFED467A00284FD09FEDBC
:10D2B0004D7A70EE277A4FF0FF3391E730EE000A97
:10D2C0007047DFED497A70EE277AF5EEC07AF1EE1D
:10D2D00010FA69D49FED397AFEEE007A20EE077AD3
:10D2E0006CE79FED367AFEEE007AF6EE006A0028D3
:10D2F00020EE077A46FEA77A60E777EEC07A73EEF3
:10D30000E77A17EE903A194407EE901A37EEE30ADF
:10D31000704790EE267A30EE470A7047DFED337A99
:10D3200070EE277A77EEE77A30EE670A7047BDEE47
:10D33000007AB4EEC70AF1EE10FA2CD530EE033ABB
:10D34000B8EE000A77EEC37A27EE800A70479FEDA9
:10D350001D7A70EE677A012342E770EE677ABEEEBF
:10D36000000AA7EE830A7047FFEE007A002800FE4D
:10D37000270A7047C3F17F03DB0507EE103A77EE0B
:10D38000877A30EE670A30EE230A10EE103A0B442B
:10D3900000EE103A704770EE677AB0EE007AE7EE72
:10D3A000873AB0EE630A7047BFEE000A704700F09C
:10D3B00099BB00BF43B895411772B1423BAAB83F31
:10D3C0008071313FD1F717371872B13EBBED57B4BA
:10D3D000547E8636CD70A6B8898808BD010DD03A36
:10D3E0009115853FD1F717B76042A20DCAF2497176
:10D3F0009FED010A704700BF0000C07F10EE103A99
:10D4000040F22A41C3F30A528A42B7EEC03A32D8F8
:10D41000B7EE000B2D4B93ED4A2B93ED481BB0EE6E
:10D42000417BA2EE037B17EE100A37EE417B00F042
:10D430001F0203EBC20130B492EE037B93ED4C4B21
:10D4400053F832404D6893ED4E6B93ED505BA4EE74
:10D45000076B27EE074B00210A1905EBC033A5EE39
:10D46000070B43EC172BA6EE040B30BC20EE070B8A
:10D47000B7EEC00B704713F5000F20D0B2F5FF6F69
:10D480001AD2DFED137AB4EEE70AF1EE10FA10DCEF
:10D49000DFED107AB4EEE70AF1EE10FA12D4DFED08
:10D4A0000E7AB4EEE70AF1EE10FAB1D5002000F0E2
:10D4B00013BB002000F016BB30EE000A70479FED52
:10D4C000070A7047002000F001BB00BF30BF0324F3
:10D4D0001772B142B4F1CFC2CF8ECEC200000000AD
:10D4E00010EE103AC3F30A52B2F5866FB7EEC07A67
:10D4F0002ED2B7EE000B2A4B93ED402B32EE073BBA
:10D5000013EE100A33EE423B00F01F0203EBC201A0
:10D5100030B437EE437B93ED424B53F832404D68C5
:10D5200093ED446B93ED465BA4EE076B27EE074B40
:10D5300000210A1905EBC033A5EE070B43EC172BAE
:10D54000A6EE040B30BC20EE070BB7EEC00B704705
:10D5500013F5000F1ED0B2F5FF6F18D2B5EEC00A5A
:10D56000F1EE10FA10DCDFED0F6AB4EEE60AF1EE30
:10D5700010FA12D9DFED0C6AB4EEE60AF1EE10FAF9
:10D58000B7D5002000F0A8BA002000F0ABBA30EE0A
:10D59000000A70479FED050A7047002000F096BA18
:10D5A00030BF0324000016C3000015C300000000B4
:10D5B00010EE103AB3F17E5F1A4638D0A3F50001A1
:10D5C000B1F1FE4F36D2BFEE000B02F140432749C6
:10D5D00003F54D03C3F3C34001EB001091ED404B45
:10D5E00091ED445B91ED467B91ED426BD90DC90500
:10D5F00090ED002B521A03EE902A90ED021BDB15E2
:10D60000B7EEE33AA2EE030B03EE903A20EE002BC6
:10D61000A5EE007BB8EEE33BA6EE027BA3EE041B77
:10D6200030EE010BA2EE070BB7EEC00B70479FED7B
:10D63000100A7047590014D0B3F1FF4F14D0002BDB
:10D640000BDBB1F17F4F08D2DFED0A7A60EE277A6B
:10D6500017EE903AA3F13862B5E700EE103A00F009
:10D6600059BA012000F044BA704700BF78C00324C3
:10D67000000000000000004B10EE103AB3F17E5F96
:10D680003DD0A3F50001B1F1FE4F1A463AD2BFEEEC
:10D69000002B02F14043294903F54D03C3F3C34076
:10D6A00001EB001091ED424B91ED447B91ED406B0D
:10D6B00091ED465BD90DC9052DED028B90ED021B56
:10D6C00090ED008B521ADB1500EE103A03EE902A13
:10D6D000B8EEC00BB7EEE33A30EE010BA8EE032B29
:10D6E000BDEC028B22EE023BA4EE027BA5EE020B08
:10D6F000A6EE037BA3EE070BB7EEC00B70479FEDC2
:10D70000100A7047590014D0B3F1FF4F14D0002B0A
:10D710000BDBB1F17F4F08D2DFED0A7A60EE277A9A
:10D7200017EE903AA3F13862B1E700EE103A00F03C
:10D73000F1B9012000F0DCB9704700BF98C10324A3
:10D74000000000000000004B30B510EE103A2DED47
:10D75000028B10EE90EAA3F500044FEA4E01B4F1FB
:10D76000FE4F83B09C4601F1FF306FF0807279D29A
:10D77000904238BF002080F0B680BFEE001B0CF155
:10D78000404303F54D03C3F3C3426FF31603ACEB01
:10D790000301DB1507EE903AB94B03EB021292ED51
:10D7A000024B92ED002B05EE101A93ED403B93EDEA
:10D7B000426BB7EEC55AB8EEE77BA2EE051B37EE1B
:10D7C000047B93ED442B21EE018BA1EE036B93EDD3
:10D7D000465B28EE083B93ED484BA1EE025BB7EEAB
:10D7E000E00AA1EE047BA8EE057BA6EE037B20EE0B
:10D7F000077B17EE903A48F2BF01C3F3CF338B4259
:10D800004CD2B7EE000B9F4B93ED402B37EE023B13
:10D8100013EE102A33EE423B02F01F01801803EB97
:10D82000C10293ED424B37EE437B53F831405568CC
:10D8300093ED446B93ED465BA7EE046B27EE074B2D
:10D8400000210A1905EBC033A7EE050B43EC172B9B
:10D85000A6EE040B20EE070BB7EEC00B03B0BDEC39
:10D86000028B30BD904280F0C8805900481E904223
:10D8700080F09F80002B44DB0020BCF5000FBFF43C
:10D880007CAFDFED817A07EE103A67EE277A17EE6C
:10D89000902A22F00042A2F1386C6EE79FED706B87
:10D8A000B4EEC67BF1EE10FA16DC9FED6F6BB4EEB2
:10D8B000C67BF1EE10FA3DDD4FF04C5300286AD0E4
:10D8C0000193DDED016ABFEE006A76EE666AF4EE62
:10D8D000466AF1EE10FA94D003B0BDEC028BBDE8BD
:10D8E000304000F0FFB800297CD0B3F17E5F40D11A
:10D8F0008EF48002520012F5000F79D8B7EE000ABC
:10D90000ACE7CEF3C7527E2A2AD9962A00F282804B
:10D910000121C2F1960201FA02F2511E11EA0E0F24
:10D920001ED112EA0E0F14BF0120002000042CF0BB
:10D93000004CA2E79FED4E6BB4EEC67BF1EE10FA01
:10D9400049D99FED4D6BB4EEC67BF1EE10FA7FF531
:10D9500058AF03B0BDEC028BBDE8304000F0BCB85E
:10D9600000EE103A03B0BDEC028BBDE8304000F091
:10D97000D1B8B1F17F4F3BD15A00B2F1FE4F6FEAFF
:10D980000E0E34BF002201224FEADE7E724562D0C5
:10D990009FED3E0A62E70093DDED006AB7EE006A94
:10D9A00076EE866AF4EE466AF1EE10FA3FF429AF9D
:10D9B00092E7002B20EE000A2EDB0020002941D147
:10D9C000BEF1000FBFF64AAF03B0BDEC028BBDE85D
:10D9D000304000F08DB803B0BDEC028BBDE83040A4
:10D9E00000F074B88CF48002520012F5000F85D953
:10D9F00007EE903A37EEA00A30E70029F2D05A003D
:10DA0000B2F17F4FF4D8B1F17F4FF1D1B2F1FE4FB7
:10DA1000B3D173E700208AE7CEF3C753A3F17F02A7
:10DA2000172ACAD8C3F19600012303FA00F0421E58
:10DA300012EA0E0FC1D110EA0E00BFD0B1EE400ABB
:10DA40001846BBE7BEF1000FBFF608AFF7EE007A4D
:10DA500087EE800A02E720EEA00AFFE6AFF300801F
:10DA600071D5D1FFFFFF5F40E2AAA3FFFFFF5F4038
:10DA70000000000000C062C00000000000A062C002
:10DA8000F0C7032430BF03240000004B0000000057
:10DA900010B52DED028BB0EE408A044603F0F2FA89
:10DAA000B0EE480ABDEC028B046010BD30B1F1EE5F
:10DAB000407A27EE800A2220FFF7EABFF0EE407A94
:10DAC00027EE800A2220FFF7E3BF00BF9FED010A87
:10DAD000FFF7ECBF000000109FED010AFFF7E6BF63
:10DAE0000000201A9FED010AFFF7E0BF0000007060
:10DAF0009FED070AF7EE007ABFEE007A00284FF09C
:10DB0000220047FE877A87EE800AFFF7C1BF00BF79
:10DB100000000000F0EE407A30EE407AF4EE677AD2
:10DB2000F1EE10FA87EE070A02D62120FFF7B0BF08
:10DB3000704700BFB1EEC00A704700BF10EE102A58
:10DB4000C2F3C7537F3B162B22F0004131DC002B80
:10DB5000104618DB1A4919410A4229D0DFED197A1B
:10DB600070EE277AF5EEC07AF1EE10FA20DD002A89
:10DB700004DD4FF4000242FA03F3184420EA0103E3
:10DB800000EE103A7047DFED0F7A70EE277AF5EE6F
:10DB9000C07AF1EE10FA0BDD002A07DBDFED0A7A1E
:10DBA000B7EE000A002907FE800A70479FED070ABA
:10DBB0007047B1F1FF4FFBD330EE000A704700BF52
:10DBC000FFFF7F00CAF249710000000000000080E2
:10DBD00010EE102AC2F3C7537F3B162B22F00041F0
:10DBE00029DC002B104618DB1A4919410A4221D0C2
:10DBF000DFED197A70EE277AF5EEC07AF1EE10FAC1
:10DC000018DD002A04DA4FF4000242FA03F3184444
:10DC100020EA010300EE103A7047DFED0F7A70EE54
:10DC2000277AF5EEC07AF1EE10FA03DD002A08DB60
:10DC30009FED0A0A7047B1F1FF4FFBD330EE000AA7
:10DC40007047DFED077ABFEE000A002907FE800A61
:10DC5000704700BFFFFF7F00CAF24971000000005B
:10DC60000000008010EE103AC3F3C7527F3A162A24
:10DC700019460BDC002A03F0004309DB074840FA91
:10DC800002F20A40134300EE103A7047802A02D095
:10DC900000EE103A704730EE000A7047000080FF37
:10DCA00010EE903A23F00043B3F1795F2DED028B33
:10DCB0002ED2FDEEC07B17EE903A002B65D020EE01
:10DCC000004B9FED358B9FED362B9FED373BA4EE40
:10DCD000082B9FED375BA4EE023B9FED376BA4EE64
:10DCE000035B9FED377BA4EE056BA4EE067B24EE71
:10DCF000077B21EE401BB6EE006BA4EE071BB7EED0
:10DD0000000B94EE061BBDEC028B30EE410B70470E
:10DD10009FED218B20EE004B9FED212B9FED223BB1
:10DD2000A4EE082B9FED225BA2EE043B9FED226B3D
:10DD3000A3EE045B9FED227BA5EE046B224AA6EEC8
:10DD4000047B934227EE047BD3D9204A934217D811
:10DD5000B7EE006B0020A3F5001141EC150B36EE79
:10DD6000456B21EE401BB6EE003BA4EE071B94EE84
:10DD7000035BBDEC028B35EE415B36EE450B704725
:10DD8000B6EE076BB5EE025BEBE7B7EE000BBDEC52
:10DD9000028B7047AFF30080D43888BEE9FAA8BD83
:10DDA000C4B1B4BD9EEE213EAD529C804F7E92BE6A
:10DDB0009015CB19A001FA3E7751C1166CC156BF20
:10DDC0004C5555555555A53F3233D33F0000E93FDB
:10DDD00010EE903A23F00043B3F1795F04D2FDEEE8
:10DDE000C07B17EE903A5BB320EE007B9FED162BC5
:10DDF0009FED173B9FED184BA7EE023B9FED185B85
:10DE0000A3EE074B9FED186BA4EE075BA5EE076B27
:10DE100020EE075B30B99FED164BA7EE064BA4EE44
:10DE2000050B70479FED144B26EE456BB6EE003B9D
:10DE3000A1EE036B96EE071BA5EE041B30EE410B23
:10DE4000704700BFAFF300807CD5CF5A3AD9E53D8B
:10DE5000EB9C2B8AE6E55ABE7DFEB157E31DC73E1B
:10DE6000D561C119A0012ABFA6F810111111813F77
:10DE7000495555555555C5BF495555555555C53F36
:10DE800038B5B0EE407B17EE903A8D4923F0004252
:10DE90008A422DED108B2DD8FDEEC06B16EE901A38
:10DEA000F1BB10EE104A431C2343134300F0BC8027
:10DEB000012800F0968030EE016BBFEE005BBDECF8
:10DEC000108B85EE064B55EC164BB7EE006B53EC02
:10DED000142B0C460A4643EC102B45EC154BA5EED3
:10DEE000006B35EE477B31EE477BA7EE006BA6EE6D
:10DEF000040B38BD73498A4212D99FED515B002B48
:10DF00009FED516BB8BFB1EE411B35EE415B9FED0C
:10DF1000501BB8BFB1EE407B36EE477B35EE077B3A
:10DF20009FED4DAB27EE075B25EE056B9FED4C8B10
:10DF30009FED4D2BA6EE0A8B9FED4D4BA8EE062BC9
:10DF40009FED4DCBA2EE064B9FED4DEBA4EE06CB25
:10DF5000B0EE414B9FED4C9BACEE06EB9FED4C0BB6
:10DF60009FED4D3BA6EE090B9FED4DBBA0EE063B92
:10DF70009FED4DDBA3EE06BB9FED4DFBABEE06DB4D
:10DF80005049ADEE06FB27EE056BAFEE05EBAEEEAE
:10DF9000064BA4EE051B9FED485B8A42A6EE051BCF
:10DFA00037EE010B20D801281BD0BFEE006B86EEA8
:10DFB000004B51EC100BB7EE005B53EC142B002020
:10DFC000024643EC102B41EC160B36EE473BB0EE0D
:10DFD000457B31EE431BA6EE007BA1EE007BA7EE56
:10DFE000040BBDEC108B38BD9B17BDEC108B20EEE5
:10DFF000004B06EE900A03F00203C3F10103B8EEF2
:10E00000E63B06EE903A30EE030BB8EEE66B84EE9C
:10E01000005BB0EE004B35EE415B37EE457BA7EE83
:10E02000443B26EE030B38BDFDF73AFEB7EE006B1E
:10E03000B0EE407B86EE070BD3E700BFAFF3008066
:10E04000075C143326A6813C182D4454FB21E93F7C
:10E050000000000000000000735360DBCB75F3BECE
:10E06000A69237A0887E143F0165F2F2D844433F60
:10E07000280356C9226D6D3F37D60684F464963F57
:10E080007AFE10111111C13FD47ABF74702AFB3E81
:10E09000E9A7F0320FB8123F68108D1AF726303F0B
:10E0A0001583E0FEC8DB573F93846EE9E326823F89
:10E0B000FE41B31BBAA1AB3F635555555555D53FEE
:10E0C000FFFF2F3E2794E53F70B553EC102B9E4980
:10E0D00023F000458D4288B0044669D99B498D42A2
:10E0E0001E461BD8002B9FED887B40F3E98030EE65
:10E0F000477BA1F51B21A1F5F0618D4267D09FED13
:10E10000845B37EE456B37EE467B37EE457B84ED1F
:10E11000006B84ED027B012008B070BD8C498D42FC
:10E1200062D98C498D424BD810462A15A2F216426C
:10E13000A5EB025141EC170B9FED774BBDEEC75B92
:10E1400008A8B8EEC55B37EE457B27EE047BBDEE35
:10E15000C76B8DED025BB8EEC66B37EE467B8DED7F
:10E16000046B27EE047B8DED067B032130ED027BF3
:10E17000B5EE407BF1EE10FA0B4601F1FF31F5D020
:10E18000754901910221009102A8214600F078FD15
:10E19000002EC1DA94ED006B94ED027BB1EE466B7C
:10E1A000B1EE477B84ED006B84ED027B4042B3E728
:10E1B0000020002184ED000BC4E902010020ABE740
:10E1C00030EE407B80ED027B80ED007BF6E79FED3B
:10E1D000545B9FED556B37EE467B37EE456B37EE64
:10E1E000467B37EE457B92E7FDF75AFDB6EE007BA6
:10E1F0009FED4F5BA0EE057BFDEEC77B9FED423BA5
:10E2000017EE900A9FED426B1F28B8EEE75BB1EE68
:10E21000454BA5EE430B25EE067B1CDC4F4B421E07
:10E2200053F82230AB4216D030EE476B30EE460B3F
:10E23000002E30EE470B84ED006B84ED020BBFF631
:10E240006BAFB1EE466BB1EE400B84ED006B84ED2D
:10E25000020B404260E730EE476B16EE903AC3F394
:10E260000A53C3EB1553102B4FEA2552DEDDB0EEF7
:10E27000403B9FED2D6B9FED2A2BA4EE063B30EE2D
:10E28000437BA4EE067B95EE027B33EE476B16EEE6
:10E29000903AC3F30A53D21A312A0EDDB0EE430B83
:10E2A0009FED256B9FED262BA4EE060B33EE407BF6
:10E2B000A4EE067B95EE027BB6E7B0EE430BB5E726
:10E2C000274930EE077B8D420ED09FED115B37EE74
:10E2D000056B37EE467B37EE057B84ED006B84EDF6
:10E2E000027B4FF0FF3017E79FED0D5B9FED0E6B4C
:10E2F00037EE067B37EE056B37EE467B37EE057B58
:10E30000EBE700BFAFF3008000004054FB21F93F72
:10E310003163621A61B4D03D00000000000070411A
:10E320007370032E8A19A33B0000601A61B4D03DBC
:10E3300083C8C96D305FE43F0000002E8A19A33BFB
:10E34000C14920259A837B39FB21E93F7BD90240D3
:10E35000FB213941FFFFEF7F38C30324B8C20324F8
:10E36000FB21F93F0000000010B5B0EE407B17EE36
:10E37000903A3F4A23F0004494422DED028B3CD862
:10E38000BEEE005BB6EE008B3A4A002B28FE058BF2
:10E3900094420FD9384B9C425CD9384B9C4236D9B9
:10E3A00001339C422ED09FED300B27EE000BBDECCD
:10E3B000028B10BD324B9C4238D8B7EE005B9FED0C
:10E3C0002A6B30EE066BB4EEC56BF1EE10FAEEDCA4
:10E3D000FDF766FCFEF71CF820EE004BB7EE006B75
:10E3E000B0EE005B30EE066B84EE067B90EE057BB4
:10E3F00027EE080BBDEC028B10BDBDEC028B30EE9E
:10E40000000B10BD1F4B10EE102A9A42CBD8B0EE75
:10E41000470BFDF745FCB6EE007B20EE070BFEF741
:10E420006FF928EE008B28EE000BC0E7FDF738FCF3
:10E43000FDF7EEFF144B9C42CED9B7EE006B30EEE9
:10E44000066B80EE067B37EE000B20EE080BBDEC72
:10E45000028B10BDFDF724FCFEF752F920EE080BED
:10E46000A5E700BFAFF300803374AC3C1F7BAC7FEB
:10E47000FFFFEF7FFFFF3540412E8640CD338640C2
:10E48000FFFF2F3E7DF8B98FFFFFEF3F08B510EE7D
:10E49000103A23F00042B2F1465FF0EE407A0FD21C
:10E4A000BDEEC07A17EE101AF9B9431C134300F001
:10E4B0009F80012803D0BFEE007A87EE270A08BDAF
:10E4C00050498A4211D39FED507ADFED506A002BFC
:10E4D000BCBFF1EE600AF1EE407A77EE677A36EE75
:10E4E000E07ADFED4B0A77EE277A67EEA76ADFED79
:10E4F000494ADFED495A9FED495A9FED496A414922
:10E5000026EEA67A8A42E7EE245AA7EE056ADFEDE8
:10E51000454A9FED455AE5EE874AA6EE075ADFEDDC
:10E52000435A9FED436AE4EE875AA5EE076ADFED92
:10E53000414A9FED415AE5EE874AA6EE075A9FED04
:10E540003F6ADFED3F5AA4EE876AE5EE075AB0EE68
:10E55000467AA5EEA67A27EEA65AB0EE606AA7EE36
:10E56000056ADFED384AE6EE260AE5EE240A37EEC4
:10E57000A00A1FD20128A2D0BFEE007AC7EE006A1F
:10E58000314B10EE102A1A4006EE102A16EE902A91
:10E5900076EE677A134000EE103AB7EE007A70EE2E
:10E5A000E70AF0EE477AE6EE007AE0EE807AA7EE30
:10E5B000A60A08BD07EE100AB8EEC77A60EE006A38
:10E5C00030EE070A9B1786EE806A03F00203C3F160
:10E5D0000103F0EE005A36EE606A06EE903A77EEEE
:10E5E000C67AF8EEE66AA7EEE57A26EE870A08BD57
:10E5F000FDF7D0FDB7EE007AF0EE407A87EE270AFD
:10E6000008BD00BF40A12C3FDA0F493F68212233EB
:10E61000000000005FAE9BB745F4A3388453D937A0
:10E620007AC09538C8261A3AB937813916696B3BD2
:10E6300048DEBE3AA427B33C1F37113C8988083E08
:10E64000D10D5D3DABAAAA3E00F0FFFF10B582B030
:10E65000CDED010A019B23F00042B2F1FF4FF0EE35
:10E66000407A30D810EE100A20F00041B1F1FF4F8F
:10E6700029D8B3F17E5F40D09C1704F0020444EA2D
:10E68000D07431B372B3B2F1FF4F3ED0B1F1FF4F4E
:10E6900028D0891AB1F1F45F4FEAE15232DA002B47
:10E6A00040DA3C323EDA9FED330A012C4CD0022C8A
:10E6B00041D064B19FED307ADFED307A30EE070A59
:10E6C00030EE670A03E09DED017A37EE270A02B0CB
:10E6D00010BD022C0ED09FED2A7A032C07FE000AF3
:10E6E00002B010BD9FED270ADFED277A002827FE34
:10E6F000800AECE79FED210AE9E702B0BDE810408F
:10E70000FDF776BC9FED200ACFE7B1F1FF4F04F192
:10E71000FF3420D0022C26D81C4B03EB840393ED4E
:10E72000000AD4E79DED017A87EE870AFDF732FDF6
:10E73000FDF75EFCB9E79FED107ADFED107A30EE61
:10E74000070A37EEC00AC2E710EE103A03F10043A1
:10E7500000EE103ABBE7022C08D80D4B03EB840304
:10E7600093ED000AB3E79FED030AB0E79FED090AB6
:10E77000ADE700BF000000002EBDBB33DB0F4940FA
:10E78000DB0F49C0DB0FC9BFDB0FC93F40C4032407
:10E790004CC40324DB0F493F10B510EE103A23F0B0
:10E7A0000044B4F1FF4F2DED028B22D22A4B9C4244
:10E7B0000FD92A4B9C4239D9294B9C4243D9294B2A
:10E7C0009C4226D9BDEC028B0020BDE81040FFF72B
:10E7D00089B9FDF7DFFCFEF7D5FCF7EE006AB4F16E
:10E7E000105FB0EE407A30EE260A07D2BDEC028B05
:10E7F00010BDBDEC028B20EE000A10BD70EE007A59
:10E8000027EE077ABDEC028B87EE276A36EE260AE2
:10E8100010BDFDF7BFFCB6EE008A20EE080AFEF739
:10E82000EDFD20EE088A28EE000ADFE7FDF7B2FCD6
:10E83000FEF7E4FDB6EE007AC7EE007AE0EE077A66
:10E84000B0EE670AD2E7FDF7A5FCFEF7D7FDF6EEBE
:10E85000007A20EE270AC9E71772B13EFFFFAF41E9
:10E860001772B142FCD4B24208B510EE103A33F040
:10E8700000422DED028B2CD0002B1A4632DBB3F177
:10E88000FF4F41DAB3F5000F35DB0021D3157F3B95
:10E890000B44D90FC1F17F0103EBD373C2F316020E
:10E8A00007EE903A42EAC15200EE102AB8EEE78A2B
:10E8B000FEF77EFEDFED177A9FED177A20EE270A2E
:10E8C000DFED167AA8EE070AA8EE270ABDEC028B48
:10E8D00008BDBDEC028B9FED127ADFED127A87EE58
:10E8E000270A08BDBDEC028B70EE407A9FED0D7AD1
:10E8F00087EE870A08BDDFED0C7A60EE277A6FF0AD
:10E90000180117EE902AC1E7BDEC028B30EE000A29
:10E9100008BD00BFD95BDE3EDB27543580209A3E20
:10E92000000000CC000000000000004C70B510EEAC
:10E93000103A884A23F00044944286B0054671D9C3
:10E94000854A94421E4624D823F00042002BDFED76
:10E95000837A834922F00F02B0EE407A40F3E080E0
:10E960008A4270EE677A09BF9FED7E7ADFED7E6A9C
:10E97000DFED7E6A77EEC77A37EEE67A77EEC77A12
:10E9800080ED007A77EEE67AC0ED017A012006B0DC
:10E9900070BD774A944252D9B4F1FF4F48D2E21584
:10E9A000863AA4EBC25307EE903ABDEEE77ADFED6C
:10E9B000716AB8EEC77A77EEC77A8DED037A67EEA3
:10E9C000A67ABDEEE77AB8EEC77A77EEC77A8DED14
:10E9D000047A67EEA67AF5EE407AF1EE10FACDED04
:10E9E000057A40F09880B5EE407AF1EE10FA0CBF4F
:10E9F00001230223604901910221009103A82946C5
:10EA000000F07AFC002EC2DA95ED007AD5ED017A9D
:10EA1000B1EE477AF1EE677A85ED007AC5ED017ABD
:10EA20004042B4E7002285ED000A42600020AEE7D4
:10EA300070EE407AC0ED017AC0ED007AF6E7FDF79E
:10EA4000A9FB9FED4E7A9FED456AF6EE007AE0EE67
:10EA5000077A9FED457AFDEEE77A17EE900AF8EE19
:10EA6000E76A1F28A6EEC60A66EE877AB1EE666AE6
:10EA700020DC434A411E26F0004352F8212023F0B7
:10EA8000FF03934216D030EE677A30EE470A002E2D
:10EA900030EE670A85ED007A85ED010ABFF677AFA3
:10EAA000B1EE477AB1EE400A85ED007A85ED010AB4
:10EAB00040426CE730EE677AE21517EE103AC3F386
:10EAC000C753C3EBD453082BDFDD9FED267A9FEDB0
:10EAD000275AF0EE405AE6EE075A70EE657AE6EEF7
:10EAE000077AD6EE857A35EEE77A17EE103AC3F359
:10EAF000C753D21A192A10DD9FED227A9FED225AB0
:10EB0000B0EE650AA6EE070A75EEC07AE6EE077A61
:10EB1000D6EE857AB7E703236CE7B0EE650AB4E773
:10EB20008A4270EE277A09BF9FED0E7ADFED0E6AFA
:10EB3000DFED0E6A77EE877A37EEA67A77EEC77A40
:10EB400080ED007A77EEA67AC0ED017A4FF0FF30C3
:10EB50001DE700BFD80F493FE3CB1640800FC93FE8
:10EB6000D00FC93F004435374344353708A3852EBD
:10EB7000800F494300008043D8C4032484F9223F16
:10EB800058C4032400A3852E32318D2410B510EE15
:10EB9000103A23F00044B4F1FF4F2DED028B39D22F
:10EBA000324ABEEE007AF6EE008A002B28FE878AF3
:10EBB00094420CD92E4B9C4245D92E4B9C4249D9AC
:10EBC0009FED2D7A20EE070ABDEC028B10BDB4F14B
:10EBD000465F24D29FED287A30EE077AF7EE006A7E
:10EBE000B4EEE67AF1EE10FAEEDCFDF7D3FAFEF7BA
:10EBF000C9FAB7EE007A20EE006A30EE077AF0EE3E
:10EC0000006AC6EE077AD0EE267A27EE880ABDECB7
:10EC1000028B10BDBDEC028B30EE000A10BDFDF77B
:10EC2000B9FAFEF7AFFAB4F17E5FE2D3B7EE007A3D
:10EC300030EE077AC0EE077A77EE807A27EE880A00
:10EC4000BDEC028B10BDFDF7A5FAFEF7D7FB20EE59
:10EC5000080AB9E7FDF79EFA20EE280AFEF7CEFB78
:10EC600028EE007A27EE000AAEE700BFFFFFAF41B3
:10EC70001772B142FCD4B242C2BDF07C0000000069
:10EC80002DE9F04F2DED088BADF5137D1C46039358
:10EC90008146A34BA49812F1140F53F8205004F1AD
:10ECA000FF37C0F248829F48D31E80FB0340DB172A
:10ECB000C3EBA00302930133A3EB8303DB001A44ED
:10ECC000029BEC19A3EB07031CD401349FED8E6B60
:10ECD000A59E1C441AA894460AE056F8232007EE85
:10ECE000902A0133B8EEE77BA342A0EC027B08D068
:10ECF000002BF2DAB0EE467B0133A342A0EC027B9C
:10ED0000F6D16246002DC0F2C482039B1AA800EB24
:10ED1000C3060DF5D47C4FEAC3083C4605EB030E51
:10ED200009EBC300002F9FED787B09DBB2464B4611
:10ED3000B3EC025B3AED026B8342A5EE067BF7D1A2
:10ED400001347445ACEC027B06F10806EAD10DF102
:10ED5000180A0AEB85039FED6E9B9FED6F8B043BBA
:10ED600009EB080404930AEB8508AB466AAE0095EC
:10ED70001046059192AB03EBCB03BBF1000F13EDF3
:10ED8000280B4FEACB0315DD3344524620EE097BB6
:10ED900033ED025BB0EE406BBDEEC77BB342B8EE25
:10EDA000C77BA7EE486BBDEEC66B37EE050BA2EC3A
:10EDB000016AEBD10190FDF7A7FAB4EE007BB0EE4B
:10EDC00040AB20EE070B00F027FEB2EE007B01986F
:10EDD000A0EE47ABBDEECABB0028B8EECB7B3AEE47
:10EDE00047AB6EDD0BF1FF3EC0F118035AF82E2041
:10EDF00042FA03FC0CFA03F3D21AC0F117011BEE1E
:10EE0000103A42FA01F56344002D4AF82E200BEE29
:10EE1000103A00F35E81B5EE40ABF1EE10FA40F02F
:10EE2000B180009B9B450BDD0AEB8B03002253F85E
:10EE3000041D434542EA0102F9D1002A40F06381F2
:10EE4000009B013B5AF82330002B40F05781049B74
:10EE5000012153F8042D0131002AFAD00BF10103EE
:10EE600059449C46029D039A03EB050E0EF1804E19
:10EE7000A59D5A440EF1FF3E06EBC30B1AAB05EB02
:10EE80008E0E03EBC2059EED017AB8EEC77B002F14
:10EE9000A5EC027B0EF1040E9FED1B7B09DB2A46DD
:10EEA0004B46B3EC025B32ED026BA342A5EE067B50
:10EEB000F7D10CF1010C8C45ABEC027BE3DD8B460A
:10EEC00058E740F0FD800BF1FF335AF82350ED1561
:10EED000002DA0DD1BEE103ABBF1000F03F1010382
:10EEE0000BEE103A40F3D98152464FF0000C52F825
:10EEF000041B002900F0DE80C1F1807142F8041C7F
:10EF00006FF07F4114E000BF00000000000000002F
:10EF1000000000000000703E000000000000704192
:10EF200058C90324ABAAAA2A1368CB1A42F8043B97
:10EF30000CF1010CE345F7DC012100280CDD012870
:10EF400000F0D380022807D10BF1FF325AF82230AB
:10EF5000C3F315034AF82230022D7FF45CAFB7EEFD
:10EF6000000B30EE4AAB00293FF455AF0190FDF79E
:10EF7000CBF93AEE40ABB5EE40ABF1EE10FA0198AA
:10EF80003FF44FAF02460599B0EE4A0B404202955E
:10EF90000191009D0092FDF7B7F99FEDC95BB0EEBE
:10EFA000407BB4EEC50BF1EE10FADDE90021029BC7
:10EFB000C0F238819FEDC46B20EE066BBDEEC66BD0
:10EFC0000BF10104B8EEC64BA4EE457BBDEEC77B4A
:10EFD000183217EE100A4AF82B0016EE100A4AF8FB
:10EFE0002400B7EE000B1046CDE90031FDF78CF997
:10EFF000002CDDE90031C0F23F819FEDB35B661C60
:10F000006AAF0AEB8602F00007EBC60632ED017A22
:10F010005245B8EEC77B27EE007B20EE050B26EDB0
:10F02000027BF3D16AAE0DF58478A0F10802B7181F
:10F03000C646A44600269A46002D9FEDA57B0EDB12
:10F04000A54BB946002201E0B24208DCB3EC025BFA
:10F05000B9EC026B01329542A5EE067BF4DA0CF1B5
:10F06000FF3CBCF1FF3FAEEC027B06F10106A7F1CD
:10F070000807E1D1A49A022A534600F38780002AA8
:10F0800070DC0DD19FED927B404430ED026B40452A
:10F0900037EE067BF9D1002B40F0EB8081ED007B51
:10F0A0001BEE103A03F007000DF5137DBDEC088B45
:10F0B000BDE8F08F0CF1010CE3453FF718AF3CE7DA
:10F0C000B6EE007BB4EEC7ABF1EE10FA38DA0025ED
:10F0D000A1E60133BBF1000F0BEE103AD8BF0021BF
:10F0E0003FF702AF01287FF42DAF0BF1FF325AF842
:10F0F0002230C3F316034AF822302DE70BF1010347
:10F100009C461946AEE60BF1FF34A0F118025AF8FE
:10F11000240005992B46009D00287FF462AF0BF177
:10F12000804001380AEB800050F8046D013C183A29
:10F13000002EF9D055E700206FF017030290BEE5CE
:10F140001BEE103ABBF1000F03F101030BEE103A76
:10F15000C8BF02253FF7C8AEB7EE007B37EE4AAB1B
:10F16000022558E69FED5A6B404430ED027B404546
:10F1700036EE076BF9D137EE467B002B67D0B1EE48
:10F18000466B81ED006B002C64D16DE0A49A032ADC
:10F1900086D1002C00F08F8008EBC40696ED006B42
:10F1A000E5003246304630ED027BB0EE465B40452E
:10F1B00036EE076B37EE467B80ED006B37EE057B56
:10F1C00080ED027BEFD1012C75D096ED006B08F13C
:10F1D000080032ED027BB0EE465B904236EE076BE4
:10F1E00037EE467B82ED006B37EE057B82ED027BCE
:10F1F000EFD19FED377B05F10802424408F1100082
:10F2000032ED026B904237EE067BF9D198ED005B50
:10F2100098ED026B73B981ED005B81ED026B81EDBE
:10F22000047B3DE7BDEEC07B5C4617EE100A4AF852
:10F230002B00D6E6B1EE455BB1EE466BB1EE477BF7
:10F2400081ED005B81ED026B81ED047B28E781EDB0
:10F25000006B5CB144A80122B0EC026B0132944215
:10F2600037EE067BF8DA0BB1B1EE477B81ED027B1E
:10F2700016E7B1EE477B11E7A49A022A15DC002AB3
:10F280002CDC7FF40DAF9FED127B002B3FF406AF1B
:10F29000EFE7039B4FEAC30859E5022D7FF4BBADAE
:10F2A000B7EE007B37EE4AABB5E5A49A032A7FF4AC
:10F2B000F7AE0DF584789FED067BA7E7AFF30080EE
:10F2C0000000000000007041000000000000703EDF
:10F2D000000000000000000018C903249DED427BDF
:10F2E0002BB100224FF00043C1E90023BCE700220C
:10F2F0000023C1E90023B9E72DE9F04F2DED048B80
:10F30000DBB01C46944603930A46CD4B68991CF12A
:10F31000040F53F82160824604F1FF38C0F249829D
:10F32000BCF1030348BF0CF10403DB10029301336B
:10F330004FEAC30EACEB0E030593029B16EB0800DD
:10F34000A3EB080316D401309FEDBE7A699C1844E4
:10F350001EA9002BA4BF54F8235007EE905A03F1C6
:10F360000103ACBFF8EEE77AF0EE477A8342E1ECB6
:10F37000017AEED1002EC0F2B182039B1EA901EBEF
:10F38000830446AD4FEA83094046F7180AEB830130
:10F39000B8F1000FDFEDAB7A09DBA3465346F3EC7F
:10F3A000016A3BED017A8B42E6EE877AF7D10130B4
:10F3B000B842E5EC017A04F10404E9D10DF1280B1F
:10F3C0000BEB8603CDE9062E043B9FEDA09ADFED03
:10F3D0009E8A059804930AEB090446AF0BEB860955
:10F3E0000096CDF820C05AAB03EB8603002E13ED38
:10F3F000140A4FEA860515DD7B195A4660EE097A34
:10F40000B0EE407AFDEEE77A73ED016AF8EEE77A46
:10F41000BB42A7EEE87A37EEA60ABDEEC77AA2ECA9
:10F42000017AEBD1019000F085FAF4EE007AB0EEAB
:10F43000408A20EE270AFEF7CBFBF2EE007AA0EE20
:10F44000678A01980028FDEEC89AF8EEE97A38EE4E
:10F45000678A6CDD06F1FF3EC0F108035BF82E20E1
:10F4600042FA03FC0CFA03F3D21AC0F1070119EEB9
:10F47000903A4BF82E200A416344002A09EE903A54
:10F4800000F3F080B5EE408AF1EE10FA40F09D8076
:10F49000009B9E420ADD5D44002355F8041D4D4546
:10F4A00043EA0103F9D1002B40F0F280009B013BBD
:10F4B0005BF82330002B40F0E780049B012153F8D8
:10F4C000042D0131002AFAD0731C31449C46029D60
:10F4D000039A05EB030E0EF1804E699D32440EF146
:10F4E000FF3E07EB83061EAB05EB8E0E03EB82059A
:10F4F000DEED017AF8EEE77AB8F1000F0EF1040EB6
:10F50000E5EC017ADFED4F7A09DB2A465346F3EC4E
:10F51000016A32ED017AA342E6EE877AF7D10CF167
:10F52000010C6145E6EC017AE2DA0E465BE740F059
:10F530008F80731E5BF82320D211002AA2DD19EE02
:10F54000903A002E03F1010309EE903A40F3D48182
:10F5500059464FF0000E51F8043B002B6AD0C3F51A
:10F56000807341F8043C04E00B68C3F1FF0341F8E9
:10F57000043B0EF1010E7645F6DC01239E46002881
:10F580000ADD012878D0022806D1711E5BF82130EF
:10F5900003F03F0C4BF821C0022A7FF473AFB7EEA3
:10F5A000000A734630EE488A002B3FF46BAF099295
:10F5B000019000F0BFF938EE408A0198099AB5EE43
:10F5C000408AF1EE10FA3FF463AF9246DDE9062E71
:10F5D000DDF820C00196AEEB0C00B0EE480A009EAC
:10F5E000009200F0A7F9DFED186AB4EEE60AF1EE3A
:10F5F00010FADDE90023F0EE407AC0F250819FED71
:10F60000137A059920EE077A0831BDEEC77A059185
:10F61000B8EEC77A5C1CE7EE667ABDEEC77AFDEEFF
:10F62000E77A17EE901A4BF8231017EE103A4BF8C2
:10F63000243046E00EF1010EB6458CDB9E469EE777
:10F6400094C9032400000000000080430000803BB8
:10F65000F6EE007AB4EEE78AF1EE10FA80F29880C6
:10F6600000220FE70133002E09EE903A3FF770AF0A
:10F67000002301289E4686D1711E5BF8213003F0DD
:10F680007F0C4BF821C087E7731C9C4619461EE788
:10F6900033469246DDE905125C1EA1F108005BF8D5
:10F6A0002410009E059061B903F18043013B0BEBF0
:10F6B0008303014653F8040D013C08390028F9D0B2
:10F6C000059105980092B7EE000A00F033F9002C7E
:10F6D000009AB0EE407AC0F20581601C46AD5FED45
:10F6E000256A81000BEB800305EB800073ED017A46
:10F6F000F8EEE77A5B4567EE877A27EE267A60EDCB
:10F70000017AF3D10DF1C8080B1F46A8C718C646E9
:10F71000A44600259146002E73DB844ADFED847AEF
:10F720003846002301E0AB4208DCF2EC016AB0ECA1
:10F73000017A01339E42E6EE877AF4DA0CF1FF3C5F
:10F74000BCF1FF3FEEEC017A05F10105A7F10407DA
:10F75000E1D1689B022B4A4656DC002B2EDC0ED1F1
:10F76000DFED737A414431ED017A414577EE877AD6
:10F77000F9D15346002B40F0AE80C2ED007A19EE6D
:10F78000903A03F007005BB0BDEC048BBDE8F08F4E
:10F7900019EE903A002E03F1010309EE903AC8BF2A
:10F7A00002223FF7D5AEF7EE007A37EEC88A022282
:10F7B00068E600234FF0080E0293BBE59FED5C7AEC
:10F7C000414471ED017A414537EE277AF9D1DDEDFB
:10F7D000327A534677EEC77A002B75D182ED007AE4
:10F7E00064B133A90123B1EC017A01339C4277EE75
:10F7F000877AF8DA53460BB1F1EE677AC2ED017AF7
:10F80000BDE7DFED4B7A99E7689B032BB7D1002C5E
:10F810007ED008EB840595ED007AA0002B462946A2
:10F8200071ED017AF0EE476A37EE277A414577EEBF
:10F83000C77A81ED007A77EEA67AC1ED017AEFD131
:10F84000012C65D095ED007A08F1040173ED017A81
:10F85000F0EE476A37EE277A994277EEC77A83ED62
:10F86000007A77EEA67AC3ED017AEFD1031DDFEDC2
:10F87000307A434408F1080833ED017A984577EE71
:10F88000877AF9D15346DDED326A9DED337A73B94B
:10F89000C2ED006A82ED017AC2ED027A6FE7FDEEF9
:10F8A000C07A1C4617EE901A4BF8231009E7F1EEC8
:10F8B000666AB1EE477AF1EE677AC2ED006A82EDD0
:10F8C000017AC2ED027A5AE7B1EE477A82ED007A08
:10F8D000002C86D190E7F1EE677A4EE7039B4FEA62
:10F8E00083096BE5689B022B0EDC002B13DC7FF495
:10F8F00046AFDFED0F7A3CE7022A7FF4C3ADF7EEA7
:10F90000007A37EEC88ABDE5689B032B7FF437AFDA
:10F91000DFED077AB6E75346DDED327A13B90023FF
:10F9200013606BE74FF00043136065E768C9032479
:10F930000000000010EE103A33F000411A4626D0C5
:10F94000B1F1FF4F20D213F0FF4F21D1DFED2A7A22
:10F950002A4A60EE277A904217EE903A32DB4CF258
:10F96000503CC3F3C75160451A46A1F1190115DD9A
:10F97000DFED237ADFED236AB0EE677A002B67FEB6
:10F98000A67A27EE870A704730EE000A7047704764
:10F990004CF2503C60454FEAD151E9DC0144FE296C
:10F9A000E6DC002915DC11F1160F19DB193122F004
:10F9B000FF4242EAC15207EE902A9FED130A27EE5A
:10F9C000800A7047DFED117A07EE103A27EE270A1A
:10F9D000704722F0FF4242EAC15300EE103A7047EE
:10F9E000DFED0A7ADFED0A6AB0EE677A002B67FE78
:10F9F000A67A27EE870A70470000004CB03CFFFF54
:10FA0000CAF24971CAF249F1000000336042A20D06
:10FA10006042A28D0000000000B583B08DED000BA8
:10FA200001990098C1F30A52A2F2FF33132B33DC81
:10FA3000002B23DB3C4A1A4101EA020E5EEA000E6B
:10FA40008C462ED09FED367B9DED006B36EE077B0E
:10FA5000B5EEC07BF1EE10FA09DD002904DA4FF4AF
:10FA6000801141FA03F39C442CEA020100200B466A
:10FA7000024643EC102B03B05DF804FB9FED287B9E
:10FA800030EE077BB5EEC07BF1EE10FAEFDD00291A
:10FA90002ADB00200146EAE7332B07DDB3F5806F50
:10FAA0001DD09DED000B03B05DF804FBA2F21342E4
:10FAB0004FF0FF3C2CFA02F20242F2D09FED187B8D
:10FAC0009DED006B36EE077BB5EEC07BF1EE10FAD4
:10FAD000CDDD002984460EDB2CEA0200C7E79DED50
:10FAE000007B37EE070BDEE721F0004108430FD122
:10FAF0004FF00041BBE7142B0DD04FF0010EC3F1C6
:10FB000034030EFA03F39C44844538BF7144E3E7A1
:10FB100006490020ABE70131DEE700BFAFF300800C
:10FB20009C7500883CE4377EFFFF0F000000F0BFAB
:10FB300008B5062001F030FA012003F0ABFA00000E
:10FB4000024B0A460146186800F002B8640500201E
:10FB500070B5A1FB025434B9294600F03FF80646BF
:10FB600028B9304670BD0C2202600026F9E72A460B
:10FB7000214601F021F9F4E7024B0146186800F034
:10FB80002DB800BF64050020024B0146186802F042
:10FB90000DB900BF6405002070B50F4E0C463168EA
:10FBA000054611B901F04CFA30602146284601F0B3
:10FBB00047FA431C03D14FF0FF34204670BDC41CEC
:10FBC00024F00304A042F8D0211A284601F038FAA4
:10FBD0000130F2D1EFE700BF143201202DE9F843E4
:10FBE000CD1C25F0030508350C2D38BF0C25002D44
:10FBF000064601DBA94204D90C2333600020BDE88E
:10FC0000F883DFF8D48000F069F8D8F800301C469B
:10FC100044BB29463046FFF7BFFF431C044658D17A
:10FC2000D8F800402746002F43D1002C4BD0236842
:10FC30003946304604EB030901F002FA814542D10E
:10FC400021686D1A29463046FFF7A6FF01303AD0E9
:10FC500023682B442360D8F800305A6862BBC8F888
:10FC600000700FE02268521B20D40B2A17D96119AB
:10FC7000A342256018BF5960636808BFC8F8001028
:10FC800062514B60304600F02FF804F10B00231D49
:10FC900020F00700C21A1CBF1B1AA350AFE762680E
:10FCA000A3420CBFC8F800205A60EBE72346646803
:10FCB000AEE73C467F68B6E71A465B68A342FBD1D5
:10FCC00000235360DEE70C233360304600F00CF86D
:10FCD00094E70560D6E700BF18320120014801F023
:10FCE000FCB900BF5C330120014801F0F7B900BF47
:10FCF0005C33012038B5104B1D682B6B0446B3B93B
:10FD00001820FFF739FF0246286320B90B4B0C4837
:10FD1000462101F057FA0B490B4BC0E900130B4B7E
:10FD200083600B23838100210120C2E904012B6B36
:10FD300000221C615A6138BD64050020A0C903245B
:10FD4000B7C903240E33CDAB34126DE6ECDE0500EB
:10FD5000164B10B51C68236BB3B91820FFF70CFFC6
:10FD60000246206320B9124B1248522101F02AFAB0
:10FD70001149124BC0E90013114B83600B2383819F
:10FD800000210120C2E90401216B0E480B694C6976
:10FD90000D4A584302FB0400A3FB0232013340EB3F
:10FDA0000200C1E9043020F0004010BD64050020CD
:10FDB000A0C90324B7C903240E33CDAB34126DE6BA
:10FDC000ECDE05002DF451582D7F954C024B0A4670
:10FDD0000146186800F002B8640500202DE9F041E2
:10FDE000074614460D4621B9BDE8F0411146FFF71C
:10FDF000F5BE2AB901F0DAFF25462846BDE8F081B4
:10FE000002F098FB8442064602D8B4EB500FF4D8B7
:10FE100021463846FFF7E2FE804608B94546ECE742
:10FE2000B4422246294628BF324601F060F92946ED
:10FE3000384601F0BBFFF1E7242B2DE9F047864659
:10FE4000904601D8012B06D101F01CF9162303605E
:10FE50000020BDE8F08734480D462A4615F8014BCE
:10FE6000065D16F00806F8D12D2C10D12C7801264D
:10FE7000951C33F0100215D1302C0DD12A7802F0E8
:10FE8000DF02582A08D16C78023510230AE02B2CA7
:10FE900004BF2C78951CECE7002BF6D1302C14BF56
:10FEA0000A23082306F1004C0CF1FF3C0022BCFBA6
:10FEB000F3F9104603FB19CAA4F13007092F0FD834
:10FEC0003C46A3421BDD571C07D0814514D301D10A
:10FED000A24511DB00FB0340012215F8014BEBE7C3
:10FEE000A4F14107192F01D8373CEAE7A4F16107D3
:10FEF000192F04D8573CE4E74FF0FF32EDE7531CCD
:10FF000008D12223CEF800306046B8F1000FA0D00F
:10FF1000691E06E006B14042B8F1000F99D0002AF0
:10FF2000F6D1C8F8001094E791CC032413460A4692
:10FF3000014602480068FFF77FBF00BF640500204C
:10FF4000F0B51F4C8BB005460B466E4604F1200CF5
:10FF500020686168374603C7083464453E46F7D1D8
:10FF600021793971911E2068386022294FF00001F3
:10FF700004D919700B4618460BB0F0BD581E8446C4
:10FF8000B5FBF2F702FB175628366E440C4616F8FE
:10FF9000286C0CF8016F2E46B24201F101013D467A
:10FFA000EED900225A541919A51AAA42E3DA10F818
:10FFB000015F0E780670013201F80159F4E700BFC5
:10FFC00039CA0324FFF7BCBF10B5044604481346E2
:10FFD00020B10A460220214601F098F810BD00BF6A
:10FFE0000D110324F0B52DED028BB0EE408B85B0E2
:10FFF00017460D9D0C9E18EE902A25F02005002A2C
:020000042403D3
:10000000B6BF2D220022B1EE408B462D0C461A7051
:1000100004D0452D00D10134022100E0032103ABBF
:10002000019302AB009322463346B0EE480B01F039
:100030006FF9472D14D1FB070AD50219B5EE408B95
:10004000F1EE10FA08BF03923021039B934219D3BB
:10005000039B0E9A1B1A136005B0BDEC028BF0BD1A
:10006000462D00EB0402E9D10378302B07D1B5EE21
:10007000408BF1EE10FA1CBFC4F101043460336808
:100080001A44DBE75C1C03941970DEE7F7B500291E
:10009000BABF49422D232B2309290270437029DD61
:1000A0000DF107031D460A271A46B1FBF7F607FBB9
:1000B0001614303402F8014C0C46632C03F1FF3364
:1000C0003146F1DC3031941E03F8011C411C2346FB
:1000D000AB420AD30DF109039B1AAC4288BF00233F
:1000E00002330344181A03B0F0BD13F8016B01F892
:1000F000016FEDE7302330318370C170031DF1E7EC
:100100002DE9F04F8DB00C46DDF8588016461F469D
:10011000054600F049FFD0F800B05846DBF7C0FEB6
:1001200000230A93D8F8003094F8189022680590BC
:10013000073323F0070303F10801C8F8001093ED1B
:10014000000B9FED976BB0EEC07BB4EE467BF1EEFB
:1001500010FA84ED120B24DDB5EEC00BF1EE10FAAF
:1001600002D52D2384F843308F49904BB9F1470FC6
:100170008CBF8846984622F0040203232361226044
:100180004FF0000A009733460BAA2146284600F09C
:10019000D1F9013040F089804FF0FF300DB0BDE85B
:1001A000F08FB4EE400BF1EE10FA09D710EE903A52
:1001B000002BBCBF2D2384F843307D497D4BD5E710
:1001C0006368591C09F0DF0A39D10623636042F4E1
:1001D00080620023226003930AABCDE9019309AB4F
:1001E000009361680DF123032846FFF7FBFEBAF187
:1001F000470F0999804629D1C81C02DB63689942E0
:1002000041DDA9F102095FFA89F901394A4604F191
:1002100050000991FFF73AFF0A9A1318012A824603
:10022000236102DC2268D20701D5013323619DF8E6
:100230002330002BA6D02D2384F84330A2E7BAF157
:10024000470FC4D1002BC2D10123BFE7B9F1650F1D
:10025000DBD9B9F1660F18D1002963680BDD216184
:1002600013B92268D00702D501330B442361A1657D
:100270004FF0000ADBE713B92268D20701D5023339
:10028000F4E70123F2E74FF067090A9B994205DB87
:1002900023682161D807EAD54B1CE7E70029D4BFC2
:1002A000C1F1020201221344E0E723685A0507D492
:1002B0002369424631462846B84701302AD16BE7C8
:1002C000B9F1650F40F2E08094ED127BB5EE407B12
:1002D000F1EE10FA33D1384A012331462846B847A7
:1002E00001303FF459AFDDE90938434502DB2368AB
:1002F000D8070FD5059B5A4631462846B8470130E6
:100300003FF44AAF4FF0000908F1FF3804F11A0A30
:10031000C84509DC23689B0700F10781E0680B9B57
:100320009842B8BF184639E701235246314628465D
:10033000B84701303FF430AF09F10109E8E7099B04
:10034000002B3BDC1C4A012331462846B8470130CC
:100350003FF422AFDDE9093959EA030302D12368EA
:10036000D907D7D5059B5A4631462846B8470130AC
:100370003FF412AF4FF0000A04F11A0B099B5B42E5
:10038000534501DC4B4694E701235A463146284643
:10039000B84701303FF400AF0AF1010AEEE700BFB1
:1003A000FFFFFFFFFFFFEF7F62CA03245ECA032443
:1003B0006ACA032466CA03246ECA0324A36DDDF847
:1003C00028A05345A8BF5346002B994637DC00238D
:1003D000079329EAE97904F11A02A36D07990693B4
:1003E000A3EB09038B4231DC099B9A453BDC236874
:1003F000DA0738D4099BAAEB0309069BAAEB03038F
:100400009945A8BF9946B9F1000F34DC4FF00008B8
:1004100029EAE97904F11A0B099BAAEB0303A3EB80
:10042000090343457FF776AF01235A4631462846F4
:10043000B84701303FF4B0AE08F10108ECE742469E
:1004400031462846B8470130C1D1A5E601233146DF
:1004500028460692B84701303FF49EAE079B069AA5
:1004600001330793B9E7059B5A4631462846B847FA
:100470000130BFD190E6069A4B46424431462846A9
:10048000B8470130C2D187E6DDF82890B9F1010FF5
:1004900001DCDB0736D50123424631462846B84702
:1004A00001303FF479AE059B5A4631462846B8479D
:1004B00001303FF471AE94ED127BB5EE407BF1EE6E
:1004C00010FA09F1FF3918D04B4608F10102314604
:1004D0002846B84701300CD15EE601235A46314622
:1004E0002846B84701303FF457AE08F10108C84527
:1004F000F3DB534604F15002DCE64FF0000804F150
:100500001A0BF4E701234246E1E701234A4631464C
:100510002846B84701303FF43FAE08F10108E368D0
:100520000B995B1A4345F0DCF8E64FF0000804F144
:100530001909F4E72DE9F047164698468A680B69D1
:10054000DDF820909342B8BF1346336091F8432002
:1005500007460C460AB1013333602368990642BF4F
:10056000336802333360256815F0060506D104F1BF
:10057000190AE36832689B1AAB4226DC94F84330D0
:100580002268003B18BF012392062BD404F14302DA
:1005900041463846C84701301ED02368226903F01F
:1005A0000603042B02BFE5683368ED1AA3680CBF8D
:1005B00025EAE57500259342C4BF9B1AED18002675
:1005C0001A34B5421AD1002008E0012352464146B0
:1005D0003846C847013003D14FF0FF30BDE8F087FF
:1005E0000135C6E7E1185A1C302081F84300224447
:1005F00094F8451082F843100233C7E701232246DE
:1006000041463846C8470130E6D00136D9E70000F8
:100610002DE9FF470F7E0C9E782F914680460C46B1
:100620009A4601F1430207D8622F0AD8002F00F042
:10063000D180582F00F0B88004F1420684F842704F
:100640003AE0A7F16303152BF6D801A151F823F086
:10065000A9060324BD06032439060324390603240E
:100660003906032439060324BD060324390603246E
:10067000390603243906032439060324BB0703245F
:10068000E7060324750703243906032439060324E7
:10069000DD07032439060324E7060324390603246F
:1006A000390603247D07032433681A1D1B68326052
:1006B00004F1420684F8423001239CE0336820684C
:1006C000191D3160060601D51D6803E04506FBD5FE
:1006D000B3F90050002D03DA2D236D4284F8433026
:1006E00058480A2311E021683368080653F8045B70
:1006F00002D4490648BFADB26F2F5248336014BFD1
:100700000A230823002184F843106668A660002E9F
:1007100005DB21682E4321F0040121604BD01646F1
:10072000B5FBF3F103FB1157C75D06F8017D2F46BA
:10073000BB420D46F4D9082B0BD12368DF0708D53F
:10074000236961689942DEBF302306F8013C06F157
:10075000FF36921B2261CDF800A04B4603AA21462A
:100760004046FFF7E7FE01304AD14FF0FF3004B0BA
:10077000BDE8F087236843F02003236032487827E0
:1007800084F84570236831681F0651F8045B02D471
:100790005F0648BFADB23160D90744BF43F02003C4
:1007A00023601DB11023ADE72648E9E7236823F055
:1007B00020032360F6E71646BDE7336825686169C4
:1007C000181D30602E061B6801D5196002E068060E
:1007D000FBD51980002323611646BCE733681A1D38
:1007E00032601E68626800213046DBF709FB08B101
:1007F000801B606063682361002384F84330AAE7AC
:100800002369324649464046D0470130ADD023687F
:100810009B0713D4E068039B9842B8BF1846A6E72D
:100820000123324649464046D04701309DD001352C
:10083000E36803995B1AAB42F2DCEBE7002504F1B5
:100840001906F5E770CA032481CA0324002310B5F2
:100850000446C0E90033C0E9043383608181436604
:10086000C2818361194608225C3000F0A5FA0D4B65
:1008700063620D4BA3620D4BE3620D4B23630D4B83
:1008800024629C4206D003F16802944202D0D03325
:100890009C4205D104F15800BDE8104000F01CBC9A
:1008A00010BD00BF3D0B03245F0B0324970B0324F3
:1008B000BB0B03241C320120024A0349034800F009
:1008C00069B800BF58050020812B0324680500206B
:1008D00041680C4B994210B5044601D002F050F922
:1008E000A168094B994202D0204602F049F9E1681B
:1008F000064B994204D02046BDE8104002F040B9B2
:1009000010BD00BF1C32012084320120EC320120D6
:1009100010B50B4B0B4C0C4A1A60204600220421E8
:10092000FFF794FF04F1680001220921FFF78EFF11
:1009300004F1D0000222BDE810401221FFF786BF6B
:10094000543301201C320120B9080324014800F06F
:10095000C4BB00BF5E330120014800F0BFBB00BF35
:100960005E33012010B50446FFF7F0FF236A1BB188
:10097000BDE81040FFF7F0BF044B2362044B1B6837
:10098000002BF5D1FFF7C4FFF2E700BFD108032425
:10099000543301202DE9F8430746884614460026C3
:1009A000D4E90195B9F1010905D52468002CF7D1E6
:1009B0003046BDE8F883AB89012B07D9B5F90E3075
:1009C000013303D029463846C04706436835E9E776
:1009D000036A70B5846805460E460BB9FFF7C2FF7F
:1009E000636EDB0705D4A389980502D4A06D00F0DF
:1009F00074FBA389190702D52369002B35D1214641
:100A0000284600F059F980B34FF0FF35636EDA07DE
:100A100005D4A3899B0502D4A06D00F05FFB284696
:100A200070BD002B04DAA2699A4217DC0A2915D09E
:100A300023685A1C22601970A36816F8011F013B35
:100A4000A3600029EDD1002B11DA22460A212846A5
:100A500000F0F4F80130D7D00A25D7E7224628461F
:100A600000F0ECF80130E7D1CEE7013EE4E723687F
:100A70005A1C22600A221A70EEE70000024B01465F
:100A80001868FFF7A5BF00BF640500200CB430B59F
:100A9000184B0C1E1D689DB008DA8B232B604FF09D
:100AA000FF301DB0BDE8304002B070474FF4027314
:100AB000ADF814304FF000031B9314BF04F1FF3363
:100AC0002346049307934FF6FF7302900690ADF808
:100AD0001630209A21AB02A92846019301F08EFD21
:100AE000431CBCBF8B232B60002CDAD0029B00225E
:100AF0001A70D6E7640500200EB410B59DB01FAB88
:100B0000029006906FF000410A48079104910A494B
:100B100053F8042B0591002402A9006801931B944B
:100B200001F06CFD029B1C701DB0BDE8104003B0CD
:100B3000704700BF640500200802FFFF10B50C4697
:100B4000B1F90E1000F056FA0028ABBF636DA3890F
:100B50001B1823F48053ACBF6365A38110BD2DE93E
:100B6000F0411F468B89DB0505460C46164605D528
:100B7000B1F90E100223002200F02AFAA389B4F979
:100B80000E1023F48053A38132463B462846BDE82D
:100B9000F04100F065BA10B50C46B1F90E1000F046
:100BA00017FA431CA38915BF606523F4805343F4EF
:100BB0008053A38118BFA38110BDB1F90E1000F0BE
:100BC000F7B930B51446002C9BB005461A4605DA35
:100BD0008B2303604FF0FF301BB030BD4FF4027326
:100BE000ADF80C304FF00003199314BF04F1FF333C
:100BF0002346029305934FF6FF7300910491ADF8DD
:100C00000E3069461E9B01F0F9FC431CBCBF8B23D0
:100C10002B60002CE0D0009B00221A70DCE7000063
:100C200007B5009313460A46014603480068FFF7DC
:100C3000C8FF03B05DF804FB64050020F8B50E465C
:100C40001446054618B1036A0BB9FFF78BFEA3697A
:100C5000A360A3891A0701D5236943B92146284611
:100C600000F02AF818B14FF0FF373846F8BD236876
:100C70002269981A6369F6B28342374605DC214639
:100C8000284601F07DFF0028EDD1A368013BA36059
:100C900023685A1C22601E706269431C9A4204D069
:100CA000A389DB07E1D50A2EDFD12146284601F0D2
:100CB00067FF0028D9D0D6E738B5294B0546186814
:100CC0000C4618B1036A0BB9FFF74CFEB4F90C30AF
:100CD000190722D4DA0607D409222A6043F0400318
:100CE000A3814FF0FF3033E0580712D5616B41B15B
:100CF00004F14403994202D0284601F057F800233A
:100D00006363A38923F02403A38100236360236921
:100D10002360A38943F00803A38123694BB9A38906
:100D200003F42073B3F5007F03D02146284601F079
:100D300087FFB4F90C3013F001020AD00022A26040
:100D400062695242A261226942B913F08000C5D1A2
:100D500038BD990758BF6269A260F4E70020F7E741
:100D60006405002010B501390244904201D10020F1
:100D700005E0037811F8014FA34201D0181B10BD04
:100D80000130F2E7884210B501EB020402D9844237
:100D9000234607D8431EA14208D011F8012B03F8BF
:100DA000012FF8E7024401468A4200D110BD13F832
:100DB000014D02F8014DF7E702440346934200D18A
:100DC000704703F8011BF9E710B502461478134683
:100DD0000132002CFAD1013B11F8012B03F8012F4D
:100DE000002AF9D110BDC9B20346184613F8012BE9
:100DF00012B18A42F9D17047002918BF002070470C
:100E000010B56AB10139841810F8012B11F8013FAF
:100E10009A4203D1A04201D0002AF5D1D01A10BDC8
:100E20001046FCE710B50139034632B111F8014F05
:100E300003F8014B013A002CF7D11A4400219342E8
:100E400000D110BD03F8011BF9E710B502460144BB
:100E50008A42134603D01C780132002CF8D1181AAC
:100E600010BD0000164B2DE9F0411F687C6C054653
:100E70000E46ECB95020FEF77FFE0246786420B99A
:100E8000104B11485B2100F09DF9C0E90044C0E916
:100E90000244C0E90444C0E90A44C0E90C44C0E982
:100EA0000E44C0E91044C0E91244846104774462EE
:100EB0007A6C314628460123BDE8F04100F006B8BF
:100EC00064050020A0C9032492CA0324F0B5044697
:100ED00008B9146844B1204614F8015B0F4617F8AE
:100EE000016B1EB965B91560002005E0B542F6D169
:100EF000002BF0D114600370F0BD1C460CE01DB94E
:100F0000274614F8013B0E4616F8015BAB42F6D1BA
:100F1000002BF2D000233B701460EDE70A7870B527
:100F20006AB970BD9A4209D10C46054614F8013FD2
:100F3000002BF6D015F8016F9E42F7D001300378F0
:100F4000002BEFD11846ECE71F2938B505460C46B3
:100F500004D9162303604FF0FF3038BDC26B12B1C5
:100F600052F821304BB9284600F068F82246014675
:100F70002846BDE8384000F04FB8012B0AD0591C74
:100F800003D1162303600120E7E7002142F8241073
:100F9000204698470020E0E7024B01461868FFF71B
:100FA000D3BF00BF6405002000487047A80600209A
:100FB00038B5064D0023044608462B6002F01CF8A5
:100FC000431C02D12B6803B1236038BD5833012084
:100FD00038B5074D04460846114600222A601A46D5
:100FE00002F032F8431C02D12B6803B1236038BDF4
:100FF0005833012038B5074D0446084611460022F3
:101000002A601A4602F028F8431C02D12B6803B16B
:10101000236038BD5833012038B5074D00230446FE
:10102000084611462B6002F007F8431C02D12B68DA
:1010300003B1236038BD00BF5833012001F0ECBF7D
:1010400038B5064D0023044608462B6002F00CF824
:10105000431C02D12B6803B1236038BD58330120F3
:1010600038B5074D04460846114600222A601A4644
:1010700002F008F8431C02D12B6803B1236038BD8D
:1010800058330120014B1868704700BF64050020E9
:1010900070B50D4D0D4C641BA4100026A64209D15D
:1010A0000B4D0C4C0BF0F6FE641BA4100026A64260
:1010B00005D170BD55F8043B98470136EEE755F869
:1010C000043B98470136F2E7F4D10324F4D103241A
:1010D000F4D103243CD20324704770477047034681
:1010E00011F8012B03F8012B002AF9D170470A44AB
:1010F000914200F1FF3300D1704710B511F8014B58
:1011000003F8014F9142F9D110BD00002DE9F843D9
:10111000274D0746286891460E469846FFF7DDFFA3
:10112000244A14683CB9244B1360244A12B1126853
:10113000C3F88820204C63681F2B06DD2868FFF762
:10114000CDFF4FF0FF30BDE8F8832FB3D4F888000F
:1011500068B91B4B002BF1D04FF48470FEF70CFDE7
:101160000028EBD00023C0E94033C4F8880063684E
:1011700040F8239001229A4000EB8301D0F800311F
:101180001343C0F80031022FC1F8808002BFD0F8AD
:1011900004311343C0F80431636828685A1C0233D1
:1011A000626044F82360FFF799FF0020CBE700BF9F
:1011B000B4050020EC3301206033012090CE0324DD
:1011C00079FB02241FB514461A46094B1B680546D5
:1011D000D8684CB1074B0091CDE9013406492B4644
:1011E00001F0F6FCFEF7A4FC044B1C46F3E700BF3D
:1011F0006405002016CB032423CB032451CB032406
:101200002DE9F74F03690C69A34207467EDB013CD9
:1012100001F11408A30000F11405009305EB840309
:10122000019358F8243055F8242001339A4208EBF2
:101230008409B2FBF3F62ED34FF0000AC446AE4643
:10124000D3465CF8043B98B206FB00A0020C1B0CD2
:1012500006FB0323DEF8002080B292B2121A5A4431
:10126000DEF800004FEA134A9BB2C3EB224303EBC4
:10127000104392B242EA0342E1454EF8042B4FEA92
:10128000234BDED2009BEB582BB9019B043B9D42C4
:101290001A462FD33C61384601F044F8002825DB7C
:1012A0002946002058F8042BD1F800C01FFA82FE0E
:1012B0001FFA8CF3A3EB0E030344120CC2EB234280
:1012C00002EB1C429BB243EA0243C14541F8043B96
:1012D0004FEA2240E6D255F8242005EB840322B9D8
:1012E000043B9D421A460BD33C610136304603B0A5
:1012F000BDE8F08F1268043B002ACBD1013CC6E761
:101300001268043B002AEFD1013CEAE70020EEE737
:101310002DE9F04F2DED028BC76991B08DED020BD9
:1013200055EC104B1C9E0691814609920C937FB997
:101330001020FEF721FC0246C9F81C0020B99E4B84
:10134000EF219E48FFF73EFFC0E901770760C760C5
:10135000D9F81C30196859B15A684A600123934082
:101360008B60484600F0ACFDD9F81C3000221A60B2
:101370002B1EBBBF23F00043039300230122ACBF0D
:10138000336032608E4B039EB34310D10C9A42F20D
:101390000F731360C6F31303234300F0D5841D9B22
:1013A000884F002B00F0D784FB1C00F0D2BC9DEDD1
:1013B000028BB5EE408BF1EE10FA0AD10C9A0123A4
:1013C00013601D9B13B11D9A7F4B13607F4F00F07C
:1013D000C2BC0EAA0FA94846B0EE480B01F052F865
:1013E000C6F30A530E9A0190002B45D0B0EE487B0D
:1013F00018EE901AC1F3130141F07F5141F44011EE
:10140000A3F2FF33002507EE901AB7EE086B9FEDAD
:10141000645B37EE467B9FED646BA7EE056B9FED3B
:10142000645B07EE903AB8EEE74BB0EE467BA4EE75
:10143000057BFDEEC76BB5EEC07BF1EE10FA16EE44
:10144000908A08D5B8EEE66BB4EE476BF1EE10FA71
:1014500018BF08F1FF38B8F1160F2BD85C4901EB23
:10146000C80191ED007BB4EEC78BF1EE10FA01D507
:1014700008F1FF3800211EE00F9B134403F23241B4
:101480002029C1BFC1F140018E4003F2124124FA6C
:1014900001F1D6BFC1F12001314304FA01F107EE99
:1014A000901AB8EE677B013B17EE901A0125A1F167
:1014B000F871A8E70121D21A531E059343BFC2F168
:1014C0000103002205920023B8F1000F0B9119DBF4
:1014D000059ACDF828804244059200220792069A88
:1014E000092A44D8052AC4BF043A0692069AA2F1F2
:1014F0000202CCBF00240124032A43D8DFE802F013
:101500003335160AC8F1000207920022A3EB080344
:101510000A92E4E701220892099A08EB020B0BF108
:10152000010A5246012AB8BF012206E001220892B0
:10153000099A002A29DD93469246D9F81C700021A9
:10154000042000F11406964226D979604846049397
:1015500000F076FC049B074600283DD11D4B024657
:1015600040F2AF11EDE60022E1E70022D3E70124CB
:101570000022069208944FF0FF3B0021DA46122227
:101580000991DAE701220892F5E74FF0010BDA46FC
:101590005A46CDF824B0D0E701314000D1E700BF72
:1015A00061436F63A787D23FB3C8608B288AC63F69
:1015B000FB799F501344D33FA0C903245FCB03247E
:1015C0000000F07F5BCB03246FCA03246ECA0324A0
:1015D000C8CD0324E1CB0324D9F81C20BAF10E0FA7
:1015E00010606ED8002C6CD0B8F1000F40F3B480BE
:1015F000C84A08F00F0102EBC10218F4807F92ED97
:10160000007B4FEA281100F09B80C34A92ED086BE3
:1016100088EE066B8DED026B01F00F010322BE48D0
:10162000002940F08F809DED026B86EE077B8DEDEB
:10163000027B0B999DED027B002900F0B380B7EE91
:10164000006BB4EEC67BF1EE10FA40F1AB80BAF15C
:10165000000F00F0A780BBF1000F30DDB2EE046B8D
:1016600027EE067B8DED027B08F1FF3104910132FC
:101670005C469DED026BB1EE0C5B07EE902AB8EE76
:10168000E77BA7EE065B15EE902A51EC150BA2F155
:101690005071002C40F08A80B1EE047B36EE476B2F
:1016A00041EC170BB4EEC76BF1EE10FA00F35D825C
:1016B000B1EE477BB4EEC76BF1EE10FA23D48DED9B
:1016C000028B0F990029C0F22981B8F10E0F00F3A7
:1016D0002581904B03EBC80393ED006B099B002B16
:1016E00080F2C880BAF1000F00F3C4800BD1B1EED4
:1016F000047B26EE076B9DED027BB4EEC76BF1EE2B
:1017000010FAC0F22F8200242546099BDB43049384
:101710003E464FF000082146484600F0D1FB002D20
:1017200000F0A280B8F1000F05D0A84503D04146D3
:10173000484600F0C5FB2946484600F0C1FB93E04F
:1017400002226CE7CC0704D590ED006B013227EE46
:10175000067B4910083063E722D0C8F100016D4ACA
:1017600001F00F0002EBC00292ED007B28EE077B38
:101770008DED027B684809110024022229B9002C52
:101780003FF457AF8DED027B53E7CE0705D590EDC3
:10179000006B0132012427EE067B49100830EDE78B
:1017A000022246E7CDF81080544662E7594A02EB20
:1017B000C40212ED024B089A41EC170B3C444AB3A9
:1017C000B6EE003BB7EE002B3E4683EE045BB2EE76
:1017D000043B35EE477BFDEEC64B14EE902AB8EE87
:1017E000E45B303236EE456BB4EEC76BF1EE10FAC7
:1017F00006F8012B38D432EE465BB4EEC75BF1EE4F
:1018000010FA6ED4A6423FF45AAF27EE037B26EEC1
:10181000036BE0E721463E4627EE047BB2EE043B35
:10182000FDEEC64B14EE902A303206F8012BA6428C
:10183000B8EEE45B36EE456B19D1B6EE005B37EEE1
:10184000054BB4EEC46BF1EE10FA4ADC35EE475BA3
:10185000B4EEC56BF1EE10FA7FF531AF0E460139EB
:1018600016F8013C302BF9D0DDF8108027E026EE89
:10187000036BD5E79DED027BB2EE044B3E4687EE4F
:10188000065BBDEEC55B15EE103A303306F8013B42
:10189000F31B9A45B8EEC53BA3EE467B32D137EE3B
:1018A000077BB4EEC67BF1EE10FA18DCB4EE467B93
:1018B000F1EE10FA03D115EE103ADB070FD40199BF
:1018C000484600F0FDFA00230C9A337008F101033A
:1018D00013601D9B002B00F03E821E603BE2CDF8A2
:1018E000108033461E4613F8012D392A06D19F4237
:1018F000F8D1049A0132049230223A701A780132F7
:101900001A70B1E727EE047BB5EE407BF1EE10FADA
:10191000B5D1D4E7C8CD0324A0CD0324089A002A6A
:1019200000F0E580069A012A00F3C680002D00F041
:10193000BF8001F23341079C1E460B440493059B74
:1019400048460B440121059300F06EFB049B0546BD
:1019500056B1059A002A07DDB2420599A8BF324662
:101960009B1AB61A8A1A0592079A12B3089A002A85
:1019700000F0C1809CB12946224648460D9300F0F4
:101980000BFC019A01460546484600F063FB0199AD
:101990000490484600F094FA049A0D9B0192079A2D
:1019A000121B06D004930199484600F0F5FB049BF6
:1019B000019001214846049300F036FB0A9A049BEB
:1019C0000446002A00F0CD810146484600F0E4FBC1
:1019D000069B012B0446049B00F39480029A002A84
:1019E00040F08C80039AC2F31302002A40F08880F2
:1019F000039A22F00042120D120522B1059A01321B
:101A000005920133012207920A9A002A00F0AF8161
:101A10002269049304EB8202106900F0B9FA049B76
:101A2000C0F12000059A104410F01F0075D0C0F1DD
:101A30002002042A69DD059AC0F11C000244034417
:101A400006440592002B05DD01991A46484600F030
:101A5000FDFB0190059B002B05DD21461A464846FB
:101A600000F0F4FB04460B9B002B58D00198214654
:101A700000F058FC002852DA08F1FF330493019972
:101A800000230A22484600F03DFA089B0190002BF3
:101A900000F06F81294600230A22484600F032FAFE
:101AA000BBF1000F054666DC069B022B40DC62E0C2
:101AB0000E99C1F136013EE7079A0AF1FF34A242BE
:101AC00007DBBAF1000FA2EB04040CDB1E46514603
:101AD00033E7079A0A990794A21A11440A911E46FD
:101AE0005146002429E7A3EB0A06002125E7079CBD
:101AF000089D1E462CE7079A049354E7002282E7CC
:101B0000029A80E70022079282E79BD005991C3257
:101B1000114413441644059194E70246F6E7BAF1DE
:101B2000000FCDF81080D34621DC069B022B1EDD72
:101B3000BBF1000F7FF4E9AD21465B460522484624
:101B400000F0E0F901460446019800F0EBFB0028A4
:101B50007FF7DBAD3E46312306F8013B049B0133A2
:101B60000493D6E5CDF8108054462546F2E7089B4D
:101B7000002B00F00281002E05DD29463246484642
:101B800000F064FB0546079B002B58D06968484667
:101B900000F056F9064628B9824B024640F2EF2182
:101BA000FFF7CFBB2A690232920005F10C010C301D
:101BB000FFF79DFA01223146484600F047FB7B1CA7
:101BC000059307EB0B030993029B03F00103A8465F
:101BD00008930546059B0198214603F1FF3BFFF75B
:101BE0000FFB4146029000F1300A019800F09AFB89
:101BF0002A4607902146484600F0B0FBC2680646D8
:101C0000FAB90146019800F08DFB0246314648467C
:101C10000A9200F055F9DDE905630A9A42EA0301E8
:101C2000089B19430FD1BAF1390F28D0079B002B1D
:101C300002DD029B03F1310A8BF800A06BE5284618
:101C4000BDE70122E2E7079B002B04DB06990B436B
:101C500008990B4320D1002AEEDD01990122484664
:101C600000F0F4FA2146019000F05CFB002803DC50
:101C7000E2D11AF0010FDFD0BAF1390FD9D13923EF
:101C80008BF8003033461E46013B16F8012C392AEA
:101C900052D001321A703EE5002A07DDBAF1390F41
:101CA000EDD00AF101038BF8003034E5059B099A69
:101CB00003F801AC934229D0019900230A22484637
:101CC00000F020F9A84501904FF000034FF00A0200
:101CD0004146484607D100F015F980460546059B68
:101CE0000133059376E700F00DF92946804600237D
:101CF0000A22484600F006F90546F0E7BBF1000F5E
:101D0000CCBF5E4601263E444FF0000801990122F7
:101D1000484600F09BFA2146019000F003FB0028A2
:101D2000B0DC02D11AF0010FACD133461E4613F8D5
:101D3000012D302AFAD0EEE49F42A4D1049B013356
:101D4000049331233B70E6E41D9B174F1BB107F151
:101D500008031D9A1360384611B0BDEC028BBDE834
:101D6000F08F069A012A7FF739AE0A9A079201206E
:101D700058E6BBF1000F7FF7D8AE3E4601982146EA
:101D8000FFF73EFA00F1300A06F801ABF21B93456B
:101D9000B4DD019900230A22484600F0B3F801900F
:101DA000ECE700BFE1CB032452CB032438B5054652
:101DB000002941D051F8043C0C1F002BB8BFE41897
:101DC000FDF78CFF1D4A136833B963601460284621
:101DD000BDE83840FDF788BFA34208D92068211824
:101DE0008B4201BF19685B6809182160EDE71A464C
:101DF0005B680BB1A342FAD911685018A0420BD10D
:101E000020680144501883421160E0D118685B6873
:101E1000536008441060DAE702D90C232B60D6E740
:101E2000206821188B4204BF19685B68636004BF97
:101E3000091821605460CAE738BD00BF183201207C
:101E400070B5C66904460D4676B91020FDF794FEBC
:101E50000246E06120B9184B18486B21FFF7B2F930
:101E6000C0E901660660C660E669F36883B1E369AC
:101E7000DB6853F82500B8B9012101FA05F6721D97
:101E800092002046FDF764FE60B1C0E901560EE005
:101E9000212204212046FDF75BFEE369F060DB6848
:101EA000002BE4D1002070BD026843F825200023F8
:101EB000C0E90333F7E700BFA0C90324F2CB032432
:101EC00070B5C66905460C4676B91020FDF754FE7C
:101ED0000246E86120B9094B09488F21FFF772F9E2
:101EE000C0E901660660C6603CB1EB696268DB6808
:101EF00053F82210216043F8224070BDA0C903248A
:101F0000F2CB03242DE9F0410D6907460C461E462D
:101F100001F1140C0020DCF8003099B202FB0161E1
:101F20001E0C0B0C02FB063389B2013001EB03419E
:101F300085424CF8041B4FEA1346ECDC0EB3A36851
:101F4000AB4219DC616838460131FFF779FF804602
:101F500028B902460C4B0D48BA21FFF733F9226924
:101F6000023204F10C0192000C30FFF7C0F8214658
:101F70003846FFF7A5FF444604EB850301355E6153
:101F800025612046BDE8F081E1CB0324F2CB032498
:101F9000B0F5803F034636BF030400201020B3F1A4
:101FA000807F3CBF1B020830B3F1805F3CBF1B0148
:101FB0000430B3F1804F3CBF9B000230002B05DBA7
:101FC00013F0804F00F1010008BF20207047036824
:101FD000024613F007000BD0D90721D4980749BF58
:101FE0005B089B08012013605CBF136002207047F0
:101FF00099B209B91B0C1020D9B209B908301B0AD3
:10200000190704BF1B090430990704BF9B0802305D
:10201000D90703D45B0800F1010003D013607047B7
:10202000002070472020704710B50C460121FFF7B3
:1020300007FF024628B9054B054840F24511FFF756
:10204000C1F801234461036110BD00BFE1CB03244B
:10205000F2CB03242DE9F04F17460A693B699A42F7
:10206000A8BF3B468946A4BF0F4699463D69D9F8AB
:1020700010A0BB68796805EB0A06B34285B0B8BF0B
:102080000131FFF7DDFE30B90246414B41484FF4C4
:10209000B171FFF797F800F1140404EB860E2346A4
:1020A0000022734520D307F1140809F1140108EB4D
:1020B000850501EB8A030293EB1B153B23F0030319
:1020C00004331537BD4238BF04230193029B0391AB
:1020D0008B420CD8002E03DD5EF8043D002B55D05A
:1020E000066105B0BDE8F08F43F8042BD9E7B1F8DD
:1020F00000A0BAF1000F1FD0C446A14600275CF82B
:10210000042BD9F800301FFA82FB9BB20AFB0B3379
:102110003B44D9F80070120C3F0C0AFB027202EB30
:1021200013429BB243EA0243654549F8043B4FEA38
:102130001247E4D8019BE750039BB3F802900431A7
:10214000B9F1000F20D023684746A4464FF0000A9B
:10215000B7F800B0BCF8022009FB0B2252449BB236
:1021600043EA02434CF8043B57F8043B4FEA134A56
:10217000BCF8003009FB0A3303EB1243BD424FEABF
:10218000134AE5D8019AA35004349FE7013EA1E722
:10219000E1CB0324F2CB03242DE9F843154612F0DA
:1021A000030207460E4607D0254C013A002354F897
:1021B0002220FFF7A7FE0646AD103DD0FC697CB992
:1021C0001020FDF7D9FC0246F86128B91D4B1E48C6
:1021D00040F2B311FEF7F6FFC0E901440460C460A9
:1021E000D7F81C80D8F808404CB940F27121384625
:1021F000FFF71AFF0023C8F80800044603604FF0F9
:102200000009EB070AD5314622463846FFF722FF80
:10221000314680463846FFF753FE46466D100BD0D8
:10222000206838B9224621463846FFF713FF206060
:10223000C0F800900446E4E73046BDE8F88300BFEC
:1022400094CD0324A0C90324F2CB03242DE9F04745
:102250000C464968236903EB6218A3680746914658
:102260004FEA621A08F10106B3420BDB3846FFF76A
:10227000E7FD054648B90246284B29484FF4EF715F
:10228000FEF7A0FF01315B00EEE7002300F114012F
:1022900000F110021846534533DB20692AEAEA7A36
:1022A00004F1140319F01F0901EB8A0103EB800C00
:1022B0002BD0C9F1200E8A460022186800FA09F0D6
:1022C00010434AF8040B53F8042B9C4522FA0EF2F3
:1022D000F3D8ACEB0403153B23F00303043304F100
:1022E0001500604588BF0423CA500AB108F10206F0
:1022F000013E38462E612146FFF7E2FD2846BDE843
:10230000F08742F8040F0133C5E7043953F8042B72
:1023100041F8042F9C45F9D8EAE700BFE1CB03243C
:10232000F2CB03240A6903460069801A30B50ED146
:102330001433143103EB820401EB820154F8045D81
:1023400051F8042D954203D005D24FF0FF3030BD37
:10235000A342F3D3FBE70120F9E700002DE9F74F93
:1023600089460646114648461446FFF7DBFF051E20
:1023700012D129463046FFF763FD024628B93F4B8C
:1023800040F237213E48FEF71DFF0123C0E9043526
:10239000104603B0BDE8F08FBCBF4B46A1463046A7
:1023A000D9F80410BABF1C4601250025FFF748FDE7
:1023B000024618B9314B40F24521E3E7D9F81070D5
:1023C0002669C56009F1100309F1140504F1140E22
:1023D00000F1140B05EB87080EEB86060193D94636
:1023E0004FF0000C019B5EF8040B53F804AF01930F
:1023F0001FFA8AF3194683B2CB1A000C6344C0EB70
:102400001A4000EB23409BB243EA0043764549F86B
:10241000043B4FEA204CE5D8331B153B23F0030364
:1024200015340433A64238BF04231D445B441E46C2
:102430002C4644450ED308F10301491B21F003014A
:10244000033DA84538BF00210B4453F8041D91B14A
:1024500017619DE754F8041BE646080C1CFA81FC42
:10246000714400EB2C4089B241EA004146F8041B5C
:102470004FEA204CDDE7013FE7E700BFE1CB032453
:10248000F2CB03242DE9F7430F46012159EC108BC1
:102490001646FFF7D5FC044630B90246234B2448C4
:1024A00040F20F31FEF78EFEC9F30A55C9F313034C
:1024B0000DB143F480130193B8F1000323D06846B3
:1024C0000093FFF784FDDDE90012D0B1C0F12003D5
:1024D00002FA03F30B43C24063610192019BA361C3
:1024E000002B0CBF012202222261A5B1A5F23345C7
:1024F00005443D60C0F135003060204603B0BDE8C2
:10250000F0836161EAE701A8FFF761FD019B636168
:1025100020300122E8E704EB8203A0F23240386069
:102520001869FFF735FDC0EB4210E5E7E1CB032466
:10253000F2CB032451F8043C181F002BBCBF0B58EE
:10254000C01870472DE9F0478E681F46BE420B68E1
:1025500082460C4690462DD8B1F90C2012F4906FAB
:1025600026D06569096905EB4505A3EB010905EB73
:10257000D5757B1C4B446D109D4238BF1D465305DD
:1025800027D52946FDF72AFB064660B321694A464E
:10259000FEF7ADFDA38923F4906343F08003A3818C
:1025A000266165614E44A5EB09052660A5603E469F
:1025B000BE4200D93E46206832464146FEF7E2FB65
:1025C000A3689B1BA3602368334423600020BDE8FD
:1025D000F0872A46FDF702FC06460028E0D1216973
:1025E0005046FFF7E3FB0C23CAF80030A38943F001
:1025F0004003A3814FF0FF30E9E700002DE9F04FE1
:1026000098468B891B069DB007460D46144610D58B
:102610000B6973B94021FDF7E1FA2860286130B9F0
:102620000C233B604FF0FF301DB0BDE8F08F40231E
:102630006B610023099320238DF82930CDF80C809D
:102640003023DFF89C818DF82A304FF001092346B2
:102650009A4613F8012B0AB1252AF9D1BAEB040BDB
:102660000BD05B46224629463846FFF76BFF013008
:1026700000F0A780099A5A4409929AF80030002B7A
:1026800000F09F8000234FF0FF32CDE905230AF1CF
:10269000010A049307938DF853301A935446052288
:1026A00014F8011B4E48D9F7ABFB049AD8B9D006F1
:1026B00044BF20238DF85330110744BF2B238DF8DE
:1026C00053309AF800302A2B15D0079A5446002030
:1026D0004FF00A0C214611F8013B303B092B4BD936
:1026E000B0B1079214E0A0EB080309FA03F3134317
:1026F0000493A246D2E7039B191D1B680391002B8C
:10270000BBBF5B4242F0020207930793B8BF04923B
:1027100023782E2B0AD163782A2B32D1039B1A1DE2
:102720001B68039243EAE37302340593DFF8C0A009
:10273000217803225046D9F763FB38B1049BA0EB04
:102740000A004022824013430134049314F8011B11
:1027500024488DF828100622D9F752FB002836D0DD
:10276000214B1BBB039B073323F007030833039361
:10277000099B334409936AE70CFB02320C460120A3
:10278000A8E700230134059319464FF00A0C2046B0
:1027900010F8012B303A092A03D9002BC6D0059135
:1027A000C4E70CFB012104460123F0E703AB0093CF
:1027B0002A460E4B04A93846FDF7A2FC421C0646E9
:1027C000D6D1AB895B063FF52DAF09982CE703AB5B
:1027D00000932A46054B04A93846FDF719FFEDE79B
:1027E00075CC03247FCC0324010103244525032455
:1027F0007BCC03249368013B002B10B4936008DA70
:102800009469A34201DB0A2903D15DF8044BFEF76A
:1028100015BA1368581C1060197008465DF8044B0F
:102820007047F8B506460F461446D518AC4201D19C
:10283000002007E014F8011B3A463046FFF7DAFFA4
:10284000431CF3D1F8BD00002DE9F04F0D469DB0BB
:1028500014469846064618B1036A0BB9FEF782F88B
:102860006B6ED90705D4AB899A0502D4A86DFEF723
:1028700034FCAB891B0701D52B699BB9294630462F
:10288000FEF71AFA70B16B6EDC0704D54FF0FF301B
:102890001DB0BDE8F08FAB899805F7D4A86DFEF7A1
:1028A0001DFCF3E70023099320238DF82930CDF890
:1028B0000C803023DFF8AC818DF82A304FF001090D
:1028C00023469A4613F8012B0AB1252AF9D1BAEB0F
:1028D000040B0BD05B46224629463046FFF7A1FF8A
:1028E000013000F0A780099A5A4409929AF8003002
:1028F000002B00F09F8000234FF0FF32CDE905232D
:102900000AF1010A049307938DF853301A93544641
:10291000052214F8011B5348D9F772FA049AD8B962
:10292000D10644BF20238DF85330130744BF2B2317
:102930008DF853309AF800302A2B15D0079A544658
:1029400000204FF00A0C214611F8013B303B092BC7
:102950004BD9B0B1079214E0A0EB080309FA03F3D6
:1029600013430493A246D2E7039B191D1B680391EE
:10297000002BBBBF5B4242F0020207930793B8BF34
:10298000049223782E2B0AD163782A2B32D1039B11
:102990001A1D1B68039243EAE37302340593DFF8C0
:1029A000D4A0217803225046D9F72AFA38B1049BE3
:1029B000A0EB0A004022824013430134049314F830
:1029C000011B29488DF828100622D9F719FA00288A
:1029D0003FD0264B1BBB039B073323F00703083371
:1029E0000393099B3B4409936AE70CFB02320C46B4
:1029F0000120A8E700230134059319464FF00A0C83
:102A0000204610F8012B303A092A03D9002BC6D0F2
:102A10000591C4E70CFB012104460123F0E703AB59
:102A200000932A46124B04A93046FDF769FB07467E
:102A3000781CD6D16B6ED90705D4AB899A0502D420
:102A4000A86DFEF74BFBAB895B063FF51FAF0998FE
:102A50001EE703AB00932A46054B04A93046FDF759
:102A6000D7FDE4E775CC03247FCC032401010324C4
:102A7000232803247BCC0324B1F90C202DE9F04159
:102A8000160705460C4654D44B68002B02DC0B6C31
:102A9000002B48DDE66A002E45D0002312F4805258
:102AA0002F68216A2B6030D0626DA389590705D544
:102AB0006368D21A636B0BB1236CD21A0023E66AE7
:102AC000216A2846B047431CA38906D129681D29DD
:102AD0002BD82A4ACA40D60727D500226260D904DB
:102AE0002269226004D5421C01D12B6803B96065BC
:102AF000616B2F60B9B104F14403994202D02846BA
:102B0000FFF754F9002363630DE001232846B04723
:102B10000246501CC9D12B68002BC6D01D2B01D0FA
:102B2000162B1ED12F60002022E043F040031BB281
:102B30001BE00F69002FF6D093070E6808BF4B69A2
:102B40000F6018BF0023A6EB07088B60B8F1000FD9
:102B5000E9DD216AA66A43463A462846B04700287E
:102B600008DCB4F90C3043F04003A3814FF0FF3090
:102B7000BDE8F0810744A8EB0008E7E7010040202A
:102B800038B50B6905460C4613B90025284638BDF3
:102B900018B1036A0BB9FDF7E5FEB4F90C30002B50
:102BA000F3D0626ED00704D4990502D4A06DFEF76D
:102BB00094FA28462146FFF75FFF636EDA07054661
:102BC000E4D4A3899B05E1D4A06DFEF787FADDE785
:102BD0000EB403B5014603AB054853F8042B006857
:102BE0000193FFF731FE02B05DF804EB03B07047CC
:102BF0006405002070B50C46B1F90E10002996B09E
:102C000015461E460DDAA38913F0800F4FF0000120
:102C100014BF40234FF48063002031602B6016B056
:102C200070BD6A4600F048F80028ECDB019901F419
:102C30007041A1F50053594259414FF48063EBE7CD
:102C40008B89F7B59D0706460C4607D504F1470367
:102C5000236023610123636103B0F0BD01AB6A46C9
:102C6000FFF7C8FF009F054639463046FCF7B6FF20
:102C700048B9B4F90C309A05EED423F0030343F0BD
:102C80000203A381E2E7A389206043F08003A381CC
:102C9000019BC4E904075BB1B4F90E10304600F0A3
:102CA0001DF828B1A38923F0030343F00103A38196
:102CB000A3891D43A581CFE738B5074D00230446FE
:102CC000084611462B6000F09FF9431C02D12B6887
:102CD00003B1236038BD00BF5833012038B5064D1D
:102CE0000023044608462B6000F09EF9431C02D1E5
:102CF0002B6803B1236038BD5833012082B001B97D
:102D000001A942B14BB113780B601278101E18BFA5
:102D1000012002B070471046FBE76FF00100F8E7B2
:102D20000346084641B1FF2A04D98A221A604FF0AF
:102D3000FF3070470A700120704700002DE9F0470E
:102D4000089D0E4604460F46002B4AD194468C45FA
:102D5000B2FA82F260D942B1C2F12003974020FA60
:102D600003F30CFA02FC1F4394404FEA1C4E1FFA77
:102D70008CF6B7FBFEF1230C0EFB117743EA0743F9
:102D800001FB06F098420AD91CEB030301F1FF375F
:102D900080F01581984240F21281023963441B1A77
:102DA000A4B2B3FBFEF00EFB103344EA034400FB75
:102DB00006F6A6420AD91CEB040400F1FF3380F0AA
:102DC0000081A64240F2FD806444023840EA01409E
:102DD000A41B00211DB1D4400023C5E90043BDE878
:102DE000F0878B4205D90DB1C5E9000100210846E5
:102DF000F5E7B3FA83F1002946D1B34202D3824208
:102E000000F2F580841A66EB030201201746002DBC
:102E1000E5D0C5E90047E2E7002A40F09380A1EB46
:102E20000C034FEA1C471FFA8CFE0121B3FBF7F697
:102E300007FB1630230C43EA00430EFB06F09842D2
:102E400008D91CEB030306F1FF3802D2984200F2C6
:102E5000D08046461B1AA4B2B3FBF7F007FB103331
:102E600044EA03440EFB00FEA64508D91CEB04040B
:102E700000F1FF3302D2A64500F2B6801846A4EB5B
:102E80000E0440EA0640A5E7C1F120078B4022FA74
:102E900007FC4CEA030C06FA01FE20FA07F426FAB6
:102EA00007F344EA0E0400FA01F84FEA1C404FEA27
:102EB0001449B3FBF0FE1FFA8CF600FB1E3349EAFF
:102EC00003430EFB06F9994502FA01F20BD91CEBFC
:102ED00003030EF1FF3A80F08580994540F282802D
:102EE000AEF1020E6344A3EB0909A4B2B9FBF0F3FF
:102EF00000FB139944EA094403FB06F6A64208D9ED
:102F00001CEB040403F1FF3068D2A64266D9023BF1
:102F1000644443EA0E40A41BA0FB02E6B44273469D
:102F2000B14652D34FD05DB1B8EB030264EB090454
:102F300004FA07F722FA01F31F43CC40C5E90074F5
:102F400000214CE7C2F1200120FA01F30CFA02FC47
:102F500026FA01F1964033434FEA1C471FFA8CFED4
:102F6000B1FBF7F007FB1016190C41EA064100FB14
:102F70000EF68E4204FA02F408D91CEB010100F1AE
:102F8000FF382DD28E422BD902386144891B9BB267
:102F9000B1FBF7F607FB161143EA014306FB0EF1FE
:102FA000994208D91CEB030306F1FF3814D2994269
:102FB00012D9023E63445B1A46EA004136E73946BD
:102FC000EDE6184602E7F045ADD2BEEB020366EB34
:102FD0000C060138B146A6E74646ECE7034698E7FB
:102FE0004046D3E7D6467EE76444023847E70846C2
:102FF0000DE7023E63442DE7024B58221A604FF062
:10300000FF30704758330120024B58221A604FF0AE
:10301000FF30704758330120024B58221A604FF09E
:10302000FF30704758330120024B58221A600020AD
:10303000704700BF58330120024B58221A604FF0EE
:10304000FF30704758330120024B58221A604FF06E
:10305000FF30704758330120024B58221A604FF05E
:10306000FF30704758330120044A05491368002B8C
:1030700008BF0B461844106018467047F83401200A
:10308000000020C0024B58221A604FF0FF307047FA
:1030900058330120FEE700BF0030014000380040F7
:1030A000003C004000340140005001400014005832
:1030B0000054004000580040005C0040001C0058D4
:1030C00005080000050900000507000005060000CE
:1030D000050A000006060000010A0000010B0000BE
:1030E00002000204000202010101000700060003C1
:1030F00007000000020000000400000008000000BB
:1031000003000000040000000200000002000000B4
:103110000800000004040000040200000405000090
:10312000040600000403000000000000AC9003242B
:10313000A88E0324A48C0324FF00003C00000000A0
:10314000FF00003C00000000FF00003C0000000009
:10315000FF00003C0000000000000000903E03243F
:103160009C3E0324A83E0324B43E03240100000037
:10317000030000000500000006000000070000003A
:1031800008000000090000000A0000000000000024
:10319000000000000000000000000000000000002F
:1031A000000000400004004000080040000C004007
:1031B000C9D000240DD1002435D1002425D200240B
:1031C00029D2002400000000C9D20024B5D2002476
:1031D000DDD200246DD300240000000000000000B8
:1031E0000000084065000000090000000010000019
:1031F000000004404D000000090000000010000025
:1032000040466C617368202F30783930303430306C
:1032100030302F36302A36344B6700006568326B09
:103220000000000053717561726573264369726313
:103230006C657320000000003030303030303030AA
:10324000000000005B7564796E6C696E6B202573FD
:1032500020696E2066756E6374696F6E2025732C0D
:10326000206C696E652025645D200000496E7661E2
:103270006C6964206C6F6164206D6F6465202564E7
:103280000A0000004D6F64756C65206E616D6520ED
:1032900073796D626F6C20646F65736E277420683C
:1032A0006176652074686520636F7272656374204F
:1032B00074797065210A0000284E2F412900000012
:1032C000636F6465000000006461746100000000C9
:1032D00053796D626F6C2025732072656C6F63612A
:1032E0007465642072656C617469766520746F2002
:1032F00025732C206F7269672076616C7565206973
:103300007320253038582C206E65772076616C75D7
:103310006520697320253038580A00005544594EFD
:103320004C494E4B5F4552525F494E56414C4944C1
:103330005F4D4F44554C450A00000000556E6C6FC0
:103340006164696E67206D6F64756C6520617420BF
:1033500025700A004465616C6C6F6361746564205C
:103360006D656D6F727920617265612061742025D1
:10337000700A00005544594E4C494E4B5F4552521D
:103380005F4C4F41445F4F55545F4F465F4D454D35
:103390004F52590A000000005544594E4C494E4BBB
:1033A0005F4552525F4C4F41445F494E56414C4934
:1033B000445F5349474E0A005544594E4C494E4BC1
:1033C0005F4552525F4C4F41445F4241445F52451A
:1033D0004C4F434154494F4E5F5441424C450A00C3
:1033E0005544594E4C494E4B5F4552525F4C4F41EC
:1033F000445F554E4B4E4F574E5F53594D424F4CC5
:103400000A0000005544594E4C494E4B5F455252FC
:103410005F4C4F41445F52414D5F4C454E5F4C4FB6
:10342000570A000050726F63657373696E67206D91
:103430006F64756C65206174202570206E616D6508
:103440006420272573272077697468206C6F616476
:10345000206D6F64652025640A000000416C6C6F6C
:1034600063617465642025752062797465732066D4
:103470006F72206D6F64756C652061742025700A11
:103480000000000052414D206172656120666F723C
:10349000206D6F64756C65206174202570206973E0
:1034A0002061742025702028257520627974657349
:1034B000290A0000417765736F6D6521204D6F64A7
:1034C000756C6520257020646F65736E2774206E9F
:1034D00065656420616E792052414D0A000000004C
:1034E000436F70696564206D6F64756C65206174ED
:1034F00020257020746F2052414D2061742025706A
:1035000020282575206279746573290A000000005F
:10351000436F7069656420636F646520616E642029
:1035200064617461206F66206D6F64756C65202521
:103530007020746F2052414D206174202570202826
:103540002575206279746573290A0000436F7069DC
:1035500065642064617461206F66206D6F64756CB2
:103560006520257020746F2052414D206174202504
:103570007020282575206279746573290A0000007F
:103580004C4F5420626173653A2025702C202E64C4
:10359000617461207374617274732061742025708A
:1035A0002C202E636F6465207374617274732061C4
:1035B000742025700A000000446F6E65206C6F61F6
:1035C00064696E67206D6F64756C65206174202579
:1035D000700A00004170706C79696E672072656CCA
:1035E0006F636174696F6E20666F722073796D62AC
:1035F0006F6C20617420696E6465782025752C20BD
:103600006E616D653D25732C20747970653D256470
:103610002C20646174615F72656C6F633D2564206A
:103620006174206C6F745F6F66667365743D257599
:103630002C2076616C75653D253038580A000000F5
:103640004170706C79696E672065787465726E2060
:1036500072656C6F636174696F6E20666F72207340
:10366000796D626F6C20617420696E6465782025C5
:10367000752C206E616D653D2573206174206C6F23
:10368000745F6F66667365743D25750A00000000FF
:10369000556E61626C6520746F207265736F6C7615
:1036A000652072656C6F636174696F6E20666F72FE
:1036B0002065787465726E2073796D626F6C202757
:1036C0002573270A000000006E2F61006572726F7B
:1036D000720000007761726E696E6700696E666FD6
:1036E000000000005544594E4C494E4B5F4F4B0A69
:1036F000000000005544594E4C494E4B5F45525214
:103700005F4C4F41445F554E41424C455F544F5FC3
:103710005849500A000000005544594E4C494E4B40
:103720005F4552525F4C4F41445F4E4F5F4D4F5289
:10373000455F48414E444C45530A00005544594E9C
:103740004C494E4B5F4552525F4C4F41445F494E8E
:1037500056414C49445F4D4F44450A005544594E2B
:103760004C494E4B5F4552525F4C4F41445F44556C
:10377000504C49434154455F4E414D450A000000BD
:103780003031323334353637383941424344454697
:103790004748494A4B4C4D4E4F5051525354555641
:1037A0005758595A2024252A2B2D2E2F3A00000035
:1037B0005326432025303258253032582530325890
:1037C000253032582530325825303258000000005C
:1037D00030782530367800005752495445202573FB
:1037E0002025780A435243303A2025780000000013
:1037F00051535049205752495445204552524F5237
:103800000A20414444523A202578205245543A2017
:1038100025640A005752512025640A435243313A25
:103820002025780A435243323A20257800000000D0
:103830004552522025640A435243313A2025780AE2
:10384000435243323A202578000000004446552078
:103850002578202564000000434C4B2D5352430033
:1038600042504D002533642E25640000256300007E
:10387000412B42002D000000432B44004D49444998
:103880002F55534200000000FFFFFFFFFFFFFFFF27
:10389000FFFFFFFFFFFFFFFF00000000424C4F4211
:1038A00020464958454400002E6C6F6164657200E3
:1038B0002E696E64657800003C6E756C6C3E00008D
:1038C000415247323A20307825780000252E39734E
:1038D00000000000434653523A20307825303878B3
:1038E00000000000484653523A203078253038789E
:1038F000000000004D4D4641523A3078253038786E
:1039000000000000424641523A2030782530387895
:1039100000000000434F44453A2030782530387885
:10392000000000002D20202B0000000021000000DE
:10393000434C4B0054524947000000005245534548
:103940005400000050524F420000000053544550B4
:103950005300000025000000544D0000687474708E
:10396000733A2F2F6568326B2E6769746875622E03
:10397000696F2F2D2F3F613D253032582530325849
:1039800025303258253032582530325825303258BB
:10399000000000002530325825303258253032588A
:1039A0000A25303258253032582530325800000070
:1039B00030000000505452004352430050455246DC
:1039C0003A00000023256420253664004155442038
:1039D0002536640047465820253664004D49444941
:1039E00025366400414C4C202564207573202D2021
:1039F000252E3166252500004E4F502025640000FD
:103A0000494F3A0025733A20253034582025580074
:103A10005345513A00000000434C4F434B3A202598
:103A20003664000025733A2025366400424C4F422C
:103A30003A2025642025730050726F673A3078254C
:103A400078000000426F6F746C616F6465723A3089
:103A50007825780050726F6753697A653A2025643B
:103A600000000000455852414D3A2025644D420067
:103A700050726F6743524333323A203078257800D2
:103A80002530327800000000252E3136732025388D
:103A90007820253564000000437261736872657098
:103AA0006F72742025303258253032582530325804
:103AB0002530325825303258253032580A56455272
:103AC00020252E3773204352432025780A0000001A
:103AD0002E6100002E620000405363616C650A2570
:103AE000730000002E646174613A20307825780AF2
:103AF0000000000052414D5F424153453A25780A8B
:103B00000000000073657475703A20307825780ADB
:103B1000000000003078253034783A2025780A00FB
:103B20007564796E6C696E6B5F65787465726E61D1
:103B30006C5F6D616C6C6F63320000007564796E50
:103B40006C696E6B5F65787465726E616C5F6361E2
:103B50006C6C6F63000000005F5F6E6577000000B3
:103B60005F5F696E69745F61727261790000000065
:103B70002054524947282573290900002E494F5FD8
:103B800053544552454F0000565F4F4354000000C8
:103B90007564796E6C696E6B5F70726F6365737359
:103BA000000000002F400000252E2A7300000000B6
:103BB0004552524F523A25640A0000005054523A7E
:103BC00025780A0052414D5F53495A453A25640A07
:103BD00000000000523A2564204C3A2564205354DA
:103BE0003A25640A00000000533A256420553A251E
:103BF000640A00007365747570000000257320303E
:103C00007825780A0000000070726F636573730096
:103C1000647261770000000073637265656E7361A2
:103C2000766572005F5F75695F6576656E745F6863
:103C3000616E646C657200005F5F6D6964695F65E9
:103C400076656E745F68616E646C6572000000007A
:103C50003E54524947530000565F51545A000000E9
:103C6000405363616C65000055444C4D00000000FA
:103C70004E4F484541440000665F6F70656E00001E
:103C8000665F726561640000665F74656C6C00005D
:103C9000665F73697A650000665F7472756E636152
:103CA00074650000665F6C7365656B00665F636CCE
:103CB0006F736500665F77726974650025642025FF
:103CC000730A0000252E3136730A63726333322083
:103CD0006572720A2578213D25780000637263338E
:103CE00032206572720A2578213D25780000000097
:103CF0007B0000002276657273696F6E223A202283
:103D0000252E313673222C00226364666C61677342
:103D1000223A202230782578220000007D00000021
:103D20004E4F5420454E4F554748204D454D4D4F21
:103D300052590A2564000000524543454956494EF0
:103D4000470A25642F2564005345545550303030C0
:103D5000000000004F4B20252E38730A4352433396
:103D6000323A3078255800004F4B20252E38730A00
:103D700043524333323A3078255820523A25640072
:103D80005B20435243204641494C2030782558203F
:103D90005D000000494E534552542D252E377300C7
:103DA00025732D25732D257309000000252B640034
:103DB0003D3D3D3D3D3D204D49582F4F55545055BB
:103DC0005453203D3D3D3D3D3D0000004F55545076
:103DD0005554000050414E004C4556454C000000E3
:103DE000414343454E542D494E5055540000000068
:103DF00052455345542D545249470000434C4F43BC
:103E00004B20534F55524345000000005452494740
:103E10002D494E5055540000562F4F43542D494EB6
:103E2000505554005155414E54495A4552000000D6
:103E300020524F4F540000005452414E53504F53A4
:103E4000450000002046494E450000003D3D3D3DF7
:103E50003D3D204D4F44554C4154494F4E53203D1C
:103E60003D3D3D3D3D0000004155582D494E5055CA
:103E700054000000494E534552542D4155580000FE
:103E80004155582D4452592028257329000000001F
:103E9000494E534552542D3100000000494E5345C0
:103EA00052542D3200000000494E534552542D33D8
:103EB00000000000494E534552542D3400000000CC
:103EC000256425630000000025302E326656000070
:103ED000494E54004D4944490000000050484153A8
:103EE0004F5200002E2E2573000000002E2E7374FA
:103EF0006F72696E672E2E2E000000003E000000DB
:103F0000204D4F44554C4154494F4E003E257300BF
:103F10002B2D00002564257300000000252E31663E
:103F2000257300003D3D3D3D3D3D204354524C2F07
:103F3000494E50555453203D3D3D3D3D3D00000010
:103F40003D3D3D3D3D3D3D204354524C2F4D494468
:103F500049203D3D3D3D3D3D3D0000004D4944492A
:103F60002D4348414E4E454C000000004D49444908
:103F70002D436F6E74726F6C00000000434C4F4312
:103F80004B2D536F7572636500000000202043566F
:103F90002D496E7075740000202050686173652D86
:103FA0004D61785600000000202054454D504F20B0
:103FB0002842504D29000000543A2537642025300E
:103FC000326400004D49444926434C4F434B0000A6
:103FD000253032640000000025303364000000000A
:103FE00020000000252E33660000000025362E300C
:103FF00066000000766563746F723A3A5F4D5F64E5
:10400000656661756C745F617070656E6400000058
:10401000766563746F723A3A5F4D5F7265616C6C7E
:104020006F635F696E736572740000004D414348B1
:10403000494E4500454E47494E4520202020253217
:10404000640000005B505245535320522D454E43AF
:104050005D000000204C6F6164202620726573654E
:104060007420492F4F207C00204C6F616420262053
:104070006B65657020492F4F207C000020436F70D6
:104080007920232564207C004D414348494E455307
:10409000202F20454E47494E45530000492F4F20C1
:1040A000434F4E4649470000434C4B2026204D4984
:1040B00044492053455454494E47530050415443BA
:1040C000482053544F52414745000000474E44009A
:1040D000435600004452554D530000004D2D4F53A0
:1040E0004300000053594E54480000004658000059
:1040F0004E4F49534500000053504545434800008A
:104100004323000044230000460000004623000033
:104110004700000047230000410000004123000049
:10412000420000002425640050617463682D255806
:1041300000000000464F524D415420523A25640081
:10414000464F524D41542046554C4C20523A25641E
:1041500000000000766563746F723A3A72657365A9
:1041600072766500656570726F6D5F726573746FEE
:1041700072652025642025642030782578000000B1
:10418000203C2D202564204F4B0A0000203C2D2090
:10419000534B495020307825780A000065657072CD
:1041A0006F6D5F73746F7265202564202564202D08
:1041B0003E2025640A000000474E442F2D2D2D007F
:1041C000524541445920544F00000000555044418D
:1041D000544500003C3C20554E43414C494252411D
:1041E000544544203E3E00003C3C202530325825BA
:1041F0003032582530325825303258253032582543
:10420000303258203E3E00003C3C3C3C204F555450
:10421000204F462052414D203E3E3E3E00000000D1
:104220003C3C3C3C204552524F52203030303020F4
:104230003E3E3E3E0000000076657273696F6E2E52
:10424000747874002E63616C6962726174696F6E58
:104250005F646174610000002320424547494E209D
:104260004D414C4C4F43204C4F4F502025640A0089
:104270002320454E44204D414C4C4F43204C4F4F42
:10428000502025640A00000050415443480A52451A
:1042900053544F524520534B495050454400000061
:1042A000494E56414C4944205041544348204845CA
:1042B000414445520000000050415443480A5245D1
:1042C00053544F5245204641494C454420256400F3
:1042D0004F4646200000000053454D4900000000B5
:1042E000494F4E4900000000444F52490000000071
:1042F00050485259000000004C5944490000000049
:104300004D49584F0000000041454F4C000000004F
:104310004C4F435200000000424C552B000000005F
:10432000424C552D0000000050454E2B000000006F
:1043300050454E2D00000000464F4C4B0000000041
:104340004A4150410000000047414D450000000037
:104350004759505300000000415241420000000004
:10436000464C414D0000000057484F4C00000000F3
:10437000505954480000000045422F34000000000E
:1043800045202F340000000045412F34000000007C
:10439000424841490000000047554E4100000000DE
:1043A0004D415257000000005348524900000000A0
:1043B000505552560000000042494C410000000098
:1043C00059414D41000000004B41464900000000AA
:1043D0004248494D000000004441524200000000A4
:1043E00052414745000000004B48414D000000008D
:1043F0004D494D4100000000504152410000000075
:1044000052414E470000000047414E470000000067
:104410004B414D450000000050414B410000000061
:104420004E415442000000004B41554E0000000038
:10443000424149520000000042544F440000000035
:104440004348414E000000004B544F440000000020
:104450004A4F47450000000053494E00545249005E
:10446000535152003E3F3F3F3F3F00004174742E86
:10447000000000004465632E000000005368617076
:1044800065000000467265712E0000005761766578
:1044900066726D00454E56004C464F00434C4B2F04
:1044A00031000000434C4B2F34000000434C4B2F95
:1044B00031360000434C4B2F33320000434C4B2F1E
:1044C0003936000054687275000000005326482DEC
:1044D000542564005426482D542564002B00000008
:1044E0004F500000252B2E326656000041545400D8
:1044F00052454C00524E4400454600005345510081
:10450000214C6566740000004C6566740000000074
:10451000215269676874000052696768740000007E
:10452000454E434F444552205345545550000000DA
:1045300020505245535320454E4320544F2052455E
:104540005645525345000000444953504C415920B0
:10455000534554555000000050524553533A000003
:10456000204C2D454E433A20464C495031383000BE
:1045700020522D454E433A204252494748544E4519
:10458000535300004441430043414C49425241547B
:10459000494F4E3A00000000252B642E3056000093
:1045A0003E444143256420282573292E2E2E2E2E8D
:1045B0002E000000252B6C640000000020444143C5
:1045C000256420282573292E2E2E2E2E2E00000045
:1045D000414443003D20252B2E3366560000000049
:1045E0003E414443257800002041444325780000A3
:1045F000492F4F2054455354000000005452256465
:104600002025732C204356256420252B2E336656F7
:104610000000000048415244574152452053455440
:10462000555000005052455353205249474854209A
:10463000544F2053415645002A2A2A2A2A2A00008C
:1046400043562F562F4F43540000000043562F452A
:104650006E7647656E5F41440000000043562F456B
:104660006E7647656E5F41445352000043562F4CAF
:10467000464F000043562F456E76466F6C6C6F7741
:10468000657200004E4F4953452F57686974655055
:10469000696E6B004E4F4953452F4E455300000045
:1046A0004E4F4953452F3830385F737175617265CD
:1046B000730000004D4944492F4D6F6E69746F724D
:1046C000000000004D4944492F436C6F636B0000AC
:1046D0004452554D532F464D2D4472756D000000C8
:1046E0004452554D532F3830386973682D42440079
:1046F0004452554D532F3830386973682D53440058
:104700004452554D532F3830386973682D486948E5
:10471000617400004D2D4F53432F57617665666FCE
:10472000726D73004D2D4F53432F566972742E4195
:104730006E616C6F670000004D2D4F53432F576122
:10474000766573686170696E670000004D2D4F5388
:10475000432F322D4F502D464D0000004D2D4F530D
:10476000432F466F726D616E742F5044000000003D
:104770004D2D4F53432F4861726D6F6E696300007A
:104780004D2D4F53432F576176657461626C650000
:104790004D2D4F53432F43686F7264004452554D63
:1047A000532F416E616C6F67204244004452554D57
:1047B000532F416E616C6F67205344004452554D36
:1047C000532F416E616C6F67204848320000000033
:1047D0004452554D532F416E616C6F67204848001D
:1047E0004452554D532F3930396973682D42440076
:1047F0004452554D532F3930396973682D53440055
:104800004452554D532F436C617073004452554DC3
:10481000532F54523930392D4869486174000000D3
:104820004452554D532F54523930392D52696465D5
:10483000000000004452554D532F5452373037007A
:104840004452554D532F446A656D62650000000067
:1048500046582F52657665726200000046582F5206
:10486000657665726253430046582F5265762D4433
:104870006174746F72726F0046582F44656C617971
:104880000000000046582F47617465642D5265761C
:104890006572620046582F5265766572622D4850E7
:1048A0002D4C500046582F4A5536305F63686F7262
:1048B000757300005350454543482F4C504300004A
:1048C0005350454543482F53414D00004D494449FD
:1048D0002F5641783600000053594E54482F4478E3
:1048E000464D000053594E54482F4478464D5F4280
:1048F0004E4B312D3300000053594E54482F526512
:10490000736F6E61746F720053594E54482F4F701D
:10491000656E3330330000005B534156455D000047
:104920005B4C4F41445D0000202A000028656D70FB
:1049300074792900534156453F0000004C4F4144D3
:104940003F00000050617463682D255825730000F6
:104950003C3C3C3C2053544F524520455252203E53
:104960003E3E3E002E2E73746F72696E672E2E2EA1
:104970005B2558253033585D0A0000003C3C3C3C28
:104980002053544F524520455252202564203E3E2C
:104990003E3E00002E2E6C6F6164696E672E2E2ED7
:1049A0005B2558253033585D0000000009040000E5
:1049B00009027700030100C0320904000000010170
:1049C000000009240100010900010109040100029D
:1049D0000103000007240100014100062402010137
:1049E000000624020202000924030103010201005F
:1049F000092403020401010100090504024000002A
:104A000000000525010101090584024000000000A5
:104A100005250101030904020000FE010204092129
:104A200003E803001001010012010002EF0201403F
:104A3000830411DF0001010203010000C8360324D2
:104A4000CC360324D4360324DC3603246F66667325
:104A500065745F73796D00006765745F73796D5F6E
:104A6000617400006765745F646174615F706F6991
:104A70006E746572000000007564796E6C696E6B0F
:104A80005F6C6F61645F6D6F64756C650000000042
:104A9000E4360324983303240434032474330324B6
:104AA000F4360324183703243C370324B833032493
:104AB000E03303245C3703241C330324010000008B
:104AC00000000000030000000200000008000000D9
:104AD0000A0000000C0000000800000010000000A8
:104AE00010000000090000000B0000000D00000095
:104AF0000A0000000C0000000E000000FF01010190
:104B00000101020202020404040404060606060768
:104B1000080809090A0C0C0C0D0E0F1011121313C2
:104B20001415161819FF01010102020404040505F9
:104B3000050809090A0A0B0D0E1011111214151798
:104B4000191A1C1D1F21232526282B2D2F31FF016B
:104B5000010202040406060808080A0C100C1110D1
:104B60001215141717191B1D22222326282B2D304E
:104B70003335383B3E4144FF01010204040405067D
:104B800008080B0B101012101315191919221E20EA
:104B90002325282A2D303336393C3F42464A4D5191
:104BA000FF070A0F141A1214181E1214181A1E16D0
:104BB000181C1E1C1C1C1C1E1E1A1C1E1E1E1E1E2B
:104BC0001E1E1E1E1E1E1E1E1EFF0A101A1218106A
:104BD0001216161A1E161618181C1C1A1A1A1A1C47
:104BE0001C1C1C1C1C1C1C1C1C1C1C1C1C1C1C1C05
:104BF0001C1CFF0D16121A1218121614181C1A1863
:104C0000141E181C1C1A1E1C1E1E1E1E1C1E1E1EE0
:104C10001E1E1E1E1E1E1E1E1E1E1EFF111C1610F8
:104C2000161C1A1A181C181C1618181E1C1C1A1CE4
:104C30001E181E1E1E1E1E1E1E1E1E1E1E1E1E1E9A
:104C40001E1E1E1E00000000201D9201BF2A24030C
:104C50005D19B6047CD947069E5BD90749906A095D
:104C60000568FB0A5ED38B0CE4C21B0E2B27AB0F2F
:104C7000CFF039116F10C812B17655144514E215F2
:104C8000DED96D173CB8F81826A0821A6A820B1C70
:104C9000E54F931D7BF9191F1C709F20C5A423228B
:104CA0007F88A6235E0C28258621A82628B92628D9
:104CB00085C4A329EB341F2BBAFB982C620A112E52
:104CC0006252872F4DC5FB30C7546E3287F2DE33F8
:104CD00057904D351420BA36B093243832DD8C39D4
:104CE000B7EEF23A70BA563CA632B83DB849173F13
:104CF0001DF27340651ECE4135C1254350CD7A4427
:104D00008F35CD45E7EC1C4765E669483315B44956
:104D1000986CFB4AF4DF3F4CC462814DA5E8BF4E5E
:104D20004D65FB4F94CC33516E126952F02A9B5360
:104D30004B0ACA54D2A4F555FAEE1D5754DD425819
:104D4000986464599A79825A54119D5BE020B45C4E
:104D50007C9DC75D8A7CD75E8DB3E35F3038EC60A5
:104D60003F00F161AC01F2629032EF632689E864A2
:104D7000D3FBDD652081CF66BD0FBD67819EA66830
:104D80006C248C69A4986D6A79F24A6B6029246C52
:104D9000FC34F96C140DCA6D9DA9966EB2025F6F5A
:104DA0009A102370C6CBE270D22C9E71852C55725E
:104DB000D0C30773D1EBB573D19D5F7445D3047530
:104DC000CF85A5753DAF41768949D976DB4E6C77A5
:104DD00089B9FA77148484782DA90979B1238A795D
:104DE000ADEE057A5B057D7A2363EF7A9E035D7BEA
:104DF00090E2C57BEEFB297CDE4B897CB2CEE37C66
:104E0000EC80397D405F8A7D8F66D67DEA931D7E7A
:104E100093E45F7EFC559D7EC6E5D57EC491097FF7
:104E2000F657387F8F36627FF32B877FB436A77FA4
:104E30009655C27F8E87D87FC0CBE97F8221F67FCF
:104E40005A88FD7FFFFFFF7F5A88FD7F8221F67F12
:104E5000C0CBE97F8E87D87F9655C27FB436A77FB7
:104E6000F32B877F8F36627FF657387FC491097F97
:104E7000C6E5D57EFC559D7E93E45F7EEA931D7E5C
:104E80008F66D67D405F8A7DEC80397DB2CEE37C33
:104E9000DE4B897CEEFB297C90E2C57B9E035D7B2B
:104EA0002363EF7A5B057D7AADEE057AB1238A79CB
:104EB0002DA909791484847889B9FA77DB4E6C7747
:104EC0008949D9763DAF4176CF85A57545D304751F
:104ED000D19D5F74D1EBB573D0C30773852C557228
:104EE000D22C9E71C6CBE2709A102370B2025F6F13
:104EF0009DA9966E140DCA6DFC34F96C6029246C62
:104F000079F24A6BA4986D6A6C248C69819EA668BC
:104F1000BD0FBD672081CF66D3FBDD652689E864C0
:104F20009032EF63AC01F2623F00F1613038EC6027
:104F30008DB3E35F8A7CD75E7C9DC75DE020B45C67
:104F400054119D5B9A79825A9864645954DD425891
:104F5000FAEE1D57D2A4F5554B0ACA54F02A9B53BA
:104F60006E12695294CC33514D65FB4FA5E8BF4E8C
:104F7000C462814DF4DF3F4C986CFB4A3315B44951
:104F800065E66948E7EC1C478F35CD4550CD7A443E
:104F900035C12543651ECE411DF27340B849173F08
:104FA000A632B83D70BA563CB7EEF23A32DD8C39D3
:104FB000B09324381420BA3657904D3587F2DE333B
:104FC000C7546E324DC5FB306252872F620A112ED4
:104FD000BAFB982CEB341F2B85C4A32928B92628AB
:104FE0008621A8265E0C28257F88A623C5A4232217
:104FF0001C709F207BF9191FE54F931D6A820B1CC3
:1050000026A0821A3CB8F818DED96D174514E215AF
:10501000B17655146F10C812CFF039112B27AB0F92
:10502000E4C21B0E5ED38B0C0568FB0A49906A092B
:105030009E5BD9077CD947065D19B604BF2A2403B5
:10504000201D920100000000E0E26DFE41D5DBFC76
:10505000A3E649FB8426B8F962A426F8B76F95F653
:10506000FB9704F5A22C74F31C3DE4F1D5D854F061
:10507000310FC6EE91EF37ED4F89AAEBBBEB1DEA7E
:10508000222692E8C44707E7DA5F7DE5967DF4E3E0
:105090001BB06CE28506E6E0E48F60DF3B5BDCDDA5
:1050A000817759DCA2F3D7DA7ADE57D9D846D9D737
:1050B0007B3B5CD615CBE0D4460467D39EF5EED19E
:1050C0009EAD78D0B33A04CF39AB91CD790D21CCD8
:1050D000A96FB2CAECDF45C9506CDBC7CE2273C6DC
:1050E00049110DC59045A9C35ACD47C248B6E8C07D
:1050F000E30D8CBF9BE131BECB3EDABCB03285BB49
:1051000071CA32BA1913E3B89B1996B7CDEA4BB6F8
:10511000689304B50C20C0B33C9D7EB25B1740B1D0
:10512000B39A04B06C33CCAE92ED96AD10D564ACAE
:10513000B5F535AB2E5B0AAA0611E2A8AC22BDA7D5
:10514000689B9BA666867DA5ACEE62A420DF4BA380
:10515000846238A2768328A1734C1CA0D0C7139F09
:10516000C1FF0E9E54FE0D9D70CD109CDA76179BEC
:105170002D04229AE07E309943F042987F6159973E
:1051800094DB73965C679295870DB594A0D6DB93FC
:1051900004CB0693ECF23592635669914EFDA090D4
:1051A00066EFDC8F3A341D8F2ED3618E7BD3AA8DB0
:1051B000303CF88C2F144A8C2F62A08BBB2CFB8ABE
:1051C000317A5A8AC350BE8977B6268925B1938829
:1051D00077460588EC7B7B87D356F6864FDC758651
:1051E0005311FA85A5FA8285DD9C108562FCA284A4
:1051F000701D3A841204D68322B476834E311C8308
:10520000147FC682C0A0758271992982166CE281D2
:105210006D1BA08104AA62813A1A2A813C6EF68035
:105220000AA8C78071C99D800DD478804CC9588068
:105230006AAA3D8072782780403416807EDE09801D
:10524000A677028000000080A67702807EDE0980BB
:1052500040341680727827806AAA3D804CC95880F5
:105260000DD4788071C99D800AA8C7803C6EF680F5
:105270003A1A2A8104AA62816D1BA081166CE28110
:1052800071992982C0A07582147FC6824E311C8319
:1052900022B476831204D683701D3A8462FCA28401
:1052A000DD9C1085A5FA82855311FA854FDC758641
:1052B000D356F686EC7B7B877746058825B19388A5
:1052C00077B62689C350BE89317A5A8ABB2CFB8AAD
:1052D0002F62A08B2F144A8C303CF88C7BD3AA8D84
:1052E0002ED3618E3A341D8F66EFDC8F4EFDA09079
:1052F00063566991ECF2359204CB0693A0D6DB930A
:10530000870DB5945C67929594DB73967F6159978E
:1053100043F04298E07E30992D04229ADA76179B6A
:1053200070CD109C54FE0D9DC1FF0E9ED0C7139FE3
:10533000734C1CA0768328A1846238A220DF4BA383
:10534000ACEE62A466867DA5689B9BA6AC22BDA739
:105350000611E2A82E5B0AAAB5F535AB10D564ACF0
:1053600092ED96AD6C33CCAEB39A04B05B1740B1FE
:105370003C9D7EB20C20C0B3689304B5CDEA4BB619
:105380009B1996B71913E3B871CA32BAB03285BB0C
:10539000CB3EDABC9BE131BEE30D8CBF48B6E8C022
:1053A0005ACD47C29045A9C349110DC5CE2273C637
:1053B000506CDBC7ECDF45C9A96FB2CA790D21CCAF
:1053C00039AB91CDB33A04CF9EAD78D09EF5EED1F6
:1053D000460467D315CBE0D47B3B5CD6D846D9D7FF
:1053E0007ADE57D9A2F3D7DA817759DC3B5BDCDD73
:1053F000E48F60DF8506E6E01BB06CE2967DF4E3A7
:10540000DA5F7DE5C44707E7222692E8BBEB1DEA99
:105410004F89AAEB91EF37ED310FC6EED5D854F096
:105420001C3DE4F1A22C74F3FB9704F5B76F95F6DD
:1054300062A426F88426B8F9A3E649FB41D5DBFC33
:10544000E0E26DFE0000000000000000920E493C0A
:10545000B10AC93C2BC3163D2EFB483D752B7B3D45
:1054600004A9963D80B6AF3D36BDC83D2FBCE13D99
:1054700073B2FA3D87CF093E8340163EB5AB223E5C
:10548000A2102F3ECF6E3B3EC2C5473E0115543E93
:10549000135C603E7F9A6C3ECCCF783EC07D823EEE
:1054A000938E883E229A8E3E32A0943E86A09A3EEB
:1054B000E59AA03E128FA63ED47CAC3EEF63B23E8E
:1054C0002A44B83E491DBE3E15EFC33E53B9C93EFE
:1054D000CA7BCF3E4136D53E80E8DA3E4F92E03E71
:1054E0007533E63EBBCBEB3EEA5AF13ECBE0F63EEF
:1054F000275DFC3EE4E7003F3D9C033F824B063FB7
:105500009BF5083F6B9A0B3FDA390E3FCDD3103F26
:105510002A68133FD9F6153FC07F183FC6021B3FCC
:10552000D17F1D3FCBF61F3F9967223F25D2243FF5
:105530005636273F1594293F4AEB2B3FDE3B2E3F43
:10554000BB85303FC9C8323FF304353F233A373F6C
:105550004268393F3B8F3B3FF9AE3D3F67C73F3F16
:1055600070D8413F01E2433F03E4453F65DE473FDA
:1055700012D1493FF8BB4B3F029F4D3F207A4F3F2E
:105580003D4D513F4918533F31DB543FE595563F60
:105590005348583F6AF2593F1A945B3F532D5D3F81
:1055A00005BE5E3F2146603F97C5613F5A3C633F61
:1055B00059AA643F880F663FD86B673F3CBF683F7E
:1055C000A7096A3F0C4B6B3F5E836C3F93B26D3F04
:1055D0009ED86E3F73F56F3F0809713F5213723FBB
:1055E0004714733FDD0B743F0BFA743FC6DE753F03
:1055F00007BA763FC58B773FF853783F9812793FCB
:105600009DC7793F02737A3FBE147B3FCDAC7B3F91
:10561000283B7C3FC9BF7C3FAC3A7D3FCCAB7D3F54
:1056200023137E3FB0707E3F6DC47E3F580E7F3F98
:105630006D4E7F3FAB847F3F0FB17F3F97D37F3F5E
:1056400043EC7F3F11FB7F3F0000803F11FB7F3F1A
:1056500043EC7F3F97D37F3F0FB17F3FAB847F3FCA
:105660006D4E7F3F580E7F3F6DC47E3FB0707E3FD2
:1056700023137E3FCCAB7D3FAC3A7D3FC9BF7C3F1F
:10568000283B7C3FCDAC7B3FBE147B3F02737A3F0F
:105690009DC7793F9812793FF853783FC58B773F84
:1056A00007BA763FC6DE753F0BFA743FDD0B743FD9
:1056B0004714733F5213723F0809713F73F56F3FF0
:1056C0009ED86E3F93B26D3F5E836C3F0C4B6B3F39
:1056D000A7096A3F3CBF683FD86B673F880F663FAA
:1056E00059AA643F5A3C633F97C5613F2146603FDA
:1056F00005BE5E3F532D5D3F1A945B3F6AF2593FF2
:105700005348583FE595563F31DB543F4918533FC6
:105710003D4D513F207A4F3F029F4D3FF8BB4B3FDD
:1057200012D1493F65DE473F03E4453F01E2433F75
:1057300070D8413F67C73F3FF9AE3D3F3B8F3B3F8E
:105740004268393F233A373FF304353FC9C8323FF7
:10575000BB85303FDE3B2E3F4AEB2B3F1594293F64
:105760005636273F25D2243F9967223FCBF61F3F6D
:10577000D17F1D3FC6021B3FC07F183FD9F6153FA2
:105780002A68133FCDD3103FDA390E3F6B9A0B3F97
:105790009BF5083F824B063F3D9C033FE4E7003FFB
:1057A000275DFC3ECBE0F63EEA5AF13EBBCBEB3E3A
:1057B0007533E63E4F92E03E80E8DA3E4136D53E14
:1057C000CA7BCF3E53B9C93E15EFC33E491DBE3E0D
:1057D0002A44B83EEF63B23ED47CAC3E128FA63E64
:1057E000E59AA03E86A09A3E32A0943E229A8E3E32
:1057F000938E883EC07D823ECCCF783E7F9A6C3EB1
:10580000135C603E0115543EC2C5473ECF6E3B3E21
:10581000A2102F3EB5AB223E8340163E87CF093EF5
:1058200073B2FA3D2FBCE13D36BDC83D80B6AF3DF9
:1058300004A9963D752B7B3D2EFB483D2BC3163DA1
:10584000B10AC93C920E493C00000000920E49BCCE
:10585000B10AC9BC2BC316BD2EFB48BD752B7BBD41
:1058600004A996BD80B6AFBD36BDC8BD2FBCE1BD95
:1058700073B2FABD87CF09BE834016BEB5AB22BE58
:10588000A2102FBECF6E3BBEC2C547BE011554BE8F
:10589000135C60BE7F9A6CBECCCF78BEC07D82BEEA
:1058A000938E88BE229A8EBE32A094BE86A09ABEE7
:1058B000E59AA0BE128FA6BED47CACBEEF63B2BE8A
:1058C0002A44B8BE491DBEBE15EFC3BE53B9C9BEFA
:1058D000CA7BCFBE4136D5BE80E8DABE4F92E0BE6D
:1058E0007533E6BEBBCBEBBEEA5AF1BECBE0F6BEEB
:1058F000275DFCBEE4E700BF3D9C03BF824B06BFB3
:105900009BF508BF6B9A0BBFDA390EBFCDD310BF22
:105910002A6813BFD9F615BFC07F18BFC6021BBFC8
:10592000D17F1DBFCBF61FBF996722BF25D224BFF1
:10593000563627BF159429BF4AEB2BBFDE3B2EBF3F
:10594000BB8530BFC9C832BFF30435BF233A37BF68
:10595000426839BF3B8F3BBFF9AE3DBF67C73FBF12
:1059600070D841BF01E243BF03E445BF65DE47BFD6
:1059700012D149BFF8BB4BBF029F4DBF207A4FBF2A
:105980003D4D51BF491853BF31DB54BFE59556BF5C
:10599000534858BF6AF259BF1A945BBF532D5DBF7D
:1059A00005BE5EBF214660BF97C561BF5A3C63BF5D
:1059B00059AA64BF880F66BFD86B67BF3CBF68BF7A
:1059C000A7096ABF0C4B6BBF5E836CBF93B26DBF00
:1059D0009ED86EBF73F56FBF080971BF521372BFB7
:1059E000471473BFDD0B74BF0BFA74BFC6DE75BFFF
:1059F00007BA76BFC58B77BFF85378BF981279BFC7
:105A00009DC779BF02737ABFBE147BBFCDAC7BBF8D
:105A1000283B7CBFC9BF7CBFAC3A7DBFCCAB7DBF50
:105A200023137EBFB0707EBF6DC47EBF580E7FBF94
:105A30006D4E7FBFAB847FBF0FB17FBF97D37FBF5A
:105A400043EC7FBF11FB7FBF000080BF11FB7FBF16
:105A500043EC7FBF97D37FBF0FB17FBFAB847FBFC6
:105A60006D4E7FBF580E7FBF6DC47EBFB0707EBFCE
:105A700023137EBFCCAB7DBFAC3A7DBFC9BF7CBF1B
:105A8000283B7CBFCDAC7BBFBE147BBF02737ABF0B
:105A90009DC779BF981279BFF85378BFC58B77BF80
:105AA00007BA76BFC6DE75BF0BFA74BFDD0B74BFD5
:105AB000471473BF521372BF080971BF73F56FBFEC
:105AC0009ED86EBF93B26DBF5E836CBF0C4B6BBF35
:105AD000A7096ABF3CBF68BFD86B67BF880F66BFA6
:105AE00059AA64BF5A3C63BF97C561BF214660BFD6
:105AF00005BE5EBF532D5DBF1A945BBF6AF259BFEE
:105B0000534858BFE59556BF31DB54BF491853BFC2
:105B10003D4D51BF207A4FBF029F4DBFF8BB4BBFD9
:105B200012D149BF65DE47BF03E445BF01E243BF71
:105B300070D841BF67C73FBFF9AE3DBF3B8F3BBF8A
:105B4000426839BF233A37BFF30435BFC9C832BFF3
:105B5000BB8530BFDE3B2EBF4AEB2BBF159429BF60
:105B6000563627BF25D224BF996722BFCBF61FBF69
:105B7000D17F1DBFC6021BBFC07F18BFD9F615BF9E
:105B80002A6813BFCDD310BFDA390EBF6B9A0BBF93
:105B90009BF508BF824B06BF3D9C03BFE4E700BFF7
:105BA000275DFCBECBE0F6BEEA5AF1BEBBCBEBBE36
:105BB0007533E6BE4F92E0BE80E8DABE4136D5BE10
:105BC000CA7BCFBE53B9C9BE15EFC3BE491DBEBE09
:105BD0002A44B8BEEF63B2BED47CACBE128FA6BE60
:105BE000E59AA0BE86A09ABE32A094BE229A8EBE2E
:105BF000938E88BEC07D82BECCCF78BE7F9A6CBEAD
:105C0000135C60BE011554BEC2C547BECF6E3BBE1D
:105C1000A2102FBEB5AB22BE834016BE87CF09BEF1
:105C200073B2FABD2FBCE1BD36BDC8BD80B6AFBDF5
:105C300004A996BD752B7BBD2EFB48BD2BC316BD9D
:105C4000B10AC9BC920E49BC0000008000000000EF
:105C500000000000A1110124C50F01240000000470
:105C6000000000000000002000300140003800402B
:105C7000003C004000340140005001400014005836
:105C80004C010020400100203401002028010020A8
:105C90001C0100201001002004010020F800002059
:105CA000EC000020E0000020D4000020C80000200C
:105CB000382C00202C2C0020202C0020142C00201C
:105CC000082C0020FC2B0020F02B0020E42B0020CF
:105CD000BC000020B0000020A4000020980000209C
:105CE0000B00FF000303000002030000020200009B
:105CF00003020000020C000002080000020900007C
:105D0000020A0000020B000001040000060D000062
:105D1000060E00000109000001080000020E00004C
:105D2000020D00000000000000010000020700005A
:105D30000608205D0000060600060606000C0606A2
:105D40000012060600180606001E060600240606B7
:105D5000002A06060030060600360606003C060647
:105D60000042060600480606004E060600540606D7
:105D7000005A06060060060600660606006C060667
:105D80000072060600780606007E060600840606F7
:105D9000008A06060090060600960606009C060687
:105DA00000A2060600A8060600AE060600B4060617
:105DB00000BA060600C0060600C6060600CC0606A7
:105DC00000D2060600D8060600DE060600E4060637
:105DD00000EA060600F0060600F6060600FC0606C7
:105DE0000102060601080606010E06060114060653
:105DF000011A06060120060601260606012C0606E3
:105E00000132060601380606013E06060144060672
:105E1000014A06060150060601560606015C060602
:105E20000162060601680606016E06060174060692
:105E3000017A06060180060601860606018C060622
:105E40000192060601980606019E060601A40606B2
:105E500001AA060601B0060601B6060601BC060642
:105E600001C2060601C8060601CE060601D40606D2
:105E700001DA060601E0060601E6060601EC060662
:105E800001F2060601F8060601FE060602040606F1
:105E9000020A06060210060602160606021C06067E
:105EA000022206060228060600000000000000008C
:105EB000005F000000000700070000147F147F143B
:105EC00000242A7F2A1200231308646200364955F1
:105ED000225000000503000000001C2241000000C9
:105EE00041221C000014083E08140008083E08085F
:105EF000000000A0600000080808080800006060BA
:105F00000000002010080402003E4141413E000014
:105F1000427F4000004261514946002141454B31DA
:105F2000001814127F10002745454539003C4A49A6
:105F30004930000171090503003649494936000618
:105F40004949291E00003636000000005636000080
:105F500000081422410000141414141400004122FB
:105F6000140800020151090600324959513E007CD3
:105F70001211127C00417F494936003E41414122C5
:105F8000007F4141221C007F49494941007F0909A6
:105F90000901003E4149497A007F0808087F000056
:105FA000417F4100002040413F01007F0814224111
:105FB000007F40404040007F020C027F007F0408C9
:105FC000107F003E4141413E007F09090906003E25
:105FD0004151215E007F091929460046494949314E
:105FE0000001017F0101003F4040403F0007186071
:105FF0001807003F4038403F00631408146300074F
:106000000870080700615149454300007F41410085
:10601000000204081020000041417F00000402013A
:10602000020400404040404000000E110E000020DD
:1060300054545478007F4844443800384444442041
:1060400000384444487F00385454541800087E09EE
:1060500001020018A4A4A47C007F080404780000B6
:10606000447D4000004080847D00007F1028440073
:106070000000417F4000007C04180478007C080484
:10608000047800384444443800FC242424180018C0
:10609000242418FC007C08040408004854545420AC
:1060A00000043F444020003C4040207C001C204035
:1060B000201C003C4030403C004428102844001C78
:1060C000A0A0A07C004464544C4414141414141470
:1060D0001436773614000000060000000C000000A3
:1060E000120000001800000000010000060100007E
:1060F0000C01000012010000180100000002000065
:10610000060200000C02000012020000180200004B
:1061100000030000060300000800900C1000C010EF
:106120002000F0148000501D000180210002B025E5
:106130000004002A0008302E001060320020903643
:106140000040C03A0080F03E00002143000052476A
:106150000000844B0000B84F000602040101000754
:106160000205010002000201020202030002000314
:106170000000000100040005000000000100000014
:106180000000000000020300494E444558585832B0
:106190000000000000000000963007772C610EEE32
:1061A000BA51099919C46D078FF46A7035A563E96E
:1061B000A395649E3288DB0EA4B8DC791EE9D5E095
:1061C00088D9D2972B4CB609BD7CB17E072DB8E794
:1061D000911DBF906410B71DF220B06A4871B9F3E9
:1061E000DE41BE847DD4DA1AEBE4DD6D51B5D4F422
:1061F000C785D38356986C13C0A86B647AF962FD87
:10620000ECC9658A4F5C0114D96C0663633D0FFAD3
:10621000F50D088DC8206E3B5E10694CE44160D5D9
:10622000727167A2D1E4033C47D4044BFD850DD2C3
:106230006BB50AA5FAA8B5356C98B242D6C9BBDBD6
:1062400040F9BCACE36CD832755CDF45CF0DD6DCD1
:10625000593DD1ABAC30D9263A00DE518051D7C878
:106260001661D0BFB5F4B42123C4B3569995BACF03
:106270000FA5BDB89EB802280888055FB2D90CC624
:1062800024E90BB1877C6F2F114C6858AB1D61C19D
:106290003D2D66B69041DC760671DB01BC20D298BC
:1062A0002A10D5EF8985B1711FB5B606A5E4BF9F49
:1062B00033D4B8E8A2C9077834F9000F8EA809963C
:1062C00018980EE1BB0D6A7F2D3D6D08976C6491A7
:1062D000015C63E6F4516B6B62616C1CD8306585C0
:1062E0004E0062F2ED95066C7BA5011BC1F408829D
:1062F00057C40FF5C6D9B06550E9B712EAB8BE8BDE
:106300007C88B9FCDF1DDD62492DDA15F37CD38C66
:10631000654CD4FB5861B24DCE51B53A7400BCA364
:10632000E230BBD441A5DF4AD795D83D6DC4D1A496
:10633000FBF4D6D36AE96943FCD96E34468867AD6D
:10634000D0B860DA732D0444E51D03335F4C0AAA0C
:10635000C97C0DDD3C710550AA41022710100BBE0F
:1063600086200CC925B56857B3856F2009D466B956
:106370009FE461CE0EF9DE5E98C9D9292298D0B08B
:10638000B4A8D7C7173DB359810DB42E3B5CBDB738
:10639000AD6CBAC02083B8EDB6B3BF9A0CE2B603B9
:1063A0009AD2B1743947D5EAAF77D29D1526DB046E
:1063B0008316DC73120B63E3843B64943E6A6D0DB9
:1063C000A85A6A7A0BCF0EE49DFF099327AE000A04
:1063D000B19E077D44930FF0D2A3088768F2011E97
:1063E000FEC206695D5762F7CB67658071366C192E
:1063F000E7066B6E761BD4FEE02BD3895A7ADA104F
:10640000CC4ADD676FDFB9F9F9EFBE8E43BEB7172F
:10641000D58EB060E8A3D6D67E93D1A1C4C2D838B9
:1064200052F2DF4FF167BBD16757BCA6DD06B53F1F
:106430004B36B248DA2B0DD84C1B0AAFF64A03365E
:10644000607A0441C3EF60DF55DF67A8EF8E6E31DD
:1064500079BE69468CB361CB1A8366BCA0D26F2526
:1064600036E2685295770CCC03470BBBB916022273
:106470002F260555BE3BBAC5280BBDB2925AB42B88
:10648000046AB35CA7FFD7C231CFD0B58B9ED92C9D
:106490001DAEDE5BB0C2649B26F263EC9CA36A7502
:1064A0000A936D02A906099C3F360EEB85670772B9
:1064B00013570005824ABF95147AB8E2AE2BB17B20
:1064C000381BB60C9B8ED2920DBED5E5B7EFDC7CA7
:1064D00021DFDB0BD4D2D38642E2D4F1F8B3DD68FE
:1064E0006E83DA1FCD16BE815B26B9F6E177B06FF9
:1064F0007747B718E65A0888706A0FFFCA3B0666E6
:106500005C0B0111FF9E658F69AE62F8D3FF6B6172
:1065100045CF6C1678E20AA0EED20DD75483044E14
:10652000C2B30339612667A7F71660D04D476949A2
:10653000DB776E3E4A6AD1AEDC5AD6D9660BDF40B5
:10654000F03BD83753AEBCA9C59EBBDE7FCFB24768
:10655000E9FFB5301CF2BDBD8AC2BACA3093B3534D
:10656000A6A3B4240536D0BA9306D7CD2957DE5456
:10657000BF67D9232E7A66B3B84A61C4021B685D2F
:10658000942B6F2A37BE0BB4A18E0CC31BDF055AA8
:106590008DEF022D00000000000000000000000050
:1065A00000000000F94A0124FD4A01240000000017
:1065B000000000000000000000000000414F012426
:1065C000894F0124F54C0124DD4F0124B14B0124F6
:1065D000A94D01240000000000000000895501249D
:1065E0003D550124FCFCFCFC03FF03FF03FF03FFFC
:1065F00003FFFCFCFCFC00FF00FF00FF00FF00FFAE
:10660000FCFCFCFCFCFCFCFC03FF03FF03FF03FFA2
:1066100003FFFCFCFCFC03FF03FF03FF03FF03FF7E
:10662000FCFCFCFCFCFCFCFC00FF00FF00FF00FF8E
:1066300000FF00FC00FC00FF00FF00FF00FF00FF68
:1066400000FC00FCFCFCFCFC03FC03FC03FC03FC66
:1066500003FCFCFCFCFC03FF03FF03FF03FF03FF41
:10666000FCFCFCFCFCFCFCFC03FC03FC03FC03FC4E
:1066700003FCFCFCFCFC00FF00FF00FF00FF00FF30
:10668000FCFCFCFC00FC00FC03FF03FF03FF03FF1A
:1066900003FFFCFCFCFC00FF00FF00FF00FF00FF0D
:1066A00000FC00FCFCFCFCFC00FF00FF00FF00FF06
:1066B00000FFFCFCFCFC00FF00FF00FF00FF00FFF0
:1066C000FCFCFCFCFCFCFCFC00FF00FF00FF00FFEE
:1066D00000FFFCFCFCFC03FC03FC03FC03FC03FCD0
:1066E000FCFCFCFC00FC00FC00FF00FF00FF00FFC6
:1066F00000FF00FC00FC00FF00FF00FF00FF00FFA8
:1067000000FC00FCFCFCFCFC03FF03FF03FF03FF99
:1067100003FF00FC00FC03FF03FF03FF03FF03FF75
:10672000FCFCFCFC0000000000000000715701248C
:10673000755701247957012475C20124B5570124E6
:10674000E5570124815701249557012491590124CB
:10675000C15701247D570124000000000000000003
:1067600071570124755701247957012475C20124FA
:10677000B5570124000000000000000000000000E8
:1067800049690124C15701247D57012400000000FC
:1067900000000000000000007565012400000000FA
:1067A00000000000A57201240000000000000000AD
:1067B0004972012400000000000000004D7A01240D
:1067C000557F01246D7101244989012469700124D8
:1067D0008176012409710124F17A0124916901244F
:1067E000017A01247965012475740124D16501249D
:1067F0000166012445660124000002000400060031
:1068000008000A000C000E00100012001400160010
:1068100018001A001C001E002100250029002D0070
:106820003100350039003D004100450049004D0070
:106830005100560059005D0063006B0073007B003F
:1068400083008B0093009B00A300AB00B300BB0050
:10685000C300CB00D300DB00E700F70007011701FE
:106860002701370147015701670177018701970128
:10687000A701B701C701D701EF010F022F024F0295
:106880006F028F02AF02CF02EF020F032F034F03FD
:106890006F038F03AF03CF03FF033F047F04BF04E5
:1068A000FF043F057F05BF05FF053F067F06BF06C6
:1068B000FF063F077F07BF071F089F081F099F09A3
:1068C0001F0A9F0A1F0B9F0B1F0C9F0C1F0D9F0D74
:1068D0001F0E9F0E1F0F9F0F5F105F115F125F1340
:1068E0005F145F155F160F175F185F195F1A5F1B44
:1068F0005F1C5F1D5F1E5F1F2020204F5554204FDF
:1069000046204D454D4F52592120200000000000E7
:106910004040440000005500505F5F00F0F5FC006F
:10692000B065DA0060EB250000002200204424005E
:10693000402242000050520000720200200200007B
:10694000007000002000000080240100F099F90090
:1069500010511300F068E100E0E1E10010F199004E
:10696000F0F1F800F0F9F8008024F100F069F90086
:10697000F0F1F90020000200200202001042120093
:1069800000070700802484002020690060D9E1000E
:10699000909F6900E0E9E90070887800E099E900DB
:1069A000F0E8F80080E8F80070F9780090F99900B4
:1069B000E044E4007019F10090CA9A00F088880061
:1069C00090999F0090DB99006099690080E8E90048
:1069D000709B690090E9E900E06178004044F400B0
:1069E000F099990060999900909F99009069990099
:1069F00020629900F024F100302232001042080099
:106A0000C044C40000002500F00000000000210088
:106A1000909F6900E0E9E90070887800E099E9005A
:106A2000F0E8F80080E8F80070F9780090F9990033
:106A3000E044E4007019F10090CA9A00F0888800E0
:106A400090999F0090DB99006099690080E8E900C7
:106A5000709B690090E9E900E06178004044F4002F
:106A6000F099990060999900909F99009069990018
:106A700020629900F024F10030223200202222000E
:106A8000C044C40000005A000000000001801680CD
:106A90002A80408055806A8080809680AC80C38048
:106AA000D980F08007811E8136814D8165817D818D
:106AB0009481AC81C481DD81F5810D8225823E8285
:106AC00056826E8286829F82B782CF82E782FE8262
:106AD00016832D8344835B83728389839F83B5836D
:106AE000CB83E083F5830A841E84328446845984F0
:106AF0006C847E849084A284B384C484D484E4842B
:106B0000F384028511851F852D853A854785548537
:106B100060856C85788584858F859A85A585B08507
:106B2000BA85C585D085DB85E585F085FC8507863A
:106B300013861F862B86398646865486638673861F
:106B400083869586A786BA86CF86E586FB861487D8
:106B50002D87488765878387A287C487E7870C8846
:106B600033885C888788B488E288138947897C8960
:106B7000B489ED89298A688AA88AEB8A308B778B59
:106B8000C18B0C8C5A8CAA8CFC8C508DA68DFE8DE2
:106B9000588EB38E108F6F8FCF8F31909390F79068
:106BA0005C91C29129929092F7925F93C7932F9430
:106BB0009794FE946595CB9530969496F796589752
:106BC000B89716987198CB9822997799C899179A7F
:106BD000639AAB9AF09A319B6F9BA99BDE9B109CAA
:106BE0003D9C669C8B9CAA9CC69CDC9CEE9CFB9C62
:106BF000049D079D069D009DF69CE69CD39CBA9C37
:106C00009E9C7D9C589C2F9C039CD39B9F9B689B28
:106C10002F9BF39AB59A749A329AEE99AA9965992C
:106C20001F99D998949850980D98CB978C974F9717
:106C30001697DF96AD967F96569632961396FB95ED
:106C4000EA95DF95DC95E195EF95059624964D96AE
:106C50007F96BC9603975697B3971C989198119975
:106C60009E99379ADC9A8D9B4C9C169DEE9DD29EE8
:106C7000C29FBFA0C8A1DDA2FEA32BA563A6A7A7A4
:106C8000F5A84DAAAFAB1BAD8FAE0CB091B11DB343
:106C9000AFB448B6E6B788B92EBBD7BC82BE2EC00B
:106CA000DBC188C333C5DCC683C825CAC2CB59CD76
:106CB000EACE73D0F3D16AD3D6D437D68BD7D2D815
:106CC0000CDA36DB51DC5BDD54DE3BDF0FE0D0E07D
:106CD0007EE116E29AE208E361E3A3E3CEE3E3E3B5
:106CE000E1E3C8E397E350E3F1E27BE2EEE14BE15D
:106CF00091E0C1DFDCDEE2DDD4DCB2DB7DDA35D968
:106D0000DDD774D6FBD474D3E0D13FD094CEDFCCA2
:106D100021CB5CC992C7C3C5F2C31FC24CC07BBEA6
:106D2000ADBCE4BA22B967B7B7B511B479B2EFB068
:106D300075AF0CAEB7AC76AB4CAA39A93FA85FA72C
:106D40009AA6F3A569A5FFA4B4A48BA484A49FA4C8
:106D5000DEA441A5C9A576A648A741A85FA9A3AA14
:106D60000DAC9EAD53AF2EB12EB352B59AB705BA46
:106D700091BC3EBF0CC2F8C401C826CB66CEBFD1C1
:106D80002FD5B5D84FDCFADFB6E37FE754EB33EF0E
:106D900019F304F7F2FAE1FECE02B706990A720E71
:106DA00040120016B0194E1DD62048249F27DB2A1A
:106DB000F92DF730D3338A361C39853BC43DD93F92
:106DC000C0417843014559467E4771482F49B8492B
:106DD0000C4A2A4A114AC2493C4980488D476446B8
:106DE00006457343AC41B23F853D283B9B38E135B6
:106DF000FA32E82FAD2C4C29C5251D22531E6D1AE1
:106E00006A164F121E0ED90984052101B4FC3EF802
:106E1000C4F347EFCCEA55E6E5E180DD27D9E0D4BD
:106E2000ABD08DCC87C89EC4D3C02ABDA5B946B609
:106E300011B306B02AAD7CAA01A8B9A5A7A3CCA11D
:106E400028A0BF9E919D9E9CE89B709B359B3A9B82
:106E50007C9BFD9BBD9CBB9DF79E70A025A216A4AC
:106E600041A6A5A841AB12AE19B151B4BAB752BBF5
:106E700015BF03C317C750CBACCF26D4BDD86DDD2B
:106E800033E20DE7F7EBEEF0EEF5F6FA00000A0557
:106E9000120A120F0914F318CD1D93224327DA2B7F
:106EA0005430B034E938FD3CEB40AE444648AF4B7B
:106EB000E74EEE51BF545B57BF59EA5BDB5D905F15
:106EC00009614562436303648464C664CB6490646F
:106ED000186462636F624161D85F345E595C475ADF
:106EE000FF578455D652FA4FEF4CBA495B46D6420B
:106EF0002D3F623B79377333552F202BD9268022C3
:106F00001B1EAB193415B9103C0CC2074C03DFFE35
:106F10007CFA27F6E2F1B1ED96E993E5ADE1E3DD28
:106F20003BDAB4D653D318D006CD1FCA65C7D8C430
:106F30007BC24EC054BE8DBCFABA9CB973B880B740
:106F4000C4B63EB6EFB5D6B5F4B548B6D1B68FB730
:106F500082B8A7B9FFBA88BC40BE27C03CC27BC478
:106F6000E4C676C92DCC09CF07D225D561D8B8DBC8
:106F70002ADFB2E250E600EAC0ED8EF167F549F98A
:106F800032FD1F010E05FC08E70CCD10AC14811872
:106F90004A1C0620B1234B27D12A412E9A31DA34DC
:106FA000FF37083BF43DC2406F43FB456648AE4A9D
:106FB000D24CD24EAD506252F3535D55A156BF57DD
:106FC000B8588A59375ABF5A225B615B7C5B755B44
:106FD0004C5B015B975A0D5A6659A158C157C75669
:106FE000B4558A544953F4518B50114F874DEF4B90
:106FF000494A9948DE461C4553438541B43FE13D2B
:107000000E3C3D3A6E38A436DF3421336C31C12F4B
:10701000202E8C2C052B8C292328CB2683254E242F
:107020002C231E2224213F206F1FB51E121E851DFA
:107030000F1DB01C691C381C1F1C1D1C321C5D1C44
:107040009F1CF81C661DEA1D821E301FF11FC52003
:10705000AC21A522AF23CA24F4252E277528C929DF
:107060002A2B962C0D2E8D2F1631A7323E34DB3570
:107070007D372439CD3A783C253ED23F7E412943A5
:10708000D24478461A48B849514BE34C6F4EF44FFE
:107090007151E5525154B3550B5759589D59D55A12
:1070A000025C235D385E415F3E602E611262EA62DF
:1070B000B46373642465C9656266EF666F67E467ED
:1070C0004D68AA68FD6844698169B369DC69FB6938
:1070D000116A1F6A246A216A166A056AED69CE6917
:1070E000AA69816953692169EA68B1687468356879
:1070F000F367B0676C672767E1669B665666126642
:10710000CE658C654B650D65D164986461642D64B2
:10711000FD63D163A8638363626346632D631A636F
:107120000A630063FA62F962FC6205631263246316
:107130003A63566375639A63C363F063226457646A
:107140009164CF64106555659D65E965386689660B
:10715000DE6635678F67EA674868A86809696C6901
:10716000D069356A9B6A026B696BD16B396CA16C13
:10717000096D706DD76D3E6EA46E096F6D6FCF6F28
:1071800031709170F0704D71A87102725A72B072C4
:1071900004735673A673F4733F748974D0741575B1
:1071A00058759875D77513764C768476B976ED76E2
:1071B0001E774C777977A477CD77F47719783C7878
:1071C0005E787D789B78B878D378EC7805791B79F0
:1071D0003179467959796B797D798D799D79AC7959
:1071E000BA79C779D579E179ED79F979047A107AA4
:1071F0001B7A257A307A3B7A467A507A5B7A667ABD
:10720000717A7C7A887A947AA07AAC7AB97AC67ADA
:10721000D37AE17AEF7AFE7A0D7B1C7B2C7B3C7B68
:107220004D7B5E7B707B827B947BA77BBA7BCE7B26
:10723000E27BF67B0B7C207C357C4B7C617C777C15
:107240008E7CA57CBC7CD37CEA7C027D197D317D63
:10725000497D617D7A7D927DAA7DC27DDB7DF37D56
:107260000B7E237E3C7E547E6C7E837E9B7EB37E33
:10727000CA7EE27EF97E107F277F3D7F547F6A7F42
:10728000807F967FAB7FC07FD67FEA7FEA7F00005A
:107290000180BE8177832A85D7868088248AC38B24
:1072A0005D8DF28E83900E929593189595960E981B
:1072B0008399F39A5E9CC69D299F87A0E1A138A37C
:1072C00089A4D7A521A767A8A8A9E6AA20AC56AD8E
:1072D00088AEB6AFE1B007B22AB34AB466B57EB69F
:1072E00093B7A4B8B2B9BCBAC3BBC7BCC7BDC4BE10
:1072F000BEBFB4C0A8C198C285C36FC456C53AC644
:107300001BC7F9C7D5C8ADC982CA55CB25CCF2CCAD
:10731000BDCD84CE49CF0CD0CCD089D143D2FCD2C4
:10732000B1D365D415D5C4D570D619D7C1D766D811
:1073300009D9A9D947DAE3DA7DDB15DCABDC3EDD20
:10734000D0DD5FDEEDDE78DF02E089E00FE193E182
:1073500015E294E213E38FE309E482E4F9E46EE5D5
:10736000E2E554E6C4E633E7A0E70BE875E8DDE8BC
:1073700043E9A9E90CEA6EEACFEA2EEB8CEBE8EBE5
:1073800043EC9DECF5EC4CEDA1EDF5ED48EE9AEEFD
:10739000EAEE39EF87EFD4EF1FF06AF0B3F0FBF0BD
:1073A00041F187F1CCF10FF252F293F2D3F213F3E1
:1073B00051F38EF3CBF306F440F47AF4B2F4E9F42B
:1073C00020F556F58BF5BEF5F1F524F655F686F663
:1073D000B5F6E4F612F740F76CF798F7C3F7EDF758
:1073E00017F840F868F88FF8B6F8DCF802F926F9D3
:1073F0004AF96EF991F9B3F9D5F9F6F916FA36FAB0
:1074000055FA74FA92FAAFFACCFAE9FA05FB20FBC6
:107410003BFB56FB70FB89FBA2FBBBFBD3FBEAFBF0
:1074200002FC18FC2FFC44FC5AFC6FFC84FC98FC0A
:10743000ACFCBFFCD2FCE5FCF7FC09FD1BFD2CFD00
:107440003DFD4DFD5EFD6DFD7DFD8CFD9BFDAAFDB1
:10745000B8FDC6FDD4FDE1FDEFFDFCFD08FE15FE07
:1074600021FE2DFE38FE43FE4FFE59FE64FE6FFEE8
:1074700079FE83FE8CFE96FE9FFEA8FEB1FEBAFE4C
:10748000C2FECBFED3FEDBFEE3FEEAFEF2FEF9FE19
:1074900000FF07FF0EFF14FF1BFF21FF27FF2DFF3B
:1074A00033FF39FF3EFF44FF49FF4EFF53FF58FFB4
:1074B0005DFF62FF66FF6BFF6FFF73FF78FF7CFF6E
:1074C0007FFF83FF87FF8BFF8EFF92FF95FF98FF63
:1074D0009BFF9FFFA2FFA5FFA7FFAAFFADFFB0FF85
:1074E000B2FFB5FFB7FFB9FFBCFFBEFFC0FFC2FFD1
:1074F000C4FFC6FFC8FFCAFFCCFFCEFFCFFFD1FF3E
:10750000D3FFD4FFD6FFD7FFD9FFDAFFDBFFDDFFC4
:10751000DEFFDFFFE0FFE1FFE3FFE4FFE5FFE6FF63
:10752000E7FFE8FFE9FFE9FFEAFFEBFFECFFEDFF14
:10753000EDFFEEFFEFFFF0FFF0FFF1FFF1FFF2FFD5
:10754000F3FFF3FFF4FFF4FFF5FFF5FFF6FFF6FF9F
:10755000F6FFF7FFF7FFF8FFF8FFF8FFF9FFF9FF75
:10756000F9FFFAFFFAFFFAFFFAFFFBFFFBFFFBFF51
:10757000FBFFFCFFFCFFFCFFFCFFFCFFFDFFFDFF32
:10758000FDFFFDFFFDFFFDFFFEFFFEFFFEFFFEFF17
:10759000FEFFFEFFFEFFFEFFFEFFFEFFFFFFFFFF01
:1075A000FFFFFFFFFFFFFFFFFFFFFFFFFFFFFFFFEB
:1075B000FFFFFFFFFFFFFFFFFFFFFFFFFFFF0000D9
:1075C00000000000000000000000000000000000BB
:1075D00000000000000000000000000000000000AB
:1075E000000000000000000000000000000000009B
:1075F000000000000000000000000000000000008B
:10760000000000000000000000000000000000007A
:10761000000000000000000000000000000000006A
:10762000000000000000000000000000000000005A
:10763000000000000000000000000000000000004A
:10764000000000000000000000000000000000003A
:10765000000000000000000000000000000000002A
:10766000000000000000000000000000000000001A
:10767000000000000000000000000000000000000A
:1076800000000000000000000000000000000000FA
:1076900000000000000000000000000000000000EA
:1076A00000000000000000000000000000000000DA
:1076B00000000000000000000000000000000000CA
:1076C00000000000000000000000000000000000BA
:1076D00000000000000000000000000000000000AA
:1076E000000000000000000000000000000000009A
:1076F000000000000000000000000000000000008A
:107700000000000000000000000000000000000079
:107710000000000000000000000000000000000069
:107720000000000000000000000000000000000059
:107730000000000000000000000000000000000049
:107740000000000000000000000000000000000039
:107750000000000000000000000000000000000029
:107760000000000001000100010001000100010013
:107770000100010001000100010001000100010001
:1077800001000100010002000200020002000200EC
:1077900002000200020002000200030003000300D6
:1077A00003000300030004000400040004000400BC
:1077B000050005000500050006000600060006009D
:1077C000070007000700080008000800090009007A
:1077D0000A000A000A000B000B000C000C000D0050
:1077E0000D000E000F000F0010001000110012001D
:1077F00013001300140015001600170017001800DE
:1078000019001A001B001C001D001F002000210091
:107810002200230025002600270029002A002C0032
:107820002D002F00310032003400360038003A00BD
:107830003C003E00400042004400470049004B002D
:107840004E0050005300560059005B005E0061007E
:10785000650068006B006E007200750079007D00A5
:107860008100840088008D00910095009A009E00A0
:10787000A300A800AD00B200B700BC00C200C70062
:10788000CD00D300D900DF00E500EC00F200F900E4
:10789000000107010E0116011D0125012D01350111
:1078A0003E0146014F01580161016A0174017D01E9
:1078B000870191019C01A701B101BD01C801D3015C
:1078C000DF01EB01F801040211021F022C023A024F
:1078D000480256026502740283029302A202B302B6
:1078E000C302D402E502F70209031B032E0341037E
:1078F000540368037C039103A603BC03D103E8038C
:10790000FE0316042D0445045E0477049004AA04C3
:10791000C504E004FB041705340551056E058C050C
:10792000AB05CA05EA050A062B064D066F06920648
:10793000B606DA06FE0624074A0771079807C0074D
:10794000E90713083D0868089408C008EE081C09F8
:107950004B097A09AB09DC090F0A420A750AAA0A1F
:10796000E00A170B4E0B860BC00BFA0B350C720C92
:10797000AF0CED0C2D0D6D0DAE0DF10D340E790E1D
:10798000BF0E050F4D0F960FE10F2C107910C71089
:1079900016116611B8110B125F12B4120B13631398
:1079A000BD1318147414D21431159215F41557160A
:1079B000BD1623178B17F5176018CD183C19AC1995
:1079C0001E1A921A071B7E1BF71B711CED1C6C1DE7
:1079D000EB1D6D1EF11E771FFE1F88201321A121B4
:1079E0003022C2225523EB2383241D25B925572697
:1079F000F7269A273F28E72890293C2AEB2A9B2B39
:107A00004F2C042DBD2D772E342FF42FB7307C3121
:107A100043320E33DB33AB347E3553362B370738E6
:107A2000E538C639AA3A913B7B3C683D583E4C3F0D
:107A300042403C41394239433D4444454E465C470F
:107A40006D4882499A4AB64BD64CF94D1F4F4A5061
:107A50007851AA52E0531A5558569957DF58295A67
:107A6000775BC85C1F5E795FD7603A62A2630D6581
:107A70007D66F2676B69E86A6B6CF26D7D6F0E7103
:107A8000A3723D74DC7580772979D67A897C427E31
:107A9000427E00000000C90092015B022403ED0356
:107AA000B6047E0547061007D907A1086A09320AFD
:107AB000FB0AC30B8B0C530D1B0EE30EAB0F7210A6
:107AC00039110012C7128E1355141B15E115A71694
:107AD0006D173318F818BD19821A461B0B1CCF1CE2
:107AE000931D561E191FDC1F9F2061212322E422B3
:107AF000A62367242725E725A72667272628E52824
:107B0000A329612A1E2BDB2B982C542D102ECC2E52
:107B1000862F4130FB30B4316D322633DE3396345C
:107B20004D350336B9366F372438D8388C393F3A5B
:107B3000F23AA43B563C073DB73D673E163FC53F72
:107B400073402041CD4179422543D0437A442345B7
:107B5000CC4574461C47C34769480E49B349574A48
:107B6000FA4A9D4B3F4CE04C804D204EBF4E5D4F3E
:107B7000FA4F97503351CE51685201539A533254B1
:107B8000C9545F55F45589561D57B0574258D358BC
:107B90006359F359815A0F5B9C5B285CB35C3D5D74
:107BA000C65D4F5ED65E5D5FE25F6760EB606E61F3
:107BB000F0617162F1627063EE636B64E764626549
:107BC000DD655666CE664567BC673168A56819698C
:107BD0008B69FC696C6ADB6A4A6BB76B236C8E6CD1
:107BE000F86C616DC96D306E956EFA6E5E6FC06F28
:107BF00022708270E17040719D71F9715472AE72A1
:107C000006735E73B5730A745E74B174037554754C
:107C1000A475F37540768D76D87622776B77B37737
:107C2000F9773F788378C678087949798979C7796F
:107C3000047A417A7C7AB57AEE7A257B5C7B917BFB
:107C4000C47BF77B297C597C887CB67CE27C0E7DEA
:107C5000387D617D897DB07DD57DF97D1C7E3E7E40
:107C60005E7E7E7E9C7EB97ED47EEF7E087F207F06
:107C7000377F4C7F617F747F867F967FA67FB47F3E
:107C8000C17FCD7FD77FE07FE87FEF7FF57FF97FF2
:107C9000FC7FFE7FFF7FFE7FFC7FF97FF57FEF7F1C
:107CA000E87FE07FD77FCD7FC17FB47FA67F967FBF
:107CB000867F747F617F4C7F377F207F087FEF7ED8
:107CC000D47EB97E9C7E7E7E5E7E3E7E1C7EF97D6D
:107CD000D57DB07D897D617D387D0E7DE27CB67C71
:107CE000887C597C297CF77BC47B917B5C7B257BE2
:107CF000EE7AB57A7C7A417A047AC77989794979BA
:107D00000879C67883783F78F977B3776B772277ED
:107D1000D8768D764076F375A47554750375B17475
:107D20005E740A74B5735E730673AE725472F97141
:107D30009D714071E17082702270C06F5E6FFA6E4B
:107D4000956E306EC96D616DF86C8E6C236CB76B7F
:107D50004A6BDB6A6C6AFC698B691969A5683168D2
:107D6000BC674567CE665666DD656265E7646B6431
:107D7000EE637063F1627162F0616E61EB60676087
:107D8000E25F5D5FD65E4F5EC65D3D5DB35C285CC5
:107D90009C5B0F5B815AF3596359D3584258B057D3
:107DA0001D578956F4555F55C95432549A5301539F
:107DB0006852CE5133519750FA4F5D4FBF4E204E0F
:107DC000804DE04C3F4C9D4BFA4A574AB3490E490F
:107DD0006948C3471C477446CC4523457A44D04381
:107DE00025437942CD4120417340C53F163F673E50
:107DF000B73D073D563CA43BF23A3F3A8C39D83860
:107E000024386F37B93603364D359634DE33263392
:107E10006D32B431FB304130862FCC2E102E542DD4
:107E2000982CDB2B1E2B612AA329E52826286727FF
:107E3000A726E72527256724A623E42223226121FC
:107E40009F20DC1F191F561E931DCF1C0B1C461BA9
:107E5000821ABD19F81833186D17A716E1151B15EE
:107E600055148E13C712001239117210AB0FE30EA6
:107E70001B0E530D8B0CC30BFB0A320A6A09A108B7
:107E8000D907100747067E05B604ED0324035B02FD
:107E90009201C900000037FF6EFEA5FDDCFC13FC5B
:107EA0004AFB82FAB9F9F0F827F85FF796F6CEF5B3
:107EB00005F53DF475F3ADF2E5F11DF155F08EEFEA
:107EC000C7EE00EE39ED72ECABEBE5EA1FEA59E9DB
:107ED00093E8CDE708E743E67EE5BAE4F5E331E36E
:107EE0006DE2AAE1E7E024E061DF9FDEDDDD1CDD7D
:107EF0005ADC99DBD9DA19DA59D999D8DAD71BD7EC
:107F00005DD69FD5E2D425D468D3ACD2F0D134D19C
:107F10007AD0BFCF05CF4CCE93CDDACC22CC6ACB72
:107F2000B3CAFDC947C991C8DCC728C774C6C1C553
:107F30000EC55CC4AAC3F9C249C299C1EAC03BC01C
:107F40008DBFE0BE33BE87BDDBBC30BC86BBDDBAB7
:107F500034BA8CB9E4B83DB897B7F2B64DB6A9B506
:107F600006B563B4C1B320B380B2E0B141B1A3B0F0
:107F700006B069AFCDAE32AE98ADFFAC66ACCEAB5D
:107F800037ABA1AA0CAA77A9E3A850A8BEA72DA732
:107F90009DA60DA67FA5F1A464A4D8A34DA3C3A25A
:107FA0003AA2B1A12AA1A3A01EA0999F159F929EBB
:107FB000109E8F9D0F9D909C129C959B199B9E9A45
:107FC000239AAA993299BB984498CF975B97E796E2
:107FD0007596049694952595B6944994DD9372937D
:107FE00008939F923792D0916B910691A290409006
:107FF000DE8F7E8F1F8FC08E638E078EAC8D528D6D
:10800000FA8CA28C4B8CF68BA28B4F8BFD8AAC8AA0
:108010005C8A0D8AC08973892889DE8895884D8895
:108020000788C1877D873A87F886B786778639863D
:10803000FC85BF8584854B851285DB84A4846F8491
:108040003C840984D783A78378834A831E83F28282
:10805000C8829F82778250822B820782E481C2810C
:10806000A2818281648147812C811181F880E08026
:10807000C980B4809F808C807A806A805A804C80CE
:108080003F80338029802080188011800B800780FA
:108090000480028001800280048007800B801180B0
:1080A00018802080298033803F804C805A806A80ED
:1080B0007A808C809F80B480C980E080F8801181B4
:1080C0002C81478164818281A281C281E4810782FF
:1080D0002B82508277829F82C882F2821E834A83DB
:1080E0007883A783D78309843C846F84A484DB844A
:1080F00012854B858485BF85FC8539867786B78652
:10810000F8863A877D87C18707884D889588DE88FD
:1081100028897389C0890D8A5C8AAC8AFD8A4F8B55
:10812000A28BF68B4B8CA28CFA8C528DAC8D078E69
:10813000638EC08E1F8F7E8FDE8F4090A29006913F
:108140006B91D09137929F9208937293DD934994EB
:10815000B6942595949504967596E7965B97CF9778
:108160004498BB983299AA99239A9E9A199B959BF9
:10817000129C909C0F9D8F9D109E929E159F999F83
:108180001EA0A3A02AA1B1A13AA2C3A24DA3D8A325
:1081900064A4F1A47FA50DA69DA62DA7BEA750A8F7
:1081A000E3A877A90CAAA1AA37ABCEAB66ACFFAC0B
:1081B00098AD32AECDAE69AF06B0A3B041B1E0B17B
:1081C00080B220B3C1B363B406B5A9B54DB6F2B65B
:1081D00097B73DB8E4B88CB934BADDBA86BB30BCC9
:1081E000DBBC87BD33BEE0BE8DBF3BC0EAC099C1DA
:1081F00049C2F9C2AAC35CC40EC5C1C574C628C7AA
:10820000DCC791C847C9FDC9B3CA6ACB22CCDACC56
:1082100093CD4CCE05CFBFCF7AD034D1F0D1ACD2F4
:1082200068D325D4E2D49FD55DD61BD7DAD799D8A9
:1082300059D919DAD9DA99DB5ADC1CDDDDDD9FDE8C
:1082400061DF24E0E7E0AAE16DE231E3F5E3BAE4BF
:108250007EE543E608E7CDE793E859E91FEAE5EA5A
:10826000ABEB72EC39ED00EEC7EE8EEF55F01DF181
:10827000E5F1ADF275F33DF405F5CEF596F65FF751
:1082800027F8F0F8B9F982FA4AFB13FCDCFCA5FDEB
:108290006EFE37FF00000000AAAAAA0A1109AB0966
:1082A0002311C7087660FB077B0A4507E986A1060C
:1082B000FDA20E0616758A054452130579C5A7045A
:1082C0000E8846046D7BEE03A9A39E03E1225603AC
:1082D00054351403F82DD8029973A102567E6F020B
:1082E0007BD54102A20D180215C7F1016CACCE017D
:1082F0004C71AE0163D19001708F75017A745C018D
:108300001B4F4501DEF22F01B4371C0179F9090139
:108310008B17F9006574E9004FF5DA001282CD0081
:10832000B404C1003F69B5008E9DAA001D91A00054
:10833000DE349700187B8E0044578600EDBD7E002A
:108340009DA47700BC01710082CC6A00E2FC64004D
:10835000778B5F0078715A00A5A85500402B51001B
:1083600000F44C0005FE4800D14445003CC44100E7
:1083700074783E00EC5D3B0060713800C7AF35009B
:108380005116330067A230009C512E00B5212C00FD
:108390009E102A00671C2800444326008B8324007B
:1083A000ACDB2200354A2100CDCD1F0030651E0018
:1083B000330F1D00BCCA1B00C6961A005C72190060
:1083C000975C1800A3541700B7591600166B1500D8
:1083D0001188140003B0130051E212006B1E12004A
:1083E000C7631100E7B110005208100097660F0034
:1083F0004BCC0E000C390E007AAC0D003E260D0061
:1084000004A60C007D2B0C0060B60B0066460B002A
:108410004FDB0A00DA740A00CE120A00F4B4090035
:10842000175B0900050509008FB208008A63080080
:10843000CB1708002BCF070084890700B24607003E
:10844000940607000BC90600F68D06003B55060092
:10845000BD1E060063EA050014B80500B8870500D4
:108460003B590500862C05008501050027D804002E
:1084700057B00400068A0400236504009E410400EE
:10848000681F040074FE0300B4DE03001AC003007A
:108490009CA203002C860300C06A03004E50030018
:1084A000CB3603002E1E03006D0603007FEF020093
:1084B0005DD90200FDC3020059AF02006A9B0200B1
:1084C000278802008A7502008E6302002B52020088
:1084D0005D4102001C3102006521020031120200E0
:1084E0007C03020041F501007CE7010028DA01006D
:1084F00041CD0100C3C00100ABB40100F4A80100EC
:108500009B9D01009D920100F7870100A47D010061
:10851000A3730100F16901008A6001006D57010039
:10852000964E010003460100B23D0100A135010055
:10853000CD2D010034260100D41E0100AC1701002E
:10854000B9100100FA0901006D03010010FD0000DF
:10855000E2F60000E2F000000DEB000062E5000032
:10856000E0DF000086DA000052D5000043D00000B2
:1085700058CB000090C60000E9C1000064BD0000B7
:10858000FDB80000B6B400008CB000007FAC000065
:108590008DA80000B7A40000FBA00000589D0000BB
:1085A000CE9900005C96000000930000BC8F000094
:1085B0008D8C0000738900006E8600007C830000B3
:1085C0009E800000D37D0000197B000072780000BF
:1085D000DC75000056730000E07000007A6E000049
:1085E000246C0000DC690000A367000077650000D0
:1085F0005A63000049610000465F00004E5D0000C4
:10860000635B000084590000B1570000E85500008A
:108610002A54000077520000CF500000304F000075
:108620009B4D00000F4C00008D4A000014490000D3
:10863000A34700003B460000DB44000083430000EA
:1086400033420000EB400000AA3F0000713E0000F2
:108650003E3D0000123C0000ED3A0000CF39000022
:10866000B7380000A53700009936000094350000A7
:108670009334000099330000A4320000B4310000AC
:10868000CA300000E42F0000042F0000282E000054
:10869000512D00007E2C0000B02B0000EC0A0000E1
:1086A0004B0B0000AD0B0000120C00007B0C000017
:1086B000E70C0000570D0000CB0D0000430E00003A
:1086C000BF0E00003F0F0000C40F00004C10000060
:1086D000DA1000006C11000004120000A01200006B
:1086E00042130000E9130000961400004915000031
:1086F00002160000C1160000871700005318000082
:1087000026190000011A0000E31A0000CC1B00002B
:10871000BD1C0000B71D0000B91E0000C41F0000F2
:10872000D8200000F52100001C2300004D2400008B
:1087300088250000CE2600001F2800007C290000AC
:10874000E42A0000592C0000DA2D0000682F0000F8
:1087500004310000AE320000663400002D36000007
:1087600003380000EA390000E13B0000E93D000069
:10877000034000002F4200006D440000C04600008E
:1087800026490000A14B0000324E0000DA500000E4
:10879000985300006E5600005C590000645C0000B5
:1087A000875F0000C56200001E660000956900003A
:1087B0002A6D0000DE700000B3740000A87800008D
:1087C000C07C0000FC8000005C850000E2890000A5
:1087D000908E00006693000066980000929D000055
:1087E000EAA2000071A8000028AE000011B4000049
:1087F0002CBA00007DC0000005C70000C6CD0000F7
:10880000C1D40000F9DB00006FE3000026EB00009C
:1088100021F3000060FB0000E7030100B90C010038
:10882000D6150100431F0100022901001633010083
:10883000813D0100474801006A530100ED5E0100DF
:10884000D56A010024770100DF8301000791010050
:10885000A29E0100B3AC01003FBB010048CA010069
:10886000D4D90100E7E9010086FA0100B50B020046
:108870007A1D0200D92F0200D74202007A56020068
:10888000C86A0200C67F02007A950200EBAB0200C4
:108890001FC302001DDB0200EAF302008F0D03007C
:1088A000132803007D430300D65F0300247D0300EB
:1088B000719B0300C5BA030029DB0300A7FC03007A
:1088C000471F040014430400186804005E8E04006F
:1088D000F0B50400D9DE040026090500E2340500E5
:1088E0001A620500DB90050032C105002DF305007A
:1088F000DA260600475C060085930600A2CC060037
:10890000AF070700BE440700DE83070023C507004A
:108910009F080800644E0800889608001EE10800C1
:108920003C2E0900F87D090068D00900A5250A0041
:10893000C57D0A00E3D80A0018370B0080980B00A9
:1089400035FD0B0055650C00FDD00C004D400D00B1
:1089500063B30D00602A0E0067A50E009B240F0074
:108960001FA80F001A301000B1BC10000E4E1100ED
:1089700059E41100BD7F12006720130084C6130064
:1089800044721400D723150071DB150045991600B9
:108990008A5D17007828180048FA180036D31900A5
:1089A00080B31A00679B1B002B8B1C0011831D00DA
:1089B00061831E00638C1F00629E2000ADB9210000
:1089C00094DE22006C0D240089462500468A26008C
:1089D000FED8270012332900E3982A00D70A2C007A
:1089E00059892D00D5142F00BCAD300082543200BF
:1089F0009F09340092CD3500D9A03700FA833900A1
:108A000080773B00F87B3D00F5913F0010BA4100B4
:108A1000E6F443001A43460054A54800411C4B00AD
:108A200096A84D000D4B50006504530066D55500C7
:108A3000DCBE58009DC15B0084DE5E0074166200DF
:108A4000586A650022DB6800CF696C00601770000F
:108A5000E3E473006CD377001CE47B001A188000F9
:108A600099708400D6EE880018948D00B36192004E
:108A7000065997007A7B9C0086CAA100AD47A700E3
:108A800080F4AC009CD2B200AFE3B8007229BF0002
:108A9000AEA5C5003E5ACC000B49D3000D74DA00D8
:108AA000000002000900160027003D005800780071
:108AB0009D00C700F6002A016201A001E20129021F
:108AC0007502C6021C037603D6033A04A2041005FD
:108AD0008205FA057506F6067B0705089308260940
:108AE000BE095A0AFB0AA00B4A0CF80CAA0D610E2B
:108AF0001D0FDC0FA010691135120613DB13B4141F
:108B000092157316591742183019211A171B101C89
:108B10000D1D0E1E131F1C20282138224B236224FA
:108B20007D259B26BC27E1280A2A352B642C962D0F
:108B3000CC2E04303F317E32BF3304354B3695376F
:108B4000E238323A843BDA3C313E8B3FE8404742E0
:108B5000A9430C457246DB474549B24A204C914D2A
:108B6000034F7850EE516653E0545B56D85757592F
:108B7000D75A595CDB5D605FE5606C62F4637C65CD
:108B8000066791681D6AAA6B376DC56E5470E371F4
:108B90007373047594762678B779497BDB7C6D7E98
:108BA000FF7F91812383B5844786D8876A89FA8AB3
:108BB0008B8C1B8EAA8F3991C7925494E1956D9737
:108BC000F898829A0A9C929D199F9EA023A2A5A321
:108BD00027A5A7A626A8A3A91EAB98AC10AE86AF62
:108BE000FBB06DB2DEB34CB5B9B623B88CB9F2BAEE
:108BF00055BCB7BD16BF73C0CDC124C37AC4CCC5A4
:108C00001CC769C8B3C9FACA3FCC80CDBFCEFACF62
:108C100032D168D29AD3C9D4F4D51DD742D863D9FA
:108C200081DA9CDBB3DCC6DDD6DEE2DFEBE0F0E12F
:108C3000F1E2EEE3E7E4DDE5CEE6BCE7A5E88BE9AB
:108C40006CEA4AEB23ECF8ECC9ED95EE5EEF22F00E
:108C5000E1F09DF154F206F3B4F35EF403F5A4F5EC
:108C600040F6D8F66BF7F9F783F808F989F904FAB2
:108C70007CFAEEFA5CFBC4FB28FC88FCE2FC38FDC5
:108C800089FDD5FD1CFE5EFE9CFED4FE08FF37FF6D
:108C900061FF86FFA6FFC1FFD7FFE8FFF5FFFCFFDE
:108CA000FCFF0000000000000000000000000000C9
:108CB00000000000000000000100010002000300AD
:108CC000040005000600080009000B000E0010005B
:108CD0001300160019001D00210025002A00300095
:108CE00035003B00420049005100590062006B0012
:108CF000750080008B009700A400B100BF00CE007B
:108D0000DE00EE0000011201250139014E01630170
:108D10007A019201AB01C501E001FC0119023702A1
:108D2000570277029902BC02E10207032E035603A1
:108D30008003AB03D8030604350467049904CE040A
:108D400003053B057405AF05EB0529066906AB066F
:108D5000EF0634077C07C50710085D08AC08FE085D
:108D60005109A609FD09570AB30A110B710BD30B60
:108D7000380C9F0C080D740DE20D530EC60E3B0F00
:108D8000B30F2E10AB102B11AD113212BA124513C6
:108D9000D2136214F5148B152416C0165F17001831
:108DA000A5184D19F819A61A571B0B1CC31C7E1DBC
:108DB0003C1EFD1EC21F8A2056212522F722CD23EC
:108DC000A72484256526492731281D290D2A002B33
:108DD000F72BF32CF12DF42EFB2F0631153228330F
:108DE0003F345A3579369D37C438F039213B553CEC
:108DF0008E3DCC3E0D4054419E42EE4342459A4644
:108E0000F7475949C04A2B4C9C4D114F8A50095283
:108E10008D531555A3563658CE596B5B0D5DB45E18
:108E200060601262C963866548670F69DB6AAD6C72
:108E3000856E627045722E741C760F78097A087CF4
:108E40000E7E1980298240845D868088A98AD88C0C
:108E50000D8F48918993D1951F98739ACE9C2F9F1F
:108E600096A104A479A6F3A875ABFDAD8CB021B38F
:108E7000BEB561B80ABBBBBD73C031C3F6C5C3C8BC
:108E800096CB71CE53D13CD42CD723DA22DD28E007
:108E900035E34AE666E989ECB4EFE7F222F663F9D6
:108EA000ADFCFFFFFFFF000000000B040608F10B04
:108EB000CD0F9A135717061BA61E3822BB25312942
:108EC000982CF32F40338036B339D93CF33F00431D
:108ED0000146F748E14BBF4E915159541657C759B7
:108EE0006E5C0B5F9D612564A2661669806BE16D07
:108EF00038708672CB7407773A79647B857D9E7F64
:108F0000AF81B883B885B187A1898A8B6C8D468F74
:108F10001991E492A89466961C98CB99749B179D1E
:108F2000B29E48A0D7A160A3E3A460A6D7A748A992
:108F3000B3AA19AC79ADD4AE29B07AB1C4B20AB42F
:108F40004BB587B6BDB7F0B81DBA45BB69BC89BD86
:108F5000A4BEBBBFCDC0DBC1E5C2EBC3ECC4EAC558
:108F6000E4C6DAC7CCC8BAC9A5CA8CCB6FCC4FCD82
:108F70002CCE05CFDACFADD07CD147D210D3D6D30B
:108F800098D458D514D6CED685D739D8EAD898D91A
:108F900044DAEDDA93DB37DCD8DC77DD13DEADDEE7
:108FA00045DFDADF6DE0FDE08CE118E2A2E229E3C3
:108FB000AFE333E4B4E434E5B1E52DE6A7E61FE71B
:108FC00095E709E87BE8ECE85BE9C8E933EA9DEA64
:108FD00005EB6BEBD0EB34EC96ECF6EC55EDB2ED2B
:108FE0000EEE68EEC1EE19EF6FEFC4EF18F06AF005
:108FF000BCF00BF15AF1A7F1F3F13EF288F2D1F295
:1090000019F35FF3A4F3E9F32CF46EF4AFF4EFF487
:109010002FF56DF5AAF5E6F522F65CF695F6CEF697
:1090200006F73DF773F7A8F7DCF710F842F874F885
:10903000A6F8D6F806F935F963F990F9BDF9E9F91A
:1090400015FA3FFA69FA93FABCFAE4FA0BFB32FB21
:1090500058FB7EFBA3FBC8FBECFB0FFC32FC54FC73
:1090600076FC98FCB8FCD9FCF8FC18FD36FD55FDE3
:1090700073FD90FDADFDC9FDE5FD01FE1CFE37FE53
:1090800051FE6BFE85FE9EFEB6FECFFEE7FEFEFEA7
:1090900016FF2CFF43FF59FF6FFF84FF9AFFAEFFBF
:1090A000C3FFD7FFEBFFFFFFFFFF00000000010140
:1090B0000202030304040505060607070808090958
:1090C0000A0A0B0B0C0C0D0D0E0E0F0F10101111C8
:1090D0001212131314141515161617171818191938
:1090E0001A1A1B1B1C1C1D1D1E1E1F1F20202121A8
:1090F0002222232324242525262627272828292918
:109100002A2A2B2B2C2C2D2D2E2E2F2F3030313187
:1091100032323333343435353636373738383939F7
:109120003A3A3B3B3C3C3D3D3E3E3F3F4040414167
:1091300042424343444445454646474748484949D7
:109140004A4A4B4B4C4C4D4D4E4E4F4F5050515147
:1091500052525353545455555656575758585959B7
:109160005A5A5B5B5C5C5D5D5E5E5F5F6060616127
:109170006262636364646565666667676868696997
:109180006A6A6B6B6C6C6D6D6E6E6F6F7070717107
:109190007272737374747575767677777878797977
:1091A0007A7A7B7B7C7C7D7D7E7E7F7F80808181E7
:1091B0008282838384848585868687878888898957
:1091C0008A8A8B8B8C8C8D8D8E8E8F8F90909191C7
:1091D0009292939394949595969697979898999937
:1091E0009A9A9B9B9C9C9D9D9E9E9F9FA0A0A1A1A7
:1091F000A2A2A3A3A4A4A5A5A6A6A7A7A8A8A9A917
:10920000AAAAABABACACADADAEAEAFAFB0B0B1B186
:10921000B2B2B3B3B4B4B5B5B6B6B7B7B8B8B9B9F6
:10922000BABABBBBBCBCBDBDBEBEBFBFC0C0C1C166
:10923000C2C2C3C3C4C4C5C5C6C6C7C7C8C8C9C9D6
:10924000CACACBCBCCCCCDCDCECECFCFD0D0D1D146
:10925000D2D2D3D3D4D4D5D5D6D6D7D7D8D8D9D9B6
:10926000DADADBDBDCDCDDDDDEDEDFDFE0E0E1E126
:10927000E2E2E3E3E4E4E5E5E6E6E7E7E8E8E9E996
:10928000EAEAEBEBECECEDEDEEEEEFEFF0F0F1F106
:10929000F2F2F3F3F4F4F5F5F6F6F7F7F8F8F9F976
:1092A000FAFAFBFBFCFCFDFDFEFEFFFFFFFF0000EA
:1092B000000000000000000035A80124BDBB01240F
:1092C000B5A6012400000000000000007157012431
:1092D000755701247957012475C20124B55701241B
:1092E00000000000000000000000000049690124A7
:1092F000C15701247D570124CC400324D0400324CE
:10930000D4400324DC400324E4400324EC40032441
:10931000F0400324D43E0324F8400324000000005E
:1093200000000000C5D601240DD70124F94A01240C
:10933000FD4A012449D3012445D301240000000043
:10934000000000007157012475570124795701244A
:1093500075C20124B5570124E1240224D52B02242F
:10936000E92B02246D3D0224C15701247D570124BD
:1093700018E70000D0420324D8420324E04203242B
:10938000E8420324F0420324F84203240043032468
:1093900008430324104303241843032420430324D5
:1093A0002843032430430324384303244043032445
:1093B00048430324504303245843032460430324B5
:1093C0006843032470430324784303248043032425
:1093D000884303249043032498430324A043032495
:1093E000A8430324B0430324B8430324C043032405
:1093F000C8430324D0430324D8430324E043032475
:10940000E8430324F0430324F843032400440324E3
:109410000844032410440324184403242044032450
:1094200028440324304403243844032440440324C0
:1094300048440324504403240000000000000000BE
:10944000000000000000000000000000000000001C
:10945000000000000000000000000000000000000C
:10946000000600000C0000000000800000018001E8
:1094700000028002000380030004800400058005D0
:1094800000000000000000000006000007000000CF
:1094900000000001000280028003800480050000BB
:1094A00000000000000000000000000000000000BC
:1094B000000600000700000000000001800180029B
:1094C0008003800400050000000000000000000090
:1094D000000000000000000000060000070000007F
:1094E000000080008001800280030004000500006D
:1094F000000000000000000000000000000000006C
:109500000006000007000000000000010002000348
:1095100080038004800500000000000000000000BF
:10952000000000000000000000060000070000002E
:10953000000000010002800280038004000500009A
:10954000000000000000000000000000000000001B
:1095500000060000070000000000000180018002FA
:10956000800300040005000000000000000000006F
:1095700000000000000000000006000007000000DE
:10958000000080008001800200030004000500004C
:1095900000000000000000000000000000000000CB
:1095A00000060000060000000000800100028003A9
:1095B0008004000500000000000000000000000022
:1095C000000000000000000000060000060000008F
:1095D00000008001800200038003000500000000FD
:1095E000000000000000000000000000000000007B
:1095F00000060000050000000000000100028003DA
:1096000080040000000000000000000000000000D6
:10961000000000000000000000060000050000003F
:1096200000008001800280030005000000000000AF
:10963000000000000000000000000000000000002A
:109640000006000008000000000080008001000209
:1096500080028003000400050000000000000000FC
:1096600000000000000000000006000005000000EF
:109670000000800080028003000400000000000061
:1096800000000000000000000000000000000000DA
:10969000000600000500000000008000800180033B
:1096A00000040000000000000000000000000000B6
:1096B000000000000000000000060000070000009D
:1096C0000000000180010003800300048005000009
:1096D000000000000000000000000000000000008A
:1096E0000006000007000000000080000002800269
:1096F000800300048005000000000000000000005E
:10970000000000000000000000060000070000004C
:1097100000008000000280028003000400050000B9
:109720000000000000000000000000000000000039
:109730000006000006000000000000010002000317
:109740000004000500000000000000000000000010
:109750000000000000000000000600000C000000F7
:1097600000007300050178010A027D020F038303E4
:10977000F6038804FB048D050000000000000000D3
:10978000000600000C0000000000800000018001C5
:10979000C00180020003800300048004000540052E
:1097A0000000000000000000000600000C000000A7
:1097B0000000800000018001C001800200038003DE
:1097C0000004800400058005000000000000000087
:1097D000000600000C000000000080000001800175
:1097E000C0018002000380030004400400058005DE
:1097F000000000000000000000060000070000005C
:1098000000007300EE017D028303F6037105000082
:109810000000000000000000000000000000000048
:10982000000600000500000000008F007D02830399
:109830001204000000000000000000000000000012
:10984000000000000000000000060000060000000C
:1098500000008F00EE01F3026C04710500000000AF
:1098600000000000000000000000000000000000F8
:10987000000600000700000000007300EE01F30284
:109880008303F603710500000000000000000000E3
:1098900000000000000000000006000007000000BB
:1098A00000008F00EE01F302830312047105000033
:1098B00000000000000000000000000000000000A8
:1098C000000600000700000000000501EE017D0217
:1098D0008303880471050000000000000000000000
:1098E000000000000000000000060000070000006B
:1098F000000005010A020F03830388048D050000A0
:109900000000000000000000000000000000000057
:1099100000060000070000000000E90078017D0259
:1099200083036C04FB040000000000000000000042
:10993000000000000000000000060000070000001A
:109940000000050194017D028303880417050000CF
:109950000000000000000000000000000000000007
:1099600000060000070000000000050178017D02EC
:109970008303F603FB040000000000000000000069
:1099800000000000000000000006000007000000CA
:1099900000000501EE017D0283036C04FB0400005E
:1099A00000000000000000000000000000000000B7
:1099B000000600000800000000000501EE017D0225
:1099C00083038804FB048D050000000000000000F4
:1099D0000000000000000000000600000800000079
:1099E0000000050178017D0283036C04FB0471050E
:1099F0000000000000000000000000000000000067
:109A000000060000060000000000730078017D02DF
:109A10006C04FB04000000000000000000000000D7
:109A2000000000000000000000060000060000002A
:109A30000000050178017D0283037105000000002C
:109A40000000000000000000000000000000000016
:109A500000060000060000000000EE017D02830306
:109A6000F603FB04000000000000000000000000FE
:109A700000000000000000000006000006000000DA
:109A800000000501F30283036C04FB0400000000E6
:109A900000000000000000000000000000000000C6
:109AA00000060000070000000000050178017D02AB
:109AB00083038804FB040000000000000000000095
:109AC0000000000000000000000600000700000089
:109AD00000000501EE017D028303F603710500001D
:109AE0000000000000000000000000000000000076
:109AF0000006000006000000000005010A027D02C9
:109B0000F603FB040000000000000000000000005D
:109B1000000000000000000000060000050000003A
:109B2000000073007D028303FB04000000000000BE
:109B30000000000000000000000000000000000025
:109B40000006000005000000000073007801830398
:109B5000FB04000000000000000000000000000006
:109B600000000000000000000006000005000000EA
:109B7000000078017D028303FB0400000000000068
:109B800000000000000000000000000000000000D5
:109B90000006000005000000000078017D02F302CD
:109BA000F6030000000000000000000000000000BC
:109BB0000000000000000000000600000600000099
:109BC00000007801EE017D026C04FB04000000003F
:109BD0000000000000000000000000000000000085
:109BE00000000000000000007D480224914802248B
:109BF0000000000000000000B95C0224555D022452
:109C0000195E0224FD4A0124C9590224195902246B
:109C10000000000000000000715C0224015D0224CD
:109C2000A95D0224FD4A0124895A022419590224FB
:109C30000000000000000000896A0224FD6C02247C
:109C4000A96B0224FD4A0124056602242977022417
:109C50000000000000000000196B0224016C0224C7
:109C6000496A0224FD4A01240D6302242977022453
:109C70000000000000000000D16A0224A96C022448
:109C8000516D02243D7102241D640224496E022498
:109C90000000000000000000616B0224556C0224EB
:109CA000DD6D0224FD4A01247D630224297702240C
:109CB000000610160006101602000000000000004A
:109CC000040000000000000006000000000000008A
:109CD00008000000000000000A0000000000000072
:109CE0000C00000000000000100000000000000058
:109CF0002000000000000000400000000000000004
:109D000080000000000000000001000000000000D2
:109D1000020000000400000006000000080000002F
:109D20000A0000000C0000001000000020000000ED
:109D30004000000080000000000100000000000062
:109D400001020304010203040607080901000200DE
:109D50000400080010002000400080000001000204
:109D6000000400080010002000400080000002589D
:109D70000004025800080258000C02580010025853
:109D80000014025800180258001C02580020025803
:109D900000240258002802580000000000000000C3
:109DA00059F3F8C21F6EA50100000000000000403A
:109DB000000000000000F03F6937AC316821223319
:109DC000B40F14336821A2333863ED3EDA0F493FF4
:109DD0005E987B3FDA0FC93F6042A20D0000004051
:109DE0000000803F00000000FE822B6547156740A1
:109DF00000000000000038430000FAFE422E76BF4B
:109E00003A3B9EBC9AF70CBDBDFDFFFFFFFFDF3F55
:109E10003C5455555555C53F912B17CF5555A53F2A
:109E200017D0A4671111813F000000000000C84254
:109E3000EF39FAFE422EE63F24C482FFBDBFCE3F7B
:109E4000B5F40CD7086BAC3FCC5046D2ABB2833FD5
:109E5000843A4E9BE0D7553F000000000000000010
:109E6000000000000000F03F6EBF881A4F3B9B3C93
:109E70003533FBA93DF6EF3F5DDCD89C136071BC28
:109E80006180773E9AECEF3FD16687107A5E90BC96
:109E9000857F6EE815E3EF3F13F6673552D28C3CB1
:109EA000748515D3B0D9EF3FFA8EF92380CE8BBCE1
:109EB000DEF6DD296BD0EF3F61C8E6614EF7603C0E
:109EC000C89B751845C7EF3F99D3335BE4A3903C1B
:109ED00083F3C6CA3EBEEF3F6D7B835DA69A973C77
:109EE0000F89F96C58B5EF3FFCEFFD921AB58E3C27
:109EF000F747722B92ACEF3FD19C2F703DBE3E3C9A
:109F0000A2D1D332ECA3EF3F0B6E908934036ABC2D
:109F10001BD3FEAF669BEF3F0EBD2F2A525695BC5A
:109F2000515B12D00193EF3F55EA4E8CEF8050BC4D
:109F3000CC316CC0BD8AEF3F16F4D5B923C991BCB2
:109F4000E02DA9AE9A82EF3FAF555CE9E3D3803CA8
:109F5000518EA5C8987AEF3F4893A5EA151B80BC9F
:109F60007B517D3CB872EF3F3D32DE55F01F8FBC18
:109F7000EA8D8C38F96AEF3FBF53133F8C898B3CD5
:109F800075CB6FEB5B63EF3F26EB11769CD996BCEC
:109F9000D45C0484E05BEF3F602F3A3EF7EC9A3CE0
:109FA000AAB968318754EF3F9D3886CB82E78FBCD2
:109FB0001DD9FC22504DEF3F8DC3A644416F8A3C12
:109FC000D68C62883B46EF3F7D04E4B0057A803C46
:109FD00096DC7D91493FEF3F94A8A8E3FD8E963C27
:109FE0003862756E7A38EF3F7D4874F2185E873CB0
:109FF0003FA6B24FCE31EF3FF2E71F982B47803C90
:10A00000DD7CE265452BEF3F5E08713F7BB896BC77
:10A010008163F5E1DF24EF3F31AB096DE1F7823C6D
:10A02000E1DE1FF59D1EEF3FFABF6F1A9B213DBC7D
:10A0300090D9DAD07F18EF3FB40A0C7282378B3C8C
:10A040000B03E4A68512EF3F8FCBCE8992146E3CB2
:10A05000562F3EA9AF0CEF3FB6ABB04D754D833CCC
:10A0600015B7310AFE06EF3F4C74ACE20142863C64
:10A0700031D84CFC7001EF3F4AF8D35D39DD8F3C9D
:10A08000FF1664B208FCEE3F045B8E3B80A386BCE7
:10A09000F19F925FC5F6EE3F68504BCCED4A92BC03
:10A0A000CBA93A37A7F1EE3F8E2D511BF80799BC8B
:10A0B00066D8056DAEECEE3FD236943EE8D171BC69
:10A0C000F79FE534DBE7EE3F151BCEB3191999BCBA
:10A0D000E5A813C32DE3EE3F6D4C2AA7489F853CAE
:10A0E0002234124CA6DEEE3F8A69287A601293BCB5
:10A0F0001C80AC0445DAEE3F5B8917488FA758BC3B
:10A100002A2EF7210AD6EE3F1B9A49679B2C7CBC6E
:10A1100097A850D9F5D1EE3F11ACC260ED63433C36
:10A120002D89616008CEEE3FEF64063B0966963CE0
:10A1300057001DED41CAEE3F7903A1DAE1CC6E3C38
:10A14000D03CC1B5A2C6EE3F30120F3F8EFF933C0C
:10A15000DED3D7F02AC3EE3FB0AF7ABBCE90763CC9
:10A16000272A36D5DABFEE3F77E054EBBD1D933C8E
:10A170000DDDFD99B2BCEE3F8EA3710034948FBC0F
:10A18000A72C9D76B2B9EE3F49A393DCCCDE87BC09
:10A190004266CFA2DAB6EE3F5F380FBDC6DE78BCAE
:10A1A000824F9D562BB4EE3FF65C7BEC461286BC8C
:10A1B0000F925DCAA4B1EE3F8ED7FD180535933CD2
:10A1C000DA27B53647AFEE3F059B8A2FB7987B3C21
:10A1D000FDC797D412ADEE3F09541CE2E163903CF9
:10A1E000295448DD07ABEE3FEAC6195085C7343C19
:10A1F000B746598A26A9EE3F35C0642BE632943C17
:10A200004821AD156FA7EE3F9F7699614AE48CBC5B
:10A2100009DC76B9E1A5EE3FA84DEF3BC5338CBC18
:10A2200085553AB07EA4EE3FAEE92B89785384BCC5
:10A2300020C3CC3446A3EE3F58585678DDCE93BCAD
:10A240002522558238A2EE3F64197E80AA10573C21
:10A2500073A94CD455A1EE3F28225EBFEFB393BC47
:10A26000CD3B7F669EA0EE3F82B93487AD126ABCBB
:10A27000BFDA0B7512A0EE3FEEA96DB8EF6763BCB5
:10A280002F1A653CB29FEE3F5188E0543DDC80BC04
:10A29000849451F97D9FEE3FCF3E5A7E641F78BC77
:10A2A000745FECE8759FEE3FB07D8BC04AEE86BCD4
:10A2B0007481A5489A9FEE3F8AE6551E321986BCE6
:10A2C000C9674256EB9FEE3FD3D4095ECB9C903CCE
:10A2D0003F5DDE4F69A0EE3F1DA54DB9DC327BBC72
:10A2E0008701EB7314A1EE3F6BC06754FDEC943C07
:10A2F00032C13001EDA1EE3F556CD6ABE1EB653CD0
:10A30000624ECF36F3A2EE3F42CFB32FC5A188BC39
:10A31000121A3E5427A4EE3F34373BF1B66993BC82
:10A3200013CE4C9989A5EE3F1EFF193A845E80BC7E
:10A33000ADC723461AA7EE3F6E5772D850D494BCCF
:10A34000ED92449BD9A8EE3F008A0E5B67AD903C2E
:10A3500099668AD9C7AAEE3FB4EAF0C12FB78D3CFF
:10A36000DBA02A42E5ACEE3FFFE7C59C60B665BCCA
:10A370008C44B51632AFEE3F445FF35983F67B3C15
:10A3800036771599AEB1EE3F833D1EA71F0993BCEA
:10A39000C6FF910B5BB4EE3F291E6C8BB8A95DBC68
:10A3A000E5C5CDB037B7EE3F59B9907CF9236CBC09
:10A3B0000F52C8CB44BAEE3FAAF9F422434392BCF1
:10A3C000504EDE9F82BDEE3F4B8E66D76CCA85BC79
:10A3D000BA07CA70F1C0EE3F27CE912BFCAF713C9B
:10A3E00090F0A38291C4EE3FBB730AE135D26D3C7D
:10A3F0002323E31963C8EE3F6322622204C587BCAE
:10A4000065E55D7B66CCEE3FD531E2E3861C8B3C97
:10A41000332D4AEC9BD0EE3F15BBBCD3D1BB91BCD6
:10A420005D253EB203D5EE3FD231EE9C31CC903C5F
:10A4300058B330139ED9EE3FB35A736E8469843C8F
:10A44000BFFD79556BDEEE3FB49D8E97CDDF82BCAC
:10A450007AF3D3BF6BE3EE3F8733CB92771A8C3C12
:10A46000ADD35A999FE8EE3FFAD9D14A8F7B90BC81
:10A4700066B68D2907EEEE3FBAAEDC56D9C355BCA1
:10A48000FB154FB8A2F3EE3F40F6A63D0EA490BCDC
:10A490003A59E58D72F9EE3F3493AD38F4D668BC85
:10A4A000475EFBF276FFEE3F358A586BE2EE91BCD9
:10A4B0004A06A130B005EF3FCDDD5F0AD7FF743CFF
:10A4C000D2C14B901E0CEF3FAC9892FAFBBD91BCF1
:10A4D000091ED75BC212EF3FB30CAF30AE6E733CB8
:10A4E0009C5285DD9B19EF3F94FD9F5C32E38E3CCF
:10A4F0007AD0FF5FAB20EF3FAC5909D18FE0843CAD
:10A500004BD1572EF127EF3F671A4E38AFCD633C42
:10A51000B5E706946D2FEF3F6819926C2C6B673C82
:10A520006990EFDC2037EF3FD2B5CC83188A80BC2E
:10A53000FAC35D550B3FEF3F6FFAFF3F5DAD8FBC38
:10A540007C89074A2D47EF3F49A97538AE0D90BC6D
:10A55000F2890D08874FEF3FA7073DA685A3743CFE
:10A5600087A4FBDC1858EF3F0F2240209E9182BC4D
:10A570009883C916E360EF3FAC92C1D5505A8E3C28
:10A580008532DB03E669EF3F4B6B01AC593A843C03
:10A5900060B401F32173EF3F1F3EB40721D582BCA5
:10A5A0005F9B7B33977CEF3FC90D473BB92A89BC42
:10A5B00029A1F5144686EF3FD3883A6004B6743C6F
:10A5C000F63F8BE72E90EF3F71729D51ECC5833CB7
:10A5D000834CC7FB519AEF3FF091D38F12F78FBC9A
:10A5E000DA90A4A2AFA4EF3F7D7423E298AE8DBCB5
:10A5F000F1678E2D48AFEF3F0820AA41BCC38E3CC7
:10A60000275A61EE1BBAEF3F32EBA9C3942B843C6F
:10A6100097BA6B372BC5EF3FEE85D131A9648A3CE1
:10A6200040456E5B76D0EF3FEDE33BE4BA378EBC3E
:10A6300014BE9CADFDDBEF3F9DCD914D3B89773C3A
:10A64000D8909E81C1E7EF3F89CC6041C105533C62
:10A65000F1718F2BC2F3EF3F0038FAFE422EE63F36
:10A660003067C79357F32E3D010000000000E0BFA4
:10A670005B3051555555D53F9045EBFFFFFFCFBFA0
:10A680001101F124B399C93F9FC806E57555C5BFAF
:10A69000000000000000E0BF775555555555D53FE7
:10A6A000CBFDFFFFFFFFCFBF0CDD95999999C93F07
:10A6B000A74567555555C5BF30DE44A32449C23F61
:10A6C000653D42A4FFFFBFBFCAD62A288471BC3FA4
:10A6D000FF68B043EB99B9BF85D0AFF78281B73F30
:10A6E000CD45D1751352B5BF9FDEE0C3F034F73FBF
:10A6F0000090E6797FCCD7BF1FE92C6A7813F73F2B
:10A7000000000DC2EE6FD7BFA0B5FA0860F2F63FA9
:10A7100000E05113E313D7BF7D8C131FA6D1F63F82
:10A72000007828385BB8D6BFD1B4C50B49B1F63F25
:10A7300000788090555DD6BFBA0C2F334791F63F15
:10A7400000001876D002D6BF234222189F71F63F30
:10A7500000909086CAA8D5BFD91EA5994F52F63F42
:10A7600000500356434FD5BFC4248FAA5633F63F3B
:10A7700000406BC337F6D4BF14DC9D6BB314F63FB7
:10A780000050A8FDA79DD4BF4C5CC65264F6F53FAF
:10A7900000A889399245D4BF4F2C91B567D8F53FB1
:10A7A00000B8B039F4EDD3BFDE905BCBBCBAF53F57
:10A7B00000708F44CE96D3BF781AD9F2619DF53FD1
:10A7C00000A0BD171E40D3BF875646125680F53FE6
:10A7D000008046EFE2E9D2BFD36BE7CE9763F53F47
:10A7E00000E030381B94D2BF937FA7E22547F53FA6
:10A7F0000088DA8CC53ED2BF83450642FF2AF53F6A
:10A8000000902729E1E9D1BFDFBDB2DB220FF53F80
:10A8100000F8482B6D95D1BFD7DE34478FF3F43F56
:10A8200000F8B99A6741D1BF4028DECF43D8F43F42
:10A830000098EF94D0EDD0BFC8A378C03EBDF43FE0
:10A840000010DB18A59AD0BF8A25E0C37FA2F43F91
:10A8500000B86352E647D0BF3484D4240588F43F5F
:10A8600000F0864522EBCFBF0B2D191BCE6DF43FB8
:10A8700000B017754A47CFBF541839D3D953F43FA6
:10A880000030103D44A4CEBF5A84B444273AF43F6C
:10A8900000B0E9440D02CEBFFBF81541B520F43FEE
:10A8A00000F07729A260CDBFB1F43EDA8207F43F11
:10A8B0000090950401C0CCBF8FFE575D8FEEF33F33
:10A8C000001089562920CCBFE94C0BA0D9D5F33F05
:10A8D0000010818D1781CBBF2BC110C060BDF33F2D
:10A8E00000D0D3CCC9E2CABFB8DA752B24A5F33F98
:10A8F0000090122E4045CABF02D09FCD228DF33F5B
:10A9000000F01D6877A8C9BF1C7A84C55B75F33F4A
:10A91000003048696D0CC9BFE236AD49CE5DF33FEA
:10A9200000C045A62071C8BF40D44D987946F33F7A
:10A93000003014B48FD6C7BF24CBFFCE5C2FF33FBB
:10A940000070623CB83CC7BF490DA1757718F33F52
:10A950000060379B9AA3C6BF90393E37C801F33FCA
:10A9600000A0B754310BC6BF41F895BB4EEBF23F88
:10A97000003024767D73C5BFD1A919020AD5F23FF4
:10A980000030C28F7BDCC4BF2AFDB7A8F9BEF23FFE
:10A990000000D2512C46C4BFAB1B0C7A1CA9F23F5D
:10A9A000000083BC8AB0C3BF30B514607293F23F1D
:10A9B0000000496B991BC3BFF5A15757FA7DF23FC1
:10A9C0000040A4905487C2BFBF3B1D9BB368F23FB9
:10A9D00000A079F8B9F3C1BFBDF58F839D53F23F55
:10A9E00000A02C25C860C1BF3B08C9AAB73EF23FF2
:10A9F0000020F7577FCEC0BFB640A92B012AF23FF7
:10AA000000A0FE49DC3CC0BF3241CC967915F23F34
:10AA100000804BBCBD57BFBF9BFCD21D2001F23F45
:10AA2000004040960837BEBF0B484D49F4ECF13F5B
:10AA30000040F93E9817BDBF69658F52F5D8F13FC8
:10AA400000A0D84E67F9BBBF7C7E571123C5F13FEC
:10AA500000602F2079DCBABFE926CB747CB1F13FCE
:10AA6000008028E7C3C0B9BFB61A2C0C019EF13F85
:10AA700000C072B346A6B8BFBD70B67BB08AF13FC6
:10AA80000000ACB3018DB7BFB6BCEF258A77F13FAC
:10AA900000003845F174B6BFDA314C358D64F13FB2
:10AAA0000080876D0E5EB5BFDD5F2790B951F13F25
:10AAB00000E0A1DE5C48B4BF4CD232A40E3FF13FAF
:10AAC00000A06A4DD933B3BFDAF910728B2CF13F75
:10AAD0000060C5F87920B2BF31B5EC28301AF13FDB
:10AAE00000206298460EB1BFAF3484DAFB07F13F15
:10AAF0000000D26A6CFAAFBFB36B4E0FEEF5F03FB9
:10AB00000040774A8DDAADBFCE9F2A5D06E4F03F64
:10AB1000000085E4ECBCABBF21A52C6344D2F03F20
:10AB200000C0124089A1A9BF1A98E27CA7C0F03FDB
:10AB300000C002335888A7BFD136C6832FAFF03F7D
:10AB40000080D6675E71A5BF3913A098DB9DF03FEA
:10AB5000008065498A5CA3BFDFE752AFAB8CF03F52
:10AB600000401564E349A1BFFB284E2F9F7BF03FB7
:10AB70000080EB82C0729EBF198F358CB56AF03FA2
:10AB800000805252F1559ABF2CF9ECA5EE59F03FD6
:10AB9000008081CF623D96BF902CD1CD4949F03FD6
:10ABA0000000AA8CFB2892BFA9ADF0C6C638F03FC2
:10ABB0000000F9207B318CBFA93279136528F03F62
:10ABC0000000AA5D351984BF4873EA272418F03FB6
:10ABD0000000ECC2031278BF95B114060408F03FE0
:10ABE00000002479090460BF1AFA26F71FE0EF3F3E
:10ABF00000009084F3EF6F3F74EA61C21CA1EF3F45
:10AC000000003D3541DC873F2E9981B01063EF3F56
:10AC10000080C2C4A3CE933FCDADEE3CF625EF3FFE
:10AC200000008914C19F9B3FE7139103C8E9EE3FE1
:10AC3000000011CED8B0A13FABB1CB7880AEEE3FD3
:10AC400000C001D05B8AA53F9B0C9DA21A74EE3F09
:10AC50000080D840835CA93FB5990A83913AEE3FC2
:10AC6000008057EF6A27AD3F569A6009E001EE3F3A
:10AC700000C098E59875B03F98BB77E501CAED3FF5
:10AC800000200DE3F553B23F03917C0BF292ED3FB0
:10AC90000000388BDD2EB43FCE5CFB66AC5CED3F34
:10ACA00000C057875906B63F9DDE5EAA2C27ED3FB0
:10ACB00000006A3576DAB73FCD2C6B3E6EF2EC3F82
:10ACC00000601C4E43ABB93F0279A7A26DBEEC3FBA
:10ACD00000600DBBC778BB3F6D08376D268BEC3F1E
:10ACE0000020E7321343BD3F04585DBD9458EC3F4C
:10ACF0000060DE71310ABF3F8C9FBB33B526EC3F4D
:10AD00000040912B1567C03F3FE7ECEE83F5EB3F2A
:10AD100000B092828547C13FC196DB75FDC4EB3F11
:10AD20000030CACD6E26C23F284A860C1E95EB3FE6
:10AD30000050C5A6D703C33F2C3EEFC5E265EB3FED
:10AD40000010333CC3DFC33F8B88C9674837EB3FF4
:10AD500000807A6B36BAC43F4A301D214B09EB3F65
:10AD600000F0D1283993C53F7EEFF285E8DBEA3F5A
:10AD700000F01824CD6AC63FA23D60311DAFEA3F06
:10AD8000009066ECF840C73FA758D33FE682EA3F01
:10AD900000F01AF5C015C83F8B7309EF4057EA3F22
:10ADA0000080F65429E9C83F274BAB902A2CEA3F94
:10ADB0000040F80236BBC93FD1F29313A001EA3F2D
:10ADC00000002C1CED8BCA3F1B3CDB249FD7E93FC6
:10ADD00000D0015C515BCB3F90B1C70525AEE93F88
:10ADE00000C0BCCC6729CC3F2FCE97F22E85E93F1F
:10ADF000006048D535F6CC3F754BA4EEBA5CE93F10
:10AE000000C04634BDC1CD3F3848E79DC634E93F58
:10AE100000E0CFB8018CCE3FE652672F4F0DE93FDF
:10AE2000009017C00955CF3F9DD7FF8E52E6E83FEF
:10AE300000B81F126C0ED03F7C00CC9FCEBFE83F05
:10AE400000D0930EB871D03F0EC3BEDAC099E83F70
:10AE50000070869E6BD4D03FFB1723AA2774E83F6F
:10AE600000D04B338736D13F089AB3AC004FE83F50
:10AE7000004823670D98D13F553E65E8492AE83FD1
:10AE80000080CCE0FFF8D13F6002F4950106E83F76
:10AE9000006863D75F59D23F29A3E06325E2E73F0B
:10AEA00000A8140930B9D23FADB5DC77B3BEE73F97
:10AEB000006043107218D33FC2259767AA9BE73FF3
:10AEC0000018EC6D2677D33F570617F20779E73F56
:10AED0000030AFFB4FD5D33F0C13D6DBCA56E73F4C
:10AEE00000E02FE3EE32D43F0038FAFE422EE63F78
:10AEF0003067C79357F32E3D000000000000E0BF0D
:10AF0000605555555555E5BF060000000000E03F6F
:10AF10004E5559999999E93F7AA429555555E5BF58
:10AF2000E945489B5B49F2BFC33F268B2B00F03FAE
:10AF30000000000000A0F63F00000000000000003C
:10AF400000C8B9F2822CD6BF8056372824B4FA3C08
:10AF5000000000000080F63F00000000000000003C
:10AF6000000858BFBDD1D5BF20F7E0D808A51CBD4B
:10AF7000000000000060F63F00000000000000003C
:10AF8000005845177776D5BF6D50B6D5A46223BD5E
:10AF9000000000000040F63F00000000000000003C
:10AFA00000F82D87AD1AD5BFD567B09EE484E6BC06
:10AFB000000000000020F63F00000000000000003C
:10AFC000007877955FBED4BFE03E2993691B04BD2E
:10AFD000000000000000F63F00000000000000003C
:10AFE00000601CC28B61D4BFCC844C482FD8133D69
:10AFF0000000000000E0F53F00000000000000003D
:10B0000000A886863004D4BF3A0B82EDF342DC3CC4
:10B010000000000000C0F53F00000000000000003C
:10B02000004869554CA6D3BF60945186C6B1203DF7
:10B030000000000000A0F53F00000000000000003C
:10B040000080989ADD47D3BF9280C5D44D59253DE5
:10B05000000000000080F53F00000000000000003C
:10B060000020E1BAE2E8D2BFD82BB7991E7B263D7B
:10B07000000000000060F53F00000000000000003C
:10B080000088DE135A89D2BF3FB0CFB614CA153D2F
:10B09000000000000060F53F00000000000000001C
:10B0A0000088DE135A89D2BF3FB0CFB614CA153D0F
:10B0B000000000000040F53F00000000000000001C
:10B0C0000078CFFB4129D2BF76DA5328245A16BD27
:10B0D000000000000020F53F00000000000000001C
:10B0E000009869C198C8D1BF0454E768BCAF1FBDC0
:10B0F000000000000000F53F00000000000000001C
:10B1000000A8ABAB5C67D1BFF0A88233C61F1F3D60
:10B110000000000000E0F43F00000000000000001C
:10B120000048AEF98B05D1BF665A05FDC4A826BDFF
:10B130000000000000C0F43F00000000000000001C
:10B14000009073E224A3D0BF0E03F47EEE6B0CBD1F
:10B150000000000000A0F43F00000000000000001C
:10B1600000D0B4942540D0BF7F2DF49EB836F0BCFB
:10B170000000000000A0F43F0000000000000000FC
:10B1800000D0B4942540D0BF7F2DF49EB836F0BCDB
:10B19000000000000080F43F0000000000000000FC
:10B1A00000405E6D18B9CFBF873C99AB2A570D3D63
:10B1B000000000000060F43F0000000000000000FC
:10B1C0000060DCCBADF0CEBF24AF869CB7262B3D14
:10B1D000000000000040F43F0000000000000000FC
:10B1E00000F02A6E0727CEBF10FF3F544F2F17BD28
:10B1F000000000000020F43F0000000000000000FC
:10B2000000C04F6B215CCDBF1B68CABB91BA213D0A
:10B21000000000000000F43F0000000000000000FB
:10B2200000A09AC7F78FCCBF34849F684F79273D21
:10B23000000000000000F43F0000000000000000DB
:10B2400000A09AC7F78FCCBF34849F684F79273D01
:10B250000000000000E0F33F0000000000000000DC
:10B2600000902D7486C2CBBF8FB78B31B04E193D85
:10B270000000000000C0F33F0000000000000000DC
:10B2800000C0804EC9F3CABF6690CD3F634EBA3C42
:10B290000000000000A0F33F0000000000000000DC
:10B2A00000B0E21FBC23CABFEAC146DC648C25BDE6
:10B2B0000000000000A0F33F0000000000000000BC
:10B2C00000B0E21FBC23CABFEAC146DC648C25BDC6
:10B2D000000000000080F33F0000000000000000BC
:10B2E0000050F49C5A52C9BFE3D4C104D9D12ABD3D
:10B2F000000000000060F33F0000000000000000BC
:10B3000000D02065A07FC8BF09FADB7FBFBD2B3D01
:10B31000000000000040F33F0000000000000000BB
:10B3200000E0100289ABC7BF584A537290DB2B3D37
:10B33000000000000040F33F00000000000000009B
:10B3400000E0100289ABC7BF584A537290DB2B3D17
:10B35000000000000020F33F00000000000000009B
:10B3600000D019E70FD6C6BF66E2B2A36AE410BDEB
:10B37000000000000000F33F00000000000000009B
:10B380000090A77030FFC5BF3950109F439E1EBD6F
:10B39000000000000000F33F00000000000000007B
:10B3A0000090A77030FFC5BF3950109F439E1EBD4F
:10B3B0000000000000E0F23F00000000000000007C
:10B3C00000B0A1E3E526C5BF8F5B07908BDE20BDF3
:10B3D0000000000000C0F23F00000000000000007C
:10B3E0000080CB6C2B4DC4BF3C783561C10C173D40
:10B3F0000000000000C0F23F00000000000000005C
:10B400000080CB6C2B4DC4BF3C783561C10C173D1F
:10B410000000000000A0F23F00000000000000005B
:10B4200000901E20FC71C3BF3A54274D8678F13C32
:10B43000000000000080F23F00000000000000005B
:10B4400000F01FF85295C2BF08C47117308D24BD9B
:10B45000000000000060F23F00000000000000005B
:10B4600000602FD52AB7C1BF96A31118A4802EBDA6
:10B47000000000000060F23F00000000000000003B
:10B4800000602FD52AB7C1BF96A31118A4802EBD86
:10B49000000000000040F23F00000000000000003B
:10B4A0000090D07C7ED7C0BFF45BE88896690A3DE7
:10B4B000000000000040F23F00000000000000001B
:10B4C0000090D07C7ED7C0BFF45BE88896690A3DC7
:10B4D000000000000020F23F00000000000000001B
:10B4E00000E0DB3191ECBFBFF233A35C547525BDA6
:10B4F000000000000000F23F00000000000000001B
:10B5000000002B6E0727BEBF3C00F02A2C342A3DDA
:10B51000000000000000F23F0000000000000000FA
:10B5200000002B6E0727BEBF3C00F02A2C342A3DBA
:10B530000000000000E0F13F0000000000000000FB
:10B5400000C05B8F545EBCBF06BE5F58570C1DBD6C
:10B550000000000000C0F13F0000000000000000FB
:10B5600000E04A3A6D92BABFC8AA5BE83539253D7A
:10B570000000000000C0F13F0000000000000000DB
:10B5800000E04A3A6D92BABFC8AA5BE83539253D5A
:10B590000000000000A0F13F0000000000000000DB
:10B5A00000A031D645C3B8BF68562F4D297C133D46
:10B5B0000000000000A0F13F0000000000000000BB
:10B5C00000A031D645C3B8BF68562F4D297C133D26
:10B5D000000000000080F13F0000000000000000BB
:10B5E0000060E58AD2F0B6BFDA7333C9379726BD5B
:10B5F000000000000060F13F0000000000000000BB
:10B600000020063F071BB5BF575EC6615B021F3DAA
:10B61000000000000060F13F00000000000000009A
:10B620000020063F071BB5BF575EC6615B021F3D8A
:10B63000000000000040F13F00000000000000009A
:10B6400000E01B96D741B3BFDF13F9CCDA5E2C3D87
:10B65000000000000040F13F00000000000000007A
:10B6600000E01B96D741B3BFDF13F9CCDA5E2C3D67
:10B67000000000000020F13F00000000000000007A
:10B680000080A3EE3665B1BF09A38F765E7C143DC2
:10B69000000000000000F13F00000000000000007A
:10B6A000008011C0300AAFBF918E36839E592D3D68
:10B6B000000000000000F13F00000000000000005A
:10B6C000008011C0300AAFBF918E36839E592D3D48
:10B6D0000000000000E0F03F00000000000000005B
:10B6E00000801971DD42ABBF4C70D6E57A821C3DFB
:10B6F0000000000000E0F03F00000000000000003B
:10B7000000801971DD42ABBF4C70D6E57A821C3DDA
:10B710000000000000C0F03F00000000000000003A
:10B7200000C032F65874A7BFEEA1F23446FC2CBD1F
:10B730000000000000C0F03F00000000000000001A
:10B7400000C032F65874A7BFEEA1F23446FC2CBDFF
:10B750000000000000A0F03F00000000000000001A
:10B7600000C0FEB9879EA3BFAAFE26F5B702F53C2E
:10B770000000000000A0F03F0000000000000000FA
:10B7800000C0FEB9879EA3BFAAFE26F5B702F53C0E
:10B79000000000000080F03F0000000000000000FA
:10B7A0000000780E9B829FBFE4097E7C268029BD25
:10B7B000000000000080F03F0000000000000000DA
:10B7C0000000780E9B829FBFE4097E7C268029BD05
:10B7D000000000000060F03F0000000000000000DA
:10B7E0000080D5071BB997BF39A6FA93548D28BDA1
:10B7F000000000000040F03F0000000000000000DA
:10B800000000FCB0A8C08FBF9CA6D3F67C1EDFBC96
:10B81000000000000040F03F0000000000000000B9
:10B820000000FCB0A8C08FBF9CA6D3F67C1EDFBC76
:10B83000000000000020F03F0000000000000000B9
:10B840000000106B2AE07FBFE440DA0D3FE219BD33
:10B85000000000000020F03F000000000000000099
:10B860000000106B2AE07FBFE440DA0D3FE219BD13
:10B87000000000000000F03F000000000000000099
:10B8800000000000000000000000000000000000B8
:10B89000000000000000F03F000000000000000079
:10B8A0000000000000000000000000000000000098
:10B8B0000000000000C0EF3F00000000000000009A
:10B8C000000089751510803FE82B9D996BC710BD4E
:10B8D000000000000080EF3F0000000000000000BA
:10B8E000008093585620903FD2F7E2065BDC23BDE0
:10B8F000000000000040EF3F0000000000000000DA
:10B900000000C9282549983F340C5A32BAA02ABDF4
:10B91000000000000000EF3F0000000000000000F9
:10B920000040E7895D41A03F53D7F15CC011013D64
:10B930000000000000C0EE3F00000000000000001A
:10B9400000002ED4AE66A43F28FDBD7573162CBD35
:10B95000000000000080EE3F00000000000000003A
:10B9600000C09F14AA94A83F7D265AD0957919BD8E
:10B97000000000000040EE3F00000000000000005A
:10B9800000C0DDCD73CBAC3F0728D847F2681ABDA5
:10B99000000000000020EE3F00000000000000005A
:10B9A00000C006C031EAAE3F7B3BC94F3E110EBD21
:10B9B0000000000000E0ED3F00000000000000007B
:10B9C000006046D13B97B13F9B9E0D565D3225BD31
:10B9D0000000000000A0ED3F00000000000000009B
:10B9E00000E0D1A7F5BDB33FD74EDBA55EC82C3D27
:10B9F000000000000060ED3F0000000000000000BB
:10BA000000A0974D5AE9B53F1E1D5D3C06692CBD4F
:10BA1000000000000040ED3F0000000000000000BA
:10BA200000C0EA0AD300B73F32ED9DA98D1EEC3C61
:10BA3000000000000000ED3F0000000000000000DA
:10BA40000040595D5E33B93FDA47BD3A5C11233D92
:10BA50000000000000C0EC3F0000000000000000FB
:10BA60000060AD8DC86ABB3FE568F72B809013BDC1
:10BA70000000000000A0EC3F0000000000000000FB
:10BA80000040BC015888BC3FD3AC5AC6D146263DC5
:10BA9000000000000060EC3F00000000000000001B
:10BAA00000200A8339C7BE3FE045E6AF68C02DBD20
:10BAB000000000000040EC3F00000000000000001B
:10BAC00000E0DB3991E8BF3FFD0AA14FD63425BD28
:10BAD000000000000000EC3F00000000000000003B
:10BAE00000E027828E17C13FF2072DCE78EF213D6F
:10BAF0000000000000E0EB3F00000000000000003C
:10BB000000F0237E2BAAC13F349938448EA72C3DE8
:10BB10000000000000A0EB3F00000000000000005B
:10BB20000080860C61D1C23FA1B481CB6C9D033DE6
:10BB3000000000000080EB3F00000000000000005B
:10BB4000009015B0FC65C33F89724B23A82FC63CFB
:10BB5000000000000040EB3F00000000000000007B
:10BB600000B033833D91C43F78B6FD547983253DC1
:10BB7000000000000020EB3F00000000000000007B
:10BB800000B0A1E4E527C53FC77D69E5E833263D60
:10BB90000000000000E0EA3F00000000000000009C
:10BBA00000108CBE4E57C63F782E3C2C8BCF193DD3
:10BBB0000000000000C0EA3F00000000000000009C
:10BBC0000070758B12F0C63FE1219CE58D1125BDFB
:10BBD0000000000000A0EA3F00000000000000009C
:10BBE000005044858D89C73F0543917010661CBD88
:10BBF000000000000060EA3F0000000000000000BC
:10BC0000000039EBAFBEC83FD12CE9AA543D07BDB7
:10BC1000000000000040EA3F0000000000000000BB
:10BC20000000F7DC5A5AC93F6FFFA05828F2073DC1
:10BC3000000000000000EA3F0000000000000000DB
:10BC400000E08A3CED93CA3F69215650437228BDFB
:10BC50000000000000E0E93F0000000000000000DC
:10BC600000D05B57D831CB3FAAE1AC4E8D350CBD2F
:10BC70000000000000C0E93F0000000000000000DC
:10BC800000E03B3887D0CB3FB6125459C44B2DBD92
:10BC90000000000000A0E93F0000000000000000DC
:10BCA0000010F0C6FB6FCC3FD22B96C572ECF1BCF6
:10BCB000000000000060E93F0000000000000000FC
:10BCC0000090D4B03DB1CD3F35B015F72AFF2ABD65
:10BCD000000000000040E93F0000000000000000FC
:10BCE0000010E7FF0E53CE3F30F441602712C23CF4
:10BCF000000000000020E93F0000000000000000FC
:10BD00000000DDE4ADF5CE3F118EBB651521CABC48
:10BD1000000000000000E93F0000000000000000FB
:10BD200000B0B36C1C99CF3F30DF0CCAECCB1B3D8D
:10BD30000000000000C0E83F00000000000000001C
:10BD400000584D603871D03F914EED16DB9CF83CA9
:10BD50000000000000A0E83F00000000000000001C
:10BD6000006061672DC4D03FE9EA3C168B18273D7F
:10BD7000000000000080E83F00000000000000001C
:10BD800000E827828E17D13F1CF0A5630E212CBD41
:10BD9000000000000060E83F00000000000000001C
:10BDA00000F8ACCB5C6BD13F8116A5F7CD9A2B3D4B
:10BDB000000000000040E83F00000000000000001C
:10BDC00000685A6399BFD13FB7BD4751EDA62C3DDE
:10BDD000000000000020E83F00000000000000001C
:10BDE00000B80E6D4514D23FEABA46BADE870A3D66
:10BDF0000000000000E0E73F00000000000000003D
:10BE00000090DC7CF0BED23FF404504AFA9C2A3DFC
:10BE10000000000000C0E73F00000000000000003C
:10BE20000060D3E1F114D33FB83C21D37AE228BDBE
:10BE30000000000000A0E73F00000000000000003C
:10BE40000010BE76676BD33FC877F1B0CD6E113D61
:10BE5000000000000080E73F00000000000000003C
:10BE60000030337752C2D33F5CBD06B6543B183D19
:10BE7000000000000060E73F00000000000000003C
:10BE800000E8D523B419D43F9DE090EC36E4083D9A
:10BE9000000000000040E73F00000000000000003C
:10BEA00000C871C28D71D43F75D66709CE272FBDEA
:10BEB000000000000020E73F00000000000000003C
:10BEC0000030179EE0C9D43FA4D80A1B89202EBD9C
:10BED000000000000000E73F00000000000000003C
:10BEE00000A03807AE22D53F59C7648170BE2E3DF1
:10BEF0000000000000E0E63F00000000000000003D
:10BF000000D0C853F77BD53FEF405DEEEDAD1F3D50
:10BF10000000000000C0E63F00000000000000003C
:10BF2000006059DFBDD5D53FDC65A4082A0B0ABDEA
:10BF3000000000000000F03F748515D3B0D9EF3F3A
:10BF40000F89F96C58B5EF3F515B12D00193EF3F69
:10BF50007B517D3CB872EF3FAAB968318754EF3FFF
:10BF60003862756E7A38EF3FE1DE1FF59D1EEF3FB8
:10BF700015B7310AFE06EF3FCBA93A37A7F1EE3FDE
:10BF80002234124CA6DEEE3F2D89616008CEEE3FD2
:10BF9000272A36D5DABFEE3F824F9D562BB4EE3FAF
:10BFA000295448DD07ABEE3F85553AB07EA4EE3FFD
:10BFB000CD3B7F669EA0EE3F745FECE8759FEE3F41
:10BFC0008701EB7314A1EE3F13CE4C9989A5EE3F88
:10BFD000DBA02A42E5ACEE3FE5C5CDB037B7EE3F7A
:10BFE00090F0A38291C4EE3F5D253EB203D5EE3FB3
:10BFF000ADD35A999FE8EE3F475EFBF276FFEE3FE6
:10C000009C5285DD9B19EF3F6990EFDC2037EF3FB5
:10C0100087A4FBDC1858EF3F5F9B7B33977CEF3F97
:10C02000DA90A4A2AFA4EF3F40456E5B76D0EF3F1D
:10C03000000000000000E8429423914BF86AAC3FF6
:10C04000F3C4FA50CEBFCE3FD6520CFF422EE63F8D
:10C050000000000000003843FE822B654715474072
:10C060009423914BF86ABC3EF3C4FA50CEBF2E3FE6
:10C07000D6520CFF422E963FBEF3F879EC61F63FA4
:10C08000DEAA8C80F77BD5BF3D88AF4AED71F53FC6
:10C09000DB6DC0A7F0BED2BFB010F0F03995F43F11
:10C0A000673A517FAE1ED0BF8503B8B095C9F33F44
:10C0B000E92482A6D831CBBFA564880C190DF33FC3
:10C0C0005877C00A4F57C6BFA08E0B7B225EF23F47
:10C0D00000819CC72BAAC1BF3F341A4A4ABBF13F1B
:10C0E0005E0E8CCE764EBABFBAE58AF05823F13F89
:10C0F000CC1C615A3C97B1BFA70099413F95F03FD6
:10C100001E0CE138F452A2BF000000000000F03F16
:10C110000000000000000000AC479AFD8C60EE3F7C
:10C120008459F25DAAA5AA3FA06A021FB3A4EC3FFE
:10C13000B42E36AA535EBC3FE6FC6A573620EB3F6E
:10C1400008DB2077E526C53F2DAAA163D1C2E93FD0
:10C150007047220D86C2CB3FED417803E686E83F6B
:10C16000E17EA0C88B05D13F624853F5DC67E73F0D
:10C1700009EEB6573004D43FEF39FAFE422EE63FBF
:10C180003483B848A30ED0BF6A0BE00B5B57D53F92
:10C1900023410AF2FEFFDFBFBEF3F879EC61F63F00
:10C1A0001930965BC6FEDEBF3D88AF4AED71F53FA4
:10C1B000A4FCD432680BDBBFB010F0F03995F43F2B
:10C1C0007BB71F0A8B41D7BF8503B8B095C9F33F32
:10C1D0007BCF6D1AE99DD3BFA564880C190DF33F81
:10C1E00031B6F2F39B1DD0BFA08E0B7B225EF23FD7
:10C1F000F07A3B1B1D7CC9BF3F341A4A4ABBF13F52
:10C200009F3CAF93E3F9C2BFBAE58AF05823F13FF0
:10C210005C8D78BFCB60B9BFA70099413F95F03FD7
:10C22000CE5F47B69D6FAABF000000000000F03F40
:10C230000000000000000000AC479AFD8C60EE3F5B
:10C240003DF5249FCA38B33FA06A021FB3A4EC3F58
:10C25000BA913854A976C43FE6FC6A573620EB3FC2
:10C26000D2E4C44A0B84CE3F2DAAA163D1C2E93FD8
:10C270001C65C6F04506D43FED417803E686E83FED
:10C28000F89F1B2C9C8ED83F624853F5DC67E73F34
:10C29000CC7BB14EA4E0DC3F4D7E0AF7B612D7BF8F
:10C2A000E0326849BFCADE3FDEE3FA9F4715E7BFC9
:10C2B000B8C8355F4715F73FFB21F93FFB2109401F
:10C2C0007CD91240FB2119407A6A1F407CD9224058
:10C2D000BBFD2540FB2129403A462C407A6A2F407D
:10C2E0005C4731407CD932409C6B3440BBFD3540CB
:10C2F000DB8F3740FB2139401BB43A403A463C4083
:10C300005AD83D407A6A3F404C7E40405C474140AD
:10C310006C1042407CD942408CA243409C6B44400C
:10C32000AC344540BBFD4540CBC64640DB8F474063
:10C33000EB584840FB21494083F9A200444E6E006F
:10C34000FC291500D1572700DD34F50062DBC00061
:10C350003C999500419043006351FE00BBDEAB0069
:10C36000B761C5003A6E2400D24D42004906E00094
:10C3700009EA2E001C92D100EB1DFE0029B11C0021
:10C38000E83EA700F535820044BB2E009CE98400FE
:10C39000B4267000417E5F00D69139005383390086
:10C3A0009CF439008B5F840028F9BD00F81F3B0026
:10C3B000DEFF97000F980500112FEF000A5A8B003F
:10C3C0006D1F6D00CF7E360009CB2700464FB700AA
:10C3D0009E663F002DEA5F00BA277500E5EBC700B7
:10C3E0003D7BF100F739070092528A00FB6BEA00AF
:10C3F0001FB15F00085D8D00300356007BFC4600D6
:10C40000F0AB6B0020BCCF0036F49A00E3A91D000E
:10C410005E619100081BE60085996500A0145F002D
:10C420008D40680080D8FF0027734D00060631005C
:10C43000CA561500C9A873007BE260006B8CC0006F
:10C4400000000080DB0F4940DB0F49C0DB0F49BF14
:10C45000E4CB1640E4CB16C0000FC93F000F4940A3
:10C4600000CB9640000FC9400053FB4000CB164163
:10C4700000ED2F41000F49410031624100537B41E3
:10C48000003A8A4100CB9641005CA34100EDAF41E8
:10C49000007EBC41000FC94100A0D5410031E241FE
:10C4A00000C2EE410053FB4100F20342003A0A424F
:10C4B0000083104200CB164200141D42005C234250
:10C4C00000A5294200ED2F4200363642007E3C4254
:10C4D00000C74242000F4942A2000000F9000000DC
:10C4E000830000006E0000004E00000044000000C9
:10C4F0001500000029000000FC00000027000000DB
:10C5000057000000D1000000F500000034000000DA
:10C51000DD000000C0000000DB0000006200000041
:10C5200095000000990000003C000000430000005E
:10C530009000000041000000FE00000051000000DB
:10C5400063000000AB000000DE000000BB00000044
:10C55000C500000061000000B700000024000000DA
:10C560006E0000003A000000420000004D00000094
:10C57000D2000000E00000000600000049000000BA
:10C580002E000000EA00000009000000D1000000B9
:10C59000920000001C000000FE0000001D000000D2
:10C5A000EB0000001C000000B100000029000000AA
:10C5B000A70000003E000000E8000000820000002C
:10C5C00035000000F50000002E000000BB00000058
:10C5D0004400000084000000E90000009C0000000E
:10C5E0007000000026000000B40000005F000000A2
:10C5F0007E000000410000003900000091000000B2
:10C60000D600000039000000830000005300000045
:10C6100039000000F40000009C00000084000000CD
:10C620005F0000008B000000BD000000F90000006A
:10C63000280000003B0000001F000000F800000080
:10C6400097000000FF000000DE0000000500000071
:10C65000980000000F000000EF0000002F00000015
:10C66000110000008B0000005A0000000A000000CA
:10C670006D0000001F0000006D000000360000008B
:10C680007E000000CF00000027000000CB0000006B
:10C6900009000000B70000004F0000004600000045
:10C6A0003F000000660000009E0000005F000000E8
:10C6B000EA0000002D0000007500000027000000C7
:10C6C000BA000000C7000000EB000000E500000019
:10C6D000F10000007B0000003D00000007000000AA
:10C6E00039000000F70000008A000000520000003E
:10C6F00092000000EA0000006B000000FB00000058
:10C700005F000000B10000001F0000008D0000006D
:10C710005D0000000800000056000000030000005B
:10C720003000000046000000FC0000007B0000001C
:10C730006B000000AB000000F0000000CF00000024
:10C74000BC000000200000009A000000F40000007F
:10C75000360000001D000000A9000000E3000000FA
:10C7600091000000610000005E000000E600000093
:10C770001B00000008000000650000009900000098
:10C78000850000005F00000014000000A000000011
:10C7900068000000400000008D000000FF00000065
:10C7A000D8000000800000004D0000007300000071
:10C7B0002700000031000000060000000600000015
:10C7C0001500000056000000CA00000073000000C1
:10C7D000A8000000C900000060000000E2000000A6
:10C7E0007B000000C00000008C0000006B00000017
:10C7F000BEF3F879EC61F63F1930965BC6FEDEBFFA
:10C800003D88AF4AED71F53FA4FCD432680BDBBF25
:10C81000B010F0F03995F43F7BB71F0A8B41D7BFBA
:10C820008503B8B095C9F33F7BCF6D1AE99DD3BF9F
:10C83000A564880C190DF33F31B6F2F39B1DD0BFF0
:10C84000A08E0B7B225EF23FF07A3B1B1D7CC9BFA2
:10C850003F341A4A4ABBF13F9F3CAF93E3F9C2BF52
:10C86000BAE58AF05823F13F5C8D78BFCB60B9BF41
:10C87000A70099413F95F03FCE5F47B69D6FAABF95
:10C88000000000000000F03F000000000000000079
:10C89000AC479AFD8C60EE3F3DF5249FCA38B33F0C
:10C8A000A06A021FB3A4EC3FBA913854A976C43FE2
:10C8B000E6FC6A573620EB3FD2E4C44A0B84CE3FF5
:10C8C0002DAAA163D1C2E93F1C65C6F04506D43F3D
:10C8D000ED417803E686E83FF89F1B2C9C8ED83FFD
:10C8E000624853F5DC67E73FCC7BB14EA4E0DC3F08
:10C8F0000B6E49C91676D23F7AC675A06919D7BFA3
:10C90000DDBAA76C0AC7DE3FC8F6BE484715E7BFC9
:10C910002BB82A654715F73F00000040FB21F93F7F
:10C92000000000002D44743E000000809846F83C52
:10C930000000006051CC783B00000080831BF03980
:10C940000000004020257A38000000802282E33673
:10C95000000000001DF36935020000000300000024
:10C9600004000000060000000000C93F0000F0398C
:10C970000000DA370000A2330000842E0000502BA4
:10C980000000C2270000D0220000C41F0000C61B08
:10C990000000441704000000070000000900000028
:10C9A0005245454E54206D616C6C6F632073756306
:10C9B000636565646564002F5F5F772F61726D2D1D
:10C9C0006E6F6E652D656162692D6763632D78708A
:10C9D00061636B2F61726D2D6E6F6E652D65616287
:10C9E000692D6763632D787061636B2F6275696C65
:10C9F000642D6173736574732F6275696C642F6C39
:10CA0000696E75782D7836342F736F757263657320
:10CA10002F6E65776C69622D63796777696E2F6E0B
:10CA200065776C69622F6C6962632F7374646C69DB
:10CA3000622F72616E642E630030313233343536CA
:10CA40003738396162636465666768696A6B6C6D03
:10CA50006E6F707172737475767778797A00494E5B
:10CA60004600696E66004E414E006E616E003000F9
:10CA70003031323334353637383941424344454614
:10CA800000303132333435363738396162636465AA
:10CA900066002F5F5F772F61726D2D6E6F6E652D53
:10CAA000656162692D6763632D787061636B2F61C7
:10CAB000726D2D6E6F6E652D656162692D676363A2
:10CAC0002D787061636B2F6275696C642D6173736F
:10CAD0006574732F6275696C642F6C696E75782D3F
:10CAE0007836342F736F75726365732F6E65776C4C
:10CAF00069622D63796777696E2F6E65776C6962FD
:10CB00002F6C6962632F737472696E672F7374720E
:10CB1000746F6B2E63002C2066756E6374696F6E84
:10CB20003A2000617373657274696F6E20222573F9
:10CB300022206661696C65643A2066696C65202212
:10CB40002573222C206C696E65202564257325735E
:10CB50000A00496E66696E697479004E614E002F55
:10CB60005F5F772F61726D2D6E6F6E652D656162EF
:10CB7000692D6763632D787061636B2F61726D2D12
:10CB80006E6F6E652D656162692D6763632D7870C8
:10CB900061636B2F6275696C642D61737365747367
:10CBA0002F6275696C642F6C696E75782D783634D8
:10CBB0002F736F75726365732F6E65776C69622D65
:10CBC00063796777696E2F6E65776C69622F6C6920
:10CBD00062632F7374646C69622F64746F612E6377
:10CBE0000042616C6C6F6320737563636565646597
:10CBF00064002F5F5F772F61726D2D6E6F6E652DF4
:10CC0000656162692D6763632D787061636B2F6165
:10CC1000726D2D6E6F6E652D656162692D67636340
:10CC20002D787061636B2F6275696C642D6173730D
:10CC30006574732F6275696C642F6C696E75782DDD
:10CC40007836342F736F75726365732F6E65776CEA
:10CC500069622D63796777696E2F6E65776C69629B
:10CC60002F6C6962632F7374646C69622F6D7072CC
:10CC700065632E6300232D302B2000686C4C00650B
:10CC80006667454647004300504F534958002E0001
:10CC9000002020202020202020202828282828208C
:10CCA0002020202020202020202020202020202084
:10CCB00020881010101010101010101010101010EC
:10CCC00010040404040404040404041010101010DC
:10CCD00010104141414141410101010101010101A6
:10CCE00001010101010101010101010110101010F8
:10CCF0001010424242424242020202020202020278
:10CD000002020202020202020202020210101010CB
:10CD100020000000000000000000000000000000F3
:10CD20000000000000000000000000000000000003
:10CD300000000000000000000000000000000000F3
:10CD400000000000000000000000000000000000E3
:10CD500000000000000000000000000000000000D3
:10CD600000000000000000000000000000000000C3
:10CD700000000000000000000000000000000000B3
:10CD800000000000000000000000000000000000A3
:10CD90000000000005000000190000007D000000F8
:10CDA0000080E03779C34143176E05B5B5B89346A7
:10CDB000F5F93FE9034F384D321D30F94877825A73
:10CDC0003CBF737FDD4F1575000000000000F03F91
:10CDD0000000000000002440000000000000594056
:10CDE0000000000000408F40000000000088C340A9
:10CDF00000000000006AF8400000000080842E411E
:10CE000000000000D01263410000000084D7974169
:10CE10000000000065CDCD41000000205FA002426F
:10CE2000000000E876483742000000A2941A6D42E4
:10CE3000000040E59C30A2420000901EC4BCD642D7
:10CE400000003426F56B0C430080E03779C3414382
:10CE500000A0D8855734764300C84E676DC1AB43F8
:10CE6000003D9160E458E143408CB5781DAF154416
:10CE700050EFE2D6E41A4B4492D54D06CFF08044F1
:10CE8000F64AE1C7022DB544B49DD9794378EA4406
:10CE9000F0330120F8B500BFF8BC08BC9E467047CF
:10CEA000F8B500BFF8BC08BC9E4670470000000003
:10CEB0005FF800F0551800005FF800F0C1A4000012
:10CEC0005FF800F0656400005FF800F09D6400000A
:10CED0005FF800F0E10100005FF800F09D3F000006
:10CEE0005FF800F0CD0100005FF800F075880000E9
:10CEF0005FF800F0494F00005FF800F0C9B1000092
:10CF00005FF800F0157C00005FF800F09944000025
:10CF10005FF800F0599200005FF800F0ED5000005B
:10CF20005FF800F005A700005FF800F08DA1000099
:10CF30005FF800F0594800005FF800F05D5600000F
:10CF40005FF800F0855700005FF800F0751E0000E4
:10CF50005FF800F0857E00005FF800F041470000B8
:10CF60005FF800F0692300005FF800F0D541000091
:10CF70005FF800F041A400005FF800F001A5000098
:10CF80005FF800F0ED0B00005FF800F099A20000E0
:10CF90005FF800F0E18D00005FF800F069510000DB
:10CFA0005FF800F0D52300005FF800F0393800008A
:10CFB0005FF800F0655400005FF800F01D4F0000BE
:10CFC0005FF800F081A400005FF800F051B10000AC
:10CFD0005FF800F0A15800005FF800F01550000065
:10CFE0005FF800F0294100005FF800F0F122000036
:10CFF0005FF800F05D8100005FF800F0B182000092
:10D000005FF800F05D8F00005FF800F04947000016
:10D010005FF800F0D5B100005FF800F001A2000059
:10D020005FF800F0198500005FF800F01922000099
:10D030005FF800F0B55100005FF800F0F123000048
:10D040005FF800F031A200005FF800F03147000007
:10D050005FF800F0C54F00005FF800F09566000033
:10D060005FF800F02DA500005FF800F0FD8E0000D5
:10D070005FF800F00D0200005FF800F02D210000C5
:10D080005FF800F0112400005FF800F08920000034
:10D090005FF800F0EDA800005FF800F0318F0000AD
:10D0A0005FF800F01DA500005FF800F0E98D0000BA
:10D0B0005FF800F08D8B00005FF800F079860000CB
:10D0C0005FF800F0552600005FF800F041550000C1
:10D0D0005FF800F0A13100005FF800F0BD590000DA
:10D0E0005FF800F0550E00005FF800F0717D000061
:10D0F0005FF800F0E99000005FF800F0CD5B000001
:10D100005FF800F0295400005FF800F09D47000030
:10D110005FF800F0655000005FF800F00162000069
:10D120005FF800F0C99200005FF800F0EDA3000086
:10D130005FF800F0F54700005FF800F04D53000085
:10D14000814205D051F8043B40F8043B8242F9D8B3
:10D15000704700BF154A16491648FFF7F1FF164AF7
:10D1600016491748FFF7ECFF1649174A1748FFF70B
:10D17000E7FF174B17498B4207D0002053F8042BC9
:10D180000AB143F8040C8B42F8D11349134B99426E
:10D1900004D0F3F77DFFEBF7E3FEFEE7104C114AF6
:10D1A0002046FFF7CDFF104B9C60F2E70000000027
:10D1B000000000000000000040BB000098020024B6
:10D1C0000000000040D203242407002000000020BB
:10D1D00040070020FC3401200000002400400090A3
:0CD1E000008000309882003000ED00E07C
:08D1EC00F4EBFC7F01000000E0
:10D1F40009BF0024B10F01248D1301240D1801244B
:10D204002D1F01243D230124F1240124CD2D0124CB
:10D21400993A0124053E0124DD410124855F01245E
:10D2240001BD012401D30124BD2402248547022425
:08D23400F17D0224D1AF0224B8
:04D23C00E5BE002427
:10D2400000000000EDC20024B407002010000C0014
:10D2500000000000FF000000AC4903241C3203243E
:10D2600024320324383203240000000000000000B0
:10D2700000000000000000000000000000000000AE
:10D28000010000000000000000000000000000009D
:10D29000000000000000000000000000010000008D
:10D2A000000000000000000000000000000000007E
:10D2B000000000000000000001000000000000006D
:10D2C000000000000000000000000000000000005E
:10D2D0000000000001000000000408000000000041
:10D2E0000000000001050800070800000000000021
:10D2F0000104080006080000000000000005080006
:10D300000000000000000000000406000000000013
:10D3100000000000020C06010507000000000000EC
:10D32000020B06010406000000000000020A0600CD
:10D330000000000000000000010C050104070109C5
:10D3400005000000020105010F05020305000000B1
:10D35000010E0502020500000000000003030500A5
:10D360000000000000000000060A0500040500009F
:10D370000000000001050500070500000000000096
:10D38000010405000605060905000000060B05005E
:10D390000505000000000000100000000000000073
:10D3A000000000000000000000000000000000007D
:10D3B000100000000000000000000000000000005D
:10D3C000000000000000000010000000000000004D
:10D3D000000000000000000000000000000000004D
:10D3E00000F07E90FFFFFFFF04100000000001002E
:10D3F0000000010000000100000000010000010029
:10D4000000000100000001000000010021000000F8
:10D41000C436032404670324E4660324C466032497
:10D42000A4660324846603246466032444660324F8
:10D430002466032404660324E46503240100000039
:10D4400095A001240000000055A101240000000067
:10D45000E9A10124000000001DA201240000000039
:10D4600055A2012400000000FFFFFFFF80300000F4
:10D47000000080BF0000000000000000000000006D
:10D48000F0FF0190FF03909F05909F09909F0990E6
:10D49000FF0910000810000810000890FF09900014
:10D4A00009907E09900009907E09900009F0FF0F15
:10D4B000000000000000000000000000000000006C
:10D4C000000000000EC0071F707C1BD0071F1C004F
:10D4D0000E04000000000000000EC0071F707C1B3F
:10D4E000D0071F1C000E04000000000000000EC04A
:10D4F000071F707C1BD0071F1C000E0400000000DB
:10D50000000000000000000000000000000000001B
:10D51000DED800DED808C6781CC67808DEDB00DE60
:10D52000DB00000000000000FCD967FCDB6F6C1B17
:10D530006C6CDB6C6CDB6C6CDB6C6CDB6F6CDB6702
:10D5400000000000000000000000000000000000DB
:10D5500000000000000000000000000000000000CB
:10D5600000FE871FFE4720FE2740FE2740FE274083
:10D57000FE2740FE2740FE2740FE4720FE871F0073
:10D58000000000000000000000000000000000009B
:10D5900000000000FFFFFFFF00010001000100018B
:10D5A000070000000300000003000000020000006C
:10D5B0000300000001000000030000000300000061
:10D5C000020000000500000003000000000300004E
:10D5D0000A00000003000000020200000B0000002F
:10D5E00002000000010000000C000000020000002A
:10D5F0000200000000000000000000000000000029
:10D60000000000000000000000000000000000001A
:10D61000000000000000000000000000000000000A
:10D6200000000000000000000000000000000000FA
:10D6300000000000000000000000000000000000EA
:10D6400000000000000000000000000000000000DA
:10D6500000000000000000000000000000000000CA
:10D66000FFFFFFFF01000000E0400324004103240E
:10D670009C42032404410324C8400324084103249A
:10D680000C410324104103241441032418410324B2
:10D690001C410324204103247017000001000000F6
:10D6A000C8000000A82F00000000000000000000DB
:10D6B000000000000000000000000000000000006A
:10D6C0003C00000000000000B84103244046032451
:10D6D0004C4603245C4603246C460324744603240E
:10D6E0008446032494460324A0460324B44603241A
:10D6F000C4460324D0460324E0460324F046032412
:10D7000000470324144703242447032438470324F1
:10D710004C4703245C4703247047032480470324B9
:10D72000904703249C470324AC470324BC470324AD
:10D73000D0470324E0470324F04703240048032490
:10D740000C4803242048032434480324404803247D
:10D75000504803245C480324684803247848032481
:10D760008448032494480324A4480324B44803248D
:10D77000C0480324CC480324D8480324E4480324A5
:10D78000F8480324084903240100000010000000A9
:10D790000090D0030090D0030000000003000000C0
:10D7A0001C32012068050020000000001C3201200E
:10D7B00084320120EC320120000000000000000053
:10D7C0000000000000000000000000000000000059
:10D7D0000000000000000000000000000000000049
:10D7E0000000000000000000000000000000000039
:10D7F000000000005D330120430000000000000035
:10D800000000000000000000000000000000000018
:10D8100000000000000000004300000000000000C5
:10D8200000000000000000000000000000000000F8
:10D8300000000000000000004300000000000000A5
:10D8400000000000000000000000000000000000D8
:10D850000000000000000000430000000000000085
:10D8600000000000000000000000000000000000B8
:10D870000000000000000000430000000000000065
:10D880000000000000000000000000000000000098
:10D890000000000000000000430000000000000045
:10D8A0000000000000000000000000000000000078
:10D8B0000000000000000000430000000000000025
:10D8C0000000000000000000000000000000000058
:10D8D0000000000000000000212D0324FD2C032483
:10D8E0000000000090CC03248ECC032451CB0324F1
:10D8F00051CB032451CB032451CB032451CB03241C
:10D9000051CB032451CB032451CB032451CB03240B
:10D91000FFFFFFFFFFFFFFFFFFFFFFFFFFFF000015
:10D92000010041534349490000000000000000008D
:10D9300000000000000000000000000000000000E7
:10D94000000041534349490000000000000000006E
:10D9500000000000000000000000000000000000C7
:04D9600000000000C3
:040000052403D155AA
:00000001FF
