:0200000460009A
:100000004643464200000156000000000103030081
:1000100000000000000000000000000000000000E0
:1000200000000000000000000000000000000000D0
:1000300000000000000000000000000000000000C0
:1000400000000000010408000000000000000000A3
:100050000000200000000000000000000000000080
:100060000000000000000000000000000000000090
:100070000000000000000000000000000000000080
:10008000EB04180A063204260000000000000000FD
:10009000050404240000000000000000000000002F
:1000A0000000000000000000000000000000000050
:1000B0000604000000000000000000000000000036
:1000C0000000000000000000000000000000000030
:1000D00020041808000000000000000000000000DC
:1000E0000000000000000000000000000000000010
:1000F0000000000000000000000000000000000000
:10010000D8041808000000000000000000000000F3
:100110000204180804200000000000000000000095
:1001200000000000000000000000000000000000CF
:10013000600400000000000000000000000000005B
:1001400000000000000000000000000000000000AF
:10015000000000000000000000000000000000009F
:10016000000000000000000000000000000000008F
:10017000000000000000000000000000000000007F
:10018000000000000000000000000000000000006F
:10019000000000000000000000000000000000005F
:1001A000000000000000000000000000000000004F
:1001B000000000000000000000000000000000003F
:1001C000000100000010000001000000000000001D
:1001D000000001000000000000000000000000001E
:1001E000000000000000000000000000000000000F
:1001F00000000000000000000000000000000000FF
:10020000FFFFFFFFFFFFFFFFFFFFFFFFFFFFFFFFFE
:10021000FFFFFFFFFFFFFFFFFFFFFFFFFFFFFFFFEE
:10022000FFFFFFFFFFFFFFFFFFFFFFFFFFFFFFFFDE
:10023000FFFFFFFFFFFFFFFFFFFFFFFFFFFFFFFFCE
:10024000FFFFFFFFFFFFFFFFFFFFFFFFFFFFFFFFBE
:10025000FFFFFFFFFFFFFFFFFFFFFFFFFFFFFFFFAE
:10026000FFFFFFFFFFFFFFFFFFFFFFFFFFFFFFFF9E
:10027000FFFFFFFFFFFFFFFFFFFFFFFFFFFFFFFF8E
:10028000FFFFFFFFFFFFFFFFFFFFFFFFFFFFFFFF7E
:10029000FFFFFFFFFFFFFFFFFFFFFFFFFFFFFFFF6E
:1002A000FFFFFFFFFFFFFFFFFFFFFFFFFFFFFFFF5E
:1002B000FFFFFFFFFFFFFFFFFFFFFFFFFFFFFFFF4E
:1002C000FFFFFFFFFFFFFFFFFFFFFFFFFFFFFFFF3E
:1002D000FFFFFFFFFFFFFFFFFFFFFFFFFFFFFFFF2E
:1002E000FFFFFFFFFFFFFFFFFFFFFFFFFFFFFFFF1E
:1002F000FFFFFFFFFFFFFFFFFFFFFFFFFFFFFFFF0E
:10030000FFFFFFFFFFFFFFFFFFFFFFFFFFFFFFFFFD
:10031000FFFFFFFFFFFFFFFFFFFFFFFFFFFFFFFFED
:10032000FFFFFFFFFFFFFFFFFFFFFFFFFFFFFFFFDD
:10033000FFFFFFFFFFFFFFFFFFFFFFFFFFFFFFFFCD
:10034000FFFFFFFFFFFFFFFFFFFFFFFFFFFFFFFFBD
:10035000FFFFFFFFFFFFFFFFFFFFFFFFFFFFFFFFAD
:10036000FFFFFFFFFFFFFFFFFFFFFFFFFFFFFFFF9D
:10037000FFFFFFFFFFFFFFFFFFFFFFFFFFFFFFFF8D
:10038000FFFFFFFFFFFFFFFFFFFFFFFFFFFFFFFF7D
:10039000FFFFFFFFFFFFFFFFFFFFFFFFFFFFFFFF6D
:1003A000FFFFFFFFFFFFFFFFFFFFFFFFFFFFFFFF5D
:1003B000FFFFFFFFFFFFFFFFFFFFFFFFFFFFFFFF4D
:1003C000FFFFFFFFFFFFFFFFFFFFFFFFFFFFFFFF3D
:1003D000FFFFFFFFFFFFFFFFFFFFFFFFFFFFFFFF2D
:1003E000FFFFFFFFFFFFFFFFFFFFFFFFFFFFFFFF1D
:1003F000FFFFFFFFFFFFFFFFFFFFFFFFFFFFFFFF0D
:10040000FFFFFFFFFFFFFFFFFFFFFFFFFFFFFFFFFC
:10041000FFFFFFFFFFFFFFFFFFFFFFFFFFFFFFFFEC
:10042000FFFFFFFFFFFFFFFFFFFFFFFFFFFFFFFFDC
:10043000FFFFFFFFFFFFFFFFFFFFFFFFFFFFFFFFCC
:10044000FFFFFFFFFFFFFFFFFFFFFFFFFFFFFFFFBC
:10045000FFFFFFFFFFFFFFFFFFFFFFFFFFFFFFFFAC
:10046000FFFFFFFFFFFFFFFFFFFFFFFFFFFFFFFF9C
:10047000FFFFFFFFFFFFFFFFFFFFFFFFFFFFFFFF8C
:10048000FFFFFFFFFFFFFFFFFFFFFFFFFFFFFFFF7C
:10049000FFFFFFFFFFFFFFFFFFFFFFFFFFFFFFFF6C
:1004A000FFFFFFFFFFFFFFFFFFFFFFFFFFFFFFFF5C
:1004B000FFFFFFFFFFFFFFFFFFFFFFFFFFFFFFFF4C
:1004C000FFFFFFFFFFFFFFFFFFFFFFFFFFFFFFFF3C
:1004D000FFFFFFFFFFFFFFFFFFFFFFFFFFFFFFFF2C
:1004E000FFFFFFFFFFFFFFFFFFFFFFFFFFFFFFFF1C
:1004F000FFFFFFFFFFFFFFFFFFFFFFFFFFFFFFFF0C
:10050000FFFFFFFFFFFFFFFFFFFFFFFFFFFFFFFFFB
:10051000FFFFFFFFFFFFFFFFFFFFFFFFFFFFFFFFEB
:10052000FFFFFFFFFFFFFFFFFFFFFFFFFFFFFFFFDB
:10053000FFFFFFFFFFFFFFFFFFFFFFFFFFFFFFFFCB
:10054000FFFFFFFFFFFFFFFFFFFFFFFFFFFFFFFFBB
:10055000FFFFFFFFFFFFFFFFFFFFFFFFFFFFFFFFAB
:10056000FFFFFFFFFFFFFFFFFFFFFFFFFFFFFFFF9B
:10057000FFFFFFFFFFFFFFFFFFFFFFFFFFFFFFFF8B
:10058000FFFFFFFFFFFFFFFFFFFFFFFFFFFFFFFF7B
:10059000FFFFFFFFFFFFFFFFFFFFFFFFFFFFFFFF6B
:1005A000FFFFFFFFFFFFFFFFFFFFFFFFFFFFFFFF5B
:1005B000FFFFFFFFFFFFFFFFFFFFFFFFFFFFFFFF4B
:1005C000FFFFFFFFFFFFFFFFFFFFFFFFFFFFFFFF3B
:1005D000FFFFFFFFFFFFFFFFFFFFFFFFFFFFFFFF2B
:1005E000FFFFFFFFFFFFFFFFFFFFFFFFFFFFFFFF1B
:1005F000FFFFFFFFFFFFFFFFFFFFFFFFFFFFFFFF0B
:10060000FFFFFFFFFFFFFFFFFFFFFFFFFFFFFFFFFA
:10061000FFFFFFFFFFFFFFFFFFFFFFFFFFFFFFFFEA
:10062000FFFFFFFFFFFFFFFFFFFFFFFFFFFFFFFFDA
:10063000FFFFFFFFFFFFFFFFFFFFFFFFFFFFFFFFCA
:10064000FFFFFFFFFFFFFFFFFFFFFFFFFFFFFFFFBA
:10065000FFFFFFFFFFFFFFFFFFFFFFFFFFFFFFFFAA
:10066000FFFFFFFFFFFFFFFFFFFFFFFFFFFFFFFF9A
:10067000FFFFFFFFFFFFFFFFFFFFFFFFFFFFFFFF8A
:10068000FFFFFFFFFFFFFFFFFFFFFFFFFFFFFFFF7A
:10069000FFFFFFFFFFFFFFFFFFFFFFFFFFFFFFFF6A
:1006A000FFFFFFFFFFFFFFFFFFFFFFFFFFFFFFFF5A
:1006B000FFFFFFFFFFFFFFFFFFFFFFFFFFFFFFFF4A
:1006C000FFFFFFFFFFFFFFFFFFFFFFFFFFFFFFFF3A
:1006D000FFFFFFFFFFFFFFFFFFFFFFFFFFFFFFFF2A
:1006E000FFFFFFFFFFFFFFFFFFFFFFFFFFFFFFFF1A
:1006F000FFFFFFFFFFFFFFFFFFFFFFFFFFFFFFFF0A
:10070000FFFFFFFFFFFFFFFFFFFFFFFFFFFFFFFFF9
:10071000FFFFFFFFFFFFFFFFFFFFFFFFFFFFFFFFE9
:10072000FFFFFFFFFFFFFFFFFFFFFFFFFFFFFFFFD9
:10073000FFFFFFFFFFFFFFFFFFFFFFFFFFFFFFFFC9
:10074000FFFFFFFFFFFFFFFFFFFFFFFFFFFFFFFFB9
:10075000FFFFFFFFFFFFFFFFFFFFFFFFFFFFFFFFA9
:10076000FFFFFFFFFFFFFFFFFFFFFFFFFFFFFFFF99
:10077000FFFFFFFFFFFFFFFFFFFFFFFFFFFFFFFF89
:10078000FFFFFFFFFFFFFFFFFFFFFFFFFFFFFFFF79
:10079000FFFFFFFFFFFFFFFFFFFFFFFFFFFFFFFF69
:1007A000FFFFFFFFFFFFFFFFFFFFFFFFFFFFFFFF59
:1007B000FFFFFFFFFFFFFFFFFFFFFFFFFFFFFFFF49
:1007C000FFFFFFFFFFFFFFFFFFFFFFFFFFFFFFFF39
:1007D000FFFFFFFFFFFFFFFFFFFFFFFFFFFFFFFF29
:1007E000FFFFFFFFFFFFFFFFFFFFFFFFFFFFFFFF19
:1007F000FFFFFFFFFFFFFFFFFFFFFFFFFFFFFFFF09
:10080000FFFFFFFFFFFFFFFFFFFFFFFFFFFFFFFFF8
:10081000FFFFFFFFFFFFFFFFFFFFFFFFFFFFFFFFE8
:10082000FFFFFFFFFFFFFFFFFFFFFFFFFFFFFFFFD8
:10083000FFFFFFFFFFFFFFFFFFFFFFFFFFFFFFFFC8
:10084000FFFFFFFFFFFFFFFFFFFFFFFFFFFFFFFFB8
:10085000FFFFFFFFFFFFFFFFFFFFFFFFFFFFFFFFA8
:10086000FFFFFFFFFFFFFFFFFFFFFFFFFFFFFFFF98
:10087000FFFFFFFFFFFFFFFFFFFFFFFFFFFFFFFF88
:10088000FFFFFFFFFFFFFFFFFFFFFFFFFFFFFFFF78
:10089000FFFFFFFFFFFFFFFFFFFFFFFFFFFFFFFF68
:1008A000FFFFFFFFFFFFFFFFFFFFFFFFFFFFFFFF58
:1008B000FFFFFFFFFFFFFFFFFFFFFFFFFFFFFFFF48
:1008C000FFFFFFFFFFFFFFFFFFFFFFFFFFFFFFFF38
:1008D000FFFFFFFFFFFFFFFFFFFFFFFFFFFFFFFF28
:1008E000FFFFFFFFFFFFFFFFFFFFFFFFFFFFFFFF18
:1008F000FFFFFFFFFFFFFFFFFFFFFFFFFFFFFFFF08
:10090000FFFFFFFFFFFFFFFFFFFFFFFFFFFFFFFFF7
:10091000FFFFFFFFFFFFFFFFFFFFFFFFFFFFFFFFE7
:10092000FFFFFFFFFFFFFFFFFFFFFFFFFFFFFFFFD7
:10093000FFFFFFFFFFFFFFFFFFFFFFFFFFFFFFFFC7
:10094000FFFFFFFFFFFFFFFFFFFFFFFFFFFFFFFFB7
:10095000FFFFFFFFFFFFFFFFFFFFFFFFFFFFFFFFA7
:10096000FFFFFFFFFFFFFFFFFFFFFFFFFFFFFFFF97
:10097000FFFFFFFFFFFFFFFFFFFFFFFFFFFFFFFF87
:10098000FFFFFFFFFFFFFFFFFFFFFFFFFFFFFFFF77
:10099000FFFFFFFFFFFFFFFFFFFFFFFFFFFFFFFF67
:1009A000FFFFFFFFFFFFFFFFFFFFFFFFFFFFFFFF57
:1009B000FFFFFFFFFFFFFFFFFFFFFFFFFFFFFFFF47
:1009C000FFFFFFFFFFFFFFFFFFFFFFFFFFFFFFFF37
:1009D000FFFFFFFFFFFFFFFFFFFFFFFFFFFFFFFF27
:1009E000FFFFFFFFFFFFFFFFFFFFFFFFFFFFFFFF17
:1009F000FFFFFFFFFFFFFFFFFFFFFFFFFFFFFFFF07
:100A0000FFFFFFFFFFFFFFFFFFFFFFFFFFFFFFFFF6
:100A1000FFFFFFFFFFFFFFFFFFFFFFFFFFFFFFFFE6
:100A2000FFFFFFFFFFFFFFFFFFFFFFFFFFFFFFFFD6
:100A3000FFFFFFFFFFFFFFFFFFFFFFFFFFFFFFFFC6
:100A4000FFFFFFFFFFFFFFFFFFFFFFFFFFFFFFFFB6
:100A5000FFFFFFFFFFFFFFFFFFFFFFFFFFFFFFFFA6
:100A6000FFFFFFFFFFFFFFFFFFFFFFFFFFFFFFFF96
:100A7000FFFFFFFFFFFFFFFFFFFFFFFFFFFFFFFF86
:100A8000FFFFFFFFFFFFFFFFFFFFFFFFFFFFFFFF76
:100A9000FFFFFFFFFFFFFFFFFFFFFFFFFFFFFFFF66
:100AA000FFFFFFFFFFFFFFFFFFFFFFFFFFFFFFFF56
:100AB000FFFFFFFFFFFFFFFFFFFFFFFFFFFFFFFF46
:100AC000FFFFFFFFFFFFFFFFFFFFFFFFFFFFFFFF36
:100AD000FFFFFFFFFFFFFFFFFFFFFFFFFFFFFFFF26
:100AE000FFFFFFFFFFFFFFFFFFFFFFFFFFFFFFFF16
:100AF000FFFFFFFFFFFFFFFFFFFFFFFFFFFFFFFF06
:100B0000FFFFFFFFFFFFFFFFFFFFFFFFFFFFFFFFF5
:100B1000FFFFFFFFFFFFFFFFFFFFFFFFFFFFFFFFE5
:100B2000FFFFFFFFFFFFFFFFFFFFFFFFFFFFFFFFD5
:100B3000FFFFFFFFFFFFFFFFFFFFFFFFFFFFFFFFC5
:100B4000FFFFFFFFFFFFFFFFFFFFFFFFFFFFFFFFB5
:100B5000FFFFFFFFFFFFFFFFFFFFFFFFFFFFFFFFA5
:100B6000FFFFFFFFFFFFFFFFFFFFFFFFFFFFFFFF95
:100B7000FFFFFFFFFFFFFFFFFFFFFFFFFFFFFFFF85
:100B8000FFFFFFFFFFFFFFFFFFFFFFFFFFFFFFFF75
:100B9000FFFFFFFFFFFFFFFFFFFFFFFFFFFFFFFF65
:100BA000FFFFFFFFFFFFFFFFFFFFFFFFFFFFFFFF55
:100BB000FFFFFFFFFFFFFFFFFFFFFFFFFFFFFFFF45
:100BC000FFFFFFFFFFFFFFFFFFFFFFFFFFFFFFFF35
:100BD000FFFFFFFFFFFFFFFFFFFFFFFFFFFFFFFF25
:100BE000FFFFFFFFFFFFFFFFFFFFFFFFFFFFFFFF15
:100BF000FFFFFFFFFFFFFFFFFFFFFFFFFFFFFFFF05
:100C0000FFFFFFFFFFFFFFFFFFFFFFFFFFFFFFFFF4
:100C1000FFFFFFFFFFFFFFFFFFFFFFFFFFFFFFFFE4
:100C2000FFFFFFFFFFFFFFFFFFFFFFFFFFFFFFFFD4
:100C3000FFFFFFFFFFFFFFFFFFFFFFFFFFFFFFFFC4
:100C4000FFFFFFFFFFFFFFFFFFFFFFFFFFFFFFFFB4
:100C5000FFFFFFFFFFFFFFFFFFFFFFFFFFFFFFFFA4
:100C6000FFFFFFFFFFFFFFFFFFFFFFFFFFFFFFFF94
:100C7000FFFFFFFFFFFFFFFFFFFFFFFFFFFFFFFF84
:100C8000FFFFFFFFFFFFFFFFFFFFFFFFFFFFFFFF74
:100C9000FFFFFFFFFFFFFFFFFFFFFFFFFFFFFFFF64
:100CA000FFFFFFFFFFFFFFFFFFFFFFFFFFFFFFFF54
:100CB000FFFFFFFFFFFFFFFFFFFFFFFFFFFFFFFF44
:100CC000FFFFFFFFFFFFFFFFFFFFFFFFFFFFFFFF34
:100CD000FFFFFFFFFFFFFFFFFFFFFFFFFFFFFFFF24
:100CE000FFFFFFFFFFFFFFFFFFFFFFFFFFFFFFFF14
:100CF000FFFFFFFFFFFFFFFFFFFFFFFFFFFFFFFF04
:100D0000FFFFFFFFFFFFFFFFFFFFFFFFFFFFFFFFF3
:100D1000FFFFFFFFFFFFFFFFFFFFFFFFFFFFFFFFE3
:100D2000FFFFFFFFFFFFFFFFFFFFFFFFFFFFFFFFD3
:100D3000FFFFFFFFFFFFFFFFFFFFFFFFFFFFFFFFC3
:100D4000FFFFFFFFFFFFFFFFFFFFFFFFFFFFFFFFB3
:100D5000FFFFFFFFFFFFFFFFFFFFFFFFFFFFFFFFA3
:100D6000FFFFFFFFFFFFFFFFFFFFFFFFFFFFFFFF93
:100D7000FFFFFFFFFFFFFFFFFFFFFFFFFFFFFFFF83
:100D8000FFFFFFFFFFFFFFFFFFFFFFFFFFFFFFFF73
:100D9000FFFFFFFFFFFFFFFFFFFFFFFFFFFFFFFF63
:100DA000FFFFFFFFFFFFFFFFFFFFFFFFFFFFFFFF53
:100DB000FFFFFFFFFFFFFFFFFFFFFFFFFFFFFFFF43
:100DC000FFFFFFFFFFFFFFFFFFFFFFFFFFFFFFFF33
:100DD000FFFFFFFFFFFFFFFFFFFFFFFFFFFFFFFF23
:100DE000FFFFFFFFFFFFFFFFFFFFFFFFFFFFFFFF13
:100DF000FFFFFFFFFFFFFFFFFFFFFFFFFFFFFFFF03
:100E0000FFFFFFFFFFFFFFFFFFFFFFFFFFFFFFFFF2
:100E1000FFFFFFFFFFFFFFFFFFFFFFFFFFFFFFFFE2
:100E2000FFFFFFFFFFFFFFFFFFFFFFFFFFFFFFFFD2
:100E3000FFFFFFFFFFFFFFFFFFFFFFFFFFFFFFFFC2
:100E4000FFFFFFFFFFFFFFFFFFFFFFFFFFFFFFFFB2
:100E5000FFFFFFFFFFFFFFFFFFFFFFFFFFFFFFFFA2
:100E6000FFFFFFFFFFFFFFFFFFFFFFFFFFFFFFFF92
:100E7000FFFFFFFFFFFFFFFFFFFFFFFFFFFFFFFF82
:100E8000FFFFFFFFFFFFFFFFFFFFFFFFFFFFFFFF72
:100E9000FFFFFFFFFFFFFFFFFFFFFFFFFFFFFFFF62
:100EA000FFFFFFFFFFFFFFFFFFFFFFFFFFFFFFFF52
:100EB000FFFFFFFFFFFFFFFFFFFFFFFFFFFFFFFF42
:100EC000FFFFFFFFFFFFFFFFFFFFFFFFFFFFFFFF32
:100ED000FFFFFFFFFFFFFFFFFFFFFFFFFFFFFFFF22
:100EE000FFFFFFFFFFFFFFFFFFFFFFFFFFFFFFFF12
:100EF000FFFFFFFFFFFFFFFFFFFFFFFFFFFFFFFF02
:100F0000FFFFFFFFFFFFFFFFFFFFFFFFFFFFFFFFF1
:100F1000FFFFFFFFFFFFFFFFFFFFFFFFFFFFFFFFE1
:100F2000FFFFFFFFFFFFFFFFFFFFFFFFFFFFFFFFD1
:100F3000FFFFFFFFFFFFFFFFFFFFFFFFFFFFFFFFC1
:100F4000FFFFFFFFFFFFFFFFFFFFFFFFFFFFFFFFB1
:100F5000FFFFFFFFFFFFFFFFFFFFFFFFFFFFFFFFA1
:100F6000FFFFFFFFFFFFFFFFFFFFFFFFFFFFFFFF91
:100F7000FFFFFFFFFFFFFFFFFFFFFFFFFFFFFFFF81
:100F8000FFFFFFFFFFFFFFFFFFFFFFFFFFFFFFFF71
:100F9000FFFFFFFFFFFFFFFFFFFFFFFFFFFFFFFF61
:100FA000FFFFFFFFFFFFFFFFFFFFFFFFFFFFFFFF51
:100FB000FFFFFFFFFFFFFFFFFFFFFFFFFFFFFFFF41
:100FC000FFFFFFFFFFFFFFFFFFFFFFFFFFFFFFFF31
:100FD000FFFFFFFFFFFFFFFFFFFFFFFFFFFFFFFF21
:100FE000FFFFFFFFFFFFFFFFFFFFFFFFFFFFFFFF11
:100FF000FFFFFFFFFFFFFFFFFFFFFFFFFFFFFFFF01
:10100000D1002043491600600000000000000000ED
:10101000201000600010006000400460000000002C
:1010200000000060004C040000000000FFFFFFFF14
:10103000FFFFFFFFFFFFFFFFFFFFFFFFFFFFFFFFC0
:10104000FFFFFFFFFFFFFFFFFFFFFFFFFFFFFFFFB0
:10105000FFFFFFFFFFFFFFFFFFFFFFFFFFFFFFFFA0
:10106000FFFFFFFFFFFFFFFFFFFFFFFFFFFFFFFF90
:10107000FFFFFFFFFFFFFFFFFFFFFFFFFFFFFFFF80
:10108000FFFFFFFFFFFFFFFFFFFFFFFFFFFFFFFF70
:10109000FFFFFFFFFFFFFFFFFFFFFFFFFFFFFFFF60
:1010A000FFFFFFFFFFFFFFFFFFFFFFFFFFFFFFFF50
:1010B000FFFFFFFFFFFFFFFFFFFFFFFFFFFFFFFF40
:1010C000FFFFFFFFFFFFFFFFFFFFFFFFFFFFFFFF30
:1010D000FFFFFFFFFFFFFFFFFFFFFFFFFFFFFFFF20
:1010E000FFFFFFFFFFFFFFFFFFFFFFFFFFFFFFFF10
:1010F000FFFFFFFFFFFFFFFFFFFFFFFFFFFFFFFF00
:10110000FFFFFFFFFFFFFFFFFFFFFFFFFFFFFFFFEF
:10111000FFFFFFFFFFFFFFFFFFFFFFFFFFFFFFFFDF
:10112000FFFFFFFFFFFFFFFFFFFFFFFFFFFFFFFFCF
:10113000FFFFFFFFFFFFFFFFFFFFFFFFFFFFFFFFBF
:10114000FFFFFFFFFFFFFFFFFFFFFFFFFFFFFFFFAF
:10115000FFFFFFFFFFFFFFFFFFFFFFFFFFFFFFFF9F
:10116000FFFFFFFFFFFFFFFFFFFFFFFFFFFFFFFF8F
:10117000FFFFFFFFFFFFFFFFFFFFFFFFFFFFFFFF7F
:10118000FFFFFFFFFFFFFFFFFFFFFFFFFFFFFFFF6F
:10119000FFFFFFFFFFFFFFFFFFFFFFFFFFFFFFFF5F
:1011A000FFFFFFFFFFFFFFFFFFFFFFFFFFFFFFFF4F
:1011B000FFFFFFFFFFFFFFFFFFFFFFFFFFFFFFFF3F
:1011C000FFFFFFFFFFFFFFFFFFFFFFFFFFFFFFFF2F
:1011D000FFFFFFFFFFFFFFFFFFFFFFFFFFFFFFFF1F
:1011E000FFFFFFFFFFFFFFFFFFFFFFFFFFFFFFFF0F
:1011F000FFFFFFFFFFFFFFFFFFFFFFFFFFFFFFFFFF
:10120000FFFFFFFFFFFFFFFFFFFFFFFFFFFFFFFFEE
:10121000FFFFFFFFFFFFFFFFFFFFFFFFFFFFFFFFDE
:10122000FFFFFFFFFFFFFFFFFFFFFFFFFFFFFFFFCE
:10123000FFFFFFFFFFFFFFFFFFFFFFFFFFFFFFFFBE
:10124000FFFFFFFFFFFFFFFFFFFFFFFFFFFFFFFFAE
:10125000FFFFFFFFFFFFFFFFFFFFFFFFFFFFFFFF9E
:10126000FFFFFFFFFFFFFFFFFFFFFFFFFFFFFFFF8E
:10127000FFFFFFFFFFFFFFFFFFFFFFFFFFFFFFFF7E
:10128000FFFFFFFFFFFFFFFFFFFFFFFFFFFFFFFF6E
:10129000FFFFFFFFFFFFFFFFFFFFFFFFFFFFFFFF5E
:1012A000FFFFFFFFFFFFFFFFFFFFFFFFFFFFFFFF4E
:1012B000FFFFFFFFFFFFFFFFFFFFFFFFFFFFFFFF3E
:1012C000FFFFFFFFFFFFFFFFFFFFFFFFFFFFFFFF2E
:1012D000FFFFFFFFFFFFFFFFFFFFFFFFFFFFFFFF1E
:1012E000FFFFFFFFFFFFFFFFFFFFFFFFFFFFFFFF0E
:1012F000FFFFFFFFFFFFFFFFFFFFFFFFFFFFFFFFFE
:10130000FFFFFFFFFFFFFFFFFFFFFFFFFFFFFFFFED
:10131000FFFFFFFFFFFFFFFFFFFFFFFFFFFFFFFFDD
:10132000FFFFFFFFFFFFFFFFFFFFFFFFFFFFFFFFCD
:10133000FFFFFFFFFFFFFFFFFFFFFFFFFFFFFFFFBD
:10134000FFFFFFFFFFFFFFFFFFFFFFFFFFFFFFFFAD
:10135000FFFFFFFFFFFFFFFFFFFFFFFFFFFFFFFF9D
:10136000FFFFFFFFFFFFFFFFFFFFFFFFFFFFFFFF8D
:10137000FFFFFFFFFFFFFFFFFFFFFFFFFFFFFFFF7D
:10138000FFFFFFFFFFFFFFFFFFFFFFFFFFFFFFFF6D
:10139000FFFFFFFFFFFFFFFFFFFFFFFFFFFFFFFF5D
:1013A000FFFFFFFFFFFFFFFFFFFFFFFFFFFFFFFF4D
:1013B000FFFFFFFFFFFFFFFFFFFFFFFFFFFFFFFF3D
:1013C000FFFFFFFFFFFFFFFFFFFFFFFFFFFFFFFF2D
:1013D000FFFFFFFFFFFFFFFFFFFFFFFFFFFFFFFF1D
:1013E000FFFFFFFFFFFFFFFFFFFFFFFFFFFFFFFF0D
:1013F000FFFFFFFFFFFFFFFFFFFFFFFFFFFFFFFFFD
:10140000814205D051F8043B40F8043B8242F9D8B0
:10141000704700BF044A05494FF0000342F8043BFF
:101420009142FBD8704700BFC0D6002000C1012008
:101430002DE98848BFF34F8F00BF00BF00BF00BF3A
:1014400000F03EFD674B0822C3F8542100BF00BFE7
:1014500000BF00BF00BF00BF00BF00BF00BF00BF94
:1014600000BF00BF00BF00BF00BF00BF5E4A5F49B2
:101470005F48FFF7C5FF5F4A5F496048FFF7C0FF5D
:101480005F4CFFF7C7FF4FF470004FF0E0210023DF
:101490005C4AC1F8880D44F823200133B02BFAD1FF
:1014A000594B8021594A03F8011B9342FBD14FF05D
:1014B000E0254C4E4FF08039DFF880B1DFF880A195
:1014C0004FF0FF31C5F8084D0027C6F80491C6F863
:1014D00000B1C6F8F490C6F8F0A0D5F8243DDFF8C6
:1014E000648143F4E0234A4AC5F8243DD8F81C300F
:1014F00023F07F0343F04003C8F81C30D8F82430B1
:1015000023F07F0343F04003C8F824309166D1668E
:101510001167516700F0DCFC3E4B3F49A3633F4B32
:10152000E36363236B610323AF612B613C4BC5F81D
:10153000203DD5F8FC3D43F08073C5F8FC3D394BA8
:101540001A6842F001021A605B680B6000F04AFD05
:10155000C6F804913448C6F800B1C6F8F490C6F84D
:10156000F0A000F0C9FED8F86C10304B304A41F4BE
:101570004051C8F86C101F60C3F80871C3F81871A7
:10158000C3F82871C3F83871936BDB0708D442F6AF
:101590001563284951651365936B43F00103936309
:1015A000234A254C936843F00113936000F05EFCDE
:1015B00000F082FE00F044FD00F084FC2368132B51
:1015C000FCD900F0D5FD2368B3F5967FFBD300F07E
:1015D0007DFC00F079FC00F087FE00F089FE30BF52
:1015E000FDE700BF00800D4044440300E824006094
:1015F00000000000C0D60020306903600000002019
:1016000000D40020B1E4010000E400E0A0E400E028
:1016100000C00A401DCD010058BA012021CD0100B3
:1016200000002020001000E00046C32300400840D6
:1016300000400D400000C0565CBA01201B1018206D
:101640000C0D111300C00F40054B4FF42A01054A41
:1016500005485A641864054A99639546FFF7E8FE01
:1016600000C00A40FFBFAAAA070020000080042093
:10167000204B002030B4C3E92000C3E92200C3E9B5
:101680002400C3E92600C3F8A800BFF34F8F4FF032
:10169000E0231949194AC3F8701FC3F8702FBFF32C
:1016A0004F8FBFF36F8F164B0146164C01229D687A
:1016B00004F6DC749D601863134B44F81C0C184648
:1016C00002330088A34212FA80F21144F7D192B299
:1016D0000C4B42EA0142C3F8DC2FBFF34F8F4FF0AF
:1016E000E023094AC3F8682FBFF34F8FBFF36F8F12
:1016F00030BC704700FF272080FF2720A0FF272055
:1017000000800F4000F02720C0FF2720B24BD3F805
:1017100080200B2A2DE9F0470D461BD14FF0FF30FA
:10172000AE49AF4BAF4E01F1040C5040202400F005
:101730000102013C03FB02F282EA5000F7D1B445FA
:1017400002D04A686146EEE7DFF88C82D8F8A8300C
:10175000984279D02B681722A34928465B6898479E
:10176000284600F0B1FD2B684822A0495B68284656
:101770009847284600F0A8FD2B6849229C495B68E1
:1017800028469847284600F09FFD2B682422994957
:101790005B6828469847284600F096FD2B6847224C
:1017A00095495B6828469847284600F08DFD2B68D0
:1017B0003F2292495B6828469847284600F084FDFE
:1017C0008F4B9C68A2070DD51A6B8E4B9A422B68E3
:1017D00000F0748140228C495B682846984728466F
:1017E00000F072FD670700F15F81260700F152816A
:1017F000E00600F14581A10600F13881620600F1A2
:101800002B81230600F1DD8014F4807440F0AD805C
:10181000714BD3F8C06096B1D3F8DC700122C033AD
:101820007A48194602330988834212FA81F2144435
:10183000F7D193B243EA04439F4200F07C81FFF763
:1018400017FF0120BDE8F0872B680C22704928465D
:101850005B689847284600F037FD2A68D8F8A490BE
:1018600028466C4BD2F804A0A3FB09276A497F09DC
:10187000A3FB072326225E09C8F8A460D047674966
:101880000A222846A1FB06312346090901EB410142
:10189000A6EBC10100F038FD2B68C6EB061601224D
:1018A0005B6828465E4998472346A7EB86010A22D3
:1018B0002846C7EB071700F027FD2B68012258497F
:1018C0005B68284698472346A9EB87010A222846E9
:1018D00000F01AFD284600F0F7FC2B68242251493D
:1018E0005B682846984723461022D8F89810284667
:1018F00000F00AFD284600F0E7FCD8F88860002ECA
:1019000040F0DF80344ED6F88C40002C40F0FA8056
:101910002B682222444928465B6898472E4B0221B7
:10192000284693ED280AB7EEC00A00F0D1FC2B68D8
:1019300005223E495B68284698472B681D223C4992
:101940005B68284698473B4A3B48002311680A22B7
:10195000A0FB01012846890C00F0D6FC2B6804226C
:1019600036495B68284698472AE72B68292234497C
:1019700028465B689847284600F0A6FC204928685E
:1019800021228B684468284623F480738B602D499C
:10199000A047284600F098FC2B6842222A495B6841
:1019A00028469847284600F08FFC284A284B0721F4
:1019B0001964936B43F040039363BFF34F8F30BFC1
:1019C000FDE72B682122234928465B689847284673
:1019D00000F07AFC18E700BF00FF272080FF2720D7
:1019E0002083B8EDA8FF272094B10020ACB10020DF
:1019F000F8B1002044B200206CB20020B4B2002044
:101A000000800F40F100AD0B40B30020DCFF272029
:101A100080AC00208988888890AC0020ABAAAAAA54
:101A2000B8950020B8AC002040B1002064B100207F
:101A30006CB10020E8C5002083DE1B438CB1002080
:101A400074B40020A0B40020C4B4002000400D40B5
:101A500000C00A4050B400202B6821229C4928462F
:101A60005B689847284600F02FFCCAE62B682922BD
:101A7000984928465B689847284600F025FCBDE653
:101A80002B682622944928465B689847284600F030
:101A90001BFCB0E62B682A22904928465B689847D1
:101AA000284600F011FCA3E62B6827228C49284623
:101AB0005B689847284600F007FC96E6482289496B
:101AC0008AE62B680822884928465B68984723469F
:101AD0001022D8F88810284600F016FC284600F09E
:101AE000F3FBF40769D4B00700F15381310700F12B
:101AF0004481F20600F15D81B30667D52B682A2286
:101B00007A495DE02B680822794928465B68984746
:101B100000231022D6F88C10284600F0F5FB28464A
:101B200000F0D2FBA00767D461007FF5F1AE2B680F
:101B30001B22704963E00124DFF8F4A1DFF8F4917F
:101B4000DFF8D48105E00134072C3FF478AED8F8F3
:101B5000C060631E012707FA03F23242F3D009EB9B
:101B600083062B680E2251465B682846984721461B
:101B7000284600F0B1FB2B6805225F495B682846C8
:101B80009847716800230A22284600F0BDFB2B68A5
:101B900004225A495B68284698477168002310223E
:101BA000284600F0B1FB2B683A4655495B68284649
:101BB0009847284600F088FBC5E72B682822514942
:101BC0005B6828469847284600F07EFB37063CD4E1
:101BD000F4051BD4B00500F1D880710500F1D18067
:101BE000320500F1E280F30400F1DB80B70416D582
:101BF0002B68312244490CE02B68262243492846B1
:101C00005B689847284600F05FFB81E62B6820223E
:101C10003F495B6828469847284600F055FB340446
:101C200040D4F0032ED4B10300F1B78072034BD43B
:101C3000330300F1C680F70100F1BF80B4017FF5E6
:101C400061AE2B681B2233491FE02B682122324CE6
:101C5000284632495B68984710220023D4F8901038
:101C6000284600F051FBD4F890201F2A64D92C4B51
:101C70009A4203D320339A42C0F0A780284600F04E
:101C800023FBA5E72B68232226495B682846224EC2
:101C90009847284600F018FBD6F88C40002C3FF4FB
:101CA00037AE2FE72B6821221F4928465B689847EB
:101CB000194900231022D1F89410284600F024FB83
:101CC000284600F001FBACE72B6828221749DCE727
:101CD0002CB4002000B40020D8B30020ACB3002006
:101CE00084B30020F4B20020E0AC002090AD0020CE
:101CF000F0B0002024B1002018B5002020B500204D
:101D000018930020ECAC0020B4AF0020FCB0002001
:101D1000A4AE0020D4B0002000FF2720BCAD0020DE
:101D200000C101200CB00020E8AF002064B000200A
:101D300008B50020C0FF27202B681E222649284610
:101D40005B689847D4F8981000231022284600F0CA
:101D5000DBFA2B683E2221495B6828469847D4F875
:101D6000981000231022284600F0CEFA2B681D227E
:101D70001B495B682846984780E72B682922194948
:101D80001EE72B684422184943E72B682C22174989
:101D90003FE72B682122164912E72B6832221549AA
:101DA00073E72B683322144933E72B683F2213492A
:101DB0002FE72B682522124902E72B6828221149B8
:101DC00063E72B68162210495FE72B6841220F4911
:101DD00028465B68984751E7E0AD002000AE002040
:101DE00040AE00203CAD0020F8AE0020C8AE002080
:101DF00018AD002030B0002080AF002040AF0020A0
:101E000068AD0020A8B0002090B0002060AE002097
:101E1000124BD3F880300B2B1ED14FF0FF321048FD
:101E200030B5104D104C01E06B68754605F1040E9D
:101E30005A40202102F00103013900FB03F383EA39
:101E40005202F7D1A645EFD1044BD3F8A800801A6F
:101E5000B0FA80F0400930BD0020704700FF272015
:101E60002083B8ED80FF2720A8FF2720104BA0205B
:101E7000104AD96E41F4403110B4D96640F237644B
:101E8000D96E41F44071D96654649064936C1B061A
:101E9000FCD4094A40F23761A02351649364936CE7
:101EA00013F08003FBD1054A13705DF8044B7047B3
:101EB00000C00F4000400C4000800C40B7C0012023
:101EC000704700BF704700BF704700BF00BF70473A
:101ED00010B44FF0E023002110243148C3F8941DC2
:101EE000C3F89C4D1124C3F8A00D2E48C3F89C4D97
:101EF0001224C3F8A00D2C48C3F89C4D2B4AC3F8FC
:101F0000A00D2B4C42F015022A48C3F89C4DC3F893
:101F1000A00D294C2948C3F89C4DC3F8A00D284CAE
:101F2000C3F89C2D2748284AC3F8A04DC3F89C0D40
:101F3000264CC3F8A02D264AC3F89C4D2548C3F86B
:101F4000A02D254AC3F89C0D244CC3F8A02D02F106
:101F50007C42C3F89C4DC3F8A02D02F1805220486A
:101F60000C32C3F89C0DC3F8A02D00BF00BF00BF0A
:101F700000BF00BF0122C3F8942DBFF34F8FBFF302
:101F80006F8FC3F8501FBFF34F8FBFF36F8FD3F81E
:101F9000142D5DF8044B42F44032C3F8142D704701
:101FA0003F000010250008070900100000C10120B3
:101FB0001300200021000207140000202500080360
:101FC000090000101600202027000B031700004016
:101FD00033001013180000602F000B071900007069
:101FE0001A000080F0B4154A40274FF480314FF4B6
:101FF00080564FF400554FF4404443F242001369B9
:1020000013F0020F0ED113F4005F0FD013F4805FB2
:102010000ED0002BF3DA13F4803F0BD15B060BD507
:10202000F0BC7047946151619061E8E75561E6E763
:102030005661E4E79161E2E75761E0E700800D4017
:102040003F4A03203F49F3EE095AD2F880304FF05F
:10205000000C9FED3D6A23F001039FED3C5A30B424
:10206000C2F88030C2F89000D1F8E010384DCBB201
:10207000384C39482B6007EE903A0B0DC1F30B2119
:10208000F8EEE77A06EE903A07EE101A334BB8EE08
:10209000C77A2160F8EEE66A314937EEC66A37EE54
:1020A000C55A76EEC76A77EEE57A26EE266AC3ED64
:1020B000006A25EE265AD2F8803067EEA64AC0EDB7
:1020C000007AC6EE275A274885EE276AC4EEA76A2B
:1020D00075EE875AFCEEE55A36EE076A15EE904A21
:1020E000BCEEC66A43EA045376EE877AC2F88030C3
:1020F00016EE103AD2F89041FCEEE77A01EA03417D
:10210000214317EE903AC2F89011C3F30B03D2F8B3
:1021100090110B431449C2F89031D2F8803043F04B
:102120000203C2F88030114B80F840C0C1F8403142
:102130004FF0E023012230BCC3F80821704700BFF4
:1021400000810D4000441F400000AA420000B4423C
:1021500048BA012044BA01204CBA012050BA0120EB
:102160000000FF0F00E400E000D400209DE6010025
:10217000314B40F6617210B5C3F8202140F204449F
:1021800000F0AEF82D4A2E49D2F880302D4843F0A9
:102190000303C2F880302C4BC1F8604102681A4238
:1021A00003D1D1F8A8319A071BD0254A4FF000413E
:1021B000244B5963D2F8403143F00203C2F8403156
:1021C000D2F840319B07FBD44FF400304FF0E021B0
:1021D0001C4B4FF00042C1F88C0219209A6300F0AA
:1021E0006FF8184A4FF08040154C002190630A2088
:1021F000164B11604FF46072C4F8A801184600F045
:102200007FF84FF4800203464FF4810040F24311FF
:102210001860C4F858311A640D4B0E4AC4F84811BE
:10222000C3F804224FF0E0224FF400310123C2F83A
:102230000C11C4F8403110BD00800D4000C00F40AB
:1022400000002E4000900D40001C1E0000000020E9
:1022500000D40020BDE8010008B50E4B1B6E9B07A3
:1022600000D4FBBE72B60C4B00200C4AC3F84001F0
:1022700003F160430A49A3F55F2311649D46BFF350
:102280004F8F4FF400130748074ADB6902609B68D1
:10229000984700BF00441F4000002E4000C00A4085
:1022A0000300200000802020000012EBF8B500BFE2
:1022B000F8BC08BC9E4670475FF800F0BDE3010023
:1022C0005FF800F0B5DC01005FF800F001D8010014
:1022D0005FF800F061D801005FF800F0E9D7010075
:1022E0005FF800F00DF001005FF800F0E5FE02007D
:1022F0005FF800F03D9200005FF800F0C5D90100E2
:102300005FF800F0A9FD02005FF800F039D8010085
:10231000E50D00007D180000292D0000D188000087
:10232000F5B400003DE5000051970100719E0100E9
:08233000E5D60100C103020023
:1023380018035400650065006E00730079002000E2
:102348004D00490044004900180354006500650029
:102358006E00730079006400750069006E006F00FC
:10236800040309040902B500040100C032080B0087
:102378000202020100090400000102020100052412
:1023880000100105240101010424020605240600A9
:10239800010705820310001009040100020A000069
:1023A80000070503024000000705830240000009FA
:1023B80004020002010300000724010001250006B1
:1023C8002402010100062402020200092403010379
:1023D80001020100092403020401010100090504A6
:1023E80002400000000005250101010905840240A2
:1023F8000000000005250101030904030002030091
:102408000000092111010001221C00070585034075
:102418000004070506034000010000000902B5009A
:10242800040100C032080B00020202010009040086
:102438000001020201000524001001052401010128
:10244800042402060524060001070582031000057E
:1024580009040100020A0000000705030200020047
:1024680007058302000200090402000201030000BC
:1024780007240100012500062402010100062402A8
:1024880002020009240301030102010009240302D6
:1024980004010101000905040200020000000525ED
:1024A800010101090584020002000000052501015F
:1024B80003090403000203000000092111010001BF
:1024C800221C000705850340000407050603400099
:1024D800010000000A060002EF02014001000000AE
:1024E80000000000000000000000000000000000E4
:1024F80000000000000000000000000000000000D4
:1025080000F018BD70B584B001F044FA944A04880C
:10251800D2F8C410934B01F1010C22F81140B0F825
:1025280002E0A3FB0C51904C890901EB4101ACEB93
:102538004111C2F8C410D2F88C1101F1010C02EB60
:102548004101A1F8C8E0A3FB0CE1B0F804E0890957
:1025580001EB4101ACEB4111C2F88C11D2F85412D5
:1025680001F1010C02EB4101A1F890E1B0F806E09D
:10257800A3FB0C01890901EB4101ACEB4111C2F845
:102588005412D2F81C13481C02EB4101A1F858E27E
:10259800A3FB00139B0903EB4303A0EB4313C2F80F
:1025A8001C33D4F80431D4F800219B1A5C0607D1F7
:1025B8006E4A13680A2B59DC0133136004B070BDEE
:1025C8006B4A07236B4C6C48CDE9022304AB13E933
:1025D800060001F083FC2268D2F80431D2F8001119
:1025E8005B1A580640F0AF806268D2F80431D2F81E
:1025F80000115B1A590640F09A80A268D2F804319B
:10260800D2F800115B1A5B0640F08580E268D2F8C8
:102618000431D2F800115B1A5E0670D1564AD37C99
:10262800002BC5D0DD0704D5906A4FF0E021C1F832
:1026380000019C0704D5D06A4FF0E021C1F80401DD
:10264800580704D5106B4FF0E021C1F808011907AD
:1026580004D5506B4FF0E021C1F80C01DE06A7D578
:10266800926B4FF0E023C3F81021A1E700264349FD
:102678006846434C166005F0E7FF424B0722424D7F
:102688001B682068CDE9023204AB13E9060001F0AB
:1026980025FC314628781DF0FBFD012001F0A6FC41
:1026A800012128781DF0F4FD2268D37C13B3DD07DF
:1026B80004D5906A4FF0E021C1F800019C0704D5C9
:1026C800D06A4FF0E021C1F80401580704D5106B17
:1026D8004FF0E021C1F80801190704D5506B4FF0FD
:1026E800E021C1F80C01DB0604D5926B4FF0E02322
:1026F800C3F81021684605F0AFFF04B070BDD2F8EA
:1027080000114B1C32F8110003F07F03C2F80031AE
:1027180002F036FB82E7D2F800114B1C32F81100A8
:1027280003F07F03C2F8003102F0F6FA6EE7D2F840
:1027380000114B1C32F8110003F07F03C2F800317E
:1027480002F0B6FA59E7D2F800114B1C32F8110022
:1027580003F07F03C2F8003102F076FA44E700BFC5
:102768000CF00020ABAAAAAA30E2002024E2002044
:1027780000E1F5057CC80020ECC50020DCB901208B
:1027880020E200204CC80020A5C0012008B51DF09B
:1027980055FD064B1A68824203D21A680449821A08
:1027A8000A60044A01211860116008BD20DC00207D
:1027B80074F3002024DC0020874B0120874A5B68E3
:1027C80087492DE9F04F2DED028B89B00968854CBA
:1027D800854E641A854DCDE90432854B1F68002368
:1027E80007E03A4202D0326845F823200133102B23
:1027F80009D08B4200FA03F2F3DBE25C0F2AF2D035
:102808000133102BF5D17B4D2B6801332B6005F07C
:102818008FFF794B28711B680293D3B1774B4FF028
:10282800000BDFF808A20193754F764B764E0093A4
:10283800BBF1030F40F2C981019B0BF1010B0AF1B7
:10284800300A04330193009B06330093029B5B45D7
:10285800EED1674B0026F7EE006A6C4A18684FF411
:1028680080776B49334604E0013342ED017A082B47
:1028780016D0B2EC017AF1EC017AB4EEE67AF1EE18
:1028880010FAF1D5F4EEE67A07FA03F4F1EE10FA4D
:10289800EADD01332043012642ED017A082BE8D115
:1028A8000EB1534B18605B4B4FF0000B9FED5A8AEB
:1028B8000193D846594BDFF878910093584B02930F
:1028C800584B0393019BC5F8148007933C23D9F810
:1028D8000460AB61404BC5F80880A5F81C80C5E9C9
:1028E80003885B680693F36818071BD599F80820D6
:1028F800C2B13B4B1B689A4200F24482013A012361
:102908003B49934009680B424FF4803303FA02F3C2
:1029180014BF012200220B422A6114BF01230023A5
:10292800EB60F368D90612D599F809207AB12C49D9
:10293800013A09688A4280F2F781012101FA02F21C
:102948002B4909680A4214BF01220022AA609A068C
:102958007FD599F80A3073B15A1E032A00F30C8206
:10296800264B03EB8203D3ED007A67EE887AFDEEFF
:10297800E77AC5ED057AD6F840222B4CD378D6F8FD
:102988002001002B04EBC303127C596808BF002107
:10299800884203D196F8243193425AD006F11000A8
:1029A80010F01AFBD6F84032DB78002B04EBC30496
:1029B800D6F83832616808BF00218B4240F0AE81FA
:1029C80096F83C32002B40F0A981D6F85432002BFF
:1029D8003FD006F5117430E0001000E0A4E70020B5
:1029E8006C1C0120C41C01205CBA012078F3002073
:1029F80090E7002068C90020CC1C012034E70020A3
:102A08000CF00020A8E70020ABAAAAAA282D0120D4
:102A1800701C012094E700200000C044941C012091
:102A2800E01C0120D01C0120E8E700207EE6002001
:102A3800BCF30020236E50345BB1E36C5B07F9D51F
:102A4800002220465034114615F03CFE2369002B25
:102A5800F3D199F812303BB1B84BB94A18680368FA
:102A68001B68934240F0AD81B368012B03D1C5E9DF
:102A78000333C6F808802B690BB10223B36040F218
:102A88000442F3681A4240F08480D6F85432002B8E
:102A980000F0888006F51174AA4FDFF8C4A2A36C71
:102AA800394620465BB106F0E5FBA36C0744214696
:102AB800D3F800C018465246DCF810309847236E09
:102AC8005034002BEBD12B69002B47D1EB68002B3E
:102AD8006FD1009B9C4AC3E9008833685B699342C5
:102AE80062D1584606F0B4FC964B9F423ED1019BFA
:102AF8000BF1010B06A809F51F6904330193009B2C
:102B08000C330093029B04330293039B0433039317
:102B180005F0A2FDBBF1040F7FF4D4AE8B4801F0A1
:102B2800DFFC8B4B1B6833B98A4B186818B10368F4
:102B380086495B689847884B1B78002B40F0458195
:102B4800864B1A68612A01D101221A6004A805F08F
:102B580083FD09B0BDEC028BBDE8F08F1DF06EFB64
:102B6800029B18602B69002BB3D1AFE7D6F854321B
:102B7800002BBCD006F51176724CB36C304621465A
:102B8800503613B106F0A2FB04443369002BF4D18C
:102B9800ADE759466D4801F01DFCD6F85432002BBC
:102BA8007FF478AF674F8EE7009A30466C499847B4
:102BB80097E71DF043FB029B039A1B68C01A136832
:102BC800834238BF0346136083E7C82300224FF0CF
:102BD8006408602103FB0B73144608FB0BF894464A
:102BE800D3F8C0304FF6FF7E581C434437F81330F3
:102BF8009E4528BF9E469C4538BF9C469B181A4652
:102C0800A6FB009344F1000401394FEA931303EB48
:102C18004303A0EB4313E7D1B2EB0E0364F10002C8
:102C2800B3EB0C0362F10002D90D41EA4221D4173B
:102C3800C1F31600C3F31601014404F0150024F093
:102C48002D0401EB923101444648A0FB01C0400924
:102C580000EB400CC0EB0C10091A434821445B1AE6
:102C680062EBE172414901FB03F100FB0212A3FB95
:102C78000031521848D4C3F34F0307EE903A009B33
:102C88001A8BF8EE677A07EE102AB8EEC77A77EE55
:102C9800C77AF5EEC07AF1EE10FA37D4009B9B8B19
:102CA80007EE103AB8EEC77AC7EE876A019B4FF075
:102CB800640CAAF13002C3ED006AC8230CFB0BFCBC
:102CC80003FB0B7113E0D1F8C000441C6044A6FB61
:102CD80004E337F810009B0903EB4303A4EB431309
:102CE800C1F8C03022F8020F52453FF4A5ADD1F823
:102CF800C430D1F8C0001B1A1D4806FB03F3B0EB23
:102D0800731FE0D31088EDE70133B4E75B8B07EE60
:102D1800103AB8EEC77AC7EE876AC7E7002206F509
:102D2800947010F059F950E6521A12498A5CA2F1CF
:102D38000F02B2FA82F2520908E600BF58E70020F3
:102D4800655F0000C82C0120695F0000941C012009
:102D580050C9002050E70020ACC0012054E70020F3
:102D680068C900205D414CAECF467D67A3BEB35114
:102D7800AAAAAA02C41C0120334A02EB830353ED1A
:102D8800057AF2E5042A2CD82F4B03EB8203013A8B
:102D980053ED097A012367EE887A93402B4AFDEEBA
:102DA800E77A1268134217EE903A14BF0122002204
:102DB800B3F5407F2A61D4BF00230123EB60F36899
:102DC800B0E5234A594698474EE603F0F7FB0368F7
:102DD800204A5B6993423FF4B3AE1F4A1C499847A7
:102DE800AEE6511E994220DBC91A1C48415CA1F18C
:102DF8000F01B1FA81F14909296119490968CB1A0A
:102E080013445A1E032A19D8164B03EB820393ED79
:102E1800007AF7EE007AB4EEE77AF1EE10FACCBF5A
:102E280001230023EB60F3687CE501208840074913
:102E38000968084214BF01210021DDE7024A02EBBC
:102E4800830313ED057AE4E7701C012090E7002066
:102E580068C90020695F0000941C0120C41C01207F
:102E6800CC1C012034E700204379802B1AD010B500
:102E78005BB90A68541C06D02A4C2468A21A2A4C4A
:102E88002468944213D3002010BD7F2BFBD112B1CC
:102E98000B680133F7D04FF0FF330B6004686CB94F
:102EA800022010BD1F4B00201B680B6070474FF0BD
:102EB800FF330B60046814BB032010BD1B49A4B288
:102EC8001B4AB1F800E0D2F88030D2F88410013BF8
:102ED8005B1A1B07F7D0D2F88410022301F1010C0A
:102EE80022F83130184602EBC1030CF00F015C8068
:102EF800A3F806E0C2F8841000229A8010BD0B499E
:102F0800A4B20B4AB1F800E044EA0E0ED2F88030C1
:102F1800D2F88410013B5B1A1907F7D0D2F8841055
:102F28000323DBE75CBA012028DD002084C00120F0
:102F380080DC00202DE9F8439E4C0025271F04F172
:102F480020086678204618F08DFE76003043C0B21F
:102F58006070C00702D434F8043C1D430834A0450F
:102F6800EFD1954E954CB046DFF86C9225803846E7
:102F7800083741460022FFF777FFB94508F10408F2
:102F8800F5D18F4F97F80C80384618F06BFE4FEA52
:102F9800480840EA080097F80D804FEA4808387357
:102FA800781C18F05FFE40EA0800DFF8308278737A
:102FB80098F80C90404618F055FE4FEA490940EA47
:102FC800090098F80D904FEA490988F80C0008F1B3
:102FD800010018F047FE40EA090098F80230C0B234
:102FE800D8F8081088F80D0013B1002940F0AF8018
:102FF80098F80C2000F0030002F00302022A40F0C7
:103008009380002840F09080012298F8030000B1D6
:103018005242002B40F08E801046C8E90123002858
:1030280000F0938000B2674AD2F88030D2F884105A
:10303800013B5B1A1907F7D0D2F88430042122F833
:103048003310591C02EBC30301F00F019880C2F83A
:1030580084104FF480725C48DD805A80002D40F067
:103068009080BB78D7F808C033B1BCF1000F03D00B
:10307800ACF1100C2CEAEC7C3A7B797B02F0030271
:1030880001F00301022A6AD1002968D10122F978E6
:1030980001B15242002B68D07B68934274D011462C
:1030A8000023C7E90123E9B14942464A0FB2D2F8E1
:1030B8008030D2F88410013B5B1A1B07F7D0D2F896
:1030C8008430042122F83310591C02EBC30301F0A9
:1030D8000F019F80C2F884104FF40072DD805A807F
:1030E800002D4BD1394B21881A888A423FD00022C3
:1030F800374C19803749036822600A689B1A312BBC
:1031080010D9304B01240268D3F884000A60421CAD
:1031180043F8304003EBC001002002F00F02486082
:10312800C3F88420BDE8F883022814D19AB94FF077
:10313800FF326AE7D8F80430934230D000231046B3
:10314800C8E9012300287FF46DAF1F4889E71039CB
:1031580021EAE1714CE71C48C8F8081081E7022908
:1031680009D142B94FF0FF3291E7114699E7184C5F
:1031780022680132BEE7C7F808C0B3E70368F36006
:10318800B0E70368B3606CE70CF1D003B3F5805F78
:10319800A8BF4FF48053191201FB022181E701F106
:1031A800D003B3F5805FA8BF4FF48053191201FB19
:1031B800022032E754DD00202CDD002084C00120ED
:1031C80018DD002080DC00205CBA012086C00120C8
:1031D8004CDD00206C22012070DD002008DD00207D
:1031E800F8B54FF084439D695A6915400DD0254FB5
:1031F80001269D6195FAA5F4B4FA84F457F82430B1
:1032080006FA04F49847A543F4D11F4B9D695A69FF
:1032180015400DD01D4F01269D6195FAA5F4B4FA0D
:1032280084F457F8243006FA04F49847A543F4D1F7
:10323800174B9D695A6915400DD0164F01269D619F
:1032480095FAA5F4B4FA84F457F8243006FA04F48D
:103258009847A543F4D1104B9D695A6915400DD084
:103268000E4F01269D6195FAA5F4B4FA84F457F837
:10327800243006FA04F49847A543F4D1BFF34F8FDE
:10328800F8BD00BF68D0002000400042E8D0002010
:103298000080004268D1002000C00042E8D1002030
:1032A8000548064B1B1AD90F01EBA301491002D0A0
:1032B800034B03B118477047C0D60020C0D6002082
:1032C8000000000008B5054B1BB105490548AFF3E0
:1032D8000080BDE80840FFF7E3BF00BF0000000022
:1032E800C0390120004C04600FB400B583B0054814
:1032F80005A9019112F0AAFA03B05DF804EB04B035
:10330800704700BF3893002008B40C4B944610B5A2
:103318001B7883B093420CD3094C02460B460948EC
:1033280054F82C10FFF7E0FF06A90598019112F058
:103338008DFA03B0BDE8104001B07047B8C0012055
:10334800689300203893002010B5047A82B003688F
:1033580004F00304012C0CD0022C1CD08CB1114BAE
:103368000122642110480094FFF7CEFF002002B02C
:1033780010BD9A88DB68406803EB8203184402B0EA
:1033880010BDD3E90202D9880244033102EBC1021D
:10339800981802B010BD9B88406800EB830002B00B
:1033A80010BD00BFC89200202C7F0020C3880333C3
:1033B80000EBC30C50F833308B421DD910B50C46C6
:1033C8000CEBC101D1E90131516083F08041C3F3B5
:1033D8000170C1F38071107251723CB903280DD18C
:1033E80023F0704310466344136010BD0028F7D1E2
:1033F800064B1046136010BD00207047044B012295
:103408008F210448FFF780FF204610BD1493002049
:10341800E0920020207F002070B50B7A84B00C4623
:103428004D68012B14D92846617A194A194B266828
:10343800002918BF1A460390A721174B1748009672
:10344800CDE901250322FFF75FFF204604B070BDD8
:103458004B7AB3B9017A0246006801F003010129E9
:103468000AD0C1888268033102EBC10210442844A3
:103478002668074A6060DEE78388506800EB8300AF
:10348800F5E7FFF761FF636818446060CCE700BFA9
:10349800DC940020E4940020EC940020787E002046
:1034A800014B53F8200070473C910020036810B48A
:1034B800027A5C69186902F0030299882044012A9B
:1034C80000EB81000BD03AB9D3E90212DB880A4439
:1034D8000333104400EBC3005DF8044B7047DB680E
:1034E8005DF8044B184470472DE9F04F8DB09DF8F6
:1034F8005860002800F045819046027A1F46BE4B6E
:1035080022F003020D4604460160324302720A6843
:103518009A4215D0B94B0125B948012240F233111E
:10352800FFF7F2FE606818B1237A5B0740F1DB8091
:10353800002323606360A36028460DB0BDE8F08FC8
:103548000021284609AAFFF731FF00B10068AD4BFA
:103558000322C1210095CDE90106A948FFF7D4FE51
:103568002046FFF7A3FF8146002800F0C880237A91
:10357800B8F1000F00F0698143F00403B8422372E8
:1035880000F22181CDF808900322C4F80480D621E6
:103598009D4B9B48CDE90058FFF7B6FEEB88B5F880
:1035A80004900333A96808EB890901EBC307002ECF
:1035B80000F0F180012E00F00981EB6848462A6985
:1035C800F91829441DF05AF8CDF804900095ED211A
:1035D8002A69A9468D4B029203228948FFF794FE77
:1035E8002046FFF7B1FED9F81030D9F81420002191
:1035F80018442EF049FE20462668FFF7A5FE227AD9
:103608008246236802F00302012A00F0BF80D988AD
:103618009A68033102EBC10213440322F821784867
:10362800CDF80080CDE901A3794BFFF76DFEB9F81D
:103638000620002A00F0FF8020360027CDE9068505
:103648001AE0207AB9F8041000F003002368ABEB05
:103658000101012800F09080DD889868033500EBAF
:10366800C50003445AF8210003444AF821300137C1
:103678000836BA4240F2DE8056E902B8B8F1000FC7
:103688004CDB18F0804FDCD109AA41462068FFF7CF
:103698008DFE00283FD0B9F804505D454CD9069BF3
:1036A80003EB8B059DF82C30022B4DD031D80293BB
:1036B80003220A9B40F21711514805939DF82D30BB
:1036C800CDF810B00393099BCDF800800193514BBE
:1036D800FFF71AFE09A92046FFF79EFE43682B60F4
:1036E800B9F80620C3E712F09DF861684A4B032237
:1036F80000914FF49B714248FFF706FE18E760609F
:103708008046464B0322D9213D480095FFF7FCFD32
:1037180044E7032BE4D1424B0725FDE6B9F8043012
:1037280028F00041ABEB0303AAEB01015AF8230090
:1037380008444AF823009AE79DF82C30ABEB0505BE
:10374800022B0AEB8505B1D1CDF808B00322DDF8CC
:1037580024B04FF48E712A48324BCDF80080CDF852
:1037680004B0FFF7D1FD584612F0CEF800287FD0FC
:10377800B9F8062028607AE79888636803EB800325
:1037880070E70A2528460DB0BDE8F08F9A8863686F
:1037980003EB820341E7D5E90323294648461A4447
:1037A8003A441CF06BFFE3211548CDE90059D5E9EF
:1037B8000332134403223B4402931B4BFFF7A4FD3F
:1037C800C4F800900CE7194B0225A5E6D5E90323B8
:1037D800E91948461A441CF051FFCDF804900095A9
:1037E800A946134B0648D5E903210A44E921029268
:1037F8000322FFF789FDF3E655444C4D7CBF0020BA
:10380800407F002008C0002068C0002030C1002090
:1038180064C10020B8C10020E4C2002098C0002084
:103828009CBF002024C20020C4C00020E8BF0020A4
:10383800F4C00020079D00950322134B40F22F117E
:1038480012480025FFF760FD76E623F00403237293
:1038580011F0E6FF804640B10D4B0322CC210B4806
:10386800CDE90095FFF750FD8CE60A4B032553E69A
:10387800094B01224FF491710448CDF800B0082596
:10388800FFF742FD054B47E69CC10020407F002022
:1038980040C0002058BF002074C20020C4BF0020D0
:1038A800C288033208B550F8323000EBC20043B189
:1038B8004368C3F30172032A05D123F07043184407
:1038C80008BD184608BD044B01228F210348FFF7A5
:1038D8001BFD002008BD00BFE0920020207F0020D3
:1038E800D0B1F8B50F4606461546002403E028680F
:1038F8002EF0AAFD50B121462A4630680134FFF760
:1039080055FD39460028F2D10020F8BD2946304639
:10391800BDE8F840FFF780BD00207047014B1870E4
:10392800704700BFB8C001200378552B01D0002094
:1039380070474378421C442BF9D112F8013F4C2BB5
:10394800F5D153784D2BF2D10169C28810B4D0E972
:1039580002341819D31C5DF8044B084400EBC3006B
:10396800704700BF027A036802F00302012A06D0FA
:10397800D9889A68033102EBC102981870479B886E
:10398800406800EB8300704710B504461BF0B8FB95
:10399800204610BD2B4A1368998B090606D42A4B7A
:1039A80019688A8B120626D428487047284892F846
:1039B80004C0284A254982F81CC01861034682F8C9
:1039C8001BC0043050F8042C0A60BFF34F8F4FF02F
:1039D800E022C2F85C3F20339842FAD8BFF34F8FF9
:1039E800BFF36F8F0A884B88D243DB4312011B0158
:1039F8000A804B80D3E7164A93F804C0154802F1B1
:103A08002003243280F81CC00B6180F81BC00F49CA
:103A180052F8040C4860BFF34F8F4FF0E020C0F815
:103A28005C3F20339A42FAD8BFF34F8FBFF36F8FB2
:103A38008A88CB88D2430548DB4312011B018A8060
:103A4800CB807047DCDB0020E4DB0020A0C4002032
:103A58000000202000800E4010B50446002101F02F
:103A6800E5FD0C21204601F0EDFF2046002102F083
:103A7800A5F82046002101F005FE2046012101F0AD
:103A88002DFF2046BDE8104001F0C0BF2DE9F84FDA
:103A9800A24F1C4680460E463B681546DB0740F1A0
:103AA8003781404600211CF01DFC30460021DFF81C
:103AB8009C921CF017FC28460021994F1CF012FC20
:103AC800002120464FF0010B1CF00CFCD9F86C00CB
:103AD800FFF7C2FFD9F87000FFF7BEFFBB6C914932
:103AE80043F00203DFF86892DFF868A2BB648A6CCF
:103AF8008D4B42F002028A6413F80800995D002693
:103B08005A5D02251B5D894CA4F842004846A4F87A
:103B180040100121A4F86220A4F860301BF096FA46
:103B280099F804C0824B6FF00302824983F81AC0E7
:103B380003F58043D9F800000FFA8CFC01607E4938
:103B480004618582C5838560C5828680C66080F8E9
:103B580007B080F806B0826143F82C6043F82C1057
:103B68005946B0F81CC01FFA8CFC4CF0080CA0F8A1
:103B78001CC050461BF06AFA9AF804C06C4B04F15A
:103B8800400283F81AC04FEA0C2CDAF80000D9F882
:103B980000100CF4F85C02604FF01102C5838580B8
:103BA800C58207619AF80470B1F81E807F02868288
:103BB8001FFA88F880F806B007F47857866128F469
:103BC8007858C27147EA0807DFF88C8147F4004744
:103BD800C0E90256CF83C88B584F80B2C882888B01
:103BE80080B220F4FC504CEA000C38464CF0200C13
:103BF800A1F81CC059461BF029FA97F804C04C4B91
:103C08006FF00302594683F81AC00FFA8CFC386823
:103C180003F5804382614A4A8680026004F12002EB
:103C280080F807B00261474AC583C660C5828582AD
:103C380080F806B0856043F82C6043F82C20838B0D
:103C48009BB243F00803838340461BF0FFF998F8C2
:103C58000400374A4FF0110C04F14003907600023B
:103C6800D8F80020396800F4F8509682966195805B
:103C780082F807C082F806B0C2E9025604F160066D
:103C880044341660D583D582264D156198F80420F2
:103C9800CD8B5202ADB202F4785225F478552A43FE
:103CA80042F40042CA83CA8B92B2CA828A8B92B209
:103CB80022F4FC52104340F020008883BFF34F8F5A
:103CC8004FF0E022C2F8703F20339C42FAD8BFF38D
:103CD8004F8FBFF36F8F1C4B191DBFF34F8F4FF0E2
:103CE800E022C2F8703F20339942FAD8BFF34F8FD1
:103CF800BFF36F8F0E4B9AF8044099F8040098F8B8
:103D080004103A79DC76D876D976DA76BDE8F88F79
:103D18000E4801F051FC01233B60C2E628DB00207D
:103D280000400C4000800C407095002000002020CE
:103D380000800E4024400C4018000080E4DB002086
:103D480024800C405800008060002020001D0120C5
:103D5800DCDB00200CDC002014DC002008B50B4A5A
:103D68000B490C481EF066FC084A09490A481EF02F
:103D780061FC064A064909481EF05CFC034A0449EE
:103D88000748BDE808401EF055BC00BFC0CA002067
:103D9800A9140000DCDB00200CDC0020E4DB0020A0
:103DA80014DC0020084B002110B5044618781CF0DC
:103DB8006FFA064B1B681A685466D36D13F4F81F24
:103DC800FBD0536F10BD00BFA6C0012020E2002029
:103DD800036818470B680360704700BF0B680360EF
:103DE800704700BF704700BF836810B5044613B121
:103DF800032201469847204610BD00BF08B58368D6
:103E080003B19847044AD3889BB243F48043D380D4
:103E1800BFF34F8F08BD00BF00800B4008B5836813
:103E280003B19847034A137803F0F7031370BFF3FD
:103E38004F8F08BD00400B4038B5134B0121134C80
:103E48001878134D1CF04EFA207801211CF04AFA1C
:103E5800287801211CF046FA287800211CF018FA6D
:103E6800012120781CF014FA01201CF093F900219C
:103E780020781CF00DFA0A201CF08CF9207801211A
:103E88001CF006FA012038BDA6C00120A7C00120F9
:103E9800A5C0012010B504461BF05CFE204610BDED
:103EA8000B4B186888B103680A4A1B6893420DD106
:103EB800836810B503B19847074AD3889BB243F487
:103EC8008043D380BFF34F8F10BD7047184700BFA2
:103ED8001CDC00201D19000000800B4030B482B0AB
:103EE8000C4602AB03E90600C37C002B30D072B647
:103EF800C37CDA0708D54FF0E0214569D1F8802165
:103F08002A408262C1F880219D0708D54FF0E02140
:103F18008569D1F884212A40C262C1F884215907F1
:103F280008D54FF0E021C569D1F888212A400263FD
:103F3800C1F888211A0708D54FF0E021056AD1F8A1
:103F48008C212A404263C1F88C21DB062FD462B64B
:103F580083689C4235D0224B84609B69214AC3F315
:103F68000111C3F3826352F821100133B1FBF3F25C
:103F7800CCB1944227D8B2FBF4F3B2FBF3F29442EB
:103F88002CD3B3F5817F20D3174CC4600368032278
:103F98000020019918615A6201221C6419661A618D
:103FA80002B030BC70479942EFD3531CE9E74FF099
:103FB800E022416AD2F890310B408363C2F8903115
:103FC800C5E7C468E2E70024DFE7022BFBD9023B20
:103FD8005A08140244EA02441C43D6E71A46E4E7A6
:103FE80000C00F405C7C0020FF7F7F002DE9F04F70
:103FF80085B00290002800F09A80984B93F800B0A2
:10400800BBF1000F00F081809549964E0A78B6F80A
:1040180022340192D808B2EBD30F039005DB0023BA
:104028000B70002800F081800193B6F82084B24616
:10403800DFF83892B8F1000F6ED0019B002513FB12
:1040480008F743460095D846BFB29B4603E0DDB269
:104058005D4500955DDA7919424689B20E1D09EB76
:1040680001045644214630462EF042F808EB050379
:104078000028ECD07C4F0021DFF80082AA4638786F
:1040880035461CF005F9764BD8F8002019781268E7
:104098005039C9B25166D36D13F4F81FFBD0DFF85D
:1040A800E091516F99F80010002900F0C1800AF0E2
:1040B8000F015166D36D13F4F81FFBD04FEA1A13A2
:1040C800516F43F010035366D36D13F4F81FFBD000
:1040D80038780121536F1CF0DBF8604E294699F8B7
:1040E8000030327883F00103D8F80000134400222E
:1040F8001AF0A8FF1EF058F93278294620461CF01D
:10410800BDFA002005B0BDE8F08F584605B0BDE8FF
:10411800F08F5B46C3469846019B514A0133DBB298
:104128001370039A01939A4284DC0298EEE74D4E8D
:104138004FF480624D48311D1CF0A0FA4C4B4D4A9B
:10414800029913604C4B18781CF0A2F8B6F8223488
:10415800DB0861D0029D4FF0100A434F2C46DFF870
:104168001C81DFF81C91002138781CF091F8A5F12A
:104178005003D8F80020DBB212685366D36D13F4ED
:10418800F81FFBD099F800B0002138788BF0010BAC
:10419800536F1CF07DF8D8F800304FEA4B0B1A68C3
:1041A8005FFA8BFBC2F864B0D36D13F4F81FFBD031
:1041B80000213878536F1CF06BF8D8F800301A6873
:1041C800C2F864A0D36D13F4F81FFBD0387801212E
:1041D800536F1CF05DF8B6F8200498B1D8F8003099
:1041E800002104FB00641A680B4623441B795366BC
:1041F800D36D13F4F81FFBD00131536FC9B281425C
:104208000B46F2DB01351EF0CFF8B6F82234EDB2DA
:10421800B5EBD30F2C46A6DB174B012118781CF001
:1042280037F800230120134A136005B0BDE8F08F6A
:104238000AF1020303F00F035366D36D13F4F81F5A
:10424800FBD0009B516F02331B1143F010035366E0
:10425800D36D13F4F81FFBD03AE700BFD6D2002085
:10426800A4C001207C350120A6C001201CDE00204E
:104278000080FFFF24E20020A5C0012020E20020EA
:10428800A8C001202DE9F84F07460E461546984666
:104298009DF828B09DF82CA09DF8309003F0ECFD17
:1042A8001C4B00211C4CC3F800801C4B20461F707F
:1042B8001B4B1E701B4B1D701B4BC4F828341B4B2B
:1042C800C4F82C3403F0E0F9194B83F800B0BAF1C4
:1042D800000F1BD0FF214023F1220F4803F0C6F83E
:1042E8000D4803F035F913490B4803F0BBF8B9F151
:1042F800000F05D0FF210848BDE8F84F03F0E4B8E7
:1043080080210548BDE8F84F03F0DEB8204603F0E9
:1043180013F9DFE720E200207C350120A7C0012047
:10432800A6C00120A5C00120C51800005919000029
:10433800A8C00120FC2E0020024B024618781A70F3
:10434800704700BFD6D200204FF0C040704700BF72
:104358000048704700F01E60024B03481B68C01AF3
:10436800704700BFBCCA0020000028204FF0E0239F
:10437800014AC3F80C2D70470400FA05084BD3F81E
:104388003022D3F820324FEA122C4270190E4371B2
:104398001A0C80F800C01B0A8170C2700371704744
:1043A80000441F4002464B1E4EF20E0002F500521A
:1043B8001B02110403F47063520401F4FE0102F0BD
:1043C800FE420B43134318431DF02EBA1DF034BAB6
:1043D8001DF08ABA2DE9F8430E4680466FF00100B9
:1043E80005F0F0F804464FF0FF3005F0EBF805460D
:1043F800304604F01BFF0746304605F059FB97F896
:104408000590B9F1000F5ED06022002120462DF002
:104418003BFFBB19787921469B799FED300A01381B
:1044280007EE903AF8EE677A87EE800A05F0D8F83A
:104438006022214628461CF021F9B91D4046DFEDCF
:10444800276A4FF000094E4503D00B780BB102687C
:1044580042B909F1010901310C30B9F1040FF2D167
:10446800BDE8F883D0F804C0A64602F16008BCF1A4
:10447800000F14BF67461746AC4600E00B7807EEFE
:10448800903AB2EC017A9EED006AF8EEE77A42457E
:1044980067EE877A87EEA67A77EE067AEEEC017AEF
:1044A8000B78B7EC017A07EE903A9CED006AF8EECB
:1044B800E77A67EE877A87EEA67A77EE067AECECEB
:1044C800017ADBD1C5E74946602220462DF0DCFEA3
:1044D8004946602228462DF0D7FEAEE70000C842C4
:1044E800CC4B2DE9F04F1D682DED068BE3B0002D68
:1044F8005DD09846DFF838C34FF0000EC64F9FEDE9
:10450800C76ADFEDC74AC5B395ED007A0EEB4E16C4
:10451800BCF800301825B1EE475A07EBC60205EE85
:10452800903AB600B4EEC67AF1EE10FA2FD5BCF880
:10453800023006EE903AF8EEE57AF8EEE66AE5EE35
:10454800267AFDEEE77A17EE904A84F31004A4B2B7
:10455800D2F80031D2F80411013B5B1A5806F7D0A3
:10456800D2F80431013D03F10101334401F07F0128
:1045780027F81340C2F80411D4D10EF1010E0CF142
:10458800060CBEF1040F0DD058F8045FBBE7B4EE7B
:10459800E47AF1EE10FA02DDBCF80430C9E715EE52
:1045A800904AD2E763B0BDEC068BBDE8F08F9FED73
:1045B8009DAAAA46DFED9C9A2E469FED9C9A04463A
:1045C8004FF4C0722946071D02A82DF05DFE019523
:1045D800304605F06DFAC368D0F8408213F0010543
:1045E80000F0328140F601029A4300F05081F7EE64
:1045F800007AB0EE678A98F80B30013B052B17D884
:10460800DFE813F0C200F100D000E100AA000600C4
:1046180057F8042C002A40F0FC816268002A40F018
:1046280074819DF807302B4303F001038DF80730A0
:1046380001360C340C37042ECAD10DF1080C0DF1DB
:1046480004087B4E4FF0000B9FED745A4FF6FF792C
:10465800DFED735A6546704CBAF1000F45D00BEB8D
:104668004B153388E6460CF1600C04EBC50206EEE8
:10467800103AAD00FEEC016AF4EEC56AF1EE10FAEC
:1046880040F1D880738807EE103AF8EEC67AB8EE93
:10469800C77AE6EEC77AFDEEE77A17EE900A80F35E
:1046A800100080B2D2F80031D2F80471013BDB1B54
:1046B8005906F7D0D2F80431F44505EB030A03F1A3
:1046C800010303F07F0324F81A00C2F80431D1D1A2
:1046D8000BF1010B0636BBF1040F3FF463AF18F87A
:1046E80001AF6546BAF1000FB9D133880BEB4B1E09
:1046F8000CF1600C07EE903AA9EB030304EBCE0231
:1047080006EE903AB8EEE76A4FEA8E0EF8EEE66AE1
:10471800F0EE467AB5EC017AE7EE667AFDEEE77AD6
:1047280017EE900A80F3100080B2D2F80031D2F868
:104738000471013BDB1B5B06F7D0D2F804316545F9
:104748000EEB030A03F1010303F07F0324F81A00B8
:10475800C2F80431DCD1BBE757F8040C002840F05C
:1047680030816168002940F047819DF806302B436D
:1047780003F001038DF806309DF807302B4303F052
:1047880001038DF8073053E757F8041C002940F05F
:1047980007816168002940F093804AEA050505F021
:1047A800010A45E757F8042C002A40F0E8806268BF
:1047B800002A40F096809DF805302B4303F0010352
:1047C8008DF8053034E757F8041C002940F0C680FE
:1047D8006168002960D19DF806302B4303F001037E
:1047E8008DF8063024E757F804CCBCF1000F40F0F0
:1047F80099806068002840F01D819DF805304AEADC
:10480800050A2B430AF0010A03F001038DF805306D
:104818000EE700BF68E7002030E2002017B751B963
:1048280017B7513900007F43DB0FC93F800080383C
:10483800A8E70020F4EEE56AF1EE10FA01DDB3888E
:1048480021E716EE100A2AE798F80D3007EE903A9D
:10485800F8EE677AC7EE8A8A68EEA98AB0EE680A27
:1048680027F006FA98F80C30B0EE408A07EE903A36
:10487800B0EE680AF8EEE77A67EE898A68EEA78AEA
:1048880027F0F2F828EE288A60EE287AB3E6F2EEEE
:10489800007AB0EE678AAEE632AA4AABB2EC017A89
:1048A800F1EC016A9A42A7EEA67A02ED017AF5D1F7
:1048B8009DF806302B4303F001038DF80630B7E668
:1048C80002AA1AABB2EC017AF1EC016A9A42A7EE9D
:1048D800A67A02ED017AF5D14AEA050505F0010A42
:1048E800A6E61AAB32A9B3EC017AF2EC016A8B4264
:1048F800A7EEA67A03ED017AF5D19DF805302B4392
:1049080003F001038DF8053092E64AABB3EC017A67
:1049180062A9F2EC016A8B42A7EEA67A03ED017A4E
:10492800F4D17EE6614602AA1AABB2EC017AF1EC48
:10493800016A9A42A8EE267A02ED017AF5D16068FA
:10494800002878D132A9B2EC017AFCEC016A8A42DB
:10495800A7EEA67A02ED017AF5D14EE732AA4AAB64
:10496800B2EC017AF1EC016A9A42A8EE267A02EDDD
:10497800017AF5D1616800293FF42DAF8CE71AABB5
:1049880032A9B3EC017AF2EC016A8B42A8EE267ADE
:1049980003ED017AF5D16268002A3FF40CAFA0E775
:1049A80002AA1AABB2EC017AF1EC016A9A42A8EEBB
:1049B800267A02ED017AF5D1616800293FF4EDAE5F
:1049C8007EE7014632AA4AABB2EC017AF1EC016A01
:1049D8009A42A8EE267A02ED017AF5D1616861B9AA
:1049E800B2EC017A62ABF0EC016A9A42A7EEA67AC1
:1049F80002ED017AF4D1B8E64AABB3EC017A62AAC7
:104A0800F1EC016A9342A7EEA67A03ED017AF4D19C
:104A1800ABE64AABB3EC017A62A9F2EC016A8B42CD
:104A2800A8EE267A03ED017AF4D16268002A3FF4F1
:104A3800F8AD6AE71AAB32A9B3EC017AF0EC016A77
:104A48008B42A7EEA67A03ED017AF5D1D5E600BF31
:104A5800032833D8DFE800F0020B0204481C704733
:104A680010B503292CD8DFE801F00C141D04481DEB
:104A78007047032005F01CF8C3685B051AD40620AC
:104A880010BD002005F014F8C368580514D401209F
:104A980010BD0446012005F00BF8C36859050BD476
:104AA800204610BD022005F003F8C3685A0501D45A
:104AB800042010BD052010BD022010BD0020704745
:104AC800002010BD30B53B4B83B03B4C1546CDE9BB
:104AD800004348B1012810D0022813D003281BD066
:104AE8000023184603B030BD1AB103291CDD07297D
:104AF80054DD0823184603B030BD0AB1032923DD6D
:104B08000423EEE7002A50D006294ED8DFE801F04A
:104B18002D413C3732282300002A48D059B9274A6A
:104B2800022310682860DCE74A1C284669462AF0F8
:104B38000FFC0823D5E7224A02231068918892794E
:104B4800A9802860AA71CCE74A1C284601A92AF046
:104B5800FFFB0423C5E71B4A072312882A80C0E706
:104B6800194A072310682860BBE7184A07231288E8
:104B78002A80B6E7164A072312882A80B1E7154A21
:104B8800072312882A80ACE7134A07231068286095
:104B9800A7E7124A072312882A80A2E7CA1E2846D6
:104BA80001A92AF0D5FB08239BE7072399E70223ED
:104BB80097E700BF4325640054256400DC7000209B
:104BC800E07000207C730020D8700020C87000209E
:104BD8001CAC0020D4700020D0700020CC700020C5
:104BE8002DE9F041044682B010460E4604F01EFB43
:104BF800C37A013BDBB2052B20D8114AD75CA4B29B
:104C0800002536B2DFF83C8047FA05F321B2DB070E
:104C18000CD40135022332464046053401F014FF16
:104C2800042DA4B2F0D102B0BDE8F08102233246CF
:104C38004046019102F006F80199EAE70027DEE70D
:104C4800442C00207C35012014490B88834224D051
:104C5800134B144A70B41B781C0102EB031314594C
:104C6800114ADD6813681022C4F888505A66DA6D54
:104C780012F4F81FFBD05A6F1E6E0C4A324042F0F5
:104C88000F021A6658661A6F9207FCD41E660880CF
:104C98005B6FC4F8845070BC7047704728E20020EE
:104CA800A9C00120F88D0020ECC5002000F0FFFF0E
:104CB80014494B88834224D0134B144A70B41B7890
:104CC8001C0102EB03131459114ADD681368122200
:104CD800C4F888505A66DA6D12F4F81FFBD05A6F80
:104CE8001E6E0C4A324042F00F021A6658661A6F5E
:104CF8009207FCD41E6648805B6FC4F8845070BC71
:104D08007047704728E20020A9C00120F88D0020D4
:104D1800ECC5002000F0FFFF14498B88834224D0A3
:104D2800134B144A70B41B781C0102EB031314597B
:104D3800114ADD6813681422C4F888505A66DA6D7F
:104D480012F4F81FFBD05A6F1E6E0C4A324042F024
:104D58000F021A6658661A6F9207FCD41E6688807E
:104D68005B6FC4F8845070BC7047704728E200201D
:104D7800A9C00120F88D0020ECC5002000F0FFFF3D
:104D88001449CB88834224D0134B144A70B41B783F
:104D98001C0102EB03131459114ADD68136816222B
:104DA800C4F888505A66DA6D12F4F81FFBD05A6FAF
:104DB8001E6E0C4A324042F00F021A6658661A6F8D
:104DC8009207FCD41E66C8805B6FC4F8845070BC20
:104DD8007047704728E20020A9C00120F88D002004
:104DE800ECC5002000F0FFFFF0B595B007460E4671
:104DF80000F0D0FAF0B15E4B04465E48D3F83012AA
:104E0800D3F82032DAB20292C3F307220192C3F335
:104E180007421B0E0092CAB2C1F3072112F036F9FD
:104E28000546A21E431E0F3513F8014FAB4222F868
:104E3800024FF9D1B368002B00F0B781F368304610
:104E480098474D481BF02EF841F6C8134B4845F2D9
:104E5800C0311A464A4C07604FF4204004F0EAFF7C
:104E6800484819F0D5FF636B0A20474D5E064FF09E
:104E78000101287000F159811BF034FA0121092041
:104E88001BF030FA012109201BF002FA01212878D1
:104E98001BF0FEF94FF42040FFF7D6FE4FF42040F8
:104EA800FFF706FF4FF42040FFF736FF4FF420408E
:104EB800FFF766FF002002211BF014FA606B10F068
:104EC800100000F0548131491320122314220D6878
:104ED800CDE902301123CDE90032C8680023CD6046
:104EE80001220860D1E90150C1E90105022103202E
:104EF80000F0A0FA05F060FB636B180640F11D8115
:104F0800234C204619F084FF152216200F23102168
:104F1800CDE90624CDE904300E2204201724052308
:104F2800CDE90221CDE9000408220621072017F067
:104F38001DF8184A18490820136808705B001360A8
:104F4800164D41F287332A689A424AD80124144FF1
:104F5800144E2B6807FB03F3B6EBF30F35D3032C82
:104F680028D8DFE814F02100DC002100D50000BFBC
:104F780000441F40C072002080E0AE1D64C90020BC
:104F8800A8E70020ECC50020A9C001207CC80020AB
:104F98003CC600204CC80020D6D200205CBA0120B4
:104FA800295C8FC214AE4701092332215C201A46BE
:104FB80002F0B8FF01340020FFF718F8634204F04C
:104FC800030403F0030358BF5C421DF0EDF907F03A
:104FD80039FF012019F076F92A6841F287339A429D
:104FE800B7D973487349036C734A43F40013734D7C
:104FF800734C036400204B6F43F440334B6746F215
:10500800A0112A6090606F4B6F4AC3F8B0214FF42B
:10501800887244F20A03218022804FF08051E38095
:105028004FF0E02223889BB243F06C032380208159
:10503800C2F8081105F06AFB644B1A68D10740F101
:10504800AC80634B0AA9634D10A8634C0A9308947B
:105058000E94FEF7BFFE45F6BF520EA928461AF079
:10506800F7FC0E9B10A8DB689847089B0AA8DB682A
:10507800984780212A682971A2B1584B1344584A8D
:105088001B11D154137851788B4228BF0B46917865
:10509800D2788B4228BF0B46934228BF1346514A09
:1050A80082F87A30504B1A68D2076ED54F4B0AA94E
:1050B800089410A80E944E4C0A93FEF78BFE0EA986
:1050C80040F2F31220461AF0C3FC0E9B10A8DB68CE
:1050D8009847089B0AA8DB689847502120682171E7
:1050E800A0B13E4B3E4A03443E4C1B11D154537869
:1050F800107891788342D27828BF03468B4228BF24
:105108000B46934228BF134684F87A3015B0F0BD99
:10511800082332215C201A4602F014FF4AE70422D1
:105128003621602002F056FF44E71BF0DBF801212E
:1051380009201BF0D7F80021A5E62E4C15221620D1
:105148000F231021CDE90624CDE904300E220420D6
:1051580017240523CDE90221CDE900040822062100
:10516800072016F003FF244B244A1A60E8E61122B0
:1051780014231221CDE9023213220323CDE90021A1
:105188000222012100F056F9B4E601221C49184810
:105198001A601C4A1DF04EFA88E70124194A18497A
:1051A8000C481C601DF046FA4BE71DF0B5FA00BF2D
:1051B80000C00A4000C00F4078C001201CDC00205D
:1051C80000800B4000D40020C11900004CDB0020F7
:1051D80021000000B0CA00204C7C002000BFF7BFAF
:1051E80044C7002000E400E048DB00202500000060
:1051F800A8CA0020ECC500204CC8002080C3C90103
:10520800B5190000C0CA002010B50C4C204601F0AA
:105218003BFB0B4A0B4920461DF00CFA0A4C0023B5
:105228000A480B4903600C604B60054A0949C36092
:10523800C0E90133BDE810401DF0FCB97C35012000
:10524800C0CA002025420000E879002078E7002045
:1052580078C0012009190000134B1868036810B5BD
:105268009B689847114B1C78022C10D010481AF0F4
:1052780093F8002000F002F9012000F0FFF8022066
:1052880000F0FCF80320BDE8104000F0F7B8002259
:10529800252107481AF022FA102247F6122104485D
:1052A8001AF0AEF8E8E700BF58E70020ADC00120CB
:1052B8009CC6002031484AF6AA21314B82682DE964
:1052C800F04745F255545C805980002A51D12D4F42
:1052D800D7F80031D7F80421013B9B1A03F07F036C
:1052E800172B3AD8284D264EDFF8A48015F014FF66
:1052F8000CE0D8F80040718023687280D3F80490DD
:1053080019F0F2FF01462046C9B2C847284619F0ED
:1053180099FF034645F255514AF6AA222846002B22
:10532800E7D1174C0E46154603E007F08BFD668063
:1053380065801CF0D3FA0028F7D1D7F80001D7F818
:1053480004310138C01A00F07F001728BDE8F04783
:105358008CBF0020012018F0B5BF0C4C00F0B4F849
:10536800206000F0E5F8236818432060FDF724FA70
:10537800B8E7C368BDE8F047184700BF78E70020E2
:1053880000800B4030E200209CC6002090E70020FF
:1053980058E70020004870479ED20020014B0122A8
:1053A8005A60704724DC0020014B01229A60704744
:1053B80024DC0020014B0122DA60704724DC002045
:1053C800014B01221A61704724DC0020014B0122A5
:1053D8005A61704724DC0020014B01229A61704712
:1053E80024DC0020014B0122DA61704724DC002014
:1053F80038B50E4C04F1400514F8040C0221FF28BE
:1054080007D01AF06FFF216814F8040C02221BF071
:10541800A3F80834AC42EFD1054B002103F1200278
:1054280043F8041B9342FBD138BD00BF00C70020DE
:1054380024DC00202DE9F0410F4C9DF818509DF810
:105448001C609DF820709DF82480207021722274C1
:10545800237684F8205084F8286084F8307084F823
:105468003880FFF7C5FF43463A4631462846BDE82F
:10547800F041FEF70BBB00BFFCC60020082801D195
:10548800FFF7B6BF38B50E4D0446022115F83000B7
:105498001AF028FF15F834001BF0E0F8022205EB9B
:1054A800C40315F8340059681BF056F8054B002161
:1054B80003F1200243F8041B9342FBD138BD00BF1F
:1054C800FCC6002024DC0020184B186810B100220C
:1054D80001201A605A681AB1002240F002005A608E
:1054E8009A681AB1002240F004009A60DA681AB18A
:1054F800002240F00800DA601A691AB1002240F070
:1055080010001A615A691AB1002240F020005A614D
:105518009A691AB1002240F040009A61DA691AB11A
:10552800002240F08000DA61704700BF24DC0020D0
:1055380010B41F4C1F4923781A0101EB03138A5832
:10554800DB6892681A42237A4FEA031208BF0120E7
:1055580001EB031318BF00208A58DB680004926827
:105568001A4201D140F40030237CFF2B05D1237E61
:10557800FF2B0FD15DF8044B70471A0101EB0313A1
:105588008A58DB6892681A42F1D1237E40F4802061
:10559800FF2BEFD01A0101EB03138A58DB689268DE
:1055A8001A42E7D140F400205DF8044B704700BF71
:1055B800FCC60020F88D002038B504460A4B0B4A7B
:1055C800002104F1340500F0D5FA094B0121094AFC
:1055D800284600F0CFFA0223204684F86830C4E950
:1055E8001B45C4E91D4538BD00400C40E83C00207F
:1055F80000800C40043D002072B60123826A437586
:1056080072B6936C23F08003936462B6826A72B6B2
:10561800D36C43F00203D36462B6826A72B6936CA9
:1056280043F08003936462B662B67047437F8B424F
:105638001BD0012923D0C9B172B60123826A4375F0
:1056480072B6936C23F08003936462B6826A72B672
:10565800D36C43F00203D36462B6826A72B6936C69
:1056680043F08003936462B662B67047826A4177FA
:1056780072B6536C23F4C053536462B6DCE74177C7
:10568800DAE700BF837F8B4200F0E08070B4042922
:1056980000F20C81DFE811F0250073009000B500DE
:1056A8000500826A72B6536C43F48063536462B631
:1056B800826A72B6936C43F00103936462B6826A9D
:1056C80072B6536C43F00303536462B6826A72B6CF
:1056D800536C23F06003536462B670BC8177FFF7A4
:1056E8008BBF826A72B6536C23F48063536462B6CC
:1056F800826A72B6536C43F08003536462B66F4A91
:105708006F4B14689C4280F084806E4B9C4274D22C
:105718006D4B9C4280F09B806C4B00229C4216464D
:1057280034BF00240124856A72B6AB6C23F00103F0
:10573800AB6462B6836A002A00F0818072B65A6C44
:1057480042F001025A6462B672B65A6C22F0020242
:105758005A6462B6836A002C5FD072B65A6C42F003
:1057680020025A6462B6002E5FD072B65A6C42F0BC
:1057780040025A6462B670BC8177FFF73DBF826A07
:1057880072B6536C23F48063536462B6826A72B64D
:10579800536C23F08003536462B6484A484B12683E
:1057A8009A4258D2474B9A4268D2474B9A4273D290
:1057B800002216461446B6E7826A72B6536C43F462
:1057C8008063536462B6826A72B6536C23F08003B6
:1057D800536462B6394B3E4A1B689342E8D93D4A46
:1057E800934255D93C4A934231D902F1186202F5E5
:1057F800162202F6040293420BD8012600223446F0
:1058080091E7826A72B6536C23F48063536462B67C
:105818004EE701221646144685E772B65A6C22F006
:1058280020025A6462B6002E9FD172B65A6C22F0DA
:1058380040025A6462B670BC8177FFF7DDBE72B66B
:105848005A6C22F001025A6462B67DE77047002262
:105858000126144667E71F4B9A4223D91E4B9A42EA
:105868001ED903F11863012603F51623344603F6FF
:1058780004039A4294BF0022012254E7144B9A422F
:105888000AD92024203400220126C4F340144AE710
:1058980000220124164646E700260124324642E744
:1058A8004024EFE70024012622463CE7438A9BB2C6
:1058B80043F0010370BC4382704700BFE4C5002079
:1058C8000090D0030048E8010024F40000127A0098
:1058D800005A620201B4C4040368890938B5437DDB
:1058E80004460D46EBB9072D19D8DFE805F01D333E
:1058F800404D53595F04A26A72B6536C23F01003EB
:10590800536462B6A36A72B65A6C22F480725A64FF
:1059180062B672B65A6C22F400725A6462B6E577BF
:1059280038BD00F049F8DEE7A26A72B6536C43F05E
:105938001003536462B6A36A72B65A6C42F480725A
:105948005A6462B672B65A6C42F400725A6462B60D
:10595800E57738BDA26A72B6536C43F010035364FE
:1059680062B6A36A72B65A6C22F48072E8E7A26A39
:1059780072B6536C43F01003536462B6A36A72B6EE
:105988005A6C42F48072C2E7A26A72B6536C43F052
:105998001003B5E7A26A72B6536C23F01003C8E788
:1059A800A26A72B6536C23F01003D8E7A26A72B6E3
:1059B800536C23F01003DFE738B50021836A827D3A
:1059C8009D6CDB6C417502B938BD04460121FFF7B7
:1059D80059FE0321FFF782FF637D93B9A26A72B66D
:1059E800936C43F02003936462B6A26A72B6536C58
:1059F80023F44043536462B6042200232277A3753C
:105A080038BD2046FFF7D8FFE8E700BF72B601228D
:105A1800816A427572B68A6C22F080028A6462B624
:105A2800816A72B6CA6C42F00202CA6462B6826ABD
:105A380072B6936C43F08003936462B662B6FFF764
:105A4800BBBF00BF38B5C37D8B4219D0437D044628
:105A58000D4603BB092D14D90B2DA36A1ED872B6A7
:105A68005A6C42F004025A6462B672B65A6C22F05A
:105A780008025A6462B640F2FF320A23A261E37553
:105A880038BDA26A72B6536C23F00C03536462B635
:105A9800FF220823F2E7FFF78FFFDBE772B65A6CA5
:105AA80022F004025A6462B672B65A6C42F00802D6
:105AB8005A6462B640F6FF720C23DFE710B5037D27
:105AC80004462B4A002B49D1D36E43F44033D366A6
:105AD80000234FF40072A16AE375A361A28384F8DE
:105AE800243072B64A6C42F480324A6462B640F29C
:105AF8000271627F63756382E183637452B1A26A43
:105B0800637772B6536C23F4C053536462B620466D
:105B1800FFF772FD0A212046FFF794FF0122637DFB
:105B2800A27503BBA26A72B6936C43F02003936418
:105B380062B6A26A72B6536C43F44043536462B6C9
:105B48002023204600212377FFF79CFD0121FFF742
:105B5800C5FE2046BDE81040FFF74EBDD36E43F4A6
:105B68004073D366B4E72046FFF726FFDAE700BFA5
:105B780000C00F40002910B583620CBF0B460323F9
:105B8800026214BF6B22672280F82E300CBF0B46CE
:105B980004230446017580F82F3014BF27232423DB
:105BA80080F82D2080F82C3014BF4423432380F83C
:105BB8003030FFF783FF204610BD00BF38B5437D66
:105BC80004460D46002B30D1012DA26A24D972B6A5
:105BD800936C43F02003936462B6042D09D8A26A3B
:105BE80072B6536C23F44043536462B6042323779C
:105BF80038BD082D1CD9102D2AD8A36A72B65A6C44
:105C080022F480425A6462B672B65A6C42F4004278
:105C18005A6462B61023EAE772B6936C23F0200345
:105C2800936462B60023237738BDFFF7C5FECBE740
:105C3800A36A72B65A6C42F480425A6462B672B66B
:105C48005A6C22F400425A6462B60823237738BD9E
:105C5800A26A72B6536C43F44043536462B620237D
:105C6800C5E700BF01207047704700BF002070479C
:105C7800002114F0F5BB00BF084611461A4613F080
:105C8800F3BD00BF064B186810B103681B681847BE
:105C9800044B01464FF4806218682CF0F5BA00BF37
:105CA80050E700201CE200202DE9F04F4FF00208D9
:105CB80089B001260025074601233A68AB40134204
:105CC80044D0002D49D0012D6CD0002307EB850A64
:105CD8000DF10C0B494A10215846CDE90333CDE9A3
:105CE8000533DAF804302EF009FD04F00FFBD0E993
:105CF80000494C4524D00834019504E004F12803F8
:105D0800303499451BD0DAF80420254654F8081C8D
:105D18009142F3D12F2120462DF08CFA8446384A3F
:105D280010215846BCF1000F01D00CF101052B469B
:105D38002EF0E4FC04F1280330349945E3D1019DA9
:105D48005A4600234146522002F082F9062E13D00B
:105D58000135013608F10608AEE77968ADF81C5040
:105D6800CDE90355CDE9055569BB0023254A2E2108
:105D7800184602F06DF9EBE7002227F01F0307F140
:105D880020013A60BFF34F8F4FF0E022C2F8683F1E
:105D980020339942FAD8BFF34F8FBFF36F8F09B002
:105DA800BDE8F08F0024BA68174903A8CDE9034479
:105DB800CDE9054429F0CCFA234603AA204634212C
:105DC80002F046F9C4E70DF10C0B0DF11D04A1EB2F
:105DD8000B015B46CA5CA2F120005E2803D803F8D9
:105DE800012B9C42F6D19DF80C30002BBDD000232E
:105DF8005A462E21184602F02BF9A9E72C710020EB
:105E08005C2E0020482E0020502E00202DE9F04363
:105E18003948A1B030F0FCFB044618B9204621B03F
:105E2800BDE8F0836846354D00F084FB00236A46E0
:105E38001946184602F00CF9D5F88820304910A800
:105E4800D5F89860D5F89470D5E9239829F080FAA8
:105E580000230E2110AA184602F0FAF84A462949EA
:105E680010A829F075FA0023142110AA184602F088
:105E7800EFF84246244910A829F06AFA00231A21AB
:105E880010AA184602F0E4F83A46204910A829F06A
:105E98005FFA0023202110AA184602F0D9F83246EA
:105EA8001B4910A829F054FA002310AA26211846E5
:105EB80002F0CEF8D5F8DC5000210122154B164827
:105EC8009C460233BCF800C0834212FA8CF211449B
:105ED800F6D192B242EA0142954206D1074BD3F875
:105EE800C03013B10B48FFF7DFFE30F095FB2046BA
:105EF80021B0BDE8F08300BFE0C5002000FF2720E7
:105F0800F02D0020002E0020102E0020202E002032
:105F1800302E0020C0FF2720DCFF272010B5234C9F
:105F28000346002022685360916003F0C1FD0246D9
:105F3800236801205268DA6003F0BAFD024623683C
:105F4800022052681A6103F0B3FD02462368032059
:105F580052685A6103F0ACFD246843680021A446E6
:105F68000122A361236843F03F034CF81C3B2346FE
:105F78001846023300889C4512FA80F21144F7D182
:105F880092B224F01F0304F1200042EA0142E261C8
:105F9800BFF34F8F4FF0E022C2F8683F203398429A
:105FA800FAD8BFF34F8FBFF36F8F10BD50D00020CA
:105FB800704700BF034B10B50446036003F0CEF8EA
:105FC800204610BDC87A00202DE9F04F90F8C81976
:105FD80087B0074600295DD0012900F00581022914
:105FE80000F0D18090F8C9090239C94B10F0010FAF
:105FF800C84AC94818BF1A4611F048F80021024695
:10600800084602F01BF897F8C859032D00F048819C
:1060180000240DF10809DFF868B3DFF868A301E090
:1060280097F8C859043D01AA494604EBC505284616
:1060380001F058FD064638B30020A04624B1DDE93A
:1060480001210CF093FF8046C4EBC403294658464F
:106058001D4611F01BF8002302460A35184629464A
:1060680001F0F6FF97F8C93931465046DB07019B26
:1060780058BFDDF80880424611F008F800230246B0
:1060880029460C2001F0E4FF0134082CC8D107B0E0
:10609800BDE8F08FDFF8F0920846A04E0C46DFF816
:1060A800EC824D469E4A01F0C9FFF5EC016A214693
:1060B80096ED007A4046C6EE877AFDEEE77A17EE4F
:1060C800902A10F0E3FF0246E100013404200C316D
:1060D80001F0B4FF042CE8D1924B96ED007AD3ED91
:1060E800006A9148C6EE877AFDEEE77A17EE901AB5
:1060F80010F0CCFF0C210246402001F09FFF8B4B93
:1061080096ED007AD3ED006A8948C6EE877AFDEEEF
:10611800E77A17EE901A10F0B9FF142102464020D2
:1061280001F08CFF834B8448196810F0AFFF1C21E5
:106138000246402001F082FF99ED046A96ED007A4C
:10614800F1EE046A7D48C6EE077A87EEA67AFDEE80
:10615800E77A17EE901AB7EEC77A53EC172B10F0C0
:1061680095FF2D210246204601F068FF97F8C919CE
:10617800734810F08BFF37210246204607B0BDE870
:10618800F04F01F05BBF00216E4A6F4E13250846A1
:10619800002401F053FF6D4B6D48196810F076FF2D
:1061A8000B21024600206B4F01F048FF11E0214609
:1061B800002003F0EFF856F8042F02A9384610F033
:1061C80065FF29460246002304200134063501F004
:1061D8003FFF00221146104603F0DCF8A04202AA55
:1061E800E5DC07B0BDE8F08F00215B4A084601F006
:1061F80025FFD7F8CC39002B2DDD00263D460DF1C3
:106208000809DFF88C81344621464A4601200635C4
:1062180003F0C0F8B5F8FC29B5F8FE394946404600
:106228009B1AB5F8FA29002BB8BF5B4210F02EFF75
:10623800082C02464FF00003B5BF0B216FF0240174
:10624800012040203144013401F002FFD7F8CC3955
:106258000636A342D8DC97F8C91920253F48002400
:10626800DFF8308110F012FF3D4E02460021782001
:1062780001F0E4FE97F83C3A28460021073523410F
:10628800013413F0010F14BF4246324601F0D6FE26
:10629800082CEFD1002387F83C3A07B0BDE8F08F0F
:1062A8004FF0E0232F48D3F8081D10F0EFFE162119
:1062B8000246002001F0C2FE4FF0FF312A4810F0DC
:1062C800E5FE1E210246002001F0B8FE27492848B5
:1062D80010F0DCFE26210246002001F0AFFE254B1F
:1062E8002548197810F0D2FE2E210246002001F030
:1062F800A5FEFEF729F81D4A014600200CF036FEDF
:1063080001461E4810F0C2FE36210246002035E73D
:10631800C86E0020C46E00203C6F002060C90020B9
:10632800CC6E0020D8B90120DC6E0020DCB9012039
:10633800E46E0020E8EF0020EC6E0020F46E0020F0
:10634800086F0020206F00200CE70020801B012030
:10635800286F0020346F0020106F00202C7100205F
:10636800C06E0020486F0020546F0020004C0400CD
:10637800646F0020B9C00120746F0020806F002076
:10638800906F0020986F002094E70020D46E0020C2
:10639800146F002058760020064B10B504460360A1
:1063A80002F0DCFE4FF4246120461AF005FA20467C
:1063B80010BD00BFC87A00202DE9F84F80460E4670
:1063C8003022002100F51D602BF05EFFD8F8CC3993
:1063D8003E4A3179002B116053DD3D4C45464FF064
:1063E80000093C4FDFF8F0A0484603F015F850B11B
:1063F800012298F83C3A317902FA09F247F8291053
:10640800134388F83C3AA4F1300E4FF0000BB5F86E
:10641800020AB5F8041A7246DC4632F8023B984282
:1064280028BF1846994238BF194613EB0B034CF1A5
:10643800000CA2429B46F0D113EB0C03A5F8041AFA
:10644800A5F8020A43F10003AAFB032121F0010287
:1064580002EB51029B1ABBEB030BABFB0AB34FEAEF
:10646800DB0BA5F800BA98F8C93983B1013B4B4555
:106478000DD009F10109D8F8CC39063530344B452F
:10648800B2DC98F8C839012B10D0BDE8F88F08F6AF
:10649800CE1308F6FE1033F8021F3EF8022BA1F5C2
:1064A800004198420A441A80F5D1E2E798F8C939C0
:1064B800002BEAD0002200BF98F8C9390132C3EB9B
:1064C80003239A42F7DBBDE8F88F00BF801B012049
:1064D80080E6002010E70020ABAAAAAA012A02D170
:1064E800016000207047022A05D0032AF9D0002A4B
:1064F800F7D10260F5E70B680360F2E70368D3F8A9
:10650800CC29002A11DD02EB420247F6FF7C4FF648
:10651800FF70002103EB4202A3F800CA0633A3F878
:10652800FC09A3F8FE199342F6D17047004870475A
:10653800004C040030B589B00025044606A806952D
:10654800ADF81C50FDF71AFFFDF7FEFE0F4A014695
:1065580028460CF00BFD9DF81D300D4905469DF8A9
:106568001C202046096803939DF81B309DF81A40AB
:106578000491084905950094CDE901329DF8193038
:106588009DF8182028F0E4FE09B030BD004C040046
:1065980064C90020642E0020064AF1EE047A064BF6
:1065A800D2ED046A93ED007A86EE870A80EE270A18
:1065B800704700BF94E7002060C90020F0B5424E44
:1065C80087B0336813F0010502D0404807B0F0BD2A
:1065D8003E4C2821204602F041FA3D4A3D4B84F8C2
:1065E8003C5AC4F8CC595F68226019F027FE05466A
:1065F80000E000BF19F022FE401BB0F57A7FF8D307
:10660800344B0022DFED346A02AD5B681146334833
:10661800DB1B07EE903AF8EE677A87EEA67A80EDF4
:10662800007A012002F0B6FE00222D4BEC460392C0
:10663800C4F84422A4F8C829C4F89422FF22C4F854
:106648005832C4F89822A3F20C720133D4F8C472F9
:106658002449C4F8A83201230294C4F84C32C4F87F
:106668009032C4F8E032C4F89C3210230497C4F87E
:1066780048321D4BC4F85412C4F8CC09C4F8A432EB
:106688001A4B95E80300C4F8C432194B8CE8030090
:1066980092E8030085E803009CE8030082E8030011
:1066A800D4F8C8220592C4F8C8321FB1032229467B
:1066B8002846B84701230F4A0F49044833601BF0A6
:1066C800B9FF024807B0F0BD40DB00208822012056
:1066D800C87A0020001000E000007A4460C9002059
:1066E800502C0120B46F0020B86F0020FD3F00003F
:1066F8001D400000C0CA0020D53A0000704700BF06
:106708000020704710B50446D0F8140408B12BF0E7
:1067180055F8204610BD00BF10B50446D0F8140443
:1067280008B12BF04BF820464FF486611AF044F874
:10673800204610BD03060BD5114B1A78C22A1BD070
:10674800C32A0BD0822A0ED0002218701046704738
:1067580002460B4B002018701046704740F0C002EC
:10676800187010467047A0F1AC021870B2FA82F2A5
:106778005209D201104670470246187010467047F9
:10678800AEC00120B0F82034994201DA002A00DABC
:10679800704710B4B0F82244A24206DA90F80644D2
:1067A800012C1FD0022C11D014B15DF8044B704796
:1067B800D41002F0070203FB04110123014403FA79
:1067C80002F20B7923EA02030B71EEE7D41002F010
:1067D800070203FB04110123084493400279534044
:1067E8000371E2E74FEAE20C02F0070203FB0C1127
:1067F800944001440B791C430C71D6E7002910B56D
:1068080002DA0B4400211BB28C46B0F820E49C4409
:10681800F44515DC002B12DDD4104FF0010C02F00A
:10682800070204300EFB041190F802440CFA02F23D
:1068380064450844D2B21DD0022C11D024B110BD39
:10684800AEEB01031BB2E5E7D24310FA83F3D2B2F1
:1068580010F8011B1140984200F8011CF8D110BD36
:1068680010FA83F310F8011B5140834200F8011C11
:10687800F8D110BD10FA83F310F8011B11439842A8
:1068880000F8011CF8D110BD0E49002230B4C0F840
:1068980028140D4C0D490E4D0460A0F804240D4C2D
:1068A800C0F808240122C0F820144FF48061C0F811
:1068B8002C54C0F81C44A0F8241480F8062430BCDA
:1068C800704700BF1D420000B478002080004000DF
:1068D800214200005542000080F80614704700BFAE
:1068E80090F80604704700BF002901DBFFF74ABF94
:1068F800704700BF002905DBB0F82034994201DA5F
:10690800002A00DA704710B4B0F82244A24206DA2E
:1069180090F80644012C05D0022C1CD07CB15DF8FF
:10692800044B70474FEAE20C02F0070203FB0C111C
:1069380094400844037923EA04030371EFE7D41071
:1069480002F0070203FB0411012308449340027973
:1069580013430371E3E7D41002F0070203FB0411A9
:10696800012308449340027953400371D7E700BFDD
:106978002DE9F04F83B0A3EB01090C461646BDF98B
:1069880030C01F468346ACEB0208B8F1000FB8BF11
:10699800C8F10008B9F1000FB8BFC9F10009C8452E
:1069A8004BDD344667461A460E469C46BC4208DD17
:1069B8008E4635462046114666463C467246AC46EB
:1069C8000746521AA7EB040A002A0FFA8AF51FFA9B
:1069D8008AFAB8BF5242002DB8BF0135B4454FEA14
:1069E800650525DD0123009393B201933B465F467D
:1069F8009B4615E0002E22463146384601DBFFF75C
:106A0800C1FE019B0134EA1A009B24B215B2F118A9
:106A180092B2002D524401DA0EB215B2A34509DB39
:106A2800C845E7DC002C324621463846E7DAE8E775
:106A3800BC4205DD03B0BDE8F08F62463146B5E7DC
:106A48004FF0FF330093CFE72DE9F04F1C460126A6
:106A58009BB289B01FFA81F91FFA82FAF71A0593D7
:106A6800D3463FB2CA46A1461C46CDE9061270E09D
:106A7800033704F1FF3933B2A7EB44074FEA46085E
:106A880001931FFA89F43FB20FFA89F90AEB060558
:106A980004EB0B021FFA88F82BB212B2002BADB22E
:106AA80070DBA5EB0805194604922DB2CDE9020367
:106AB800FFF768FE002D049ADDE9020370DB294622
:106AC80003930290FFF75EFEABEB0402039B029870
:106AD80012B21946CDE90220FFF754FEDDE9022083
:106AE80029460290FFF74EFE029804EB0A030BEBCF
:106AF80006021BB295B2002B12B235DBAAEB0404D6
:106B08001946049224B2CDE90203FFF73BFE002C9C
:106B1800049ADDE902034CDB2146A5EB0805039343
:106B28000290FFF72FFE039B2AB202981946CDE97F
:106B38000220FFF727FEDDE9022021460290FFF739
:106B480021FE0298019B01364B45B6B23EDA1FFA88
:106B580089F4002F07EB46078ADA33B201374FEA88
:106B680046083FB2019391E7AAEB040424B2002C33
:106B7800E8DBA5EB080521460290FFF703FE2AB2E1
:106B88000298DAE7A5EB08052DB2002DADDB294602
:106B98000290FFF7F7FDABEB0402029812B29FE7F1
:106BA800ABEB04021946029012B2FFF7EBFD029814
:106BB8009BE7A5EB080219460290013612B2FFF7CF
:106BC800E1FD019B0298B6B24B45C0DBD146059B5F
:106BD800DA46834603EB090109B2002902DB079A6A
:106BE800FFF7D0FD069900291BDB059C584604EBEE
:106BF8000A0212B2FFF7C6FDA9EB040109B2002987
:106C080003DB079A5846FFF7BDFD059B58460699D2
:106C1800AAEB030A0FFA8AF209B0BDE8F04FFFF7B2
:106C2800B1BD059BA9EB030109B2002906DB079A50
:106C3800584609B0BDE8F04FFFF7A4BD09B0BDE85C
:106C4800F08F00BF2DE9F04F1F4687B0134601258E
:106C58000492BAB282461FFA81F9AE1A1FFA83F873
:106C68001446059236B253E00336671E0FFA85FBC9
:106C7800A6EB44066B00BCB236B23FB2A8EB0402E6
:106C880098B2A9EB05011BB212B2019009B2002A11
:106C98000ADBBAF822C4624506DA5046CDE9021387
:106CA800FFF7ACFDDDE9021308EB040212B2002A7B
:106CB80006DBBAF822C4624502DA5046FFF79EFDA9
:106CC800A8EB0502A9EB04016300144612B209B24D
:106CD800002A1BB2A4B20ADBBAF822C4624506DA5B
:106CE8005046CDE90213FFF789FDDDE90213019A49
:106CF800224412B2002A06DBBAF82244A24202DA7F
:106D08005046FFF77BFD0135BB45ADB20ADABCB290
:106D1800002E06EB4506A7DA01360FFA85FB6B0055
:106D280036B2ABE7049A002A0FDBBAF822349A424B
:106D38000BDA059950464B00A9EB01011BB209B2C9
:106D480007B0BDE8F04FFFF759BD07B0BDE8F08FB9
:106D58002DE9F04F8BB00746BDF95050BDF95800EA
:106D6800AA42BDF954400892099501900DDD82426E
:106D780020DD019DDDE9080295420A4616DA0199EF
:106D8800019008912146144620E0099A0198824210
:106D980017DD08980A460999019D08911946099036
:106DA8001346DDE9080295420A46E8DB2146144607
:106DB800089501900A4609990898089119461346BA
:106DC8000990019A0898824200F096809DB2DDF8F9
:106DD80024E08EB2DDF804C0A3B2BDF82010AC1BCD
:106DE8001FFA8EF01FFA8CF2A3EB060A24B25B1B83
:106DF800F4450FFA8AFA0594A0EB0104A2EB01010D
:106E0800A2EB000224B2049512B21BB206940FFA48
:106E180081FB079202936CD0013803B20393039B62
:106E2800089CA342C0F28A804FF00008C146069B26
:106E38002246384699FBF3F5059B3544994429B217
:106E4800ADB298FBFBF33344D0440FFA83FC9BB2FA
:106E580061459E4602DD2B46614675460133002C8E
:106E6800A3EB050306DBB7F822541BB2AC4201DAE8
:106E7800FFF7C4FC0134039B24B2A342D7DA099B71
:106E8800A4EB0308089BE51A029B03FB08F8019B87
:106E98000AFB05F5A34229DB079B2246384698FBE7
:106EA800F3F1029B9844049B194495FBFBF333448C
:106EB8001FFA81FC09B255440FFA83FE9BB2714553
:106EC800994602DD63467146CC460133002CA3EB9C
:106ED8000C0306DBB7F822C41BB2644501DAFFF7DE
:106EE8008DFC0134019B24B2A342D5DA0BB0BDE876
:106EF800F08F019B039392E7994202DD0A461946F7
:106F08001346A14211DD08990029EFDBB7F82224C6
:106F18009142EBDA01330A46384621461B1B1BB265
:106F28000BB0BDE8F04FFFF769BCA342B8BF2346DA
:106F38000C4608991BB20029E8DAD7E7089C9EE7B7
:106F4800B2F1000C0ADB00B5B0F822E4F44503DA2C
:106F58005DF804EBFFF752BC5DF804FB704700BF17
:106F6800002935DB70B5B0F820E471452FDA002A26
:106F780002DA134400221BB29446B0F822449C441F
:106F8800A44501DDA41A23B2002B20DDD410051D71
:106F980012F007020EFB041105EB010C19D0C2F127
:106FA8000802FF26D2B246FA02F49A426FEA0404B3
:106FB800E4B256DDA2EB030E46FA0EF6344090F822
:106FC8000664012E66D0022E61D0002E56D070BD08
:106FD8007047072B1DDD90F80614012930D8494267
:106FE8001A46C9B2083A8CF80010B0F82044A444F4
:106FF80094B212B2072CF5D89BB2A3F10802C2F3DF
:10700800CC02C2EB423203EBC203083B1BB2002B9B
:10701800DDDD03F00702012390F8061493400129EF
:10702800DBB203F1FF32D2B23DD0022935D00029BC
:10703800CDD19CF800205B4213408CF8003070BD25
:107048000229C4D11A469CF80010083AC9438CF8A2
:107058000010B0F820148C4491B212B20729F2D86B
:10706800CAE790F80664012E14D0022E0FD02EB174
:107078009A1AF44413B2072BC9DDACE76E5C26EA12
:1070880004049A426C54A2DCB0F820E4F0E76E5C89
:107098007440F6E76E5C3443F3E79CF800305A40DE
:1070A8008CF8002070BD9CF800301A438CF8002042
:1070B80070BD00BF2DE9F041151E07460E469846E3
:1070C800BDF9184005DBB0F822C4654501DAFFF7C1
:1070D80095FB23462A4631463846FFF741FF08F11B
:1070E800FF312A462346314409B2FFF739FF621EB1
:1070F8002A4412B2002A09DBB7F822349A4205DA88
:1071080043463146BDE8F041FFF778BBBDE8F08162
:10711800F8B55D18BDF91870A9420ADA0C4616468A
:10712800214601343B46324624B2FFF719FFAC42F0
:10713800F6DBF8BD2DE9F04F1E4685B083460F46B5
:107148000392F21DBDF9383048BF06F10E020193D3
:10715800D3100293019B002B35DD00231D46984672
:107168000093002E1FFA88F822DD0F9B0022009959
:1071780003EB010A039B08EB03090FFA89F912F0E4
:10718800070F4FEAE2034FEA550594B208BF1AF811
:107198000350E11915F0010F09B205D000294A463C
:1071A800584601DBFFF7EEFA013422B29642E6D1E7
:1071B800009B08F10108029A0FFA88F8134400931B
:1071C800019B4345CDD105B0BDE8F08F2DE9F04FC7
:1071D800904690F8052491B0D0F80844022ABDF8EA
:1071E8006870BDF86C60657800F0CE80032A00F006
:1071F800C780012A00F0CC80CE4200F1BE80B0F8F2
:107208002064B14200F3B98015EB080F00F1B58096
:107218004645ACBF00220122002A40F0AE80002F74
:1072280000F0AB80013F89B29446E278013D0591B8
:10723800013213FA87F1ED10013B019191000135FC
:10724800A778079108F007015FFA85FB4FF0040A59
:107258004FEAE8050C91B146C1F10801CDF82CB010
:1072680006950D91CDE90308E04613F8012F9742E2
:107278007FD8D21B05200725D2B21AFB02A11AFB20
:1072880002001AFB0255615C205C12FB0AFE665D77
:1072980001EA0005FF2D66D0039D049AB5F8225433
:1072A800AA4260DC059A08EB020C0FFA8CF51FFA6B
:1072B8008CFCEE4257D4A94555DB0EEB04029579B8
:1072C800002D68D0B2B20292079ACDF82080A0466D
:1072D80010440A93069E00EB0120039B00210997A6
:1072E80014FA80F003E001318AB295425BD910F8B4
:1072F800014BB1FBFBF20CEB02070BFB1212BFB206
:10730800324412FB097212B2002AECDBB3F824E40F
:107318003FB27245E7DA002FE5DBB945E3DD93F8C4
:107328000674012F5FD0022F42D0002FDBD1AEEBC5
:1073380009070F979F1897F804E00E970C9F04FA17
:1073480007F72EEA070E0E9F87F804E00F9FBA4250
:10735800C9DA4A440D9F1A4444FA07F7147924EA13
:1073680007041471BFE7B2B20292029A42441FFAAC
:1073780082F8019A9A427FF478AF11B0BDE8F08F95
:10738800A8EB55020FFA82F8A1EB560109B233E7D0
:10739800891B09B230E70B9A02FB06F5B2B20292DA
:1073A800002D91D1E1E744460A9BDDE90887DCE737
:1073B800AEEB09070F979F1897F804E00E970C9FFC
:1073C80004FA07F78EEA070E0E9F87F804E00F9F6E
:1073D800974288DD4A440D9F1A4444FA07F7147906
:1073E800674017717FE7AEEB09070F979F1897F86B
:1073F80004E00E970C9F04FA07F74EEA070E0E9F5B
:1074080087F804E00F9FBA42BFF66DAF4A440D9F5C
:107418001A4444FA07F714792743177163E700BF42
:1074280030B5D0F8084494F802E0C2B100250A4407
:10743800284612F801CDACEB0E03BCF10A0F04EBA1
:107448008303DB79184480B203D1854238BF0546EF
:1074580000209142EDD1A84238BF284630BD1046E1
:1074680030BD00BFC0F80814704700BF2DE9F041D7
:10747800044617461D46D0F82834D9200E469847AA
:107488003846D4F828349847D4F8283481209847C7
:107498003046D4F828349847D4F82834DB20984765
:1074A8002846D4F828349847D4F82834A420984794
:1074B800D4F82834A6209847D4F82834AF20BDE85B
:1074C800F0411847000000000B4607EE901A090625
:1074D80082B014D4B8EEE77B002B4FEAD30314BF75
:1074E800F12200229FED106B27EE067BFCEEC77B96
:1074F800CDED017A9DF8041002B0FFF7B7BFB8EEE2
:10750800E75BF122DB089FED086B9FED097BA5EE99
:10751800067BFCEEC77BCDED017A9DF8041002B026
:10752800FFF7A4BFAFF3008023DBF97E6ABCF23F0C
:1075380000000000008045C010B50446A120D4F822
:1075480028349847D4F82834C820BDE81040184794
:10755800B0F82424002104302AF096BE90F80434B0
:10756800042B00F08F8010B50446AE20D4F82834E0
:107578009847D520D4F828349847F020D4F82834F0
:107588009847A820D4F828349847B4F82204D4F8A7
:1075980028340138C0B29847D320D4F82834984703
:1075A8000020D4F82834984794F80434032BD4F8EE
:1075B80028340CBF0020402098478D20D4F8283468
:1075C80098471420D4F8283498472020D4F8283431
:1075D80098470020D4F828349847A020D4F82834B5
:1075E8009847C020D4F828349847D4F82834DA20AB
:1075F800984794F804349A1E012A01D9002B3AD1ED
:10760800D4F8283412209847D4F828348120984791
:1076180094F804349A1E012A00D92BBBD4F82834D4
:10762800CF209847D4F82834D9209847D4F828345C
:10763800F1209847D4F82834DB209847D4F8283428
:1076480040209847D4F82834A4209847D4F8283400
:10765800A6209847D4F828342E209847D4F8283400
:10766800AF20BDE810401847012BDBD1D4F82834EF
:107678008F209847D6E7012BC6D1D4F828340220AA
:107688009847C1E7704700BF70B50026D0F82C3482
:10769800C0F818140446C0F80C64C0F81064C0F8A8
:1076A80014649847054640B12046FFF757FFB4F8E1
:1076B80024243146201D2AF0E7FD284670BD00BF6E
:1076C8002DE9F04182B08046084601912CF0A8FFD0
:1076D80086B2721C92B2104600922AF067F801999D
:1076E800E8B1009A074618F0C9FFB6B1013E7C1E02
:1076F800002517FA86F6D8F81C3414F8010F9847B5
:107708006B1C08B178559DB2B442F4D13D440023B6
:107718002B70384602B0BDE8F0813D46F7E70F46CA
:10772800F7E700BF2DE9F04706460F461946D0F89F
:10773800083482B015465C78FFF7C2FF96F8053426
:1077480082461FFA84F8032B2ED04FF000092049F7
:10775800504627F01DFE044600B3A5EB0905DFF8E7
:107768007090ADB220462CF05BFF034621463046B0
:107778009CB22246FFF754FE84460B462AB2304696
:1077880039464544CDE9004CFFF720FD4946002025
:10779800ADB227F0FDFD04460028E3D1504602B003
:1077A800BDE8F0472AF00AB801780029CDD00023B7
:1077B8001A4601330A2908BF01329BB292B21AF85D
:1077C80003100029F5D104FB02F2C2F34F09BEE70A
:1077D80060C1002010B582B00446FFF771FF019028
:1077E8002CF01EFF02460199204692B2FFF718FEC0
:1077F8000446084629F0E2FF204602B010BD00BF4B
:1078080018F0D6BD18F04ABE70B50E4C4FF6FF7E84
:107818000D4E04F11E05A6F58053002102E0B34287
:1078280081B204D21A88481C02337245F7D124F871
:10783800021FAC4206F58056EDD1044B01221A70A6
:1078480070BD00BFEADB002000101F60A0C001204F
:10785800B0F5876F2CD2174B10B51B78044623B3AD
:10786800A008154B04F00301144CA3FB0023144A91
:10787800DB08C3EB031E9C46A0EB0E0341EA8C0118
:10788800FF2034F813C01A444FEA4C0C13030CEBD6
:10789800023CBCEB023F07D91A880233D4B28C42AF
:1078A80008BF100A9C45F7D810BDFFF7ADFFD7E712
:1078B800FF207047A0C0012089888888ECDB002061
:1078C800F00106005AB170B50C468D18461AA01979
:1078D800FFF7BEFF04F8010BA542F8D170BD704751
:1078E800B0F5876F80F08780444B2DE9F0471B780F
:1078F800C2B005468946002B7AD0AB08404E05F049
:107908000305404FA6FB0326F60845EA8605C6EBA5
:1079180006169E1B3C4B37F816C033444FEA4C0002
:107928004FEA033800EB0330B0EB033F64D943461A
:10793800FF241A880233D1B2A94208BF140A984218
:10794800F7D8A14541D0BCF5006F41D302AC4FF444
:107958008072FF2120462AF097FC08F5805008F134
:1079680002034246984234BF01204FF4006008EBFE
:107978004000134602321B888242D9B24FEA1323D1
:107988006354F6D104F805900DF107090DF2071AB2
:1079980000254C46404618F081FD14F801CF08EB4D
:1079A800450002220DF10601631EBCF1FF0FA3EB97
:1079B800090306D043EA0C230135ADF8063018F068
:1079C800F7FCA245E9D127F8165042B0BDE8F08788
:1079D80045EA0925022202A9ADF8085018F0E8FC8A
:1079E80037F81630013327F8163042B0BDE8F08773
:1079F800FFF70AFF81E77047FF24A2E7A0C0012034
:107A080089888888ECDB0020F00106005AB170B53F
:107A18000C468D18461AA01914F8011BFFF760FFD1
:107A2800A542F8D170BD7047024A034BC0E9022352
:107A3800704700BF2D550000E5530000704700BF98
:107A4800DFF89CC02DE9F041634606460F46904694
:107A5800002402E00134802C03D05D680C33002D33
:107A6800F8D1A64217DC013E7300B8F1000F06D02A
:107A780006EB46020CEB82029268C8F8002027B198
:107A88009A190CEB820252683A6033445CF823502E
:107A98002846BDE8F081361BFCF75AFC00EB46147B
:107AA8002546BCB110220D4920462AF021FB88B199
:107AB800A669FCF74DFCB0420CD9B8F1000F02D012
:107AC8006369C8F80030002FE2D0A36928463B60FC
:107AD800BDE8F08100252846BDE8F0813C6E002015
:107AE80064BA0120002801DDFFF7AABF38B50D46AA
:107AF800144611B1FCF72CFC286014B14FF48053E4
:107B08002360002038BD00BF2DE9F843DFF844901A
:107B18000646884617464C46002507E02168013589
:107B28000C3427F0E9FA78B1802D0FD06368202251
:107B38003046002BF2D105EB4505012049F82560B8
:107B480009EB8509C9E90187BDE8F8830020BDE88C
:107B5800F88300BF64BA0120F0B5ADF5805D00265A
:107B680040F6FC7241F2080583B0314603A802963C
:107B78002AF08AFB0AACFCF7EBFB4FF48052014673
:107B880002A802AF6D4418F079FD09E027F02CFB3C
:107B9800092804F1200408BF04F8186CAC4212D07C
:107BA8002368204609210133F0D16368221D01337F
:107BB800ECD152F8043F0133E8D153680133E5D1E1
:107BC8002034AC42ECD1FCF7C3FB4FF480520146A1
:107BD80002A82AF08DFAA8B9FCF7B6FB0190FEF7C7
:107BE800A5FC019902461348FFF78EFFFCF7B0FB8E
:107BF8004FF4805201461048FFF786FF0DF5805D6F
:107C080003B0F0BD0024FCF7A3FBFFF7FBFDFCF776
:107C18009FFB4FF48072204439461444FFF7F0FD6F
:107C280007F58077B4F5805FF1D104480FF090FC38
:107C3800D2E700BF5C6E0020646E0020506E00200A
:107C4800F0B583B007462CF0EBFC10284FF0010587
:107C580028BF102006466A4601A928460135FFF7C5
:107C6800EFFE32463946044630B1019C002CF2D072
:107C78002AF03EFA0028EED1204603B0F0BD00BF3E
:107C88002DE9F04F884689B006461746994638B11F
:107C9800FCF75EFB0922014674482AF029FAF8B17C
:107CA800FCF756FB0124FFF7ADFD714DFCF750FBC7
:107CB80009226E49FFF7A4FD02E00134802C0DD0A3
:107CC800FCF746FB1022294600EB44102AF010FA74
:107CD8000028F2D0204609B0BDE8F08F002E4FD022
:107CE8003378302B03D17378782B00F08B80FCF736
:107CF8002FFB4FF020098246DFF874B109E02AF023
:107D0800F7F90446002840D0B9F5805FD5F818A0E7
:107D180036D0FCF71DFB054630462CF081FC0246A8
:107D28004D443146102A09F12009284628BF10225F
:107D38002AF0DEF90346102259462846002BDED1E8
:107D48006B69BB4202D0B7F5805F59D8C7B1002430
:107D5800A869204404F58054FFF754FDBC42F7D3CA
:107D6800B8F1000F0CD00024A86908EB04014FF407
:107D78008072204404F58074FFF742FDBC42F3D3BF
:107D88000024204609B0BDE8F08F3246102168462D
:107D98002CF0B4FC3A464146204605970BF0E6F82D
:107DA800B7F5805F049033482CBFAAEB070AAAF501
:107DB800805A0AEA00000690CFB1264600E00698ED
:107DC800304406F58056FFF71DFDBE42F7D3B8F1E3
:107DD800000F0CD00026069808EB06014FF48072BD
:107DE800304406F58076FFF70BFDBE42F3D32846F4
:107DF80020226946FFF704FD204609B0BDE8F08F50
:107E0800F72467E70024B11C06226846CDE9004440
:107E180027F0B8F9FCF798FA05462146684610227B
:107E280027F05CF90544B9F1000F01D0C9F80050FA
:107E38003A46294640462AF05BF90028A0D0002F90
:107E48009ED00024281904F58054FFF7DBFCBC42BF
:107E5800F8D3002408EB0401281904F580744FF4C2
:107E68008072FFF7CDFCBC42F4D389E7F47300209D
:107E78003C6E002000F0FFFF014B024A1A60704779
:107E88001CE2002080350120034B4FF48062002162
:107E980018682AF0F9B900BF1CE200200146014821
:107EA800FEF71ABD7C35012022B10AB201B204489E
:107EB800FEF71ABD0AB201B20148FEF71BBD00BFAA
:107EC8007C35012003460AB2014819B2FEF70CBD01
:107ED8007C35012003460AB2014819B2FEF70ABDF3
:107EE8007C3501208C4601B2054810B51CB282B021
:107EF80013B20FFA8CF20094FEF73AFD02B010BDEF
:107F08007C3501208C4601B2054810B51CB282B000
:107F180013B20FFA8CF20094FFF7CCF802B010BD40
:107F28007C3501208C4601B2054810B51CB282B0E0
:107F380013B20FFA8CF20094FFF7EAF802B010BD02
:107F48007C3501202DE9F0411C460C4D82B01746C6
:107F580080460E4624B228460021FEF7BDFC28467E
:107F68000FFA88F100943BB232B2FFF7D1F8012141
:107F7800284602B0BDE8F041FEF7AEBC7C350120D2
:107F88002DE9F0411C460C4D82B0174680460E463E
:107F980024B228460221FEF79FFC28460FFA88F1F2
:107FA80000943BB232B2FFF7B3F80121284602B081
:107FB800BDE8F041FEF790BC7C35012084461346AD
:107FC80003480AB21BB20FFA8CF1FEF73DBD00BFA1
:107FD8007C350120F8B50A4C164607460D46204662
:107FE8000021FEF779FC204639B233B22AB2FEF7F7
:107FF80029FE20460121BDE8F840FEF76DBC00BF10
:108008007C3501208446134603480AB21BB20FFA96
:108018008CF1FEF717BE00BF7C35012010B582B089
:108028001CB213B20AB2009401B20498019002483B
:10803800FFF780F802B010BD7C3501208446134656
:1080480002480AB20FFA8CF1FFF76CBB7C350120AD
:10805800012B2DE9F041044682B00D46164610D09A
:108068000C4B0D48D3F80080FEF73AFC0746334620
:108078002A4621464046009705F036FD02B0BDE885
:10808800F08113460AB201B2034802B0BDE8F041DC
:10809800FFF748BB1CE200207C3501202DE9F041A8
:1080A800984682B00646104614460F462CF0B8FA99
:1080B8000546B8F1000F12D1114B05EB85051148A3
:1080C800D3F80080FEF70CFC234600903A46A6EB56
:1080D8005501404605F008FD02B0BDE8F08182B2C6
:1080E80021460848FFF79CF92346A6EB50010548AE
:1080F8003AB209B202B0BDE8F041FFF713BB00BFC6
:108108001CE200207C3501202DE9F04F9DB004468B
:1081180000F5C87803464FF07E590025DFF8C8E11E
:1081280001AE4FF0000C6F4FD3F85422B2B1503368
:108138004345F9D115B14FF07C53019300250DF15A
:10814800480912F08DF9D4F854321B782E2B11D02F
:1081580050344445F7D11DB0BDE8F08F0125C3F870
:108168009022C3F844C2C3F84892C3F84C72C3E9DA
:1081780095E6DCE704F5177302AF04AEC9F80850BA
:108188001B950DF1580A02950395C4E99155C4E968
:108198009355C4E9955593E80300CDE91055CDE909
:1081A8000855CDE90A55CDE90C55CDE90E55C9E973
:1081B8000055CDE91555CDE91955CDE9175586E88E
:1081C800030097E8030083E80300D4F86432D4F886
:1081D8006822C4F8645206930792C4F86852002BC8
:1081E8007AD00322314630469847DDF854C0149BB4
:1081F8000495C6E90155CDF81CC02BB1CDE914553D
:1082080099E8030086E8030096E8030004F51B726A
:1082180087E8030092E8030086E8030097E8030074
:1082280082E80300D4F874B2C4F87432D4F878320F
:10823800CDF818B0C4F878C20793BBF1000F03D08B
:10824800032231463046D847199ADDF860C00495B4
:10825800C6E901550792BCF1000F05D0CDE91855C4
:108268009AE8030086E8030096E8030004F51F7304
:1082780087E8030093E8030086E8030097E8030013
:1082880083E80300D4F88432D4F88812C4F884C28E
:108298000693C4F8882207911BB103223146304661
:1082A80098471A9BC4F88C321B9BC4F89032189BD1
:1082B8001BB10322514650469847149B1BB1032219
:1082C800494648469847109B002B3FF441AF0EA9FA
:1082D8000322084698473BE704939C46C6E90133C6
:1082E80092E700BFABAA2A3D183A00202DE9F04FCB
:1082F8004B4D0F468DB0044600212846FEF7ECFA98
:108308007A1E0726A11E12B201232846009609B23A
:108318000392FEF7FDFE28460121DFF81C81FEF7D7
:10832800DBFA611E039A27232846009609B23D4EC0
:10833800FEF7EEFE0221284604F1110BFEF7CCFAF7
:1083480000F088FB0368A6FB033900F083FB036891
:108358002846D8F800A04FEA5919A6FB032664223C
:10836800760902FB1636FEF7BBFA3A4621462E4B33
:108378000090504605F0B8FBD8F800A02846FEF754
:10838800AFFA00905046DFF8B4A0284B3A4604F103
:108398000D01153405F0A8FB4A46514604A826F0FD
:1083A800D7FFD8F800902846FEF79AFA04AB3A4669
:1083B80059460090484605F097FB04A82CF030F980
:1083C8000BEB8001D8F800B04FEA800928460391EA
:1083D800FEF786FA03993A4600905846144B05F082
:1083E80083FB144B514604A8A3FB0636F20826F07B
:1083F800AFFF04EB0901D8F8004028460391FEF7C7
:108408006FFA039904AB3A460090204605F06CFBDE
:1084180001212846FEF760FA0DB0BDE8F08F00BFD5
:108428007C3501201F85EB51443D0020B895002084
:10843800183A0020CDCCCCCC1CE200200C6F0020D8
:10844800704700BF704700BF704700BF704700BF4C
:108458003AB10B461144C01A1A5C03F8012B8B423F
:10846800FAD17047F0B5166883B0056804460F68FE
:108478000122AB680DF1070168688DF8076098471D
:108488006B6824683946013332466B60A3686068BC
:10849800984763683344636003B0F0BDF0B516686D
:1084A80083B0056804460F680122AB680DF1070127
:1084B80068688DF8076098476B6824683946013307
:1084C80032466B60A36860689847636833446360AA
:1084D80003B0F0BD18F0D2B8704700BF012A02D12E
:1084E800016000207047022A05D0032AF9D0002A2B
:1084F800F7D10260F5E70B680360F2E7012A03464B
:1085080002D1016000207047022A05D0032AF9D061
:10851800002AF7D10260F5E703C983E80300F1E711
:10852800012A034602D1016000207047022A05D0C3
:10853800032AF9D0002AF7D10260F5E703C983E8D6
:108548000300F1E7012A02D1016000207047022AE6
:1085580005D0032AF9D0002AF7D10260F5E70B68A5
:108568000360F2E7012A02D1016000207047022A65
:1085780005D0032AF9D0002AF7D10260F5E70B6885
:108588000360F2E770B5D0E900450646AC420AD070
:1085980004F12001A36A03223034084603B1984746
:1085A800A542F5D1356825B1B1682846491B18F0B0
:1085B80003F9304670BD00BFF0B5056883B0166892
:1085C80004460F680122EB680DF1070168689847B7
:1085D8006B6801336B609DF807309E4205D0636875
:1085E80040F23E521A6003B0F0BD24683246394664
:1085F800E3686068984763683344636003B0F0BD1C
:10860800F0B5056883B0166804460F680122EB6868
:108618000DF10701686898476B6801336B609DF836
:1086280007309E4205D0636840F259521A6003B081
:10863800F0BD246832463946E36860689847636845
:108648003344636003B0F0BD024A5268C0E90021B8
:10865800704700BF001000E0134B02685B689A4245
:1086680011D9013B4168DFED116A9B1A91ED007A3F
:1086780007EE903AF8EE677A77EEC77AA7EEA67A11
:1086880081ED007A70479B1ADFED086A07EE903A91
:108698004368F8EE677A93ED007A77EEC77AA7EE2B
:1086A800A67A83ED007A7047001000E00AD7233CD1
:1086B800064B074A1B6810681B1A642B03D800383E
:1086C80018BF012070470020704700BF5CBA012026
:1086D80030E7002030B412494EF66024114A04FBFA
:1086E80000F00B6814681B1B0F4C03EB4303256851
:1086F800DB00B0FBF3F0431B002BB8BF5B42012B40
:108708004FF0640303FB00F005DC401B074BA3FBA1
:10871800003005EBD0000B682060136030BC704758
:108728005CBA0120602D01205CC90020CDCCCCCCE6
:10873800F8B5864D2C6817F081FD854B1B7843B33F
:10874800844A4FF47A71012BA2FB00C24FEA9212BD
:1087580001FB120001FB04005DD0022B1DD0032B8E
:1087680000F0BF807C4C29687C4A236811607C49F2
:108778000A689A420AD07B4A7B4803FB02F20B60E4
:1087880002F15532B0EB321F80F0C380DBB21846DD
:10879800F8BD714A18461360F8BD744B1B6813F096
:1087A80001035FD06C4C2168002900F0BC80704A3E
:1087B80011684B1C102B01DDA1F10F03136003EBB3
:1087C80043036C495A00DFED6C6A013281FB0231C8
:1087D800D317C3EB211303EB4303A2EB4313614A03
:1087E800A2FB03122360920902EB4202A3EB42129E
:1087F80007EE902A614AF8EEE77A87EEA67A1268C1
:1088080058492D68A1FB0212544900EB92020D60F1
:108818005B490A6061E05B4A5B4912685B4BA1FBFC
:10882800021256495209B3FBF2F3554A0B6011681C
:10883800814259D9484B1A684A49D3B2DFED4E6A8A
:10884800A1FB02415248890901EB4101A2EB411207
:1088580007EE902AF8EEE77A87EEA67A80ED007A9E
:108868001846F8BD46493C4C0A6882421CD83D4E21
:108878002268484F06FB02FCB7EB7C0F14D2A6FB1C
:10888800027C4FEA9C1C0CEB4C0CA2EB4C12013204
:1088980022603A4A1268A6FB026200EB92020A6062
:1088A80029682E4A116001E02C4A11682A683A4862
:1088B800521A01688A4231D823682A4ADFED2E6AA3
:1088C800A2FB0312920902EB4202A3EB421207EE4B
:1088D800902AF8EEE77A87EEA67A2D4A82ED007A9A
:1088E80045E71D4B1B7852E71E492D68A1FB034342
:1088F8001A4C00EB93031848256013600268A1FB2B
:1089080002139B0903EB4303A2EB431201320260FB
:1089180092E73020FFF7DEFE236837E700229FED5D
:108928001F7A2260D9E7174B174A1B68174EA2FB1C
:108938000323124A9FED1A7A5B09B6FBF3F661230B
:1089480016600B4E2360316059E700BF5CBA012006
:10895800AAC00120D34D621054E7002030E7002060
:10896800542D0120ABAAAAAA5555550590E7002019
:10897800582D0120ABAAAA2A0000C04274F3002097
:108988005C2D01205CC900201F85EB51C0E1E4008B
:1089980064E70020AAAAAA2A54C9002000000000FF
:1089A800ABAA2A3C224B1B78022B2DD9002831DB9D
:1089B800204B1A681044602810B5186025DD60380F
:1089C80018601D4C20601D4B1D491E4A00FB03F317
:1089D800096803F1553311601B4AB2EBF30F21D23A
:1089E800164BDFED1A6AA3FB0013194A9B0903EB28
:1089F8004303A0EB431007EE900AF8EEE77A87EE00
:108A0800A67A82ED007A10BD70470028D9DC0A4C9E
:108A18002068D8E708496120064B4FF0FF3208600C
:108A28001A6070471820FFF755FE2068D8E700BF86
:108A3800AAC0012070F3002054E70020ABAAAAAA1C
:108A48005CBA012030E70020AAAAAA0A0000C042A6
:108A580064E70020004870475CC900200023FD4AF5
:108A680010B50446C0E90023C0E90231C0E99033DB
:108A7800C0E99233C0E99433C0E99633C0E998332A
:108A8800C0E99A33C0E99C33C0E99E33C0E9A033FA
:108A9800C0E9A233C0E9A433C0E9A633C0E9A833CA
:108AA800C0E9AA33C0E9AC33C0E9AE33C0E9B0339A
:108AB800C0E9B233C0E9B433C0E9B633C0E9B8336A
:108AC800C0E9BA33C0E9BC33C0E9BE33C0E9C0333A
:108AD800C0E9C233C0E9C433C0E9C633C0E9C8330A
:108AE800C0E9CA33C0E9CC33C0E9CE33C0E9D033DA
:108AF800C0E9D233C0E9D433C0E9D633C0E9D833AA
:108B0800C0E9DA33C0E9DC33C0E9DE33C0E9E03379
:108B1800C0E9E233C0E9E433C0E9E633C0E9E83349
:108B2800C0E9EA33C0E9EC33C0F80034C0F80434D3
:108B3800C0F80834C0F80C34C0F81034C0F8143445
:108B4800C0F81834C0F81C34C0F82034C0F82434F5
:108B5800C0F82834C0F82C34C0F83034C0F83434A5
:108B6800C0E9EE33C0E9F033C0E9F233C0E9F433C9
:108B7800C0E9F633C0E9F833C0E9FA33C0E9FC3399
:108B8800C0E9FE33C0F838341030C0F82C34C0F8CF
:108B98003034C0F83434C0F83834C0F83C34C0F845
:108BA8004034C0F84434C0F84834C0F84C34C0F8F5
:108BB8005034C0F85434C0F85834C0F85C34C0F8A5
:108BC8006034C0F86434C0F86834C0F86C34C0F855
:108BD8007034C0F87434C0F87834C0F87C34C0F805
:108BE8008034C0F88434C0F88834C0F88C34C0F8B5
:108BF8009034C0F89434C0F89834C0F89C34C0F865
:108C0800A034C0F8A434C0F8A834C0F8AC34C0F814
:108C1800B034C0F8B434C0F8B834C0F8BC34C0F8C4
:108C2800C034C0F8C434C0F8C834C0F8CC34C0F874
:108C3800D034C0F8D434C0F8D834C0F8DC34C0F824
:108C4800E034C0F8E434C0F8E834C0F8EC34C0F8D4
:108C5800F034C0F8F434C0F8F834C0F8FC34C0F884
:108C68000035C0F80435C0F80835C0F80C35C0F830
:108C78001035C0F81435C0F81835C0F81C35C0F8E0
:108C88002035C0F82435C0F82835C0F82C35C0F890
:108C98003035C0F83435C0F83835C0F83C35C0F840
:108CA8004035C0F84435C0F84835C0F84C35C0F8F0
:108CB8005035C0F85435C0F85835C0F85C35C0F8A0
:108CC8006035C0F86435C0F86835C0F86C35C0F850
:108CD8007035C0F87435C0F87835C0F87C35C0F800
:108CE8008035C0F88435C0F88835C0F88C35C0F8B0
:108CF8009035C0F89435C0F89835C0F89C35C0F860
:108D0800A035C0F8A435C0F8A835C0F8AC35C0F80F
:108D1800B035C0F8B435C0F8B835C0F8BC35C0F8BF
:108D2800C035C0F8C435C0F8C835C0F8CC35C0F86F
:108D3800D035C0F8D435C0F8D835C0F8DC35C0F81F
:108D4800E035C0F8E435C0F8E835C0F8EC35C0F8CF
:108D5800F035C0F8F435C0F8F835C0F8FC35C0F87F
:108D68000036C0F80436C0F80836C0F80C36C0F82B
:108D78001036C0F81436C0F81836C0F81C36C0F8DB
:108D88002036C0F82436C0F82836C0F82C36C0F88B
:108D98003036C0F83436C0F83836C0F83C36C0F83B
:108DA8004036C0F84436C0F84836C0F84C36C0F8EB
:108DB8005036C0F85436C0F85836C0F85C36C0F89B
:108DC8006036C0F86436C0F86836C0F86C36C0F84B
:108DD8007036C0F87436C0F87836C0F87C36C0F8FB
:108DE8008036C0F88436C0F88836C0F88C36C0F8AB
:108DF8009036C0F89436C0F89836C0F89C36C0F85B
:108E0800A036C0F8A436C0F8A836C0F8AC36C0F80A
:108E1800B036C0F8B436C0F8B836C0F8BC36C0F8BA
:108E2800C036C0F8C436C0F8C836C0F8CC36C0F86A
:108E3800D036C0F8D436C0F8D836C0F8DC36C0F81A
:108E4800E036C0F8E436C0F8E836C0F8EC36C0F8CA
:108E5800F03601E09C7B0020C0F8F436C0F8F83604
:108E6800C0F8FC36C0F80037C0F80437C0F8083737
:108E7800C0F80C37C0F81037C0F81437C0F81837E6
:108E8800C0F81C37C0F82037C0F82437C0F8283796
:108E9800C0F82C37C0F83037C0F83437C0F8383746
:108EA800C0F83C37C0F84037C0F84437C0F84837F6
:108EB800C0F84C37C0F85037C0F85437C0F85837A6
:108EC800C0F85C37C0F86037C0F86437C0F8683756
:108ED800C0F86C37C0F87037C0F87437C0F8783706
:108EE800C0F87C37C0F88037C0F88437C0F88837B6
:108EF800C0F88C37C0F89037C0F89437C0F8983766
:108F0800C0F89C37C0F8A037C0F8A437C0F8A83715
:108F1800C0F8AC37C0F8B037C0F8B437C0F8B837C5
:108F2800C0F8BC37C0F8C037C0F8C437C0F8C83775
:108F3800C0F8CC37C0F8D037C0F8D437C0F8D83725
:108F4800C0F8DC37C0F8E037C0F8E437C0F8E837D5
:108F5800C0F8EC37C0F8F037C0F8F437C0F8F83785
:108F6800C0F8FC37C0F80038C0F80438C0F8083832
:108F7800C0F80C38C0F81038C0F81438C0F81838E1
:108F8800C0F81C38C0F82038C0F82438C0F8283891
:108F9800C0F82C38C0F83038C0F83438C0F8383841
:108FA800C0F83C38C0F84038C0F84438C0F84838F1
:108FB800C0F84C38C0F85038C0F85438C0F85838A1
:108FC800C0F85C38C0F86038C0F86438C0F8683851
:108FD800C0F86C38C0F87038C0F87438C0F8783801
:108FE800C0F87C38C0F88038C0F88438C0F88838B1
:108FF800C0F88C38C0F89038C0F89438C0F8983861
:10900800C0F89C38C0F8A038C0F8A438C0F8A83810
:10901800C0F8AC38C0F8B038C0F8B438C0F8B838C0
:10902800C0F8BC38C0F8C038C0F8C438C0F8C83870
:10903800C0F8CC38C0F8D038C0F8D438C0F8D83820
:10904800C0F8DC38C0F8E038C0F8E438C0F8E838D0
:10905800C0F8EC38C0F8F038C0F8F438C0F8F83880
:10906800C0F8FC38C0F80039C0F80439C0F808392D
:10907800C0F80C39C0F81039C0F81439C0F81839DC
:10908800C0F81C39C0F82039C0F82439C0F828398C
:10909800C0F82C39C0F83039C0F83439C0F838393C
:1090A800C0F83C39C0F84039C0F84439C0F84839EC
:1090B800C0F84C39C0F85039C0F85439C0F858399C
:1090C800C0F85C39C0F86039C0F86439C0F868394C
:1090D800C0F86C39C0F87039C0F87439C0F87839FC
:1090E800C0F87C39C0F88039C0F88439C0F88839AC
:1090F800C0F88C39C4F8A039C4F8A439C4F8A83920
:10910800C4F8AC39C4F8B039C4F8B439C4F8B839BB
:10911800C4F8BC39C4F8C039C4F8C43909F03CFFF4
:1091280004F5947009F038FF204610BD10B540F6DC
:10913800D41028F03BFB044658B12821FFF78EFCD9
:109148000023054A84F8C839C4F8CC392260C4F829
:10915800D039204610BD00BF947A002070B5104B5E
:10916800064600F6741400F5FA75036004F1380138
:10917800236C0322084603B1984704F12801236BA6
:109188000322084603B1984704F11801236A032211
:10919800503C084603B19847AC42E7D1304670BD11
:1091A8009C7B0020034B10B504460360FFF7D6FFF5
:1091B800204610BD947A0020064B10B50446036083
:1091C800FFF7CCFF40F6D411204617F0F5FA2046F9
:1091D80010BD00BF947A002070B5074C074EA4F567
:1091E8001F55A4F51F64204640F81C6FFFF7B6FF13
:1091F800AC42F6D170BD00BF7C1B0120947A0020E0
:1092080001212AF07DB800BF08B128F0D7BA70470D
:1092180010B50446006838B103681B689847206891
:10922800FFF7F2FF0023236010BD00BF4FF41F6259
:10923800014B02FB00307047C4F300204FF41F625B
:10924800024B02FB00F0185C704700BFBCF3002023
:1092580041F080011AB9054B23F810107047044BF0
:10926800024A0B4322F81030704700BFE0EF00209D
:109278000080FFFFC36C13F0010205D1436904228B
:109288001B6810460B60704710B40468002C14DB90
:109298004468FF2C06DC13F4805F436906D11B7811
:1092A8000B700EE0B4F5803F07DA436902221B8891
:1092B8005DF8044B10460B807047436904221B6815
:1092C8000B6010465DF8044B704700BFC26C034644
:1092D80010B512F0010482B00FD0006800280CDB32
:1092E8005868FF2806DC12F4805F5A6915D109789E
:1092F800117006E0B0F5803F0EDB5A690424096856
:1093080011601A6B2AB15A6B01A903F12800019365
:109318009047204602B010BD5A690988022411807E
:10932800EFE700BF0748084B00F1080100F10C0205
:1093380010B4041DC3E90212C3E900045DF8044B2C
:10934800704700BFF4EF002068E7002000280ADB20
:10935800032807DC084B094A03EB800383ED000A66
:1093680042F820307047044B044A83ED000AC2E9F2
:109378000033C2E902337047F4EF002068E70020A9
:10938800034B0022C3E90022C3E90222704700BF51
:1093980068E70020F8B505460E461746FBF792FB2E
:1093A8000B4B04461B780BB1012D01D92046F8BDA3
:1093B8003FB1864205DB361A06493846721C25F04D
:1093C800C7FF054B1B7804EB43042046F8BD00BFDC
:1093D800D8D20020A86F0020D7D20020032805DCAF
:1093E80000EB4000024B0001185A704700207047FC
:1093F80050E60020032805D8054B03EB800393EDC6
:10940800000A7047034B03EB800313ED040A70470F
:1094180034E70020701C01200A4B1B68834208DDDA
:109428000123094A83401268134214BF0120002017
:109438007047064AC01A105CA0F10F00B0FA80F01D
:10944800400970476C1C012090E70020C41C0120D3
:10945800032830B443DC4FF41F62454B02FB003352
:109468005B68DA6812F001023ED0424900EB400224
:10947800430051F82220002A5DD0D2ED007A9FEDFA
:109488003E7A3E4CF4EEC77A14F81020F1EE10FA4A
:109498004FEA021252B24BDC04F810201844384A42
:1094A80001EB800102EB830001334968C0ED007ACB
:1094B800002956D0D1ED007A02EB83029FED2E7A77
:1094C800E15CF4EEC77AC2ED007A0901F1EE10FA18
:1094D80049B2C8BF41F00F01E15430BC7047294B75
:1094E800DA6812F00102C0D100EB4001214C4300C0
:1094F80089006558FDB10C44B1EE047AD5ED007AC7
:10950800013365681E4967EE877A1C4C04F8102001
:1095180001EBC000E254C0ED007AE5B1D5ED007A68
:1095280001EB830167EE877A30BCC1ED007A7047A2
:1095380042F00F02B0E701330024114A0F4901F845
:10954800104002EBC000CC5402EB8302002330BC75
:1095580003601360704701EB8301002330BC0B608C
:109568007047002002EB8302E154106030BC704762
:10957800BCF30020941C0120CDCCCC3DC41C0120A0
:10958800701C0120D8F300200B4B1B68834209DDB7
:109598004FF48033094A83401268134214BF0120F4
:1095A80000207047C01A064B185CA0F1FF00B0FA03
:1095B80080F04009704700BF6C1C012090E7002034
:1095C800C41C0120411C05D0821C034B14BF002081
:1095D8001846704701487047841B0120E41B01208E
:1095E800002830DBF1EE047A00EB4000214A01F15B
:1095F800600C214BC0EE275A02EB400203EB00132C
:10960800108B06EE100AB8EEC66A33F8020B07EEA6
:10961800900AF8EE677A77EEC67AF5EEC07AF1EE40
:1096280010FA4CBF508B908B07EE100AB8EEC77A31
:10963800C7EE876AF1EC017A8C45E6EEA57A41ED32
:10964800017AE2D170470D4B01F1600210B40C4C65
:10965800B0F1FF3F18BF2346F1EC017AB3EC017A71
:109668009142E7EE007A41ED017AF5D15DF8044BBD
:10967800704700BFA8E7002050E60020E41B012047
:10968800841B012030B51C4D1C4B2C681834A3FBDF
:1096980004C39B0903EBC303A4EB4313184C2B60CF
:1096A80004EB830403682BB3446012B34FF0180C27
:1096B8009FED147A4FF0000E6245BCFBF2FC4FEAB6
:1096C8008C0588BF0425182A0FD831F91E3020468A
:1096D80007EE903A0023F8EEE77A67EE877A0133CF
:1096E800E0EC017A6345FAD32C440EF1010E724581
:1096F800E9D130BD0460D8E7E4310120398EE33880
:10970800642D01200000003830B51C4D1C4B2C681E
:109718001834A3FB04C39B0903EBC303A4EB431353
:10972800184C2B6004EB830403682BB3446012B31A
:109738004FF0180C9FED147A4FF0000E6245BCFBF9
:10974800F2FC4FEA8C0588BF0425182A0FD831F996
:109758001E30204607EE903A0023F8EEE77A67EECF
:10976800877A0133E0EC017A6345FAD32C440EF191
:10977800010E7245E9D130BD0460D8E7E43101201B
:10978800398EE338642D0120ABAA2A3A08B50A4B72
:10979800002903EBC103596808BF0021D0F8103134
:1097A800994203D190F81431934203D009F014FC84
:1097B800012008BD002008BDE8E700202DE9F04F92
:1097C8002DED028BA7B006AB002800F0468101936F
:1097D800CDE906001846FEF727F9A64BA64A1C460F
:1097E800CDE908320222A5490798A047079CA44B57
:1097F80002341B780794002B00F038810DF1380AE9
:10980800A04E4FF00008A34608EE10AA08E09C4BB3
:1098180008F1010806F51F661B78434540F2CB8026
:1098280056F8044C58461222314663680493089B44
:1098380098470798089B0422123004A90790984774
:10984800079B03F1040B049BCDF81CB0002BDED062
:1098580004F51175274604F6C41918EE10AA04E099
:10986800FFF708FDA945824406D0284651465035E1
:1098780055F8403C002BF3D118EE105A584605A96C
:10988800089BAAEB0502059204229847079B059AB4
:1098980018EE101A04330020079309F067FB0AAB8F
:1098A80004220A9019460798089B98470798059D2F
:1098B80018EE101A0430089B2A4607909847079B11
:1098C8002B44079300238DF80F30D4F8543253B14A
:1098D80022460123D2F8A412D8B25032013300290B
:1098E800F8D18DF80F002368019A1B680A92664A1E
:1098F8000D92664A0C9200220B92654A934240F000
:10990800A480624B0AA9032208469847089B0122B3
:109918000DF10F0107989847079B03F1010B9DF87C
:109928000F30CDF81CB0002B3FF471AFB1460024C6
:10993800584D5846019E1EE0089B9847D7F88C0260
:10994800079B002102680133DFF860A19268079342
:10995800AA42514B0B910A960D93CDF830A022D113
:109968000AA903220846D04701349DF80F3007980A
:109978005037A34214DDD7F88C320122191D002B71
:10998800DAD18DF828300122089B0AA998470134BA
:10999800079850379DF80F300130A3420790EADC52
:1099A8004E46834633E70AA99047DDF830A0BAF15E
:1099B800000FD9D0D4E75C4618EE10AA2046089BC1
:1099C8000422364998470798002451460430089BDA
:1099D80004220E9407909847079B20460433079368
:1099E8000EF06EFC089B51468DF83800012207984E
:1099F800984701222A49DDE9070301300790984773
:109A080001222849DDE907030130079098470798A4
:109A18005146089B01308DF838400122079098473D
:109A280001222149DDE9070310440790984701986E
:109A3800DDE9062301339C1A0793FDF7FFFF204653
:109A480027B0BDEC028BBDE8F08F20460AA99847E5
:109A58000C9B002B3FF45AAF54E718460193802320
:109A6800CDE90633FDF7E0FF089CBBE60DF1380AA7
:109A7800A4E700BFF55F00006D5F0000A8C30020E9
:109A8800D7D20020C4F30020855F00008560000065
:109A9800D13A0000615F0000BD5F00005CC9002092
:109AA800AAC00120ADC00120ABC001206560000044
:109AB800032806DC4FF41F62034B02FB003358688F
:109AC80070470248704700BFBCF30020D8F300205D
:109AD8000E4B1B782BB903290DDD0D4BDB681B06DC
:109AE80010D503290ED84FF41F620A4B02FB01332D
:109AF800987C01387047074B4FF41F6202FB013313
:109B08005B68EBE74FF0FF30704700BFADC0012046
:109B1800D8F30020BCF30020B2F91C309FED297A5D
:109B280007EE903A9369FAEEE97A3C3B70B567EE36
:109B3800877A0646DB01FDEEE77A17EE904A0029A0
:109B48003AD0C86CC00732D4D1ED037A486967EEC1
:109B5800877AD0ED006AFDEEE77A17EE900AF8EE04
:109B6800E77AD6EE877AFDEEE77A17EE905A896C97
:109B780021B1097901F0FB01022920D1A5F5406541
:109B88005269134496F824211918D20106F11000DD
:109B9800002309F08BFAD6F84022431992F90410F1
:109BA80092F91120181902EBC112104470BD4869CE
:109BB8000568C8682D1ADAE70D460846E0E7054447
:109BC8000020DBE70000C0442DE9F0438DB00028F9
:109BD80048D0002403AE202204A82146284F354649
:109BE80028F052FB013439466846224625F0B0FB7E
:109BF8006846FEF725F8082C45F8040FF2D1002333
:109C08000124DFF87C8019461A461846FEF738F812
:109C1800012181464FF4805029F072FB074656F81F
:109C2800045F224641460134684675B125F090FB31
:109C38004FF480522946384616F020FD00234FF491
:109C4800805239466846FEF71BF8092CE7D138469A
:109C5800FFF7DAFA49460B480DF07AFC48460DB092
:109C6800BDE8F083024603460146FEF709F881463F
:109C7800054849460DF06CFC48460DB0BDE8F08338
:109C8800BC6F0020C86F0020D46F00203B4B994266
:109C98002DE9F04F83B06DD8D0F800B088468368BE
:109CA8008146374ADC46A3EB0B031B1102FB03F387
:109CB80099425AD9D0F804A0AAEB0B0301930029C2
:109CC80056D001EB41084FEA0818404616F070FDDF
:109CD800D9F800B0D9F804A0DC460090DA4531D0B4
:109CE800DDF800E00027DCF800300CF108050EF183
:109CF80008040EF12006CEF80030DCF80430CEF867
:109D080004300FCD0FC42B682360DCF81C30CEF86C
:109D18001C30DCF82C30CEE90A73DCF82830CEE9A8
:109D280008774BB10CF1200292E80300CCF82870B8
:109D380086E80300CEF828300CF1300C0EF1300E16
:109D4800D445D0D1BBF1000F06D0D9F80810584639
:109D5800A1EB0B0116F030FDDDE900120A4401EB1E
:109D68000803C9E90012C9F8083003B0BDE8F08F4C
:109D78000091B3E7034818F09BFC00BFAAAAAA0207
:109D8800ABAAAAAADC76002070B596B000250446D6
:109D98006846CDE90055FDF747FE482204A9039B14
:109DA80001989847019A159B294648321E48019206
:109DB8004822AFF30080402205A9284609F0D6F8CA
:109DC8004EF20673BDF8102001469A4221D1159B28
:109DD80083421ED1A646BDF8126005AD15ACAC464F
:109DE8000EF1100E1035BCE80F00A4454EF8100C0B
:109DF8004EF80C1C4EF8082C4EF8043CEFD13146B6
:109E08000A48AFF300806846FDF718FE304616B0E2
:109E180070BD07484FF0FF36AFF300806846FDF786
:109E28000DFE304616B070BD1C7000203870002042
:109E38004470002038B5224C002589B2A44684F825
:109E48003050E5639BB2E646C4E90D5518346546C3
:109E5800AEF818100EF1060EAEF81430AEF8163043
:109E6800A645F5D180B292B2ACF800000CF1060C10
:109E78002CF8042C2CF8022CA445F5D1104C11F028
:109E880003FF84460FCCACE80F000FCCACE80F0002
:109E98000FCCACE80F0094E80F008CE80F00A4F199
:109EA8003000FFF771FF6B6B0028BCBF43F08043A5
:109EB8006B639B0502D5034B01221A7038BD00BFA6
:109EC800A8E70020D7D2002030B597B04EF206732D
:109ED8001C4C002505A8ADF81030FFF755FF0130E0
:109EE8000DF1140CADF812000FCCACE80F000FCC3C
:109EF800ACE80F000FCCACE80F0094E80F008CE83A
:109F08000F0005A94022284609F030F803466846A4
:109F1800009515930195FDF787FD04A94822DDE911
:109F280001039847019948222B468818BDF812105A
:109F380001900548AFF300806846FDF77FFD17B034
:109F480030BD00BFA8E70020407200202DE9F04F87
:109F5800D0E900981446794AA8EB09030F467849D6
:109F680085B01B11029002FB03F38B4200F0E380E3
:109F7800012B1A46A7EB090638BF01229B1880F06F
:109F8800D880002B40F0C58030220393CDE9002310
:109F9800019A04F1080C23684FF0000E9519D4F8C3
:109FA80028A09351636805F1080605F1200B6B6042
:109FB800BCE80F000FC6DCF800303360E369C5F871
:109FC8002CE0C5E9073EC5E909EEBAF1000F08D053
:109FD8005846022204F12001D047E36AEB62A36AE3
:109FE800AB624F453AD04C46019D4FF0000A04F150
:109FF800080C05F1080605F1200ED4E90023C5E98F
:10A008000023BCE80F000FC6DCF80030E2693360BB
:10A01800E36AEB62A36AC5E9072AC5E909AA43B15D
:10A0280004F1200292E80300C4F828A08EE8030097
:10A03800AB6230343035A742D9D1A7F13003414A59
:10A04800A3EB09031B0902FB03F3019A23F07043F6
:10A05800023303EB430302EB03130093474544D059
:10A06800BC46DDF800E04FF0000ABB46DCF80030E3
:10A078000CF108050EF10804DCF82870CEF8003061
:10A088000EF12006DCF80430CEF804300FCD0FC4F2
:10A098002B682360DCF81C30CEE9073ADCF82C305A
:10A0A800CEE909AACEF82C304FB10CF1200393E881
:10A0B8000300CCF828A086E80300CEF828700CF13D
:10A0C800300C0EF1300EE045D0D1A8EB0B031D4A41
:10A0D800303B1B0902FB03F3009A23F07043013362
:10A0E80003EB430302EB03130093B9F1000F06D00F
:10A0F800029B48469968A1EB090116F05DFBDDE972
:10A1080001231A60009A5A60039A9A6005B0BDE864
:10A11800F08F8B4228BF0B4603EB43031D012846F3
:10A1280016F046FB03464219019030330392009320
:10A138002EE7054DF3E7054818F0BAFAABAAAAAA24
:10A14800AAAAAA02ABAAAA0AE0FFFF7FC07600204B
:10A158002DE9F04393B0002403466A4A0EAE0F4639
:10A1680008A81421119402ADCDE90D44CDE90644A7
:10A17800C6E901442AF0C2FA08A82AF051FA08A947
:10A188000246204608F0F2FEBB680294CDE905407D
:10A19800C5E90144002B00F0AC800222394628466C
:10A1A8009847D7E90232109C6F461093119B04948C
:10A1B8000593119295E8030087E8030096E80300E9
:10A1C80085E8030097E8030086E803001CB1032232
:10A1D80029462846A04700F099F8D0E90042944261
:10A1E8003CD0069902E03034A24237D02368A0461A
:10A1F8008B42F8D10023DDF840900293C5E9013382
:10A208000593B9F1000F7BD0022231462846C84792
:10A21800DDE9109295E8030004F1200387E80300C4
:10A2280093E8030085E8030097E8030083E8030048
:10A23800A36AE16A0493C4F828900591E2621BB10D
:10A248000322294628469847109B1BB10322314612
:10A2580030469847404613B0BDE8F08300F056F802
:10A26800044600F053F803462046D3E90031C91AE2
:10A27800254B091103FB01F10131FFF707FD00F040
:10A2880045F80746D0E901539D4234D0069B08ACF7
:10A2980005F1080C4FF0000E2B6005F12008079B14
:10A2A8006B600FCCACE80F002368CCF800300D9B36
:10A2B800C5F820E0EB61C5F82CE0C5E909EE109B74
:10A2C8003BB10222404631469847DDE91032C5E9E4
:10A2D8000A327B6830337B6000F018F8044600F0DF
:10A2E80015F82268D0E900135B1A303B02EB03082B
:10A2F800AAE71A4657E706AA2946FFF727FEEBE71B
:10A308004A4687E7A83A0020ABAAAAAA1A490B68C6
:10A3180013F0010310B5194C84B006D02268A36865
:10A328009A4210D0154804B010BD0120144A236089
:10A33800086020461349C4E9013318F07BF9226804
:10A34800A3689A42EED101210C48FFF79FFC0E4802
:10A3580000230E4A039069460D480292CDE9003366
:10A36800FFF7F6FE029B002BDCD069460322084665
:10A378009847024804B010BD44DB0020482D012056
:10A38800C0CA0020A56000004D6C0000FD5F000001
:10A398002872002070B586B00446FFF7B7FFD0E9F1
:10A3A80000239B1A302B2CD03A4B5B6B5B0006D4F6
:10A3B8000021204606B0BDE8704010F051B836497B
:10A3C8001C200DF08FFF002304A80493ADF814306F
:10A3D800F9F7D4FF9DF815109DF814209DF8130087
:10A3E8009DF8123000902D48CDE901219DF81010FC
:10A3F8009DF811200CF04AFE014624200DF072FF52
:10A40800D6E7D4F8D05965B3254E29464FF4806273
:10A41800306816F033F994F8C83913F0010511D0F3
:10A42800204AD4F8CC1913685B1AB3F57A7F07D998
:10A4380094F8C83912680133C4F8CC2984F8C839AB
:10A4480006B070BD2846FDF729FD2B46164A242183
:10A458004D20FDF7FDFD154A2C214E20FDF7EEFDA0
:10A46800DEE701214FF4806028F04AFF0C4EC4F863
:10A47800D009FDF709FD28460D4908F0A7FC4FF45F
:10A4880080623168D4F8D00916F0F8F8D4F8D059B9
:10A49800BBE700BFA8E70020086E00201C6E002064
:10A4A8001CE200205CBA0120F46D0020006E002040
:10A4B800A8C200202DE9F0410C460546FFF726FF0B
:10A4C800394ED0E900239B1A1B1106FB03F3013B0D
:10A4D8009C4249D800236E682B705EB105F11C03BD
:10A4E80005F108029E426B60C5F85C2232D11CB9A6
:10A4F800BDE8F081002C47D0FFF708FF076804EBA0
:10A50800440307EB03104FEA0318037A002B36D0F5
:10A51800436801334360836A002B43D0C36A203009
:10A5280098470646002838D057F8082005F1080350
:10A53800103040F80C2CC0F8303208F02DFD2C708B
:10A5480033681A4A5B686E609342D1D03046BDE8E2
:10A55800F0411847336830469B6998473046FEF704
:10A5680053FE002CC4D0C7E7FFF7D0FED0E9003473
:10A57800E41A241106FB04F4013CE4B2AAE70C48EF
:10A58800BDE8F0410CF0E4BF05F11C0205F1080339
:10A598006A60C5F85C32BDE8F0810648BDE8F04164
:10A5A8000CF0D6BF18F0B8F8ABAAAAAA85370000F5
:10A5B800C8730020B0730020434B1968F0B587B00A
:10A5C800084601912AF02CF8019902463F48FDF708
:10A5D8009BFA40223E493F48FDF796FA3E4B00223F
:10A5E80003F54871C3F8C420C83343F8082C8B42DC
:10A5F800F8D13A4B00213A48196002A90292059213
:10A60800C0E90033C0E902330020CDE9032206F097
:10A618004FF9049B1BB102A9032208469847314B06
:10A62800314A324803F5C47C314901E050F8041F2F
:10A63800C3E90012083328329C45F7D1F9F78CFE9C
:10A6480001462C48AFF300800CF0CEF8A8B12A4C94
:10A6580004F51F55204604F51F640021FFF72AFF63
:10A66800A542F7D1F9F778FE01462448AFF30080F8
:10A6780007B0BDE8F04008F097BBFFF747FE064675
:10A68800D0E90075AF420BD03C4604F12001A36A23
:10A6980003223034084603B19847A542F5D17760C4
:10A6A80017480023174A02A9059017480492CDE9D4
:10A6B8000233FFF74DFD049B002BC8D002A90322EB
:10A6C80008469847C3E700BF64C90020707200209D
:10A6D800A8E700207C7200200CF00020F4EF002096
:10A6E80068E70020E8E700203C6600207865002045
:10A6F8006872002090720020BCF30020A87200202D
:10A708004D6C0000FD5F0000287200202DE9F04F1D
:10A71800A9B00446FFF7FAFDD0E900239B1A302BB5
:10A7280000F0148100230793F8F704FCAC4B1B8856
:10A738009B0700F1DD8108AB002C00F0D0811846A2
:10A748000193CDE90844FDF76FF9A64BA64A1C46CC
:10A75800CDE90A230DF14008022209984146A04795
:10A768000998BDF840304EF21872023093420990B1
:10A7780000F2C2819D4A134403939D4B1B78002B22
:10A7880000F05D810023DFF890A2DFF890B2994FC6
:10A79800009309E0009A0AF51F6A954B01321B786D
:10A7A8000092934240F24B81039C0AF108010B9BF3
:10A7B8002246984709980B9B042220444146099059
:10A7C80098470998109E04300990002EE2D0002581
:10A7D8002C4608E0FFF79AFD03685B593035B34211
:10A7E80000F022810134FFF791FDD0E900239B1A84
:10A7F8001B110BFB03F39C42ECD30024214650466B
:10A80800FFF758FE7C4B009ADAF8045023F8124000
:10A818002B687A4A9B68934240F05E810422414645
:10A82800099805F6C4160B9B98470998109C414651
:10A8380004300B9B04220294099005F51174984783
:10A84800099BA1464146043305930993109B049341
:10A8580007E0484609F15009FEF70CFD01444E4552
:10A8680003D0D9F81030002BF3D1029BA1EB0801DB
:10A87800602B00F25881029B05989942C0F09A809B
:10A8880099461A4641460B9B9847099B4A464146BA
:10A898004B440020099308F069FB049B834200F0B5
:10A8A8002F812B680CAE56491A68019B8A420C937B
:10A8B80007AB0D93534B0F93534B0E9340F0B78058
:10A8C8000322314630469847079B83BB0B9B0122E6
:10A8D80009983146984709989DF830300130099019
:10A8E800002B3FF457AF013B5022DFF83491DBB225
:10A8F80002FB035505F52575002301220DF11B0107
:10A908008DF81B300B9B984709989DF81B20013048
:10A918000990002A44D03D49D7E900031B1A9B102F
:10A9280001FB03F39A4214D340F25D530793019855
:10A93800FDF784F80799002940F0CA80344B0022BB
:10A94800C3E90022C3E90222FAF786FC29B0BDE870
:10A95800F08F02EB82020C9400EB8200C368002B9C
:10A9680000F0E5800369314604309847A36C9DF8F0
:10A978001B2001991A71A06CDFF8A8C00268254B4A
:10A9880092680C9107A962450D91CDE90E390BD15A
:10A998000322314630469847079B002BC7D10998B8
:10A9A8005034A542A8D1F5E6314690470E9B002BBE
:10A9B800F2D0EDE7029E41460B9B32469847099B31
:10A9C8003246414633440020099308F0CFFA049BED
:10A9D80083423FF466AF4FF4A6630793A7E700BF2F
:10A9E80084C00120715F0000F95F0000FA18FFFFC2
:10A9F800D7D2002044E70020E0EF0020893700008C
:10AA0800D13A0000D960000041600000CDCCCCCC28
:10AA180068E700201D600000BCF30020ABAAAAAACA
:10AA280021610000615F0000E1B20C46E7E62846BC
:10AA3800314690470E9B002B3FF446AF40E7042277
:10AA48003C490B9B98470998042241460B9B1044AC
:10AA58000990984709980122414604300B9B0990B8
:10AA68009847099B9DF84000013309930DF028FC95
:10AA78000122414609980B9B984709989DF8402068
:10AA8800414601302C4B09901A7001220B9B9847C4
:10AA980009989DF8402041460130284B09901A70CA
:10AAA80001220B9B98470998012241460B9B1044B1
:10AAB80009909847099B9DF84010214A0133019855
:10AAC80011700993FCF7BAFF079900293FF436AFD4
:10AAD8001C480CF03DFD31E7284698479EE618468D
:10AAE80001938023CDE90833FCF79EFF0B9C31E6E8
:10AAF80015480CF02DFD1DE714480CF029FD16E74C
:10AB0800A1460294444608E0484609F15009214606
:10AB1800FEF7DCFB4E45044403D0D9F81030002B77
:10AB2800F2D1029CBDE640F21D530793FFE617F0F1
:10AB3800F3FD00BF5CC90020AAC00120ADC0012000
:10AB4800ABC0012098730020687300208073002038
:10AB58002DE9F0474E4E0024DFF840813346424647
:10AB6800197803F51F6332F8025BA94204D1013456
:10AB7800042CF5D1BDE8F0874FF41F69454B00223E
:10AB880005F07F0109FB04F9ED0B1A6006EB090AD1
:10AB9800DAF804305046DF68FFF78CFC16F8093005
:10ABA80028F81430DAF80480D8F84062711E00E002
:10ABB8004BB10A4611F8013F0232B3FA83F3921BF4
:10ABC8005B09112AF4D91D4340F21442D8F80C301D
:10ABD80013425AD10DB9174253D021460220F9F732
:10ABE80037FFC3B2B370D8F80C3019074BD50DB97D
:10ABF8003A0742D421460020F9F72AFFC3B233703E
:10AC0800D8F80C30DB063AD50DB9F80606D421463B
:10AC18000120F9F71DFFC3B27370CDB9337B082B40
:10AC280002D8737B082B13D940F20443D8F80C20C0
:10AC3800134203D03B4008BFC6F80630D8F80030AE
:10AC4800154A9B68934295D04046BDE8F04718479F
:10AC5800002508F110002A462946F570357408F0D9
:10AC6800BBF980232146032035717574B57333739E
:10AC78007373F9F7EDFEF072D6E7D906C5D4002351
:10AC8800CAE71A07B4D40023B9E70023AAE700BF2C
:10AC9800BCF3002094E7002089370000E0EF002093
:10ACA8004FF41F633D4ADFF804C101FB03F32DE9AC
:10ACB800F0413B4F0D4682B00646F95CFC1841F066
:10ACC80080031A432CF81020FFF742FF032DD4BF4E
:10ACD800656807F11C05032E5CDC4FF41F6303FB5A
:10ACE80006777968D5F8402201F51178D1F8403215
:10ACF80005F51177166805F6C41554689068D1688B
:10AD08001E605C609860D960128A264E1A8204E040
:10AD1800503708F15008AF4239D03B69002B36D084
:10AD2800D8F814103846FEF7A5FABB6C002BEFD004
:10AD38001B79306803EB8303CDF8048000EB8300B4
:10AD4800C3684BB3036901A9043000249847BA6C5F
:10AD5800D8F8483012791A710BE0D8F8482003F176
:10AD6800080001341A440844D169FEF783FA182C04
:10AD7800CED004EB8403B96C01EB03121B0192697A
:10AD8800002AEAD1503708F15008AF42C5D102B0C5
:10AD9800BDE8F0810449A5E717F0BEFC0080FFFF7D
:10ADA800BCF3002044E70020D8F30020E0EF0020A7
:10ADB80000222DE9F041114610461546F9F782FEAA
:10ADC8001E4B80262A46294618600120F9F77AFE8C
:10ADD8001B4B1C4C2A46186029460220DFF870805D
:10ADE80004F51F57F9F76EFE2046282100F81C5B72
:10ADF800257260606572A572E57225736573C4F883
:10AE08000E50A574E57425756675A575E5752576E6
:10AE18006576FDF723FE84F8E459C4F8E859C4F8C8
:10AE2800EC59C4F81C8004F51F64BC42DCD1064A06
:10AE380000200649BDE8F04117F0FCBB6C1C01205E
:10AE4800CC1C0120BCF30020C0CA0020F96C000013
:10AE5800947A002003681847012A02D10160002073
:10AE68007047022A05D0032AF9D0002AF7D10260D8
:10AE7800F5E70B680360F2E72DE9F04F036895B03A
:10AE880000F10804804608930AAD43682646D0F8C6
:10AE980028C000270993C3690F93C36A13930FCE81
:10AEA8000FC533682B601297CDE91077BCF1000FFE
:10AEB8000AD008F12003CDF848C093E8030010AB8E
:10AEC800C8E90A7783E8030008F11C080DF11009A6
:10AED8004FF0000B584FA4F1080300253E4601939C
:10AEE80002E00135302D58D0142256F8041B0AA868
:10AEF80024F002F90028F4D1A4F1300A002602E077
:10AF08000136302E4CD0142257F8041B504624F03A
:10AF1800F3F80028F4D1AE4246DDA4F131025AE933
:10AF28000201CAE90A0112F8013F04F8013B44454D
:10AF3800F9D1DAF81420C9F800B0CAF84420DAE9DF
:10AF48000865C9E901BB07953EB10AF1180292E804
:10AF58000300CAE908BB89E8030099E803000AF17D
:10AF6800480202AB83E8030092E8030089E8030083
:10AF780093E8030082E80300DAE91442CAF8506053
:10AF88000694CAF8545007921CB103224946484611
:10AF9800A047A8F1300854469CE76FF00045ABE79E
:10AFA8006FF00046AE42B8DC019A0AAE089B002753
:10AFB800139D1360099BDDF848E0536004970FCE9A
:10AFC8002060A260E3603068019A0F9B6160206195
:10AFD800D361C9E901770795BEF1000F06D010AB20
:10AFE800CDE9127793E8030089E80300019A02ACDF
:10AFF80099E8030002F1200384E8030093E80300C2
:10B0080089E80300D4E9000183E803001146936A44
:10B01800C2F828E0D26A0693CD6207921BB10322D8
:10B02800494648469847129B1BB110A90322084677
:10B03800984715B0BDE8F08F8CC800202DE9F04F77
:10B04800884299B00190059100F0158100F1300314
:10B05800994200F0108100F1600300F1080B1E46D0
:10B06800A6F12805DFF83492A6F1300800272C460F
:10B07800CA4603E00137302F00F0058114225AF840
:10B08800041B284624F038F80028F3D14FF0000AB2
:10B0980005E00AF1010ABAF1300F00F0F780142236
:10B0A80059F8041B584624F027F80028F1D1BA456E
:10B0B80040F3E4800EAF4FF0000C56F804EC56F85D
:10B0C80008AC0296CDF85CE056E90C930493CDE900
:10B0D8000C9356F8143C039313930FCD0FC72B68AA
:10B0E8003B60CDF858C0CDE914CCBAF1000F0AD0B6
:10B0F800A6F11003CDF858A093E8030014AB46E975
:10B1080002CC83E80300019BA8EB0308624B4FEADB
:10B11800281AB8F1000F03FB0AFA40F3BA80A6F127
:10B12800140808AD06AF4FF00009039654F8382C00
:10B138002346A44644F8082C54F8342C44F8042C2C
:10B14800A4F13102303C12F8011F03F8011B4345FA
:10B15800F9D15CF81C3CCCF81430C5F80890C5E966
:10B1680000995CF80C2C5CF8106C0B923EB1ACF1B9
:10B17800180393E8030085E803004CE9049995E86F
:10B1880003000CF1180387E8030093E8030085E83F
:10B19800030097E8030083E80300DCF82030DCF8BC
:10B1A80024100A93CCF820600B91CCF824201BB112
:10B1B8000322294628469847BAF1010AA8F130081F
:10B1C800B4D1DDF85CE0039EDDE90C930493139B96
:10B1D8000393019B0EAC049A4FF0000CC3F8009047
:10B1E8005A60DDF85880C5F808C00FCCCBF80000CD
:10B1F800CBF80820CBF80C302068019B039ACBF8D9
:10B208000410CBF81000DA61C5E900CCCDF82CE0C9
:10B21800B8F1000F06D014ABCDE916CC93E80300C3
:10B2280085E80300019A95E8030002F1200387E806
:10B23800030093E8030085E8030097E8030083E828
:10B2480003001146936AC2F82880D26A0A93C1F8AB
:10B258002CE00B921BB10322294628469847169BDF
:10B268001BB114A9032208469847059B3036029A59
:10B2780093427FF4F5AE19B0BDE8F08F40460296D0
:10B28800FFF7FAFDF1E76FF00047FFE66FF0004ABD
:10B298000DE708AD06AF9CE7ABAAAAAA8CC80020A8
:10B2A8002DE9F04F9FB00993531E0A920B9348BFA4
:10B2B800134606915C100290B1EB630F089480F27C
:10B2C8001D8201EB41040DF1380B0DF1480A894646
:10B2D80000EB0414CDF81CB0083409F101030299FD
:10B2E800AD4F00255A004FEA8308BB46019208EB90
:10B2F8004308531E059303EB430301EB081801EBC6
:10B30800031308F10806039302E00135302D76D0C7
:10B3180014225BF8041B304623F0EEFE0028F4D11B
:10B328000495039B002503F1080B02E00135302D3D
:10B3380069D0142257F8041B584623F0DDFE002874
:10B34800F4D12B46049A934204DD059B5E46DDF852
:10B358000C80019309EB4909D8F80020029D731E5F
:10B368004FEA091004F1140105EB09192A50D8F81D
:10B378000420C9F8042013F8012F04F8012B8C428B
:10B38800F9D10023D8F82C20D8F82840CAF808307A
:10B39800CAE90033D8F81C301592C9F81C3044B1FA
:10B3A80008F1200393E8030000238AE80300C8E9B2
:10B3B8000A339AE8030009F12003079D85E8030092
:10B3C80093E803008AE8030095E8030083E8030094
:10B3D800D9F82830D9F82C10C9F828401493C9F89E
:10B3E8002C2015911BB10322514650469847019BCA
:10B3F800089A93420ADA3446DDF804906DE76FF054
:10B40800004304938DE76FF000439BE7DDF81CB021
:10B418000A9BDA0740F11981099B14AC4FF0000C24
:10B428005A6803F10807D3F800A01392D3F81CE078
:10B438000392CDF848A0D3E90A950FCF0FC43B6813
:10B4480023601D95CDE919ECCDE91BCCB9F1000FAE
:10B458000BD0099ACDF8709002F1200393E803000D
:10B468001AABC2E90ACC83E80300019B069AB3F140
:10B47800010948BF994693424FEA690940F34A8156
:10B488000CAB049309EB4903029A434F344602EB91
:10B49800031800251B01BA4608F10806039302E0C9
:10B4A8000135302D75D014225AF8041B304623F08C
:10B4B80023FE0028F4D1AA46002502E00135302DEC
:10B4C8006CD0142257F8041B14A823F015FE00288A
:10B4D800F4D12B465345019B65DD03EB430A04F188
:10B4E8001401DDE902534FEA0A12E85805EB0A1A7B
:10B4F80008F10703A850D8F80420CAF8042013F864
:10B50800012F04F8012B8C42F9D1D8F82C20002106
:10B51800D8F81C30D8F82840CBF80810CAF81C30E6
:10B52800CBE90011119244B108F1200393E803001C
:10B5380000238BE80300C8E90A339BE803000AF1FB
:10B548002003049D85E8030093E803008BE80300CB
:10B5580095E8030083E80300DAF82830DAF82C10BD
:10B56800CAF828401093CAF82C2011911BB1032265
:10B57800594658469847B9F101030699CDF8049001
:10B5880048BF4B4649454FEA630380F2B580994668
:10B5980078E76FF0004A8FE78CC800206FF000430F
:10B5A8005345019B99DC03EB4303029A02EB031812
:10B5B800DDF864E01D9DDDE912A30393039B14AE3F
:10B5C800C8F800A00027C8F80430DDF870C00E974E
:10B5D8000FCE206030686160A260E3602061C8F827
:10B5E8001CE0CBE901771195BCF1000F06D01AAB2E
:10B5F800CDE91C7793E803008BE803009BE8030080
:10B6080008F12003049A82E8030093E803008BE81A
:10B61800030092E8030083E80300D8F82830D8F83C
:10B628002C20C8F828C01093C8F82C5011921BB1D0
:10B6380003225946584698471C9B1BB11AA9032256
:10B64800084698471FB0BDE8F08F023B0B9A48BFE9
:10B658001346019AB2EB630F7FF4DEAE5300029AF1
:10B6680006F11401013303EB43040193230102EBB8
:10B678000414D35804F10805C8F800306368C8F802
:10B688000430E31D13F8012F06F8012B8E42F9D17F
:10B69800E2690023A66A0DF1480AC8F81C20E26A8C
:10B6A80014931592CDE9123336B104F1200103C980
:10B6B800C4E90A338AE803009AE8030008F1200382
:10B6C8008BE8030093E803008AE803009BE8030083
:10B6D80083E80300D8F82830D8F82C10C8F8286078
:10B6E8001493C8F82C2015911BB1032251465046DB
:10B6F80098472E46A0468FE6344659E7069B0DF13B
:10B70800380B029A03EB4308019302EB081808F17F
:10B7180008067DE60CAB344604934FE710B584B0B9
:10B72800F8F712FE00F5FE242021204623F05CFDE8
:10B738000C4A00230C49202814BF204610460B4A07
:10B7480001930B4B0091694602930392F9F74CFB66
:10B75800029B1BB16946032208469847F9F7AAFDE0
:10B76800FCE700BF60930020BD9A000075890000C7
:10B77800798900002DE9F04FC36995B000F1080CF4
:10B78800D0F800900093864666460F93836A0C466D
:10B79800D0F804800AADD0F82CB04FF0000A01931D
:10B7A80010AFCDF82090CDF82480CDF84CB00FCE56
:10B7B8000FC533682B60019BCDF840A0C7E901AAEB
:10B7C800002B00F09080019B12930EF1200393E868
:10B7D8000300CEE90AAA87E8030022680EF11C00DC
:10B7E800CEF80020E21D6168CEF8041012F8011F9F
:10B7F8000CF8011B6045F9D1E269002604ADD4F8C4
:10B808002CC0CEF81C2004F1200AA26ACDE90466F7
:10B818002AB19AE80300C4E90A6685E8030095E8B6
:10B82800030002AE86E8030093E8030085E80300FE
:10B8380096E8030083E80300DEF82830CEF82820D5
:10B84800DEF82C200693CEF82CC007924BB10322C9
:10B858002946284698470F9BDDF84CB00093DDE950
:10B868000898009B0DF1280C4FF0000EE361CDF80D
:10B8780010E0C5F804E0BCE80F00C4E90098A06037
:10B88800DDF84880DCF80000E16022616361A061B6
:10B89800B8F1000F05D0CDE912EE97E8030085E86E
:10B8A800030095E8030086E803009AE8030085E8AA
:10B8B800030096E803008AE80300A36AE26AC4F872
:10B8C80028800693C4F82CB007921BB1032229469E
:10B8D80028469847129B1BB1032239463846984799
:10B8E80015B0BDE8F08F0EF1200376E72DE9F04F93
:10B8F8002DED048BA5B08DF824300B1A0490B3F508
:10B90800407F0892079140F37982089A002A00F054
:10B918008382049B03F1300208EE902A03F1380277
:10B92800083309EE102A08EE103A049A0025079BFE
:10B9380019EE106ABC4C9B1A089A013A1B1108921E
:10B94800BA4A02FB03F3002BB8BF013323F0010707
:10B9580007EB6307079BA3F1300A049B03EB071768
:10B9680003E00135302D00F04E82142254F8041BF8
:10B97800304623F0C1FB0028F3D107F10806DFF8B1
:10B98800A882002403E00134302C00F03F82142206
:10B9980058F8041B304623F0AFFB0028F3D1079B6F
:10B9A800AC42DFF884824FF00006A3F128091BDDC2
:10B9B80003E00136302E00F05081142258F8041BA1
:10B9C800484623F099FB0028F3D1B442C0F24A81DB
:10B9D800B54216DB18EE901A0498FFF7CBFE14E078
:10B9E8000136302E00F01582142258F8041B484600
:10B9F80023F082FB0028F3D1B542EBDBB44280F29E
:10BA0800318151460498FFF7B5FE079B19EE10BA2D
:10BA180018EE905A9846AA4618EE106A02E00AF103
:10BA2800380B9A465746804C0025142254F8041BBC
:10BA3800584623F061FB20B10135302DF5D16FF068
:10BA48000045DFF8E4910024142259F8041B30461D
:10BA580023F052FB20B10134302CF5D16FF00044B3
:10BA6800AC420AF13003DADCA8F1300601970593FD
:10BA7800B04606F10807DFF8B0910025142259F8FE
:10BA8800041B384623F038FB20B10135302DF5D1A1
:10BA98006FF00045AC42A6F13006E9DBC24580F004
:10BAA800C78020ABDAF81C20DAF82C100AF1080558
:10BAB8001AAC0293039200260191DAF800E0DAF852
:10BAC80004C0CDF860E0CDF864C00694DAF8289098
:10BAD8000FCD0FC42B68039A23600199029BCDE90F
:10BAE8001F26C3E901660AF120032391B9F1000F6B
:10BAF80008D0029A93E80300CAE90A6682E80300BC
:10BB0800CDF88890D8F80020CAF800207A1ED8F816
:10BB18000410CAF804100BF1140112F8010F0BF805
:10BB2800010B5945F9D1D8F81C200026D8F828501F
:10BB38000CACCAF81C2008F12009D8F82C200E9665
:10BB48000F92CDE90C662DB199E80300C8E90A66A1
:10BB580084E8030094E803000AAE86E8030093E84B
:10BB6800030084E8030096E8030083E80300DAF89A
:10BB78002830DAF82C10CAF828500E93CAF82C206E
:10BB88000F914BB103222146204698471F9BDDE9C0
:10BB980018EC0393239B0193019B069D0F930FCDF4
:10BBA800C8E900EC4FF0000C3860FB602868039B84
:10BBB800DDF888E0CDF830C07960BA603861C8F83F
:10BBC8001C30C4E901CCBEF1000F06D0029B93E8FB
:10BBD8000300CDE922CC84E8030094E8030086E85A
:10BBE800030099E8030084E8030096E8030089E865
:10BBF80003000199D8F82830D8F82C20C8F828E094
:10BC08000E93C8F82C100F921BB103222146204630
:10BC18009847229B1BB10299032208469847059D25
:10BC28000AF1380BF7E600BF8CC80020ABAAAAAA15
:10BC38009DF8243050460799089AFFF757FE049B51
:10BC4800AAEB0303B3F5407F40F3D880089A002A93
:10BC580000F0E780CDF81CA067E66FF000439C4237
:10BC68003FF4CFAE39460498FFF784FDCDE6169B26
:10BC78001BB1032259465846984718EE103ACDF89A
:10BC880014A04FF00009013B0793019BA3F128047E
:10BC9800A3F114050AAB0893049B03F120029A460A
:10BCA80009926369A4F10800626A2746216A0EAE08
:10BCB80001930292049154F808EC54F804CC0690CD
:10BCC800CDF830E0CDF834C00FCF0FC63B68029AEC
:10BCD80033600499019B1393CBF80890CBE9009942
:10BCE8001792002900F02381049B169304F118038E
:10BCF80093E80300C4E908998BE80300DAF8002008
:10BD0800079944F8082CDAF8042044F8042C224651
:10BD180011F8010F02F8010BAA42F9D1DAF81C2038
:10BD2800DAF82C606261DAF82820C8F80890C8E9C7
:10BD380000991B962AB1099903C9CAE90A9988E8A2
:10BD4800030098E80300089F87E8030093E80300CE
:10BD580088E8030097E8030083E80300236A226267
:10BD6800626A1A9366621B924BB1032241464046AF
:10BD78009847139BDDE90CEC0193179B0293069BF4
:10BD88000EAF039EA3EB0A03CDE918EC04934FEA28
:10BD9800231C684BDDF858E003FB0CFC0FCF0FC6E3
:10BDA8003B68029A3360019B1F93059BC3E9009986
:10BDB800C3F808902392BEF1000F07D0CDE9169979
:10BDC8009BE8030083E80300CDF888E04346624619
:10BDD80000215046FFF764FA229B1BB10599032204
:10BDE80008469847169B1BB1032259465846984760
:10BDF800049B303C303D302B3FF753AF25B0BDECB2
:10BE0800048BBDE8F08F6FF00045B6E56FF0004495
:10BE1800C5E56FF00046EFE5049A0191083208EE97
:10BE2800102A444A1B110DF1500B0DF1800A02FB38
:10BE380003F30DF160089A1E08931AAB039322F0DE
:10BE4800010303EB620352100292049A02EB0319F6
:10BE580009F12002D9F80030D9F81C6009F1080767
:10BE68000EAD0992D9F804200C930D92059307960C
:10BE78002E460692039C0FCF0FC63B680021336005
:10BE8800079E059B13961893D9E90ACECBE90011B2
:10BE9800CDF85CE0CBF80810BCF1000F36D0069A5C
:10BEA80000231992099A92E80300C9E90A338BE83A
:10BEB80003000FCD0FC42B68236000231F96169331
:10BEC8001793CDF88CE09BE803008AE80300CDF8CF
:10BED80088C043460299089AA9F130090498FFF7E7
:10BEE800DFF9229B1BB10322514650469847029B1B
:10BEF800002B3FF4BCAE029B013B0293169B002B28
:10BF0800A6D00322594658469847A1E7069B0EAD8E
:10BF1800039C19930FCD0FC42B682360079B1F93B5
:10BF2800CAF808C0CAE900CCCDF88CE0D1E704F122
:10BF38001803E3E6ABAAAAAA70B5FEF7E7F9D0E9B9
:10BF48000065B54220D0AC1B13494FF000033046C2
:10BF5800221101FB02F22946B2FA82F2C2F11F0253
:10BF68005200FFF7C3FCB4F5407F0EDD06F54074C0
:10BF780030462146FFF762F8A54205D02046303406
:10BF8800FEF77AFFA542F9D170BD29463046BDE8D3
:10BF98007040FFF753B800BFABAAAAAA08B54FF480
:10BFA80000200AF05FFCBDE80840FFF7C5BF00BFEE
:10BFB800704700BF00F1200100224FF0FF0C00F590
:10BFC800307000B54FF03C0EA1F120031A7408330D
:10BFD80083F809E09A729A81DA7183F806C08B4275
:10BFE800F4D103F12A018142EED15DF804FB00BFD0
:10BFF8000B68002210B41C6801781846E36A5DF8E3
:10C00800044B184703880868A3F50051036809B270
:10C018001B6B1847012A02D1016000207047022AD1
:10C0280005D0032AF9D0002AF7D10260F5E70B887A
:10C038000380F2E70B6810B41C6842780178184650
:10C04800636B5DF8044B1847012A02D10160002098
:10C058007047022A05D0032AF9D0002AF7D10260D6
:10C06800F5E70B880380F2E7012A02D1016000207E
:10C078007047022A05D0032AF9D0002AF7D10260B6
:10C08800F5E70B780370F2E7012A02D1016000207E
:10C098007047022A05D0032AF9D0002AF7D1026096
:10C0A800F5E70B880380F2E70B6810B41C68427848
:10C0B80001781846E36A5DF8044B184700234FF4EB
:10C0C80070514FF47F024FF0FF0C0182A0F80EC0B0
:10C0D80042610183C261018442620185A0F862C0A5
:10C0E800A0F864108266A0F86C108374837680F8D8
:10C0F800223080F82A30838580F83C30C38780F866
:10C108004430A0F8463080F84C30A0F84E3080F823
:10C118005430A0F8563080F8663030B5BA4C00F587
:10C12800297EBA4D8463046484640465056080F8DC
:10C138006E300267A0F874108267A0F87C10C0F80F
:10C148008C40C0F89440C0F89C40C0F8A440A0F8C7
:10C15800B6C0A0F8B810C0F8BC20A0F8C010C0F84D
:10C16800C420A0F8C810C0F8CC20A0F8D01080F8DF
:10C17800763080F87E30A0F8803080F89030A0F8D3
:10C18800923080F89830A0F89A3080F8A030A0F863
:10C19800A23080F8A830A0F8AA3080F8BA3080F829
:10C1A800C23080F8CA3080F8D230A0F8D430C0F855
:10C1B800E040A0F8E8C0A0F8EA10C0F8F040C0F8E5
:10C1C800F840A0F80AC1A0F80C11C0F81021A0F896
:10C1D8001411C0F81821A0F81C11C0F82021A0F8EB
:10C1E8002411C0F83441C0F83C41C0F8444180F8FB
:10C1F800E430A0F8E63080F8EC30A0F8EE3080F8B3
:10C20800F430A0F8F63080F8FC30A0F8FE3080F862
:10C218000E3180F8163180F81E3180F82631A0F8EA
:10C22800283180F83831A0F83A3180F84031A0F848
:10C23800423180F84831C0F84C41A0F85EC1A0F8FE
:10C248006011C0F86421A0F86811C0F86C21A0F84A
:10C258007011C0F87421A0F87811C0F88841C0F8AE
:10C268009041C0F89841C0F8A041A0F8B2C1A0F828
:10C27800B411A0F84A3180F85031A0F8523180F852
:10C28800623180F86A3180F8723180F87A31A0F82A
:10C298007C3180F88C31A0F88E3180F89431A0F888
:10C2A800963180F89C31A0F89E3180F8A431A0F82E
:10C2B800A63180F8B631C0F8B821A0F8BC11C0F892
:10C2C800C021A0F8C411C0F8C821A0F8CC11C0F84A
:10C2D800DC41C0F8E441C0F8EC41C0F8F441A0F8F2
:10C2E80006C2A0F80812C0F80C22A0F81012C0F874
:10C2F8001422A0F81812C0F81C22A0F8201280F806
:10C30800BE3180F8C63180F8CE31A0F8D03180F83F
:10C31800E031A0F8E23180F8E831A0F8EA3180F89D
:10C32800F031A0F8F23180F8F831A0F8FA3180F84D
:10C338000A3280F8123280F81A3280F82232C0F8B5
:10C348003042A0F838C2A0F85AC24FF0030CA0F847
:10C358003A12C0F84042C0F84842A0F85C12C0F84F
:10C368006022A0F86412C0F86822A0F86C12C0F825
:10C378007022021DA0F874120121C0F88442C0F88E
:10C388008C42A0F8243280F83432A0F8363280F893
:10C398003C32A0F83E3280F84432A0F8463280F8A9
:10C3A8004C32A0F84E3280F85E3280F8663280F85F
:10C3B8006E3280F87632A0F8783280F88832A0F8A9
:10C3C8008A3280F89032A0F89232C0F89442C0F8CD
:10C3D8009C42022480F89832A0F89A3280F8A03261
:10C3E800A0F8A232C0F8A43213722A3242F82A3CCA
:10C3F80002F826CC02F8254C02F8241C02F8233C4B
:10C408007245F1D130BD00BFFF00003C30790020FB
:10C418002DE9F04F87B0DFF824814FF0000B454E2F
:10C42800019003910592FDF753FB2A23029003FB29
:10C4380000F3049398F800305FFA8BF20092002B17
:10C448006DD000249DF808703B4D4FF0010AA146BD
:10C458000DE049462846FDF73BFBB84209F10109C2
:10C4680098F8003001D10134E4B2994508DA33680C
:10C47800DB07EED42846FFF721FEC6F800A0E8E760
:10C48800009A94424BD9009A0BF1010B019902F1E1
:10C498000109049A039802EBC9020A44917981427E
:10C4A800CAD1D3794BB9059B1B6933B9127A002AD3
:10C4B80038D001220599CA6022E0059B0122029921
:10C4C8001A612A2301FB03F3019903EBC9030B4407
:10C4D8000021D9711B7A23B9059BDA68003A18BF85
:10C4E8000122059BDA602A23029A02FB03F3019AD0
:10C4F80003EBC90313449B7A642B94BF00230123E5
:10C508000599029A8B602A2303FB02F202EBC90306
:10C51800019A1A441346527A9B898A618B8307B021
:10C52800BDE8F08F0599CA68003A18BF0122CA60B1
:10C53800E6E700BF30DB0020C41D0120D7D2002071
:10C548002DE9F04F9A4B89B000279A4E0092894600
:10C558000497054607938DF81120974B3278974C2E
:10C568008DF8101005970693002A34D0DFF8508212
:10C578004FF0010A09E039464046FDF7A9FAA842FA
:10C5880011D0013733789F4223DA2368DA07F2D4CF
:10C598004046FFF793FD39464046C4F800A0FDF732
:10C5A80097FAA842EDD13846FDF782FAC3681B0610
:10C5B800E7D53846FDF77CFA069B0390002B00F080
:10C5C800F580079B03A904A80137984733789F4251
:10C5D800DBDB069B1BB104A90322084698472368A6
:10C5E800DF0740F1CB803378002B00F0D0800027A4
:10C5F800DFF8CC814FF0010ABB460CE059464046B3
:10C60800FDF766FA854201D10137FFB20BF1010B44
:10C618003278934508DA2368D807EFD44046FFF705
:10C628004DFDC4F800A0E9E72A20654905FB00F0A4
:10C638000B181F73002F00F0968000F1030E8E4434
:10C6480000210B461EF801CF8A460CF07F0CE1450D
:10C6580000F092800131CBB29F42F3D8C11D584BF4
:10C668004FF0FF0801EB030A0B33554903EB000EAB
:10C678002A23D44603FB051351461CF801AFBA45DB
:10C6880007D203EB0A0B9BF904B018EA2B0838BF52
:10C69800D046F445F1D1B8F1FF0F06D111F8013FAA
:10C6A800BB4238BF98467145F8D1C246444B4FF05B
:10C6B8002A0E00F10C0103F108070EFB053E194490
:10C6C80007EB000C0EEB0A0069F07F0707710320E7
:10C6D80011F8013D984503D0471E7044037278B2A3
:10C6E8006145F5D12A21364BB8F1030F01FB05311D
:10C6F80081F8088037D82168C90750D54FF02A0B30
:10C708000AF1010301200BFB05FB01930BEBC301AD
:10C718002B4B1944009B81F809908B720872C871E1
:10C728000AB30027DFF89890BA4603E00137337858
:10C73800BB4218DD2368DB0718D539464846FDF7A4
:10C74800C7F9A842F2D10AF10103D045DBB29A46F3
:10C75800ECD1019B1A4A0BEBC30313449F710137B9
:10C768003378BB42E6DC09B0BDE8F08F4846FFF7F6
:10C77800A5FC01232360E0E7984697E71048FFF7F8
:10C788009DFC012323603378002B7FF430AF2A21EE
:10C798000B4A01FB0522137309B0BDE8F08F184658
:10C7A800FFF78CFC012222603278A7E715F0B4FF6E
:10C7B800C99B0000D7D20020A99B000030DB0020D5
:10C7C800C41D01202DE9F04F4C4B8BB04C4F002479
:10C7D800099380464B4B3A7806940291ADF81810AD
:10C7E80007940893002A00F08580474E4FF001090E
:10C7F800464D09E021462846FDF76AF9404511D023
:10C8080001343B789C4222DA3368D807F2D42846B0
:10C81800FFF754FC21462846C6F80090FDF758F962
:10C828004045EDD12046FDF743F9C3681906E7D521
:10C838002046FDF73DF9089B0590002B5CD0099B2D
:10C8480005A906A8013498473B789C42DCDB089C84
:10C8580024B106A903220846A0473B782A224FF0B4
:10C86800000B294D02FB08F203925FFA8BF201924A
:10C87800002B35D00024254E4FF0010AA1460CE0CC
:10C8880049463046FDF724F9404501D10134E4B268
:10C8980009F101093B78994508DA2B68DB07EFD4E1
:10C8A8003046FFF70BFCC5F800A0E9E7019A94426F
:10C8B80016D9029AA2F500542A68D20724B212D5D2
:10C8C800019A0BF1010B039902F101090F4A01EBDF
:10C8D800C9094A4494815FFA8BF20192002BC9D1AD
:10C8E8000BB0BDE8F08F0948FFF7E8FB01223B7861
:10C8F8002A60E5E71C46ACE715F00EFF259B000013
:10C90800D7D20020699B000030DB0020C41D012025
:10C918002DE9F047514B86B0DFF854910024059378
:10C928000F464F4B064699F8002002944D4D8DF85E
:10C93800081003940493002A35D0DFF830814FF0B3
:10C94800010A0AE021464046FDF7C2F8864212D0A5
:10C95800013499F800309C4223DA2B68D807F1D4C7
:10C968004046FFF7ABFB21464046C5F800A0FDF75F
:10C97800AFF88642ECD12046FDF79AF8C36819064D
:10C98800E6D52046FDF794F8049B0190002B62D071
:10C99800059B01A902A80134984799F800309C42E8
:10C9A800DBDB049B1BB102A90322084698472B68CE
:10C9B800DA0744D54FF02A0CDFF8B0800CFB06FCF0
:10C9C80008EB0C03187BB8B30CF1030200244244B3
:10C9D800214603E00134E1B288422DD912F8013F23
:10C9E80003F07F039F42F5D14FF02A0E1E4A0CF147
:10C9F8000C030EFB068E944443440EEB040217719D
:10CA0800032213F8010D884203D0571E7244107296
:10CA18007AB29C45F5D12A2303FB068319722B6849
:10CA2800DB0712D52A230134002206FB03F303EBAC
:10CA3800C403984488F8082006B0BDE8F0870B487E
:10CA4800FFF73CFB01232B60B4E70848FFF736FBF0
:10CA580001232B60E6E715F05FFE00BF119B000085
:10CA6800899B000030DB0020CC1D0120C41D012063
:10CA7800D7D200202DE9F04F6E4B00276E4E884626
:10CA88006E4C914605462DED028B8DB00B93337895
:10CA9800089709978DF820108DF821200A94002B0B
:10CAA80035D0674C4FF0010BDFF89CA109E03946FF
:10CAB8005046FDF70DF8A84211D0013733789F4250
:10CAC80023DA2368D907F2D45046FFF7F7FA394634
:10CAD8005046C4F800B0FCF7FBFFA842EDD1384639
:10CAE800FCF7E6FFC3681A06E7D53846FCF7E0FF0F
:10CAF8000A9B0790002B00F09B800B9B07A908A8B6
:10CB08000137984733789F42DBDB0A9C24B108A998
:10CB180003220846A0473378002B65D04FEA490323
:10CB2800A8F1300B09EBC9129FED468ADBB24FF032
:10CB3800000A029201930BEB8B03414C1B01424FFD
:10CB480003F5117203F64443049203930AE0514635
:10CB58003846FCF7BDFFA84212D00AF1010A337823
:10CB6800534541DD2368DB07F1D43846FFF7A6FAC1
:10CB78000123514638462360FCF7AAFFA842ECD1AE
:10CB88005046FCF795FFB8F1070F45D0B8F10A0FEA
:10CB980048D0A8F11003072B2BD95FFA8BF3072B8A
:10CBA800DBD8049B184405900BF086FF20EE080A9A
:10CBB8004FF68071059843F6FF72FCEEC07A17EEC7
:10CBC800903A0B4043EA090393420AF1010A28BF4D
:10CBD800134607EE903AB8EEE70A80EE080A0CF022
:10CBE80085FD33785345BDDC0DB0BDEC028BBDE847
:10CBF800F08F039B184405900BF05EFF20EE080AA7
:10CC08000299059843F6FF72FCEEC07A17EE903A47
:10CC180003F07F030B43D7E75046FCF707FB019B64
:10CC280003739AE75046FCF701FB019B437394E7B3
:10CC380015F072FD559B0000D7D20020359B0000EF
:10CC480030DB002000FC7F46C41D0120F8B51646E5
:10CC5800A1B10144441E124D4F1E0BE02B6803F096
:10CC68000F01013301312B60F7F79CFBF7F7AEFB9F
:10CC7800BC4203D014F8010F0028EFD106B9F8BD63
:10CC8800074C0020236803F00F01013301312360B2
:10CC9800F7F788FBF7F79AFB00232360F8BD00BF7E
:10CCA8005CE70020A0F15403F0B583B02A2B17D815
:10CCB800DFE803F01B2EA4161616161616161616FF
:10CCC80016161616161616161616161616161616FC
:10CCD800161616445616161616161616858E97002C
:10CCE80003B0BDE8F0400EF0F3BF0023684601240E
:10CCF8006D460093ADF80430F7F740FBE1B201341C
:10CD080015F8010BF7F74EFB072CF7D103B0F0BD70
:10CD1800424D2B784BB100240022204601341146A5
:10CD2800FCF796FA2B78A342F6DCFDF711FF0121F8
:10CD3800002003B0BDE8F040F7F734BB384C0121C0
:10CD4800606B003818BF0120F7F72CFBE08E01213B
:10CD5800003818BF012003B0BDE8F040F7F722BB48
:10CD68004FF48070FCF74CFA2E4905462E4B088884
:10CD7800FF212C462D4A24F8010B20461B6827F07A
:10CD8800BDFC0444264B611B294A5B6B2046C1F558
:10CD9800807127F0B3FC0444264A611B2046C1F584
:10CDA800807127F0ABFC044401222846611BFFF781
:10CDB8004DFF284603B0BDE8F040FCF725BA002037
:10CDC800FCF702FF012103B0BDE8F040F7F7EABA2B
:10CDD8000120FCF7F9FE012103B0BDE8F040F7F7A8
:10CDE800E1BA154C206808B1FCF70EFA0023134984
:10CDF800134A23600B60136003B0F0BD00240A4F90
:10CE080003E0305D2C46F7F7CDFA3E68651C3046E6
:10CE180027F006FCA042E9B2F3D888E7D7D2002071
:10CE2800A8E70020FC71002064C9002000720020DF
:10CE380014720020BC710020F0EF002008F00020E0
:10CE480058C900202DE9F04F89B0F7F7C1FA00283A
:10CE580045D0B54A00F00F06B449C0F3032513685E
:10CE680004460135070A01331360C0F303130B703E
:10CE7800A6F10803062B1BD8082EC0F3033359D19B
:10CE8800082B57D1EDB2C0F30746040EA84B681E15
:10CE980080223146C0B21A70FFF73AFDA54B012037
:10CEA800A54A1D70A54B16701C7009B0BDE8F08F1F
:10CEB800B31E5FFA87F8012B15D9B8F1F70F18BF21
:10CEC800B8F1F00F01D9052E0DD0042E00F05582CF
:10CED800731F022B40F2E4810F2E00F09680002091
:10CEE80009B0BDE8F08FA8F1F108B8F10E0FF6D837
:10CEF80001A353F828F000BFDDAA0000DDAA000056
:10CF0800DDAC0000FFA90000FFA90000DDAA0000B9
:10CF1800FFA9000039AD0000FFA9000053AD0000D3
:10CF280023AD000095AA0000FFA90000DDAA0000BB
:10CF3800E9AC0000092E11D1092B0FD1230EC4F33F
:10CF48000746EDB257D0DCB29022794B681E3146C5
:10CF58001A70C0B22246FFF7F3FA9FE70A2E34D1BF
:10CF68000A2B32D1724BA022C4F30746EDB2240E2D
:10CF78001A7093E7DFF8E091DFF8C481D9F8003040
:10CF880013F0010600F09B820023C8F8A4326C4815
:10CF980000224FF03C0CFF2600F5287E03460021B6
:10CFA80001311A7483F811C0083304299A729A81DE
:10CFB800DA719E71F4D12A307045EFD1C4F3074677
:10CFC8005B4BEDB2240E1F7068E70B2E02D10B2BC2
:10CFD80000F09B800C2E02D10C2B00F0C3800D2E8C
:10CFE8003CD10D2B3AD1524BD022C4F30746EDB2B7
:10CFF800240E1A7052E74E4A8021681E1C46117092
:10D008003146C0B2FFF784FC48E7B8F1F70F3FF6A6
:10D018006AAFB8F1F00F04D04A4B1B88002B3FF4DD
:10D028005EAF494F3B78002B3FF459AF0024474D82
:10D0380004E001343B789C42BFF651AF2046FCF730
:10D0480037FDC3681B06F4D52046FCF731FD03689D
:10D058009B6BAB42EDD041469847EAE70E2E7FF432
:10D068003EAF0E2B7FF43BAF4FEA544BC4F306425E
:10D078006B1EDFF8E8800BF47E5B2D49260C4BEA2B
:10D08800020BD8F800204BEA033BE0231FFA8BFB86
:10D098000B70002A40F0D9812D4F3968002900F023
:10D0A8004F82DFF8BC90D9F80030002BC0F2D58051
:10D0B800002005F05BFFC0F30D018B4540F00E82A8
:10D0C800D7F800A008222349504625F011F8002877
:10D0D80040F04B82D8F80030102B00F066824FF0F9
:10D0E800010AEDB25046691EC9B2F7F75BF9386814
:10D0F800F6B2FCF789F80023240E3B60C9F800302B
:10D108004FF0FF33C8F80030C8E6EDB2C4F3074665
:10D11800074B240EB022681E31461A70C0B2224650
:10D12800FFF7A8FCBAE600BFE8EF0020CBC001205B
:10D13800CFC00120CCC00120CDC00120CEC001202D
:10D14800C41D01209EC00120D7D20020D19A000022
:10D15800F0EF00207C70002030DB002058C9002050
:10D1680008F00020A54BEDB2A54FC02205F1FF3A0B
:10D17800C4F307461A703B785FFA8AFA002B00F06E
:10D188008D804FF0000BDFF87C92DFF87C820AE09C
:10D1980059464046FCF79CFC824558D00BF1010BE0
:10D1A8003A7893457ADAD9F80020D307F0D4404684
:10D1B800FEF784FF0123C9F80030E9E7C4F3074606
:10D1C8003046FFF76FFDFBE68E4E3368DB0740F114
:10D1D80070818D4800224FF03C0CFF2600F5287E18
:10D1E8000346002101311A7483F811C00833042959
:10D1F8009A729A81DA719E71F4D12A308645EFD1FC
:10D20800DCE6804E3368DA071BD57F4B0122C4F376
:10D218000746C3F8A422D3E67A4E3368D80740F10C
:10D228005781794BC4F30746D3F8A402FBF7BAFB3E
:10D23800C6E6744E4FF0FF30FBF7B4FB3368D907EE
:10D24800E3D47148FEF73AFF01233360DDE758461F
:10D2580000223146FBF7FCFFA0E701F803B04FEAD4
:10D268001B2BD9F800203B686848134483F801B0A9
:10D27800D9F80010D8F800200231C9F8001009F0D8
:10D2880005FFD8F80020D9F800100AF041F93B68EA
:10D298001A78302A00F03B81EDB2F6B2240EFDE593
:10D2A800574F3B78002B00F022810025DFF86C9166
:10D2B80003E001353B789D420FDA2846FCF7F8FB7E
:10D2C800C3681B06F5D52846FCF7F2FB03689B6B81
:10D2D8004B45EED041469847EBE7052E1DD0C4F3E9
:10D2E8000749002B00F006810025DFF8308104E0B3
:10D2F80001353B789D4280F2BE802846FCF7D8FB7A
:10D30800C3681806F4D52846FCF7D2FB03689B6B64
:10D318004345EDD049469847EAE73D493D4C0A88E0
:10D328003D482270120A002402700C80F021334A12
:10D33800117003B3394D03E001343B789C421ADA8B
:10D348002046FCF7B5FBC3681A06F5D52046FCF75E
:10D35800AFFB03689B6BAB42EED0F7219847EBE736
:10D368002B492C4C0A882C480B80F021234B227027
:10D37800120A197002700120B2E5214F3B78002B88
:10D388003FF4ADAD0025254E03E001353B789D42C5
:10D398000FDA2846FCF78CFBC3681806F5D5284633
:10D3A800FCF786FB03689B6BB342EED04146984777
:10D3B800EBE7C4F30746002B3FF491AD0025DFF8F7
:10D3C8005C8003E001353B789D420FDA2846FCF784
:10D3D8006FFBC3681906F5D52846FCF769FB036897
:10D3E8009B6B4345EED031469847EBE7240E002B64
:10D3F8003FF475AD0025094E17E000BFCFC00120EE
:10D40800D7D2002030DB0020C41D01206C70002022
:10D418009EC00120CDC00120CEC00120D19A0000BD
:10D4280001353B789D42BFF65AAD2846FCF740FBD4
:10D43800C3681A06F4D52846FCF73AFB03689B6BC9
:10D44800B342EDD021469847EAE7DFF8C891684F24
:10D45800D9F8003039689A423FF7FFAE00297FF4C7
:10D4680027AEEDB2CBF30B01F6B2681E240EC0B2A4
:10D47800FFF7A8F912E5072E7FF44FAF240E002B13
:10D4880038D000255B4E04E001353B789D42BFF65D
:10D4980044AF2846FCF70CFBC3681906F4D52846A8
:10D4A800FCF706FB03689B6BB342EDD02146984717
:10D4B800EAE75148FEF702FE0123336089E6404659
:10D4C800FEF7FCFD0123C8F8A462C9F800305EE548
:10D4D8004948FEF7F3FD01233360A2E64748EDB261
:10D4E8000AF036F800210846F6F75CFFFFE5052E3E
:10D4F8003FF436AF424A0020424C1388424910801C
:10D50800F020424A23701B0A10700B7033E75B78D7
:10D51800782B7FF4C1AE3E4F4FF000083B784BB1FB
:10D528000022404608F101081146FBF791FE3B78BE
:10D538004345F5DCEDB2F6B2240EFDF709FBADE488
:10D548005846C8F800B0EDB2FBF75AFE814638607D
:10D55800002840D0691E0120C9B2F6F723FF2D4BE1
:10D568000022F6B2240E1A6098E4002352460921DC
:10D578006846CDE90033CDE90233CDE90433CDE97E
:10D58800063327F0BBF8D8F800203968002368462E
:10D59800083A0831FAF774FB00F1010A5A4639686B
:10D5A8001D48534609F0D4FF9BE5DFF878C0514683
:10D5B800DAF808005A46DCF834300340CCF8343046
:10D5C800DAF80C004FF0010A03431448CCF8343061
:10D5D80009F0BEFF85E5D8F80010114809F0B8FF3A
:10D5E80049464846C8F80090F6F7DCFEB7E700BFA2
:10D5F800F0EF0020D19A0000C41D0120B470002073
:10D608009EC00120CDC00120CEC00120CFC0012086
:10D61800D7D2002008F000209C70002088700020DD
:10D6280054700020A8E700202DE9F84F01F0F00918
:10D63800824601F00F04B9F1F00F1CD10F2C18D855
:10D64800DFE814F092001700170017001700170002
:10D658001700170000011700F200E900CA001700C0
:10D668001700B0009AF8022020469AF80110FFF738
:10D6780001FABDE8F88F834F3B78002BF9D00026DC
:10D68800814DDFF80C82B3460CE059464046FCF762
:10D698001FFAA0420BF1010B01D10136F6B23B781B
:10D6A8009B4508DA2B68D907EFD44046FEF706FDFC
:10D6B80001232B60E9E7002EDBD0B9F1B00FD1D000
:10D6C8000ED8B9F1800F48D0B9F1900FD1D19AF89E
:10D6D800022020469AF8011082B3FEF731FFC8E70E
:10D6E800B9F1E00F2ED0B9F1C00FC2D19AF801906C
:10D6F800002BBED00026DFF898814FF0010A09E020
:10D7080031464046FCF7E4F9A04211D001363B7897
:10D718009E42AEDA2B68DA07F2D44046FEF7CEFC1A
:10D7280031464046C5F800A0FCF7D2F9A042EDD139
:10D73800304600224946FBF78BFDE7E7BDE8F84F86
:10D74800FFF7E6B89AF8021020469AF8013003EB82
:10D75800C111FFF737F8BDE8F88F9AF80110204695
:10D76800BDE8F84FFFF7D4B8464F46783B78002B12
:10D778003FF47FAF0024454D04E001343B789C42E0
:10D78800BFF677AF2046FCF793F9C3681B06F4D5BC
:10D798002046FCF78DF903689B6BAB42EDD0314610
:10D7A8009847EAE7384C2368DB075ED538480022FB
:10D7B8003C25FF2400F528760346002101311A7420
:10D7C8005D74083304299A729A81DA719C71F5D1D3
:10D7D8002A308642F0D14CE72B4E2D4D336813F09A
:10D7E80001043AD00023C5F8A432294800223C2578
:10D7F800FF2400F528760346002101311A745D7470
:10D80800083304299A729A81DA719C71F5D12A3009
:10D81800B042F0D12DE71C4D2B68DA070CD51C4B14
:10D828000122C3F8A42224E7174D4FF0FF30FBF77D
:10D83800B9F82B68D907F2D41548FEF73FFC012345
:10D848002B60ECE7104C2368D80714D5104BD3F89D
:10D85800A402BDE8F84FFBF7A5B82846FEF72EFC52
:10D868000123C5F8A4423360BFE70948FEF726FC48
:10D87800012323609AE70648FEF720FC0123236072
:10D88800E4E700BFD7D2002030DB0020D19A0000A7
:10D89800C41D01204B4AF8B5136813F0010305D1E4
:10D8A800494801240370037143711460FE290DD0A7
:10D8B800F72945D80806444C09D42279531C224438
:10D8C800DBB25170237162799A422DD9F8BD01F00B
:10D8D800F00300220120B02B2271607110D00DD905
:10D8E800E02B0DD0F02B0DD101F00F03013B012BE4
:10D8F80006D911F00C0F18BF627103E0A02B0AD1F2
:10D9080002236371F7291FD12378F02B3CD0002321
:10D9180000222270D7E701F0E003802BF0D000232B
:10D92800627921709A42D1D821782748FFF77CFE86
:10D9380022780023F02A2371C8D963712370F8BDB7
:10D948002148FFF771FEF8BDF029E8D11F4E21707C
:10D958003378002BB7D000251D4F03E0013533780D
:10D968009D420FDA2846FCF7A3F8C3681B06F5D5D5
:10D978002846FCF79DF803689B6BBB42EED0F0216C
:10D988009847EBE723799EE7104E3378002BBFD0FA
:10D9980000250F4F03E0013533789D420FDA284602
:10D9A800FCF786F8C3681A06F5D52846FCF780F810
:10D9B80003689B6BBB42EED0F7219847EBE72379CE
:10D9C800A6E700BF2CDB0020BC1D0120D7D2002019
:10D9D800D19A000010B5074C2368DB0703D5064B26
:10D9E800064A1A6010BD0548FEF768FB012323604C
:10D9F800F5E700BF30DB002058E70020C41D0120F8
:10DA080000B51FFA81FEBEF17F0F04D81FFA82FC11
:10DA1800BCF13F0F01D95DF804FB012B1CD0022B90
:10DA28000ED0002BF7D1D21001230CF0070C01EB1C
:10DA3800C21103FA0CF2435C23EA02034354EAE7F7
:10DA4800D2100CF0070C012301EBC21103FA0CF3FE
:10DA5800425C53404354DEE7D2100CF0070C01EB54
:10DA6800C21103FA0CF3425C13434354D3E700BFDB
:10DA78002DE9F047884609689146203B184A002955
:10DA88009DF820A052F8236002DD164B33401BB3EB
:10DA980000254FF40007002402E00134062C13D0BF
:10DAA80005EB840C47FA0CFC1CEA060FF5D004EBD6
:10DAB800090229440134534609B212B2FFF7A0FF04
:10DAC800062CD8F80010EBD10135042DE3D105312F
:10DAD800C8F80010BDE8F0870139C8F80010D7E78A
:10DAE800A432002088888800F0B51C461B7885B0D1
:10DAF8001546312B9DF8286003911AD0BBB1002739
:10DB080008E00A2B05F10605039700D101342378B4
:10DB18006BB103997C29F4DC0A2BF2D001342A4634
:10DB280003A90096FFF7A4FF2378002BF1D105B0D5
:10DB3800F0BD01390391E2E7704700BF0000000023
:10DB4800F8B505460C46164602F092FB2B7903B948
:10DB5800F8BD06F1280304F14002601C1946FAF7E3
:10DB6800C1F995ED7A6AB5EEC06AF1EE10FA1BDBE1
:10DB78002034B7EEC66A06F12A052E3607EE904A1B
:10DB88009FED195BB8EEE77BA6EE057BFDEEC77B44
:10DB980017EE907A2B46294601353A462046FAF781
:10DBA800A1F9AE42F6D1F8BD04F12103B7EEC66A79
:10DBB800B0EE085B06F12A0507EE103A1F342E3640
:10DBC800B8EEC77BA6EE057BFDEEC77B17EE907A15
:10DBD8002B462946013522463846FAF783F9B542DD
:10DBE800F6D1F8BDAFF30080CDCCCCCCCCCC08407E
:10DBF80070B50D4690F8F13190F8F0110446DB014C
:10DC080082B0C90104F5FA76A0F806320223A0F81A
:10DC1800041240F20111C0F82C320023A0F81412AB
:10DC2800B0F91C12A0F8F831C0F8303202291E48A9
:10DC3800C4F8F40105DDA4F81C32C4F82432A4F8B1
:10DC4800203294F8F20158BB1069003818BF01203F
:10DC58000023ADF8043018B140F20243ADF80430A7
:10DC680030460DF1060201A9012303F04DF9BDF973
:10DC780006309FED0E6AF2EE046A07EE103A94ED54
:10DC88007B0A2846B8EEC77AC7EE067A67EEA67A08
:10DC980027EE800AC4ED7A7A0AF020FD02B070BD42
:10DCA8000138FBF7B9FBD3E70000FF7F00FEFF4612
:10DCB80030B5002383B00D4690F8F111ADF804306B
:10DCC8000446B0F8F43180F8FA11A3F50043B0F82F
:10DCD800F211A0F8FC31A0F8F81190F8F00138B171
:10DCE800012829D113691BB140F20243ADF8043071
:10DCF80000210DF1060204F5FC700123ADF80610B1
:10DD080001A902F0FDFFBDF906309FED106AF2EEA1
:10DD1800046A07EE103A94ED7B0A2846B8EEC77AF3
:10DD2800C7EE067A67EEA67A27EE800AC4ED7A7AFD
:10DD38000AF0D4FC03B030BD0238FBF76DFB0028B5
:10DD4800D6D040F20243ADF80430D1E700FEFF46DA
:10DD5800012A02D022B100207047016000207047DC
:10DD680002600020704700BF012A02D022B10020C3
:10DD7800704701600020704702600020704700BFB4
:10DD8800012A02D1016000207047022A05D0032A27
:10DD9800F9D0002AF7D10260F5E70B680360F2E7D3
:10DDA800012A02D1016000207047022A05D0032A07
:10DDB800F9D0002AF7D10260F5E70B680360F2E7B3
:10DDC800012A02D1016000207047022A05D0032AE7
:10DDD800F9D0002AF7D10260F5E70B680360F2E793
:10DDE8000368126893F8F131042B1CD8DFE803F0BC
:10DDF800090D11150300104B18689B88106093805B
:10DE080070470E4B1868106070470D4B186810600B
:10DE180070470C4B1868106070470B4B18689B884C
:10DE2800106093807047094B186899889B79106037
:10DE380091809371704700BF207600200C760020F7
:10DE4800107600201476002018760020287600200E
:10DE58000368126893F8F01149B1012903D0023917
:10DE68000020FBF797BA044B1B8813807047034BBD
:10DE78001B881380704700BF30760020C8700020D0
:10DE88000368126893F8F21119B9044B1B881380C0
:10DE9800704701390020FBF77DBA00BF30760020BB
:10DEA80070B5104B064600F5CC74A0F14805036028
:10DEB80004F13801236C0322084603B1984704F1A2
:10DEC8002801236B0322084603B1984704F118017F
:10DED800236A0322503C084603B19847A542E7D17C
:10DEE800304670BD7C7B002070B5104B064600F5AF
:10DEF800CC74A0F14805036004F13801236C0322B7
:10DF0800084603B1984704F12801236B0322084609
:10DF180003B1984704F11801236A0322503C0846CC
:10DF280003B19847A542E7D1304670BD7C7B0020FD
:10DF380070B5134B054600F5CC74A0F14806036094
:10DF480004F13801236C0322084603B1984704F111
:10DF58002801236B0322084603B1984704F11801EE
:10DF6800236A0322503C084603B19847A642E7D1EA
:10DF780028464FF40E7112F01FFC284670BD00BFF2
:10DF88007C7B002070B5134B054600F5CC74A0F1DE
:10DF98004806036004F13801236C0322084603B1E4
:10DFA800984704F12801236B0322084603B19847D8
:10DFB80004F11801236A0322503C084603B198472C
:10DFC800A642E7D128464FF4417112F0F5FB2846E6
:10DFD80070BD00BF7C7B002070B500F5F97288B079
:10DFE80001268B680692079653B30C460546CB6804
:10DFF80007AA06A92046984705F5F873A268CDE94F
:10E008000436EAB1E36805AA04A92046984705F250
:10E01800F113A268CDE9023692B1E36803AA02A916
:10E028002046984705F5F6750422A368CDE9005205
:10E0380033B1E3686A4469462046984708B070BD22
:10E0480014F06AFB70B5012388B000F2F11207934F
:10E058008B6806925BB30C460546CB6807AA06A9EF
:10E0680020469847022605F5F973A268CDE90436DB
:10E07800EAB1E36805AA04A920469847042305F5F0
:10E08800F672CDE90223A3688BB1E36803AA02A95B
:10E098002046984705F5FA75A368CDE9005633B1CF
:10E0A800E36801AA69462046984708B070BD14F095
:10E0B80033FB00BFF0B54FF40E7087B00F68FBF765
:10E0C8009FF80546002800F0B980002400F10803F5
:10E0D80000F5F476047118465022002124F0D4F893
:10E0E800034600F1280100F1380250330462B342BC
:10E0F800C0E9064443E90B44C1E9014443E9074444
:10E10800C2E9014443F80C4CE5D10023504A05F517
:10E11800FA70C5F8F041C5F8EC312A6002F0D0FE7B
:10E12800002295F8F26111461046FBF733F9AC600E
:10E13800C0B205F5F97202AC00218642E860EA61D6
:10E148006A4628BF0646FF2802950CBF082301230C
:10E1580003912B61012385F8F2616B6505F12003BA
:10E16800DFF80CC13B4E94E8030082E803003A490B
:10E17800A96193E8030084E8030092E8030083E8B8
:10E188000300AB6AEA6AC5F828C00493EE620592F8
:10E19800002B59D003222146204698476A6D42F445
:10E1A80000720023B7EE007AD5ED7B7A05F5F8709A
:10E1B80085F8F031AB65F4EEC77AC5F8A830274B7F
:10E1C8006A65FF22C5F808310123EA65F1EE10FA05
:10E1D800C5F8AC204FF00802C5F8A430C5F8F430F3
:10E1E8004FF07F031E492A66C5F8B02085F8F13143
:10E1F80005F2F1131B4AC5F8BC30C5F8B820C5E9CB
:10E208001A1005F5F6701CDCBFEE007AF4EE477ABA
:10E21800F1EE10FA48BFF0EE477A4FF07E531249FC
:10E22800124AC5F8FC304023C5ED7B7AC5F80C01CD
:10E23800C5F8F810C5F80021C5F84431BD6407B029
:10E24800F0BDF0EE477AE8E740F20122A9E700BF07
:10E2580094780020A1B9000088760020A0760020DC
:10E268009076002098760020000080BFABAAAA3DD7
:10E27800E1B80000F0B54FF4417087B00E68FAF7C6
:10E28800BFFF0446002800F00C81002500F10803B8
:10E2980000F5F477057118465022002123F0F4FFA9
:10E2A800034600F1280100F13802503305629F420D
:10E2B800C0E9065543E90B55C1E9015543E907553E
:10E2C800C2E9015543F80C5CE5D10023794A04F50D
:10E2D800FC70C4F8F051C4F8EC314FF40043C4F8B2
:10E2E80000532260A4F8F43102F0DCFCB4F8F21117
:10E2F800B4F8F4310022A4F8F81147F6FF71A3F539
:10E3080000431046C4F804121146A4F8FC31C4F8BE
:10E31800005294F8F071FBF73DF8013004F5F872FB
:10E32800A56002ADC0B2E2612122DFF8B0C1874228
:10E33800E060626528BF0746FF285F4A0CBF0823D4
:10E34800012384F8F0716F4623610023A2615B4AC0
:10E35800CDE9024304F1200395E8030087E80300B0
:10E3680093E8030085E8030097E8030083E80300C7
:10E37800A36AE16A0493C4F828C00591E262002BFD
:10E3880000F095800322294628469847636D43F498
:10E39800007394F8F121042163650023042ADFF84F
:10E3A80040C184F8FA3128BF0422A36584F8F1211A
:10E3B800434AA26604F2F112E2660122C4E9171286
:10E3C8002122C4F8A4203F4ACDE9024304F1700396
:10E3D80095E8030087E8030093E8030085E8030055
:10E3E80097E8030083E80300A36FE16F0493C4F880
:10E3F80078C00591E2671BB1032229462846984751
:10E40800B7EE007A00224FF6FF73D4ED7B7A4FF413
:10E418000041C4F8F820F4EEC77AC4F8FC302A4862
:10E42800A4F8F211F1EE10FAA4F8F41104F5FA7157
:10E43800C4F8B80004F5F670C4F80C11C4E92A232E
:10E448004FF00103214AC4F8F430C4F8443104F50C
:10E45800F973C4F8582140F6AA22C4F8BC301C4B02
:10E46800C4F8B020C4F80021C4F808311CDCBFEEA1
:10E47800007AF4EE477AF1EE10FA48BFF0EE477AE8
:10E488004FF07E531349144AC4F84C314023C4ED6D
:10E498007B7AC4F85C01C4F84811C4F85021C4F868
:10E4A8009431B46407B0F0BDF0EE477AE8E740F283
:10E4B80021236EE7C87900208876002071B9000012
:10E4C800A476002001B90000AC760020A0760020D8
:10E4D800B4760020000080BFABAAAA3DC1B80000F6
:10E4E800A1B8000000B5134885B00023124A039074
:10E4F800694612480292CDE9003302F0D9F9029B2D
:10E508001BB103226946684698470D4800230D4A07
:10E51800694603900C480292CDE9003302F0C8F92D
:10E52800029B1BB1694603220846984705B05DF86F
:10E5380004FB00BFD5BB000071B80000402E0020CE
:10E5480095BD000089B80000442E00200368B3F888
:10E55800F611D3F80022A3F8FA11C3F8FC2170478A
:10E568000368B3F8F611D3F80022A3F8FA11C3F838
:10E57800FC21704703680349106893F8F42120F0E0
:10E58800E7BE00BF0C6F002003680349106893F8CA
:10E59800F32120F0DDBE00BF0C6F0020F8B5044663
:10E5A80090F8F1010F461646002854D11369002B44
:10E5B80045D094F8F201002878D1B4F8F621D4F8BF
:10E5C8000012404B404D03FB0155404BA3FB051384
:10E5D8004FF40041C4F80052DB0803EB8303A5EBBA
:10E5E800430594F8F331013B19415308114094F85D
:10E5F800F421A4F8F631954226D239B31B0AB2EEBB
:10E60800047ADFED336A07EE903A84F8F531F8EED4
:10E61800677A67EE877A87EEA67A84ED7A7A336925
:10E6280013B1022384F8F93194ED7B0A3846D4ED0E
:10E638007A7ABDE8F84020EE270A0AF04FB894F835
:10E64800F2010028F0D027E00029D7D043F4004396
:10E65800A4F8F631D2E7012815D1137994F8F021FE
:10E668009A4210D01B4A84F8F031A2FB031294F8A6
:10E67800F201920802EB4202A3EB4203DDB2D8B9E1
:10E68800012D9AD0CBE70238FAF7C6FE002890D1C0
:10E6980094F8F2010028C2D00138FAF7BDFE00282C
:10E6A800BDD0D4F8FC11B4F8FA218AE70138FAF79A
:10E6B800B3FE002881D0F4E70138FAF7ADFE002850
:10E6C800EFD1DDE70D6619005FF36E3CCDCCCCCC05
:10E6D80000007F43ABAAAAAA10B588B00446182345
:10E6E800084602AA94F8F211CDE90023D4F8FC31C7
:10E6F800B4F8FA210393D4F8EC31ADF80820059367
:10E7080094F8F33194F8F8218DF81930B4F8F6310B
:10E718008DF810108DF8182094F8F41194F8F12160
:10E72800ADF81C3083688DF81A108DF81E203BB3A5
:10E73800C36801AA69469847BDF81C309DF81E00B9
:10E748009DF81A109DF81920A4F8F631059B84F855
:10E75800F10184F8F4119DF818009DF8101084F860
:10E76800F321C4F8EC31039ABDF8083084F8F801B5
:10E7780084F8F211C4F8FC21A4F8FA3108B010BDED
:10E7880013F0CAFF2DE9F0411546064682B0C81CB1
:10E798000C4606F1080205F10A0101900BF09AFBFC
:10E7A80006F1580205F1110101980BF093FB06F1EF
:10E7B800A80205F1180101980BF08CFB019806F1ED
:10E7C800F80205F11F010BF085FB01232A4AA91E57
:10E7D80004F1270005F12907F9F73AFC06F5A472B8
:10E7E80005F1080104F133000BF03EF805F12703A9
:10E7F80004F14002601C1946F9F774FB96F8F931E8
:10E8080093B305F12B01022204F10A000191F9F7F3
:10E81800F9FB0222019904F10B00F9F7F3FB96F8D2
:10E82800F931013B86F8F931103400254FF08008A2
:10E8380005E00135F9F776FB0634082D11D096F876
:10E84800F50148FA05F205233946104220461A46D2
:10E85800EFD10523013506341A46F9F753FB082D85
:10E86800EDD102B0BDE8F081022205F12B0104F1DF
:10E878000A00F9F7A3FBD7E744390020012A02D0A0
:10E8880022B100207047016000207047026000201C
:10E89800704700BF012A02D022B1002070470160F2
:10E8A8000020704702600020704700BF012A02D094
:10E8B80022B10020704701600020704702600020EC
:10E8C800704700BF012A02D1016000207047022A68
:10E8D80005D0032AF9D0002AF7D10260F5E70B68C2
:10E8E8000360F2E7012A02D1016000207047022A82
:10E8F80005D0032AF9D0002AF7D10260F5E70B68A2
:10E908000360F2E7012A02D1016000207047022A61
:10E9180005D0032AF9D0002AF7D10260F5E70B6881
:10E928000360F2E7012A02D1016000207047022A41
:10E9380005D0032AF9D0002AF7D10260F5E70B6861
:10E948000360F2E70B6812685B69197819B9044B20
:10E958001B881380704701390020FAF71BBD00BFE0
:10E96800C87000200B6812685B69197849B10129E1
:10E9780003D002390020FAF70DBD044B1868106067
:10E988007047034B1B881380704700BFC875002071
:10E998003076002070B5104B064600F5CC74A0F117
:10E9A8004805036004F13801236C0322084603B1CB
:10E9B800984704F12801236B0322084603B19847BE
:10E9C80004F11801236A0322503C084603B1984712
:10E9D800A542E7D1304670BD7C7B002070B5134B53
:10E9E800054600F5CC74A0F14806036004F138012F
:10E9F800236C0322084603B1984704F12801236BCE
:10EA08000322084603B1984704F11801236A032238
:10EA1800503C084603B19847A642E7D128464FF430
:10EA2800017111F0C9FE284670BD00BF7C7B002033
:10EA38000022F0B50446114687B0104694F8F1510B
:10EA4800FAF7A8FC0130AC4A00236E46C0B2A261B6
:10EA580004F2F112A3608542E060E2614FF0010226
:10EA680028BF0546FF2862650CBF0821012184F8EC
:10EA7800F15102AD2161A14ACDE9003304F120032F
:10EA880093E8030085E8030096E8030083E80300A1
:10EA9800A36AA262E26ACDE90432994AE262002BD3
:10EAA80000F023810322294628469847636D43F4E2
:10EAB80000730022636594F8F27111461046FAF764
:10EAC80069FC04F5F972C0B2E26600228742E0658B
:10EAD800A26528BF0746FF2800920CBF0823012320
:10EAE800726023660123874AC4F8A43004F17003D6
:10EAF80084F8F271A266844A844F93E8030085E89B
:10EB0800030096E8030083E80300A36FA267E26F9F
:10EB18000493E7670592002B00F0EA800322294658
:10EB280028469847D4F8A43043F400730022C4F868
:10EB3800A430774901230392C4F8A8200922C4F815
:10EB4800B810C4F8AC200522C4F8B030C4F8F430CA
:10EB580004F1C00384F8F42104F5FA720294C4F8AD
:10EB6800BC206C4A95E8030086E8030093E803009C
:10EB780085E8030096E8030083E80300D4F8C8306A
:10EB8800C4F8C820D4F8CC20CDE90432624AC4F8CD
:10EB9800CC201BB1032229462846984700235F4A08
:10EBA8005F4FCDE9024304F1D00395E8030086E8FE
:10EBB800030093E8030085E8030096E8030083E870
:10EBC8000300D4F8D830C4F8D820D4F8DC20049353
:10EBD800C4F8DC7005921BB10322294628469847E1
:10EBE8000123504A08210294C4F8F830C4F80031CF
:10EBF800C4F8443104F2F313C4F808210022C4F81D
:10EC08000C31102384F8F3110392C4F8FC3004F596
:10EC18008873454A454F95E8030086E8030093E862
:10EC2800030085E8030096E8030083E80300D4F8AE
:10EC38001831C4F81821D4F81C210493C4F81C71A5
:10EC480005921BB103222946284698470023384AD3
:10EC5800384FCDE9024304F5907395E8030086E840
:10EC6800030093E8030085E8030096E8030083E8BF
:10EC78000300D4F82831C4F82821D4F82C210493AF
:10EC8800C4F82C7105921BB10322294628469847DF
:10EC9800B7EE007AD4ED7B7A274A04F5F673F4EEE2
:10ECA800C77AC4F85821F1EE10FA1BDCBFEE007ADF
:10ECB800F4EE477AF1EE10FA48BFF0EE477A1F48B3
:10ECC8004FF07E511E4AC4F85C314023C4ED7B7A74
:10ECD800C4F84801C4F84C11C4F85021C4F8943160
:10ECE80007B0F0BDF0EE477AE9E740F20123E0E62D
:10ECF80040F201231AE700BF887600209DC3000078
:10ED080085C4000034390020B5C3000065C4000084
:10ED18003C39002045C4000095C0000025C400000F
:10ED28006DC000001876002005C40000A9C00000CE
:10ED3800E5C3000081C00000A0760020000080BF6D
:10ED4800ABAAAA3DF8B54FF401700F68FAF758FA64
:10ED5800054600283CD0002400F1080300F5F476AD
:10ED6800047118465022002123F08EFA034600F160
:10ED7800280100F1380250330462B342C0E9064466
:10ED880043E90B44C1E9014443E90744C2E90144AA
:10ED980043F80C4CE5D100230E4A0F4928462A6057
:10EDA8004FF48052C5F8E831C5F8EC310B4BC5F883
:10EDB800FC11394685F8F141C5F8F841A5F8F2216A
:10EDC800C5F80052C5F8F431BD64FFF731FEF8BD4F
:10EDD800B864F8BDA87900202443320105000080FA
:10EDE80000B50A4885B00023094A039069460948D6
:10EDF8000292CDE9003301F05BFD029B1BB169462D
:10EE080003220846984705B05DF804FB65C8000072
:10EE1800CDC30000EC2D002000220B689A647047D7
:10EE28000346126801201B6893F8F111FAF7B2BA89
:10EE380038B5044690F8F1010D4660B913697BB9FD
:10EE480094ED7A0AD4ED7B7A284620EE270ABDE8AD
:10EE5800384009F043BC0138FAF7DEFA0028EFD051
:10EE6800D4F8F421B3EE047A0A49BAEE040A0A4B3C
:10EE7800DFED0A6A01FB023307EE903AC4F8F43179
:10EE8800F8EE677A67EEA67AA7EE870A84ED7A0A23
:10EE9800D8E700BF0D6619005FF36E3C0000802FB5
:10EEA80038B5044690F8F1010D46FAF7A3FA94ED47
:10EEB8007E7A94ED7D6A30EE477ADFED207AD4EDE4
:10EEC8007F6A84ED7E0AA6EE277AF0EEC77A84ED93
:10EED8007D7AF4EEE67A76EEE76AF1EE10FACCBFC8
:10EEE80094ED807A94ED817AE7EE267ADFED146A64
:10EEF800B2EE047AC4ED7F7A67EE877AF4EEE67AAA
:10EF0800F1EE10FA14D4F4EEC77AF1EE10FA0ADC36
:10EF1800C4ED7A7A94ED7B0A284627EE800ABDE88C
:10EF2800384009F0DBBBF0EE477A84ED7A7AF1E7F6
:10EF3800F0EE667AC4ED7A6AECE700BF52B87E3F1D
:10EF48000000000070B5044690F8E8010D4616462A
:10EF5800002852D11369003B18BF012323B1D4F80C
:10EF6800FC310133C4F8FC3194F8E901002870D170
:10EF7800327994F80032934202D0612A00F08380FB
:10EF8800D4F8FC31032B84F8002202D9043BC4F8DE
:10EF9800FC31EA6C510749D4D20718D504EB830336
:10EFA800D3F8EC31D5E9001203EB8303521A5B0066
:10EFB800802A07EE903AF8EEE77A55DD9FED590A78
:10EFC800284627EE800ABDE8704009F087BB023367
:10EFD80003EB830304EB031303F1080009F06CFD52
:10EFE800B6EE007AF2EE047A284630EE470ABDE81B
:10EFF800704020EE270A09F071BBE3681A1F8242AD
:10F0080048DC327994F8001291421ED01B1A042B66
:10F01800AAD801A151F823F07FCA0000E5CB00006F
:10F0280021CC0000C3CB0000FFCB000004EB83031E
:10F03800F2EE087A284693ED7B0AB8EEC00ABDE8DE
:10F04800704080EE270A09F049BB94F8E9010028CE
:10F0580096D00138FAF7E0F988B10023C4F8FC31FA
:10F06800327984F8002294E707EE102A2846B8EE91
:10F07800C77ABDE8704087EE870A09F02FBB32795E
:10F08800D4F8FC317EE70323C4F8FC31327984F8E4
:10F0980000227EE70138FAF7BFF900287FF45FAF56
:10F0A80062E702EBC20302EB430202EBC2025532F3
:10F0B800C2F3C40343EA4213DBB20A2B8CBF00231A
:10F0C80001234BE702EBC20302EB430303EBC30349
:10F0D8005533DBB2542B8CBF002301233EE702EBF0
:10F0E800C20302EB430202EBC2025532C2F34213DF
:10F0F80043EAC203DBB2022B8CBF002301232DE7B6
:10F1080002EBC20302EB430202EBC2025532C2F326
:10F11800460343EAC213DBB22A2B8CBF0023012328
:10F128001CE700BF0000803C38B504460D46E36884
:10F138002DED028B90F8F80194ED7B8A98420CBF74
:10F148000123002384F8F0312BD094F8F931CBB1A6
:10F15800D4F8F421184693424FDDB0EB420F0ADD94
:10F16800D4ED7A7A28EE270A2846BDEC028BBDE852
:10F17800384009F0B3BA0538FAF706FA0028EFD094
:10F1880094F8F801FAF736F9F0EE407A20EE080A1A
:10F198002846BDEC028BC4ED7A7ABDE8384009F008
:10F1A8009DBA04F1A80009F087FCDFED1C6A9FED09
:10F1B8001C7A284620EE260ADFED1A7ABDEC028B6F
:10F1C800BCEEC00A10EE103A9BB200EE103AB8EE50
:10F1D800C00A20EE070ABDEEC00A10EE103AA3F2EC
:10F1E800E73300EE103AB8EEC00A20EE270A84EDA5
:10F1F8007A0ABDE8384009F071BA581EFAF70CF9D6
:10F208000028BDD1D4F8F42194F8F9018242A4DB96
:10F21800D4ED7A7A28EE270AA6E700BF00FF7F47D9
:10F22800FAC0F93C0AD7233C012A02D022B10020B7
:10F23800704701600020704702600020704700BFDF
:10F24800012A02D022B100207047016000207047D7
:10F2580002600020704700BF012A02D022B10020BE
:10F26800704701600020704702600020704700BFAF
:10F27800012A02D022B100207047016000207047A7
:10F2880002600020704700BF012A02D022B100208E
:10F29800704701600020704702600020704700BF7F
:10F2A800012A02D1016000207047022A05D0032AF2
:10F2B800F9D0002AF7D10260F5E70B680360F2E79E
:10F2C800012A02D1016000207047022A05D0032AD2
:10F2D800F9D0002AF7D10260F5E70B680360F2E77E
:10F2E800012A02D1016000207047022A05D0032AB2
:10F2F800F9D0002AF7D10260F5E70B680360F2E75E
:10F30800012A02D1016000207047022A05D0032A91
:10F31800F9D0002AF7D10260F5E70B680360F2E73D
:10F32800012A02D1016000207047022A05D0032A71
:10F33800F9D0002AF7D10260F5E70B680360F2E71D
:10F34800012A02D1016000207047022A05D0032A51
:10F35800F9D0002AF7D10260F5E70B680360F2E7FD
:10F36800012A02D1016000207047022A05D0032A31
:10F37800F9D0002AF7D10260F5E70B680360F2E7DD
:10F3880010B50468DFED200ADFED205AF0EE607A50
:10F398009FED1F6A2DED068B94F8F231F7EE008A87
:10F3A8009FED1CAA06EE903A94F8F3319FED1A9A55
:10F3B80007EE103AF8EEE66ADFED189AB8EEC77A6B
:10F3C800E6EEA57AB0EE690AE7EE060AB0EE608AC4
:10F3D80067EE8A0A60EE890AC8EEA00A1CF0B4F942
:10F3E80068EE0A0AF0EE407AB0EE690A60EE890A21
:10F3F800C4ED807AC8EEA00A1CF0A6F984ED810A53
:10F40800BDEC068B10BD00BFCDCCCC3DA1A0A03C6F
:10F41800A1A0A03D00803B476F12833A0AD7233C46
:10F428000368126893F8E91119B9044B1B88138013
:10F43800704701390020F9F7ADBF00BFC870002040
:10F448000368086893F8E8111268B9B14368181F8F
:10F45800884207DC5B1A042B0FD8DFE803F0211F72
:10F468000719130001390020F9F794BF0D4B1868EC
:10F4780099889B7910609180937170470A4B1B881B
:10F4880013807047094B18689B88106093807047F9
:10F49800074B18689B88106093807047054BE6E718
:10F4A800054BE4E76476002030760020547600208F
:10F4B8005C7600206C760020747600200368126861
:10F4C80093F8F11119B9044B1B881380704701395F
:10F4D8000020F9F75FBF00BF30760020036810B442
:10F4E80093F8F9111468A1B1D3F8F421914209DD18
:10F4F800B1EB420F15DC8A1A20460D495DF8044B22
:10F508001FF026BF0A4620460A495DF8044B1FF043
:10F518001FBF094B18681B79206023715DF8044BE5
:10F5280070472246013900205DF8044BF9F732BFD5
:10F53800447600203C760020347600200368126868
:10F5480010B593F8F8110446DB68994206D00120FB
:10F55800F9F720FF2368054A9A6610BD044B054950
:10F568001B8813800368996610BD00BF5076002081
:10F578004C760020183A002070B5D0E900450646C0
:10F58800AC4209D0211DE36803221434084603B1B4
:10F598009847A542F6D1356825B1B1682846491B78
:10F5A80011F00AF9304670BD30B5012385B000F27C
:10F5B800F11203938B680292A3B10C460546CB68FF
:10F5C80003AA02A92046984705F5F6750422A36800
:10F5D800CDE9005233B1E3686A446946204698474A
:10F5E80005B030BD13F098F870B5104B064600F51D
:10F5F800CC74A0F14805036004F13801236C0322A0
:10F60800084603B1984704F12801236B03220846F2
:10F6180003B1984704F11801236A0322503C0846B5
:10F6280003B19847A542E7D1304670BD7C7B0020E6
:10F6380070B5104B064600F5CC74A0F14805036080
:10F6480004F13801236C0322084603B1984704F1FA
:10F658002801236B0322084603B1984704F11801D7
:10F66800236A0322503C084603B19847A542E7D1D4
:10F67800304670BD7C7B002070B5104B064600F507
:10F68800CC74A0F14805036004F13801236C03220F
:10F69800084603B1984704F12801236B0322084662
:10F6A80003B1984704F11801236A0322503C084625
:10F6B80003B19847A542E7D1304670BD7C7B002056
:10F6C80070B5104B064600F5CC74A0F148050360F0
:10F6D80004F13801236C0322084603B1984704F16A
:10F6E8002801236B0322084603B1984704F1180147
:10F6F800236A0322503C084603B19847A542E7D144
:10F70800304670BD7C7B002070B500F5FC7286B079
:10F7180001268B6804920596FBB10C460546CB681A
:10F7280005AA04A92046984705F2F913A268CDE96D
:10F73800023692B1E36803AA02A92046984705F564
:10F74800F6750422A368CDE9005233B1E3686A4430
:10F7580069462046984706B070BD12F0DDFF00BF2D
:10F7680070B5134B054600F5CC74A0F1480603604C
:10F7780004F13801236C0322084603B1984704F1C9
:10F788002801236B0322084603B1984704F11801A6
:10F79800236A0322503C084603B19847A642E7D1A2
:10F7A80028464FF4FC7111F007F8284670BD00BFD9
:10F7B8007C7B002070B5134B054600F5CC74A0F196
:10F7C8004806036004F13801236C0322084603B19C
:10F7D800984704F12801236B0322084603B1984790
:10F7E80004F11801236A0322503C084603B19847E4
:10F7F800A642E7D128464FF4067110F0DDFF2846EF
:10F8080070BD00BF7C7B002070B5134B054600F52A
:10F81800CC74A0F14806036004F13801236C03227C
:10F82800084603B1984704F12801236B03220846D0
:10F8380003B1984704F11801236A0322503C084693
:10F8480003B19847A642E7D128464FF4027110F059
:10F85800B3FF284670BD00BF7C7B002070B5134BFA
:10F86800054600F5CC74A0F14806036004F13801A0
:10F87800236C0322084603B1984704F12801236B3F
:10F888000322084603B1984704F11801236A0322AA
:10F89800503C084603B19847A642E7D128464FF4A2
:10F8A800FE7110F089FF284670BD00BF7C7B0020E8
:10F8B80070B500F5F47288B001268B68049205963D
:10F8C800002B38D00D460446CB6805AA04A9284663
:10F8D800984704F2E913AA68CDE902365AB3EB68EF
:10F8E80003AA02A928469847D4F8F421D4E97B133F
:10F8F8008DF8062004228DF80530D4F8F8318DF8FB
:10F90800041001A98DF80730AB68CDE9061293B150
:10F91800EB6807AA06A9284698479DF904009DF9AF
:10F9280005109DF906209DF90730C4E97B01C4E95B
:10F938007D2308B070BD12F0EFFE00BF70B500F275
:10F94800F11288B001268B680692079653B30C46CD
:10F958000546CB6807AA06A92046984705F5F97316
:10F96800A268CDE90436EAB1E36805AA04A92046ED
:10F97800984705F2F313A268CDE9023692B1E3681D
:10F9880003AA02A92046984705F5F6750422A3683C
:10F99800CDE9005233B1E3686A4469462046984786
:10F9A80008B070BD12F0B8FE2DE9F04F16460F46AC
:10F9B800CD1C04460123881C06F12F014FF00009D5
:10F9C8002DED028B9BB003923E22F8F7BBFA34234D
:10F9D800F11E781C402201940297F8F793FA0199D6
:10F9E8002846E03406F1180701F1080206F10A0179
:10F9F8000AF070FA3346284606F12C052E36029A8C
:10FA0800019908EE905A049625464E4602F10808D8
:10FA180001F1580203F111010AF05CFA0594019B07
:10FA280008F1010AD3F8FC314B4500F03D8155F847
:10FA3800383CA5F12001069355F8343C079355F856
:10FA4800303C089355F82C3C099355F8283C0A9308
:10FA580055F8243C0B9355F8183CCDE90C66CDE9D4
:10FA68000E6643B102220CA8984755F8143C0F9330
:10FA780055F8183C0E9355F8083CA5F11001CDE94E
:10FA88001066CDE9126643B1022210A8984755F8CE
:10FA9800043C139355F8083C1293AB68CDE91466FF
:10FAA800CDE916663BB10222294614A89847EB68AF
:10FAB8001793AB6816932B6906A808F1030B1893E4
:10FAC8006B69199308F0F8FF199C08F10502504674
:10FAD8003B4604F080043946B0EE408A0092F8F7BD
:10FAE80001FA504618EE903A009A18EE901A4FF024
:10FAF800000AF8F7F7F9002C14BF0124022407EBD9
:10FB08000A01A24401225846F8F7CEF9BAF1130FB8
:10FB1800F5DDF7EE007AB3EE047A77EEC87A67EE91
:10FB2800877ABDEEE77A17EE101A002900F09D805B
:10FB3800142900F09A8007EE107A394408F1060279
:10FB48004046B8EEC77A77EE277AFDEEE77A17EEE9
:10FB5800903AF8F7C7F9169B1BB114A90322084677
:10FB68009847129B1BB110A90322084698470E9B81
:10FB78001BB10CA903220846984709F1010908F1AD
:10FB88000E085035B9F1040F7FF449AF029B0025E8
:10FB9800059C5E1E03F13707039B03F11D08994678
:10FBA80054F8383CA4F120010E95069354F8343CDF
:10FBB8000F95079354F8303C089354F82C3C09935C
:10FBC80054F8283C0A9354F8243C0B9354F8183CF6
:10FBD800CDE90C5543B102220CA8984754F8143CBF
:10FBE8000F9354F8183C0E9354F8083CA4F11001F4
:10FBF800CDE91055CDE9125543B1022210A8984716
:10FC080054F8043C139354F8083C1293A368CDE9C4
:10FC18001455CDE916553BB10222214614A8984740
:10FC2800E3681793A36816932369189363691A0600
:10FC380023D41993169B1BB114A90322084698478D
:10FC4800129B1BB110A90322084698470E9B1BB1B3
:10FC58000CA90322084698470E365034BE429FD15D
:10FC68001BB0BDEC028BBDE8F08F3944022307229C
:10FC780040460139F8F756F96DE723F08003301D47
:10FC880041461122199309230090F8F75BF900986F
:10FC9800414609231122F8F735F906AA09F11F018F
:10FCA80030460AF017F9C5E70123052204995046A2
:10FCB800F8F766F9BBE600BF00222DE9F0410446DB
:10FCC80088B010460F46114694F8E851F9F762FBE0
:10FCD8000530634B04F5F472C0B202AEA361002391
:10FCE8008542E26105934FF0010228BF0546FF28CF
:10FCF800A36084F8E85108BF082304AD18BF0123A6
:10FD080004946265574ADFF868C1C4E9030395E8BB
:10FD1800030004F1200386E8030093E8030085E864
:10FD2800030096E8030083E80300A36AA262E26A7C
:10FD38000693C4F82CC00792002B00F08C80032295
:10FD4800294628469847636D43F40073002263658B
:10FD580094F8E98111461046F9F71CFB424AC0B2F3
:10FD68000494A26604F2E9128045E065E26628BFC1
:10FD78008046FF283D4A0CBF0823012384F8E98107
:10FD880023660123DFF8ECC0C4F8A43000230593F0
:10FD9800A36504F1700395E8030086E8030093E87F
:10FDA800030085E8030096E8030083E80300A36FD7
:10FDB800A267E26F0693C4F87CC00792002B47D075
:10FDC8000322294628469847D4F8A43043F4007300
:10FDD800C4F8A430FB6CDB0708D5D7E90035ED1A69
:10FDE80048BF01356D106E1C3F2E37DD6FF03F05A3
:10FDF800402604F5F67204F2012104F1A80000235C
:10FE0800CDE9005609F0C2FC04F5F87204F20621A7
:10FE180004F1F8000023CDE9005609F0B7FC04F519
:10FE2800FA7204F20B2104F5A4700023CDE9005600
:10FE380009F0ACFC002304F5FC7204F5047104F528
:10FE4800CC70CDE9005609F0A1FC08B0BDE8F081FE
:10FE580040F20123BCE740F2012377E7ED43C8E70E
:10FE68008876002021CE00003439002001CE000021
:10FE780061CF000041CF0000F8B54FF406700E685E
:10FE8800F9F7BEF90546002843D04FF40672002161
:10FE980022F0FAF905F5F47705F10803002418466D
:10FEA8005022002122F0F0F9034600F1280100F168
:10FEB800380250330462BB42C0E9064443E90B44AC
:10FEC800C1E9014443E90744C2E9014443F80C4C41
:10FED800E5D1114AA5F8E841C5F8EC412A60FF22AE
:10FEE800C5E97C44C5E97E440C4C85F800220FCC5A
:10FEF800C5F801022068C5F805123146C5F8110297
:10FF08002846C5F80922C5F80D32B564FFF7D4FEB6
:10FF1800F8BDB064F8BD00BF5C7B0020882B0020D2
:10FF2800F0B54FF4FC7087B00F68F9F769F905462A
:10FF3800002800F09080002400F1080300F5F47612
:10FF4800047118465022002122F09EF9034600F160
:10FF5800280100F13802503304629E42C0E9064489
:10FF680043E90B44C1E9014443E90744C2E90144B8
:10FF780043F80C4CE5D13C4B0022A5F8F0412B602E
:10FF8800002311461046C5F8EC31C5F8F451F9F7CD
:10FF980001FA364BC0B2AC60AB6105F2F112FF2832
:10FFA80085F8F1414FF0000102AC0CBF0823012392
:10FFB800E8602B610123EA616A466B6505F120035D
:10FFC80002950391DFF8B8C0294E94E8030082E84F
:10FFD800030093E8030084E8030092E8030083E841
:10FFE8000300AB6AEA6AC5F828C00493EE6205927A
:08FFF800002B36D00322214644
:02000004600199
:10000000204698476B6D43F40073B7EE007AD5ED48
:100010007B7A1A4A00216B65F4EEC77AAA66C5F8A6
:10002000A41005F5F672F1EE10FA1BDCBFEE007AB3
:10003000F4EE477AF1EE10FA48BFF0EE477AD5F8C1
:10004000F4300F4943F04003EA664FF07E52C5EDAD
:100050007B7AC5F8F4300B4BA965EA652B66BD6465
:1000600007B0F0BDF0EE477AE9E740F20123CCE7B4
:100070003C7B002088760020DDCF0000A0760020A9
:10008000000080BFABAAAA3D41CE0000F0B54FF4FE
:10009000FE7087B00E68F9F7B7F80546002800F043
:1000A000CB80002400F1080300F5F47704711846B2
:1000B0005022002122F0ECF8034600F1280100F163
:1000C0003802503304629F42C0E9064443E90B44BE
:1000D000C1E9014443E90744C2E9014443F80C4C37
:1000E000E5D10023002285F8F0410120C5F8EC316C
:1000F0001146564B6F46A5F8F8412B600423C5F80E
:10010000F431F9F74BF9524BC0B20121AB6105F55F
:10011000FC73FF2885F8F841AC6002ACEB6114BFBA
:100120000A4608220023E8602A616965039305F105
:1001300020030295DFF838C1464A94E8030087E8B7
:10014000030093E8030084E8030097E8030083E8D2
:100150000300AB6AE96A0493C5F828C00591EA6216
:10016000002B6FD003222146204698476B6D43F445
:1001700080636B65D5F8F43195F8F9215B00DFF801
:10018000F4C0DBB29A42EB6528BF1A4605F2F913B8
:1001900085F8F9210122EB6600232A66C5F8A42020
:1001A0002D4AAB65AA662D4ACDE9025305F17003CD
:1001B00094E8030087E8030093E8030084E8030061
:1001C00097E8030083E80300AB6FE96F0493C5F879
:1001D00078C00591EA671BB1032221462046984763
:1001E000D5ED7B7AB7EE007ADFED1D6A05F5F67284
:1001F0001C4B77EEA67AC5F8B830F4EEC77AF1EE6C
:1002000010FA1CDCBFEE007AF4EE477AF1EE10FA39
:1002100048BFF0EE477A4FF07E531349C5F8BC2033
:10022000C5F8AC304023114AC5ED7B7AC5F8A8105B
:10023000C5F8B020C5F8F430B56407B0F0BDF0EEF5
:10024000477AE8E740F2014393E700BFFC7A0020D9
:10025000BC7600205DD0000050760020FDCF00006D
:100260006F12033AA0760020000080BFABAAAA3D1F
:1002700081CE000061CE00002DE9F04F034681B031
:1002800091468B4602F10A0700269A695033002AEC
:1002900040D00136062EF8D1042E00F108044FF0AC
:1002A00001050BF1030ACCBF4FF006084FF0070819
:1002B00007E02E2B10D16B1CAE4204F150041D46FA
:1002C00013D923693946224650461B78252BF0D195
:1002D000062D0DD0236E5BB109F000FE6B1CAE4203
:1002E000474404F150041D46EBD801B0BDE8F08F3F
:1002F000224609F108010BF1330009F0B9FA012394
:10030000064AA9F102010BF1270001B0BDE8F04F48
:10031000F7F7A2BE002EBFD1E7E700BF44390020A7
:100320002DE9F04104460D461646FFF7A5FF237957
:100330000BB9BDE8F08194ED7B7AD4ED7A7A11485F
:1003400067EE877AB7EEE77A53EC172B06F0A2FE3A
:1003500006F12703074605F140021946681CF7F726
:10036000C5FD384624F060F93235C0EB80733A465B
:1003700006F12901C0EB830000232844BDE8F041C9
:10038000F7F76ABE147000202DE9F04300F108036E
:10039000002487B0054600F5F47604711846502213
:1003A000002121F075FF034600F1280100F1380219
:1003B00050330462B342C0E9064443E90B44C1E947
:1003C000014443E90744C2E9014443F80C4CE5D138
:1003D0000023002280490120C5F8EC3102AEC5F8A7
:1003E000F4316F4629601146C5F8F831C5F8FC3183
:1003F000C5F8F041F8F7D2FF0138002385F8F14144
:10040000C0B2AC60FF28E860CDE90253734B0CBF6B
:1004100008220122AB6101232A6105F2F1126B650A
:1004200005F12003EA616E4A96E8030087E80300BD
:1004300093E8030086E8030097E8030083E80300DD
:10044000AB6AAA62EA6ACDE90432664AEA62002B24
:1004500000F0BC8003223146304698476B6D43F470
:1004600080636B65FF2300240295EB6505F1D009DD
:10047000C5F8AC300823039405F1A8082B66C5F82D
:10048000B0300123584AC5F8A430C5F8F43005F55A
:10049000F973AA66EB66554B85F8F241C5F8B8309A
:1004A0007F23AC6585F8F33105F2F313C5F8A84056
:1004B000C5F8BC304E4ADFF848C196E8030087E82B
:1004C000030099E8030086E8030097E8030089E841
:1004D0000300D5F8D830C5F8D8200493D5F8DC103F
:1004E000C5F8DCC00591002B6AD0032231463046A6
:1004F00098470294C6E901440594D5F8D840002CE9
:100500005CD0022249463046A047D5E9364296E8FB
:10051000030005F1800387E8030093E8030086E801
:10052000030097E8030083E80300D5F88830D5F886
:100530008C10C5F888400493C5F88C2005911BB138
:100540000322314630469847D5F8D830CDF8088098
:10055000002B3ED0D5F8DC30314648469847B7EE00
:10056000007AD5ED7B7A05F5F673224AF4EEC77A68
:10057000C5F80821F1EE10FA1DDCBFEE007AF4EEAA
:10058000477AF1EE10FA48BFF0EE477A1A484FF07A
:100590007E511A4AC5F80C314023C5F8F8002846A8
:1005A000C5ED7B7AC5F8FC10C5F80021C5F84431CB
:1005B00007B0BDE8F083F0EE477AE7E72246A6E70A
:1005C00002931446C6E9013305939AE740F20143CA
:1005D00047E712F0A5F800BF1C7B0020BC76002086
:1005E000E1CD000041C90000AC6F0020B06F0020D9
:1005F000C1CD0000A0760020000080BFABAAAA3DBC
:10060000A1CE000038B54FF402700D68F8F7FCFD7C
:10061000044608B1FFF7B8FEAC6438BD2C4B9942D4
:100620002DE9F04750D8D0F800E00E4683688046A8
:100630002849A3EB0E027346921001FB02F2964288
:100640003ED9D0F804A0AAEB0E07002E3AD006EB54
:100650008606B600304610F0AFF8D8F800E08146C4
:10066000D8F804A07346F2451AD0CC460024196885
:100670006246DD6842F8041B1969CCF80440C2E9FF
:100680000144CCF8101035B1191D03C9DC6082E8B3
:100690000300CCF80C5014330CF1140C5345E6D184
:1006A000BEF1000F06D0D8F808107046A1EB0E017D
:1006B00010F086F84F444E44C8E90097C8F8086027
:1006C000BDE8F087B146CEE7034811F0F5FF00BF63
:1006D00066666606CDCCCCCCDC7600202DE9F04FEA
:1006E000D0E900965E4B9346A6EB09055D4A83B0C0
:1006F000AD1003FB05F5954200F0AF80012D2B46B0
:1007000007460C4638BF0123ED18A1EB090380F022
:10071000A280002D40F08E804FF0140AA84600956C
:10072000DBF8001008EB0302002548F8031002F183
:10073000040EDBF81030D5601361DBF80C30C2E931
:1007400001553BB10BF1040103C9CBE903558EE818
:100750000300D3604C452FD04B46C4460025186893
:1007600062461969D3F80CA042F8040BCCF8045087
:10077000C2E90155CCF81010BAF1000F06D0191DCE
:1007800003C9DD6082E80300CCF80CA014330CF13F
:10079000140C9C42E3D1A4F1140A334BAAEB090ACE
:1007A0004FEA9A0A03FB0AFA2AF0404A0AF1020ABF
:1007B0000AEB8A0A08EB8A0AB4422BD02346D446B5
:1007C000002562461968D3F80CB042F8041B196979
:1007D000CCF80450C2E90155CCF81010BBF1000F61
:1007E00006D0191D03C9DD6082E80300CCF80CB007
:1007F00014330CF1140C9E42E3D1331B1A4A143B00
:100800009B0802FB03F323F04043013303EB830314
:100810000AEB830AB9F1000F05D0B9684846A1EB8D
:1008200009010FF0CDFF009BC7E9008ABB6003B050
:10083000BDE8F08F954228BF154605EB8505AD0054
:10084000284601930FF0B8FF4319804600F1140ABF
:100850000093019B64E7054DF2E7054811F02CFF7A
:10086000CDCCCCCC66666606CDCCCC0CF8FFFF7F39
:10087000C07600200A4670B5D0E901418C4217D0FD
:100880001168A4460025D6684CF8041B034611697C
:100890006560CCE90155216136B1111D03C9D560F0
:1008A00015618CE80300E6605A6814325A6070BD26
:1008B0002146FFF713FF70BD70B5494E86B005465F
:1008C0000C463268B3689A4227D025B34448D6E92B
:1008D0000031C91A434B891003FB01F10131FFF7C5
:1008E0009DFE0023A6680593CDE90153CDE90333AE
:1008F0003EB10222214602A8B047D4E90232CDE936
:10090000043201A93648FFF7B5FF049B1BB102A9C9
:1009100003220846984706B070BD08213046FFF70D
:100920007DFE0023304A3046039301A9CDE901231F
:100930002E4B05932E4B0493FFF79CFF049B1BB19A
:1009400002A9032208469847002301A92948CDE9B6
:100950000133294B0493294B0393FFF7ADFF039B0E
:100960001BB101A9032208469847002301A9244886
:10097000CDE90133234B0493234B0393FFF79CFFF3
:10098000039B1BB101A9032208469847FDF7AEFD62
:10099000002301A91D48CDE901331D4B04931D4BD4
:1009A0000393FFF789FF039B1BB101A903220846AC
:1009B0009847FEF719FA002301A91748CDE901333A
:1009C000164B0493164B0393FFF776FF039B002B04
:1009D0003FF47BAF01A903220846984775E700BFA3
:1009E00044E70020CDCCCCCC2C72002039C90000CB
:1009F00049CD000030720020A5DB000061CD000071
:100A00003472002041DA000079CD000038720020F5
:100A10001DE1000091CD00003C72002099D900003A
:100A2000A9CD000004480023044A05490360C0E939
:100A3000013311F003BE00BF44E70020C0CA00200C
:100A400099D000002C49D0F8E43001F1020C9A0D45
:100A500031F912103CF9122010B5521AB0F904E025
:100A6000C3F38F10BEF1000F00FB02F201EB224135
:100A70001FFA81FC09B220DDCEEB4E13CEEBC3236F
:100A8000DB1303F5006301FB03F303F10043980D4F
:100A9000C3F38F12194B9C1C33F9103034F910003A
:100AA000C01A00FB02F203EB224000B2401A0EFB18
:100AB00000F00CEBE03000B210BD13F18043104A9F
:100AC000CEF1000E54BF5B006FEA4303941C980DF7
:100AD000C3F38F1332F9102034F91000801A00FB91
:100AE00003F302EB234212B2521A0EFB02F20CEB9A
:100AF000E23C0FFA8CF010BD745D0020583F0020DE
:100B000060490020B0F90430B0F9FC209A4210B4DA
:100B10003CD0A3F5004292B2012A20D94FF00061E7
:100B2000C2F5803CB1FBF2F4B1FBFCF11204A0F879
:100B3000FC30C0E93D14C0F8F020D0F8E430934216
:100B400012D21B0BD0F8F80003FB00F0002815DBD5
:100B5000C00B5DF8044BA0F5004000B270474FF0A9
:100B600000644FF40061E1E79B1AD0F8F420180B01
:100B700002FB00F000F100400028E9DA47F6FF73BD
:100B80005DF8044BA3EBD03318B27047D0F8F020D7
:100B9000D3E700BFB0F90420D0F8E83002F50042F6
:100BA0005B001104B3EB024F03D8CA1834BF0B46E5
:100BB000DB43D0F8E40047F6FF71034A984234BFA4
:100BC00008461046704700BF0180FFFFB0F90430AF
:100BD0004FF6FF71D0F8E42003F50043002AC3EB81
:100BE00003134FEA234303F102039BB203F1FF30E7
:100BF000B1FBF0F1ACBF50006FEA4200000C03FB08
:100C000000F010FB21F0A0F5004000B2704700BFDB
:100C100070B5D0E93924D0E9401394420CD91F4C67
:100C200019461F4E2568C0F800311E4B06FB0533E0
:100C300023601B14C0F80431A3EB010EB0F904C00B
:100C4000530CBCF1000F0EFB03F34FEAE3331ADB46
:100C500058181549140EC2F30F228D1C31F81410C8
:100C600035F81440641A04FB02F201EB1241C1F39F
:100C70004E010EFB01F1C3EBE1330CFB03F300EB80
:100C8000E33000B270BD47F6FF72624410B203FB5E
:100C900000F001EBE03000B270BD00BF78C800206A
:100CA0000D6619005FF36E3C6853002070B547F67F
:100CB000FF7300250221134A0446242605801830BC
:100CC00000F8161C294620F8145C40F8105C00F867
:100CD000085CA0F8E43040F8042C802240F80C3C7A
:100CE000C0F8C85021F0D4FA3246294604F19800E1
:100CF00021F0CEFA3246294604F1BC00BDE870402E
:100D000021F0C6BA00DC05002DE9F04F9146027CC7
:100D100085B004460D4682B90288684E110AD0B2E9
:100D20004A1C56F8211056F82220521A521000FB85
:100D300002F201EBE211C4F8E810002B49D005EBF8
:100D4000030ADFF880B163690133636115F8012B91
:100D5000910722D5217C002943D059498B4254D890
:100D600012F008024DD1B3F5F06F5ED2D4F8EC006A
:100D700000EB40011944B0EB910F4FEA91030BD007
:100D800062614FF0FF32C4F8EC30B2FBF3F1D4F8FB
:100D9000E430C4F8E81002E06261D4E93931A278A5
:100DA0000B440BEBC201C4F8E4304868C30713D509
:100DB00041105BF8323004EB60006258D35898471A
:100DC000E368554503FB00F04FEAE03029F8020BD9
:100DD000B9D105B0BDE8F08F5BF8323004EB6000AC
:100DE000EDE7D4F8E810A368D9E7019B04EB870E80
:100DF000013303F01F03DDE902A5C4F8E030DEF89B
:100E0000BC30D4F8EC20934204D10023D4F8E8108D
:100E10006361E8E74FF0FF32C4F8EC30B2FBF3F166
:100E20000023C4F8E8106361DDE7D4F8E00004F1C2
:100E3000940C04F1B80E4FF0010804EB8001174642
:100E400001908B6100F12101CDE902A58A4613E0F2
:100E500001F01F0104EB81018969CEF8001004EB59
:100E60008701D1F89810B142C8BF1746B8F1090FF1
:100E7000BBD0013208F101085EF8040F5CF8045F92
:100E8000C11A0029B8BF4942491B002905EBE106F8
:100E9000C8BF05EB6106AAEB0201CCF80060002A8E
:100EA000D6D104EB87011844D1F898104010B14214
:100EB000C4F8BC00DADD1746DBE700BF705900203C
:100EC000FFDB050050C800204FF480424FF0005176
:100ED00000234FF4817C016103218385A0F820C0A9
:100EE000816280F8403010B4084CC0E9004247F6F7
:100EF000FF725DF8044B8282012280F8222002F109
:100F00000212C0E90C33C0E90E2370470000FF7FD6
:100F1000002B00F0B780CB1884462DE9F04F87B046
:100F20004FF0000B8E460193009252E0BCF838500F
:100F3000BCF92830AB4200F083809CF84030002B95
:100F40007ED1BCF92C3000244FF0020A0120ACF80D
:100F50002A30A04627462246ACF828B0CCF830B05C
:100F6000AA4255D002F10801474D3CF81110090A78
:100F700055F821100F4462443CF91050CCF834105D
:100F80000DF10C0992F8206006AAED1A02EB860614
:100F90003E4A07CA89E8070056F80C1C31F80820B9
:100FA00031F80A10CCF83070891A04FB01F102EB19
:100FB0001142C2F34E0205FB02F203EBE233009A48
:100FC0001BB2ACF82C3022F8023B019B00929E45EC
:100FD00055D01EF8011B11F00204A7D14D07BCF833
:100FE0003A0017D5B0B102B2BCF92C30BCF8385079
:100FF0004FF0020AA0462746CCF83040ACF8282033
:10100000ACF82A30904219D1C90702F10100A7D5E6
:101010000021B0E7DCE90C739F4214D34FEA176854
:10102000BCF92820BCF92A30C7F30F244FEA48083E
:1010300008F1020ABCF838500028E3D1501C8FE7B1
:10104000BCF900307FE7BCF928304FF0020ABCF849
:101050003E4001331AB23CF91330CCF830B0A24212
:10106000ACF828204FF00004ACF82A3008BFBCF9D7
:101070003C20A046274608BFACF82820DAE707B096
:10108000BDE8F08F704700BF6C5500209C2B0020FE
:10109000012810B535D01C4B4FEAE07C202883FB9B
:1010A00000230344CCEBA30C0CF1020423D004EB8B
:1010B000400E0CF1010C82004FEA4E0EBCF1000F05
:1010C0004FEA4C0302F10A020EF1010E9EFBF3FE01
:1010D0004FEA4E0E0BDD0CF1010C8C4463460CF80C
:1010E000012DA2EB0E02023B5B1A002BF6DC06235D
:1010F00020460B7010BD4FF01A0E8A224FF0050CDF
:10110000E9E70024204610BD9324499208B54B1E00
:10111000272B26D80731164B0138A3FB01310909CB
:10112000072817D8DFE800F00408160C161614106C
:10113000104B53F8210008BD0F4B53F8210008BD98
:101140000E4B53F8210008BD0D4B53F8210008BD8C
:10115000002008BD0B4B40F2FA310B4A0B4821F03E
:1011600077F80B4B40F2F231074A084821F070F84B
:10117000F1F0F0F0A8BA00209CBA002090BA00204C
:1011800084BA0020D4940020D87E0020C09400208F
:10119000789400202DE9F84F0E4618B9002943D164
:1011A000354629E00029FBD04FF00009904604465F
:1011B00001274D460AE0043050440544B5F5004F80
:1011C00018DA09F1010910344E4515D0D4F804B0ED
:1011D000D4F80CA0BBF5004F11D2BAF5004F15D2D0
:1011E00041462078FFF792FF102816D807FA00F33F
:1011F0005B45E0DC4FF0FF352846BDE8F88F0E4B2D
:101200004FF478710D4A0E4821F022F80D4B40F250
:10121000E1310A4A0A4821F01BF80B4B40F2E33156
:10122000064A074821F014F8084B40F2DB31034A24
:10123000034821F00DF800BF58920020EC7E0020FA
:10124000C094002080920020AC9200203C920020AC
:10125000102938B51FD830FA01F41CD101F1FF3E36
:10126000C1B1196820FA0EFCCC43C9100EF1FF3E43
:101270000CF0010C04F00704555CBEF1FF3F0CFAC2
:1012800004FC4CEA050C02F801C0196801F10101E7
:101290001960E7D138BD034BBA21034A034820F057
:1012A000D7FF00BFC0820020B07E0020C094002085
:1012B00008B5431E272B28D800F10803024600FB7F
:1012C00003F3012A03F104034FEA031017D0164B6E
:1012D000D117062A83FB02C31344C1EBA30101F11A
:1012E000020101EB810303EB8303A3F10A0301FB7A
:1012F00003F3A3F13703A0EB0300C8BF2438A0F128
:10130000D003B3F5E64F07D808BD084B4FF4AA71D8
:10131000074A084820F09CFF074B4FF4AE71044A7F
:10132000044820F095FF00BF93244992D8910020F3
:10133000447E0020C09400201892002008B5037855
:10134000A3F1150CBCF19C0F0ED88B420CD9934223
:101350000AD902FB031200EBE20002F00701407819
:10136000084100F0010008BD034B40F20231034A7E
:10137000034820F06DFF00BF78910020287E0020F8
:10138000C094002008B590F800C0ACF1150EBEF175
:101390009C0F1BD88C4519D9944517D902FB0C1208
:1013A0004FEAE20C02F007010CF101024FF0010CD0
:1013B0002BB1835C0CFA01F10B43835408BD835CB1
:1013C0000CFA01F123EA0103835408BD034B40F2F8
:1013D0000B31034A034820F03BFF00BF7891002007
:1013E0001C7E0020C094002001EB4101436899421B
:1013F00010B524DB002B02DD82689A4201D0002068
:1014000010BD02EB4201C4688C42F8D101699142DF
:10141000F5D142698A42F2D102684FEA830C8169B0
:10142000B2EB830F06DA00208C45E9DC9A42A8BFB4
:10143000013010BD9942B4BF00200120F4E7034BF6
:101440004FF43371024A034820F002FF68910020F4
:10145000E47D0020C0940020002B2DE9F041069C83
:1014600027DD8E465F1816180125002A1DDD01466E
:101470002378A3F1150CBCF19C0F1CD899421AD209
:10148000734518D90EFB031301314FEAE30C03F047
:1014900007038E420CF1010C05FA03F314F80C80DB
:1014A00043EA080304F80C30E2D10EF1010EBE4508
:1014B000DBD1BDE8F081034B40F20B31024A034817
:1014C00020F0C6FE789100201C7E0020C0940020F1
:1014D00083002DE9F04F03F1110789B00C4600217C
:1014E00007FB07F20590204607320493D210013221
:1014F00020F0CEFE002F277013DD00252A4601358F
:10150000012306212046FFF73DFFAF42F6D100251B
:1015100029460135012306222046FFF733FFAF425B
:10152000F6D1002600252946013501233246204602
:10153000FFF728FF092DF6D10136092EF2D1049BC1
:101540004FF0000803F109094E464D462946013582
:10155000012342462046FFF715FFAF42F6D108F1BE
:101560000108B8F1090FEFD1002529460135012303
:1015700032462046FFF706FF092DF6D10136B74265
:10158000F2D106A90598FFF783FDB0F1000B6CDDE1
:101590000BF1FF334FF0000A01250393039B0DF17C
:1015A00018094FF0000EB3EB0A0318BF0123029392
:1015B0005EEA0A033BD0BAF1000F40D0BEF1000F43
:1015C00001D1029B4BB306AB99F8006013F80A00F7
:1015D000B11E0336871E03303A462378A3F1150C5B
:1015E000BCF19C0F3AD8934238D98B4236D901FBD3
:1015F000032301324FEAE30C03F0070390420CF19E
:10160000010C05FA03F314F80C8043EA080304F80C
:101610000C30E2D10131B142DED10EF1010309F10A
:1016200001099B4514D09E465EEA0A03C3D1BBF173
:10163000010F09F1010918D04FF0010EB8E7039B23
:101640007345BBD10EF1010309F101099B45EAD1B4
:10165000D6450AF1010308D09A469FE70F4B40F2A6
:101660000B310F4A0F4820F0F3FD059B062B02DCDF
:1016700009B0BDE8F08F049D062303220021063542
:1016800000942846FFF7E8FE03230622294600209F
:101690000094FFF7E1FE09B0BDE8F08F78910020DB
:1016A0001C7E0020C09400202DE9F04F85B00290F0
:1016B000002A00F0818013780393153B9C2B74D88B
:1016C000039B03F1FF39B9F1000F63DD4FEAC10A53
:1016D0004F4600251046CB46CDF800A0062F039BB1
:1016E0004BD0002B3DD007F1010909F00209D84683
:1016F000A7F1020A05E0013CA24509D1B8F10108B1
:1017000031D3ABEB08063C46B9F1000F08BF4646A3
:101710000378A3F115029C2A35D89C4233DA9E4205
:1017200031D203FB064300EBE30203F007035278D8
:1017300042FA03F3DB07DED4009BAB42DBDD029A07
:10174000EB1021460190D35CEA43013502F0070219
:101750001341324603F00103FFF714FE0198CAE774
:101760000127A7F1020ABAF10007B7DCDDF800A0F3
:10177000AA4513D105B0BDE8F08F002BF0D04FF093
:1017800002090527B3E7104B40F202310F4A104817
:1017900020F05EFD00254FEAC10AE9E70D4B40F25B
:1017A00057210D4A0A4820F053FD0C4B40F2F1211D
:1017B0000B4A074820F04CFD0A4B40F2EF21084A43
:1017C000034820F045FD00BF78910020287E0020CE
:1017D000C0940020E4900020347E002088900020F7
:1017E000887F002078900020CBB2072B2DE9F041B4
:1017F00073D81646474A0A2352F8202041EAC2010C
:1018000040F237520C466512013B02FB05F585EAB2
:101810004404F8D144EA812445F212476740E413B6
:1018200070D11D4647FA05F32A460135082103F019
:1018300001033046FFF7A6FD062DF3D1C7F3801351
:10184000072208213046FFF79DFD0822C7F3C01389
:10185000304611460925FFF795FDC7F300230822FE
:1018600007213046FFF78EFD47FA05F3C5F10E015B
:101870000135082203F001033046FFF783FD0F2DE9
:10188000F2D1C6B396F80080A8F115039C2B2BD893
:1018900008F1FF3547FA04F3291B0134082203F04D
:1018A00001033046FFF76EFD082CF3D1A8F10F05B8
:1018B00047FA04F32A190134082103F001033046E2
:1018C000FFF760FD0F2CF3D1A8F108023046012389
:1018D0000821BDE8F041FFF755BD0F4B40F206214E
:1018E0000E4A0F4820F0B4FC0E4B40F2F1210E4A94
:1018F0000B4820F0ADFC0D4B40F2EF210A4A08489E
:1019000020F0A6FC0A4B40F20D21044A044820F0C6
:101910009FFC00BF74BA0020F8900020C87D002012
:10192000C094002088900020887F002078900020BC
:101930001C9100201346D2B2072A2DE9F04F85B042
:1019400000F29E800F46002900F0A88091F80080E8
:10195000A8F115029C2A00F29A80B8F1000F53D02A
:10196000013B06464FF0000B02930BF0010A4FEAD1
:101970006B03002500938AF00103A946DDF808A057
:10198000039301933378A3F115019C2971D84B453A
:101990006FDD5B456DDD0BFB039306EBE30103F0AD
:1019A0000703497841FA03F3DB0724D4BAF1060FA1
:1019B0007BD8DFE80AF0473E53492F2C040009EB9F
:1019C0000B0404F001043C4BA3FB053121F001039F
:1019D00003EB5103EB1A1C44E44304F001045A46A0
:1019E00049463846FFF7AAFC60405A464946C3B20A
:1019F0003846FFF7C7FC09F101095D44C145C1D173
:101A00000BF1010BC345B0D105B0BDE8F08F05F077
:101A10000104D8E7284B05F00101A3FB053020F0B5
:101A2000010303EB5003EB1AD9420CBF012400243D
:101A3000D5E7214B03FB09F4B4F1553F8CBF0024DB
:101A40000124CCE7019CCAE71B4BA3FB0934009B94
:101A500003EB5404E44304F00104C0E709EB0B0476
:101A6000154B03FB04F4B4F1553F8CBF0024012453
:101A7000B5E7124B40F20231114A124820F0E8FB60
:101A8000114B40F26121114A0E4820F0E1FB104B4E
:101A900040F2F1210F4A0B4820F0DAFB0E4B40F2E6
:101AA000EF210C4A074820F0D3FB039BA3EB09046A
:101AB00004F0010493E700BFABAAAAAA7891002022
:101AC000287E0020C0940020F8900020D87D0020BF
:101AD00088900020887F002078900020032910B58E
:101AE0003BD8431E272B46D800F10803012800FBF2
:101AF00003F303F104034FEA031318D0214A4FEA1A
:101B0000E07C062882FB00420244CCEBA20C0CF1E4
:101B1000020C0CEB8C0202EB8202A2F10A020CFB1B
:101B200002F2A2F13702A3EB0203C8BF243BA3F1E8
:101B3000D002B2F5E64F17D801EB8102124C01EB4F
:101B4000C201124A04EB010C11441CF90020095691
:101B500012FB01F0C0EBE30010BD0D4B40F2491148
:101B60000C4A0D4820F074FB0C4B4FF4AE710C4A3C
:101B7000094820F06DFB0B4B4FF4AA71084A064848
:101B800020F066FB93244992782C00201C2D002025
:101B9000C8910020C47E0020C0940020189200202C
:101BA000447E0020D89100202DE9F04F2DED028BCE
:101BB00095B009934B1E0490272B00F21B81032A3A
:101BC000164600F2178106EB8603914A08460D4639
:101BD00006EBC3031A4412F901A08E4A13445B5664
:101BE0000193FFF765FB00283146B8BF0730C410EA
:101BF0002846FFF773FF019A059002F1FF3894FB26
:101C0000FAF30AFB13409B1AB8F11D0F0793AAEBD6
:101C10000003069300F2F580019D00210CA8012429
:101C20002A4620F035FB08F15003002D6B4403F8E1
:101C3000204C47DD019B4FF0000E022730330DEBA7
:101C4000030C0CA810F8011B07220023DD095B0020
:101C5000C5EBC506DBB205EB8605EDB25D4044FA87
:101C600002F3013A03F00103561C13FB01F383EA6C
:101C70000503DBB2EAD1844500F8013C04D00278C8
:101C8000534000F8013CDDE707210023DA095B003F
:101C9000C2EBC200DBB202EB8002D2B25A4047FA7A
:101CA00001F3013903F001034D1C13FB04F383EA34
:101CB0000203DBB2EAD10EF1010E019A724501D0A6
:101CC0001C46BEE7BAF1000F40F38F80002308EEF8
:101CD000108A0393DDE9043203EB020903994846B5
:101CE000DDE906238A42D8BF0133019A00211C4650
:101CF000089320F0CDFA002C5CDD049B09F1010271
:101D00005E1E18EE103A09EB030137460291019965
:101D100009EB01050899CDE90AA606EB01089246F0
:101D200018EE106A99F80030324617F8014F514604
:101D300048465C4020F010FA029B4FF000021A70F7
:101D4000019B002B21DD0DF1300BCE461BF8011B52
:101D500007220023D8095B00C0EBC00CDBB200EB0C
:101D60008C00C0B2584044FA02F3013A03F0010378
:101D700013FB01F34340501CDBB2EBD19EF8002073
:101D800053400EF8013B7545E0D1B845CAD1099CD6
:101D9000DDE90332DDE90AA6C2F10101DDE9065001
:101DA0008A19904216F8012F08BF5B1BB045E25418
:101DB0005344F5D1039B059A9A18019B002B0ADD29
:101DC00001994B46099C09EB010013F8011B98424D
:101DD000A1545244F9D1039B049A013308999A45BE
:101DE0000A44039304927FF479AF15B0BDEC028BE3
:101DF000BDE8F08F084B4FF49471084A084820F072
:101E000027FA084B40F26711074A054820F020FAEC
:101E10001C2D0020782C00201C8200209C7E00209D
:101E2000C0940020848200205C7E00202DE9F04FC9
:101E300089B00491002800F03B8102780746A2F1A6
:101E4000150305929C2B00F22C81D51F072D0FDD69
:101E500007242246002306213846FFF793FA21463D
:101E60000234002306223846FFF78CFAAC42F0DB3E
:101E7000059B4FF0FF3A4FF0140B3846083B99464C
:101E800002936FEA0A03AAF10306029D4FF0FF34A2
:101E9000DB0F002E0093DBB2B8BF7642019303E064
:101EA00001340135082C2BD0E31E002BB8BF5B4258
:101EB000B342B8BF33462BFA03F3DB07F0D5037800
:101EC000E7439C424FEAD7771A466ADA002F68D078
:101ED000009A9A45ACBF002202F001029046002A07
:101EE00040F093809945DBD22146013400234A46D5
:101EF0000390FFF747FA082C039805F10105D3D1A9
:101F00000AF1010A09F10109BAF1080FB9D107462E
:101F100006A90498FFF7BCF8B0F1000B40F38980E4
:101F20000BF1FF3388464FF0000AB9460193019B3D
:101F3000002706AEAAEB0303B3FA83F35B09009311
:101F400057EA0A0325D0BAF1000F45D00FB9009B1C
:101F5000BBB94FF0FF354FF0FF3498F8001055EA49
:101F6000040332784846214404F101040CBF0123E4
:101F700000232A44FFF706FA022CEED10135022D88
:101F8000E9D17B1C01369B452DD01F4657EA0A0339
:101F9000D9D1BBF1010F06F1010649D001231F463B
:101FA000F4E79542BFF47CAFDDF80480924522DA75
:101FB000B8F1000F1FD00023524629460390FFF7C7
:101FC000E1F9039803789C42ACBF002707F00107B2
:101FD000002F3FF465AF85E7019B9F42B6D17B1C84
:101FE00001369B45D1D157450AF1010308F101089B
:101FF0001ED09A469BE79442ACBF002707F001072A
:102000001346002F3FF44CAF6CE7002352462146A5
:102010000390FFF7B7F9039803789D421A46C5D39A
:102020009C42ACBF00270127002F3FF439AF59E78E
:102030004F46049B062B2ADD1D460C2241F62571D6
:10204000EB12013A01FB03F383EA4505F8D1049B47
:1020500045EA0335AE141DD1059BDDF80890A3F1C8
:102060000B08444605F001032146324638460093EA
:10207000FFF788F922460134009B314638466D103F
:10208000FFF780F9A145EDD10136062EE9D109B05F
:10209000BDE8F08F0A4B4FF4F9710A4A0A4820F064
:1020A000D7F80A4B40F2F121094A074820F0D0F84E
:1020B000084B40F2EF21064A034820F0C9F800BF60
:1020C0002C910020007E0020C094002088900020E9
:1020D000887F0020789000202DE9F04F8BB00028F9
:1020E00000F04F8106780446A6F1150233469C2A7B
:1020F00000F24E81002E00F042814FF00009C846E8
:102100004FF0000A5546D3465746CDF814A0CDE906
:1021100003AACDE906AACDE908AA0BE00BF1010B51
:10212000BBF1050F00F0F98001DD08F10108013570
:10213000B54220D04A4629462046FFF7FFF8B8426C
:10214000ECD0BAF1000F00D1B344182203A904A8BF
:1021500020F002F8CDF80CB0002F00F0E180294605
:1021600001354A462046FFF7E9F8B542DA46074608
:102170004FF0010BDED1002F40F0F4800BEB060591
:10218000BAF1000F00D13544182203A904A809F1BF
:1021900001091FF0E1FF314603A80395FFF724F979
:1021A000B14500EB800008EBC008A9D14FF0000951
:1021B0004FF0000A5546D3465746CDF814A0CDE956
:1021C00003AACDE906AACDE908AA0BE00BF1010BA1
:1021D000BBF1050F00F0AD8001DD08F1010801350C
:1021E000B54220D02A4649462046FFF7A7F8B84214
:1021F000ECD0BAF1000F00D1B344182203A904A80F
:102200001FF0AAFFCDF80CB0002F00F095802A46F1
:10221000013549462046FFF791F8B542DA460746B0
:102220004FF0010BDED1002F40F08F800BEB060545
:10223000BAF1000F00D13544182203A904A809F10E
:1022400001091FF089FF314603A80395FFF7CCF879
:10225000B14500EB800008EBC008A9D1731E0093C4
:1022600031D000230193019B00259946013301934E
:1022700002E0009B9D4223DA29464A462046AA46B0
:102280000135FFF75BF883464A4629462046FFF7AB
:1022900055F858450746ECD15146019A2046FFF7BC
:1022A0004DF8B8428246E4D1019A29462046FFF70C
:1022B00045F8009B504508BF08F103089D42DBDB51
:1022C000019A9342CFDC0027B94600253A462946B9
:1022D0002046FFF733F808B109F101090135B5428D
:1022E000F4D10137B742F0D109EB89094FEA8903EC
:1022F00016FB06F66FF0090202FB0633002BB8BF8F
:102300005B423344013B93FBF6F3013B03EB830356
:1023100008EB43000BB0BDE8F08F08F1030806E7B7
:10232000314603A8FFF760F800EB800008EBC00817
:1023300015E708F1030852E7314603A8FFF754F800
:1023400000EB800008EBC00861E7BAF1000F00D194
:10235000B344182203A904A835461FF0FDFECDF8AA
:102360000CB069E7BAF1000F00D1B344182203A9F9
:1023700004A835461FF0F0FECDF80CB004E7B046D7
:10238000B6E7074B40F2EF21064A07481FF060FF0F
:10239000064B40F2F121034A03481FF059FF00BFEA
:1023A00078900020887F0020C09400208890002032
:1023B0002DE9F04F87B01D46174606469DF8483078
:1023C0009DF9449002910193DDE913A420B919B15C
:1023D000934BCE21934A09E0002D04DD109B9D42D2
:1023E00001DC282B05DD904BCF218E4A8F481FF052
:1023F0002FFF032F04D809F10103DBB2082B04D906
:102400008B4BD021874AF1E7013539462846FFF743
:1024100065FB2A46834602993046FEF7BBFEB0F1C3
:10242000FF3F804602D0B0EBCB0F05DD109B9D42F5
:10243000EAD100202070EFE0CDF80C904FF0010BB6
:10244000B146019B4BB15FFA8BF628463146FFF748
:1024500045FBB8EBC00FD8BF37460BF1010BBBF102
:10246000040FEED1AA00002120464E461132DDF8BD
:102470000C9052430732D21001321FF009FF0023A3
:10248000059301934B46C1469846DDE901329342DC
:102490002BD005AB224604213078FEF7D9FE4FF051
:1024A000000B29463078FEF731FE05AB0146224687
:1024B0007068FEF7CDFEF3685B4511DD4FEAEB0374
:1024C000B1682246C85C6FEA0B0301210BF1010BD6
:1024D00003F00703184105AB0840FEF7B9FEEAE731
:1024E000019B103601330193CFE74346C846994616
:1024F000059B434503D04F4BF2214A4A76E73946C4
:102500002846FFF7EBFAB8EBC00F4FEAC00603DD31
:10251000494BF621434A69E7A6EB080105AB224681
:1025200000200429A8BF0421FEF792FE0599224647
:1025300000204B4201F0070103F0070358BF594246
:1025400005AB494201F00701FEF782FE059B5B07E0
:1025500003D03A4BFC21334A48E74FF0EC08059B87
:10256000B34208DA404605AB2246082188F0FD0850
:10257000FEF76EFEF3E753463A4629462046FFF73C
:1025800013FB21462846FEF7A3FF2846FEF790FEE0
:1025900000282246B8BF0730C1105046FFF784F824
:1025A00029462046FFF742FC51462846FEF790FF99
:1025B000B9F1FF3F1CD100256FF000486EB22146F3
:1025C00050463246FFF7B6F9224631463846FFF705
:1025D0000BF92046FFF780FD404501DA8046B14601
:1025E0000135324621465046FFF7A4F9082DE5D1C2
:1025F0005FFA89F3072B04D9114B4FF48C71094A08
:10260000F4E64A4621465046FFF794F938462246FA
:102610004946FFF7E9F8012007B0BDE8F08F00BF99
:102620003C920020FC7E0020AAC30020C094002021
:1026300011C4002055C400206CC4002087C40020B1
:10264000F890002008B528B10078A0F115039C2B64
:1026500007D808BD064B40F2EF21064A06481FF096
:10266000F7FD064B40F2F121024A03481FF0F0FD4E
:1026700078900020887F0020C0940020889000205F
:1026800008B558B103788B4202D99A42964601D3D5
:10269000002008BDBDE80840FEF750BE034B40F2E5
:1026A000F921034A03481FF0D3FD00BF78900020B2
:1026B000747F0020C094002038B578B101780446BA
:1026C00051B10A4D02E014F8011F29B1284620F04B
:1026D000B5FD0028F7D138BD012038BD044B4FF4BB
:1026E0004D71044A04481FF0B3FD00BF8C950020D3
:1026F000BC950020587F0020C09400202DE9F047B1
:1027000084B0002900F0A280054608460F46144612
:1027100021F08AFF0123B0F5004F8DF8003080F0E2
:102720008E8000EB80034D4A4D495B009E1C8B421E
:10273000A2FB06264FEA560600F381800190002E88
:102740005ED13B780396002B50D04FF0000CE04652
:102750006146604602E017F8013FBBB3A3F13002C7
:10276000092A5FD800EB8000013103EB4003032905
:10277000A3F13000EFD1830A5BD16FF009014FF074
:10278000090CA1EB080108EB0C0EAEEB0C0220FAD1
:102790000CF301EB0C090CF1FF3CD21003F0010328
:1027A00009F00709BCF1FF3F14F802A003FA09F38E
:1027B00043EA0A03A354E8D1002017F8013F08F1C7
:1027C0000A084FF0010C0146002BC7D1BCF1000FE5
:1027D00001D0CDF80C8031B101EB410103AB2246B1
:1027E0000131FEF735FD039B9E4214D104AB0294E8
:1027F00013E90F0085E80F00284604B0BDE8F08714
:10280000F21D00212046D2081FF042FD0023039351
:102810003B78002B99D1134B4FF46571124A134842
:102820001FF016FD124B40F289310F4A0F481FF07E
:102830000FFD104BBA21104A0C481FF009FD0F4B39
:1028400040F27F31084A09481FF002FD0C4B40F26C
:102850007A31054A05481FF0FBFC00BFABAAAAAAC3
:10286000FD7F010014960020847E0020C09400208B
:10287000FC950020C0820020B07E0020EC95002056
:10288000DC9500202DE9F04F83B0002900F0AF80E7
:10289000804608468A46154621F0C6FEB0F5004F30
:1028A000019080F09D8000EB800300EB4303013337
:1028B000B3F5803F4FEA630980F29280B9F1000FCF
:1028C0004ED19AF8001000297BD00026DFF84CB1D9
:1028D0003746344603E01AF8011F012789B35846EA
:1028E00020F0ACFC00286ED004EB4404A0EB0B00FD
:1028F000C4EB04140444002FEDD0E30A6AD16FF056
:102900000A000A22801B06EB020CACEB020124FA3F
:1029100002F300EB020E013AC91003F001030EF0BE
:10292000070E03FA0EF315F801E043EA0E036B54A9
:10293000511CEAD100241AF8011F0B362746002942
:10294000CDD1FFB9B14516D10223019A4046C8F84E
:102950000C6088F80030C8E9012503B0BDE8F08FAD
:1029600009F1070200212846D2081FF091FC9AF8CD
:1029700000100029A9D1214B40F2B631204A21484C
:102980001FF066FCA30925D16FF005000522801B0E
:1029900006EB020CACEB020124FA02F300EB020E90
:1029A000013AC91003F001030EF0070E03FA0EF30B
:1029B00015F801E043EA0E036B54531CEAD10636C6
:1029C000C0E70E46C0E7104B40F2AB310C4A0D4851
:1029D0001FF03EFC0D4BBA210D4A0A481FF038FC8F
:1029E0000C4B40F2A131064A06481FF031FC0A4B5D
:1029F0004FF46771024A03481FF02AFC1496002026
:102A0000AC7D0020C0940020CC950020C082002026
:102A1000B07E0020EC950020BC9500208C95002015
:102A20002DE9F04F91B00E4607469046994621F0A9
:102A3000FBFD9DF970A001469DF874B0002850D0B0
:102A40001B9B9B00113303FB03F53B780735ED100F
:102A5000013563B33A461C4602E012F8014F34B325
:102A6000303C092CF9D93846CDE90613FFF724FE8E
:102A7000DDE9061300285FD1A9422BD8721E384623
:102A8000541801E010F8013F02F8013FA242F9D1C9
:102A90000423B1F5004F8DF830301BD2CB00B3F5D5
:102AA000004F17DA0CAC0F93CDE90D1633E0B1F5FA
:102AB000004F0FD201EB81012E4A2F4849008B1C99
:102AC0008142A2FB03234FEA530303DC0733B5EB38
:102AD000D30F15D20023184688F8003011B0BDE896
:102AE000F08FDDE91A344A46CDF808B0CDF804A0DD
:102AF0000094CDE90368FFF75BFC11B0BDE8F08FEF
:102B000008AD394632460CAC2846FFF7F7FD95E88C
:102B10000F0084E80F001B994A461A9B204600913B
:102B20000121CDF808B0CDF804A0CDE90368FFF786
:102B30003FFC11B0BDE8F08FB1F5004FCAD201EBF8
:102B4000810301EB43030133B3F5803F4FEA630296
:102B5000C0DAD31DB5EBD30FBCD308AD394632462E
:102B60000CAC2846FFF78EFE95E80F0084E80F00B6
:102B7000D1E700BFABAAAAAAFD7F010000B50430CF
:102B80004FF0000E51F82E200AB11368036113466E
:102B900002F1100C6AB1D3ED007A90ED007AF0EEFC
:102BA000E77AF4EEC77AF1EE10FA77FE877AC0ED95
:102BB000007A04339C45EDD10EF1030E0430BEF1D2
:102BC0000C0FDFD15DF804FB2DE9F04F764B4FF091
:102BD000000B00F104094FF48062186859464FF069
:102BE000070A2DED048B85B0F1EE048A9FED6F9AF4
:102BF0001FF04EFB5846F6F75FFFC36813F0010362
:102C000000932CD0B1EE087AD9ED047A67EE877A7A
:102C1000FDEEE77A17EE903A002B19DD0E22C3F194
:102C200020015046F5F782F940230E22002150463C
:102C3000F5F76CF90BF1010B0AF1200A09F104090F
:102C4000BBF1040FD6D105B0BDEC048BBDE8F08F0D
:102C50005B420E2220215046F5F768F9E4E7D9EDF2
:102C6000007A27EEA87AB4EEE87AF1EE10FA76D47C
:102C7000B0EE677A0E234FF0070809EE903A412331
:102C8000BEEECF7A029317EE106A032E40F38280D5
:102C90004023042603934FEA4B13B0EE088A0AF14F
:102CA00010074824002501930CE00135F5F78AF957
:102CB000214642463846103CF5F784F9AE42D9ED3C
:102CC000007A14DDF4EEC87A424621465046F1EE11
:102CD00010FAEAD40135F5F799F92146424638460B
:102CE000103CF5F793F9AE42D9ED007AEADCB0EE8C
:102CF000007ADDE90043F4EEC77A1C44DDE90232D4
:102D0000F1EE10FA2046A3EB020119EE903A19EE0B
:102D1000902A009117D5F5F7F9F819EE903A19EEC7
:102D2000902A009904F11000F5F7F0F8D9ED007A37
:102D3000F5EEC07AF1EE10FA7FF77CAF77EEC97A44
:102D4000C9ED007A76E7F5F7F1F819EE903A19EE49
:102D5000902A009904F11000F5F7E8F8E6E7F0EEA4
:102D6000006A37EE267ABDEEC77A17EE108AB0EE0B
:102D7000677AC8F10703BEEECF7A0093C8F1480323
:102D800017EE106A02934FEA4803032E09EE903AB9
:102D90003FF77EAF3301002E03933FF77CAF4FEA3E
:102DA0004B130193A3E700BF1CE20020CDCC4C3EA7
:102DB00010B524200DF000FD2422002104461FF050
:102DC00067FA024A024B22601C6010BDDC780020CA
:102DD00050E700202DE9F043ADF5F75D804687B060
:102DE000002900F0B580894600230493ADF8143023
:102DF000B8F1000F00F0A98040460124F1F7C2FAB3
:102E000098F8051098F8013006A898F8002003916A
:102E100098F80410029198F80310019198F80210A4
:102E2000009151491CF098FA28234FF0FF320DF61B
:102E3000A87106A803940094CDE90132002316AAD4
:102E4000FFF7EEFD20B90DF5F75D07B0BDE8F083A3
:102E500016A8FFF7F7FB06462046F5F723F80021F2
:102E6000402380220846F5F761F80020F5F71AF8AC
:102E7000002E20DD03270025002403E0631C9E4272
:102E800011D01C4621462A4616A8FFF7F9FB002858
:102E9000F4D00223600039461A460330F5F746F8AD
:102EA000631C9E42EDD1AC4205F1010307F102071C
:102EB00001D01D46E0E70020F4F7F4FF1E22202198
:102EC0006020F5F7A3F80120F4F7ECFF1B22202186
:102ED0006020F5F79BF80020F4F7E4FF494606A8C8
:102EE0001CF03AFA5F2106A820F0A8F9A0B3044626
:102EF000002106AA012304F8011B60202221F5F716
:102F0000D1F8012322462A216020F5F7CBF898F862
:102F1000051098F8013098F80020039198F80410F3
:102F2000029198F80310019198F802000F4900905F
:102F300006A81CF011FA06AA10214E20F5F782F817
:102F40000DF5F75D07B0BDE8F0830DF1100853E70C
:102F5000074BD3F8009047E701234A462821602019
:102F6000F5F7A0F8D3E700BF6C6E0020A46E002038
:102F700064C900206FEA000C72B10A44074811F8D6
:102F8000013B83EA0C039142DBB250F8233083EA21
:102F90001C2CF4D16FEA0C00704700BF24340020D1
:102FA00000214FF0400C4FF460430246C0F80C1172
:102FB000A0F800C0C0F81011C0E9411103F1800170
:102FC00022F8023F8BB2B3F5005FF7D1704700BF24
:102FD00000EB4101B1F90200704700BF4078704733
:102FE0002DE9F04F21B1D1F80490B9F1000F17D1BC
:102FF00040230024014680F8142103804FF46043ED
:10300000C0F80C41C0F81041C0E9414403F180020E
:1030100021F8023F93B2B3F5005FF7D1BDE8F08F1E
:10302000B1F90050002DE3D000238646C0F81011FE
:1030300000F182089C46C0F80C3180F8142109F197
:10304000FF3A644647F6FF77194EC0E941334FF423
:10305000A07300F580702EF8803BAAEB0C030CF1F6
:1030600004026FEA040B0CF1010C31F91220043355
:1030700005FB042231F91330BA4205FB0B33A8BF1C
:103080003A46BB42A8BF3B46B242B8BF3246B34203
:10309000B8BF3346E1452EF8022F28F8023D02D88A
:1030A00001344FF0000C7045D7D1BDE8F08F00BF60
:1030B0000180FFFF2DE9F04105468F1A0846D5F83B
:1030C0000811B94203DCD5F80C11B94269DA0FFADC
:1030D00087F805F108044FF07B0C07E034F916E09F
:1030E0000CF1FF3CC645D4BF8C1CB4462CF001014A
:1030F0004FEA6C06BCF1000F2144ACEB060CEDDC92
:10310000A91C641A4FEA640E44F34F04AEF1020E98
:103110000FFA8EFE74454BDB4FF0FF384FF48041C1
:1031200005EB4E0C0EF10106BCF902C0A7EB0C0C2E
:10313000BCF1000FB8BFCCF1000C0FFA8CFC8C4531
:1031400001DAF04661460FFA86FE7445E8DA4FFA76
:1031500088F708F1FF3408F1010105EB480805EB99
:103160004101B8F9026005EB44042F70B1F9021077
:10317000C6EBC607648801EBC101C5F80461394498
:103180000911C5F80C11092114FB01710911C5F8C9
:103190000811697851B913B195F900201A70BDE88A
:1031A000F08169780029F6D0D5F804619019F2E72A
:1031B0004FF0FF3700216FF00104B846CDE700BFA4
:1031C000014B1868704700BF5CBA012070B500F56C
:1031D000805494F80D33EBB1D4F8C832D3B10A88D7
:1031E0000D4DA4F8B8224A882E68A4F8BA22B1F985
:1031F0000420A4F8BC22CA880021A4F8BE2284F8C6
:10320000C012D4F8A82205492A600860984794F8AB
:10321000C0322E60184670BD0000002078350120B5
:1032200038B5012200F58053074C084DA3F8FC2364
:10323000D3F8A82228602568A3F8FE132260D3F8EB
:1032400084349847256038BD00000020783501207F
:1032500038B50B0603D4431803F5A0531A7000F5D4
:1032600080530A4C4FF0020C83F8FD13A3F8FE23A1
:103270000749D3F8A822256883F8FCC30860D3F86F
:10328000843422609847256038BD00BF00000020CC
:103290007835012038B5032200F58053094C4FF0F2
:1032A000000C83F8FC2383F8FD13D3F8A822064909
:1032B0002568A3F8FEC30860D3F8843422609847D9
:1032C000256038BD00000020783501200C4B1968BE
:1032D00001F5117301F6C4115A69824206D01A69C8
:1032E00050335AB18B42F7D100207047D3E91230E6
:1032F000C0F3C0101BB140F0020070471046704789
:1033000078350120084B1A6802F5117302F6C41CC7
:103310005A69824205D01A6950330AB16345F7D120
:1033200070471961704700BF78350120034B1B6857
:1033300003F58053C3F81401704700BF78350120AE
:10334000034B1B6803F58053C3E9C501704700BFF9
:1033500078350120704700BF044A054B1268D2F847
:103360004022D27853F83200704700BF78350120F0
:10337000E8E70020034B1B6803F58053C3F8CC013A
:10338000704700BF78350120B2EE087ADFED565A5B
:10339000B7EE005A9FED556AB4EEE00A21EE071A27
:1033A000F8B5C1EE077A90ED027A05460C46F8EEC4
:1033B000C76A90ED037AF1EE10FAB8EEC77A2DEDF8
:1033C0000C8BC5EE26BA90ED06AAC7EE256A77EEFD
:1033D000867AF0EE409AB0EE609AFEEEE47A6BEEFA
:1033E000A6BA6BEEA7BA7ADDF1EE6BBAB0EE40DAB0
:1033F000F0EE60CAF6EE00DAD5ED077A04F1600669
:103400009FED3BBA0DE0F4EC017A77EE877AA642A5
:1034100044ED017AD5ED077A7BEEA77AC5ED077A00
:103420004ED0F4EEE7CAB0EE4B7AF1EE10FAEAD8DD
:10343000B4EEE7DAF1EE10FAE5DD95ED027A284612
:103440002B68F8EEC7AA1B686AEEA7AAFDEEEA7A17
:1034500017EE907AF8EEE77A791E7AEEE7AA9847A7
:103460002B6839462846B0EE40CA1B6898472B683F
:10347000791C28461B68B0EE408A98472B68F0EE0E
:10348000408AB91C28461B68984730EE480A38EE37
:10349000CC7A78EE688AF0EE687AE7EE2D7A78EEEC
:1034A000A78AE0EE2D8A77EEA87ADAEEA87A6AEE9D
:1034B000A77AE7EE2D7AAAEEA78A2AEE087AA2E783
:1034C000D5ED067A95ED087AC5ED0A9A67EE877A0A
:1034D00085ED0B9ABDEC0C8BC5ED067AF8BDB0EE10
:1034E00060DAF0EE40CA85E700803B470000FE420C
:1034F00000000000704700BF0020704700207047A8
:1035000000487047D8390120006800B180687047D2
:10351000006800B140687047F0B400241C60B2B18C
:10352000A4460FE0D4E90165AE4205F101070ED9CA
:1035300026686245A760745D0C701C6804F1010484
:103540001C6004D004680CF1010C002CEAD10020AE
:10355000F0BC70470020704703683BB1996029B107
:103560005868814234BF0020012070470120704715
:103570000120704710B5044618B112B1C9B21EF04F
:1035800087FE204610BD00BF0A68044B52691B68C5
:103590001278D3F84032DA70704700BF78350120D6
:1035A0000C4B8446106830B41D680B68D5F8401287
:1035B0005A69C978084C11705B69DCF800201B68F7
:1035C00093FBF2F102FB1133044954F8332030BC71
:1035D0001BF0C2BE78350120E8E70020B07500205E
:1035E0002DE9F04F00F5805999F8A01203292DED2F
:1035F000048B83B000F0258199F80D33824643B3E4
:10360000D9F8CC4114B1002900F0A980D9F8FC30D8
:103610009A0630D5002940F096805046F4F778FDA0
:10362000D9F8E0324BB1924CD9F8A82291492568DB
:10363000C1F800A0226098472560D9F89C321BB1E0
:10364000D9F8FC30DB061CD403B0BDEC048BBDE81C
:10365000F08FF4F71DFCD9F804430AF6CC45CCB939
:1036600000232A461946184603B0BDEC048BBDE87A
:10367000F04FF4F7F1BC00296BD1504606F0F4FE90
:10368000CEE70121452003B0BDEC048BBDE8F04F2F
:10369000F4F730BED9F808232846774924F001040E
:1036A000C9F8D4501BF058FED9F8D430D9F8A82264
:1036B00018447249C9F8D4001BF04EFED9F8D43032
:1036C000D9F8D42218446E49C9F8D4001BF044FE3E
:1036D000D9F8D430D9F8082318446A49A21A2388A3
:1036E000C9F8D4001BF038FED9F8D4302246D9F8F6
:1036F0000813184432F8023FC9F8D400521A61493D
:103700001BF02AFED9F8D4302246D9F80813184401
:1037100032F8043FC9F8D400521A5A491BF01CFE73
:10372000D9F8D430D9F80813184434F8063FC9F84A
:10373000D400621A53491BF00FFED9F8D430184454
:10374000C9F8D4008CE70AF59550EFF7ADFE0146B5
:1037500063E70AF59550EFF7A7FE01468DE794ED74
:103760000A9A0025D4ED0B7A9FED477A2E4677EE24
:10377000C97ADFF81C81C7EE879A0BE03046C5F1A5
:1037800032035A46C7F13201F4F7B0FBBBF17F0FA9
:103790005E4635D0D4ED027A204623682F46F8EEF7
:1037A000E77A06F1010B1B6867EE897AFDEEE78A7E
:1037B000B8EEE87A18EE901A37EEC78A9847236871
:1037C00018EE901AF0EE408A20461B6801319847A7
:1037D00008FB06F330EE680AB3F1553F39EE299A3B
:1037E000E8EE008AF0EE687AFEEEEE7ACDED017A30
:1037F0009DF90450C2D830463221F4F767FBBDE78B
:10380000D4ED0B6A94ED0A7AF4EEC76AF1EE10FA81
:103810001FDDD4ED077A9FED1C6A37EEC77AC7EE3D
:10382000267A67EE867AFDEEE77A17EE902A104642
:103830003A232A21F4F75AFB00215046F4F768FC9A
:10384000EEE6124903B0BDEC048BBDE8F04F06F084
:103850000BBE94ED076ADFED0C7A76EE666A86EEB3
:10386000876AE6EE677AFDEEE77A17EE902ADEE7E2
:103870000000002078350120D4380020E4380020F2
:10388000F4380020043900200000FE42E0730020DC
:10389000ABAAAAAA0B4B196801F5117C01F6C41159
:1038A000634602E050338B420BD05A698242F9D111
:1038B000A3EB0C00044B001103FB00F040B204F03A
:1038C00065BD704778350120CDCCCCCC0146014890
:1038D00003F042BEA83A0020124B1A6870B502F6F7
:1038E000C813064602F6C83C01E0634516D01C46E4
:1038F00004332268002AF8D13046F5F785FCB0FA87
:1039000080F3054620605B0906B10BB9284670BDFF
:1039100031460548F2F706FB284670BD0123002515
:10392000F2E700BF78350120F0BE00202DE9F0411C
:10393000804630201F460E461546FFF7CDFF302249
:10394000002104461EF0A4FC054B2046C4F810805C
:103950006360044B67612360C4E90265BDE8F081E0
:10396000A8C20020D07800202DE9F04180461546FD
:1039700030201F460E46FFF7AFFF302200210446DD
:10398000ADB21EF085FC064A064B2046C4F81080F6
:103990006761A6606260E5602360BDE8F08100BFFA
:1039A000A8C20020C4780020124B1A6870B502F635
:1039B000C8130E4602F6C83C01E0634517D01C460A
:1039C00004332268002AF8D106FB00F0F5F71CFC4E
:1039D000B0FA80F3054620605B0906B10BB92846B2
:1039E00070BD31460448F2F79DFA284670BD0123A8
:1039F0000025F2E778350120D4BE0020124B1A686A
:103A000070B502F6C813064602F6C83C01E06345ED
:103A100016D01C4604332268002AF8D13046F5F748
:103A2000F3FBB0FA80F3054620605B0906B10BB9E1
:103A3000284670BD31460548F2F774FA284670BD35
:103A400001230025F2E700BF783501206C800020BB
:103A5000FFF7D4BF024B18681030FFF7BFBA00BFA2
:103A60007835012030B5194D0B46044683B02A68DD
:103A700002F58051D1F80C01A8B1D2F8401201939F
:103A80000A7CC978F5F786FE2A68019B214602F573
:103A90008052D2F80C0190F81421D20103B0BDE895
:103AA0003040FFF707BB4FF48C700193FFF714FF12
:103AB0002A6802F58052C2F80C01FFF771FA2A68F1
:103AC000019B02F58051D1F80C01D6E77835012031
:103AD00038B5154D04462B6803F58052D2F80C0119
:103AE00080B1D3F840321A7CD978F5F753FE002C18
:103AF00001DA002038BD2868E1B21030BDE8384056
:103B0000FFF766BA4FF48C70FFF7E6FE2B6803F5FB
:103B10008053C3F80C01FFF743FA2B6803F580527A
:103B2000D2F80C01DDE700BF78350120DFED1E7A09
:103B300090F8242061EE277A80ED070AC0ED060A8E
:103B4000FCEEE77A10B582B0CDED017A9DF8043035
:103B50009A4226D0DFED157AB3EE086A90ED027A2C
:103B6000BFEE000A21EE271AD0ED037AB8EEC77A2D
:103B70009FED0F5AF8EEE76ADFED0E5A044680F823
:103B8000243027EE017AC7EE267A77EE857A67EE43
:103B9000A57A67EE867A80EE270A16F0F7FD84EDA7
:103BA000080A02B010BD00BF00007F43ABC222472D
:103BB00000007A446F12833A2DE9F8430F4F002436
:103BC00006460D46D7F80080DFF8349006E03B68E3
:103BD000D9F80820A3EB0803934209D2291B301916
:103BE0000EF06CFA0444A542F1D82046BDE8F883F3
:103BF0000123204689F80C30BDE8F8835CBA012027
:103C00008CC600200EF0ECBAF8B50F4E3378D3B165
:103C100000250E4F2C4603E03378ECB2A34212D9B4
:103C200020460135F5F748FF3B688342F4D1204632
:103C3000F5F708FB002201462046F5F70DFB337827
:103C4000ECB2A342ECD8F8BDD7D2002078350120E1
:103C50002DE9F0410023804682B00846C8F80030C4
:103C60000E46019320F0E0FC08284FF0010428BF25
:103C7000082007466A4601A920460134F3F736FFBB
:103C80003A463146A8B1019B002BF3D01EF034FA1E
:103C900005460028EED10C20FFF71EFE8560DDE909
:103CA0000032C0E90023C8F80000284602B0BDE891
:103CB000F0810425284602B0BDE8F0810FB400B5BC
:103CC00083B0074C402104AB204653F8042B0193EA
:103CD0001DF038FD002122460846F4F7B3F900BF75
:103CE000BC330120844608461146DCF840222DE909
:103CF000F041147834B90CF580575D69D7F810217C
:103D0000954208D0DC6C1A4624F48074DC64BDE86B
:103D1000F04105F0ADBDDA6CA0F10806A1F108058F
:103D200042F48072DA6497F8C0314BB341F23B1829
:103D3000E04412E01A4606EBC00029460134F4F7CD
:103D4000F5F898F80030013B88F8003097F8C0315A
:103D50009C4215DA082C08BF0835072318F8012FF4
:103D600004EA0300002AE5D1072306EBC000294638
:103D700001341A46F4F7CAF897F8C0319C42E9DBDF
:103D8000BDE8F081F8B5144B0746144A1B68DB68A0
:103D90000260DB0502D5124B01221A7007F6C4142B
:103DA00007F6C4350026F5F7EFFA54F8040F10B102
:103DB000F5F72EFA2660AC42F7D107F58053D3F819
:103DC000A80208B1F5F724FA064B38463B60F5F730
:103DD000C9F93846F8BD00BF78350120EC780020DD
:103DE000D9D20020507A002083688B4212DD00294E
:103DF00010DB9FED0A7ADFED0A7AD0E904329140B8
:103E00005B5C00EE103AB8EE400A30EE470A20EE56
:103E1000270A70479FED030A704700BF0000FE426B
:103E20000000003C0000000083688B4216DD03693F
:103E30005A565B5C002A104A13DB32F9133007EE46
:103E4000903AF8EEE77ADFED0D6A90ED050A87EE1D
:103E5000A67AB8EEC00A20EE070A70479FED080A5E
:103E6000704703F07F0332F913305B4207EE903A5C
:103E7000F8EEE77AE7E700BF6C7C002000FEFF4623
:103E8000000000002DE9F04100F5805584B095F860
:103E9000A0322BB9D5F8D03013B995F80D6316B10F
:103EA00004B0BDE8F08104464FF4F062314600F5FD
:103EB00011701EF0EDF9264F41F2A42001AA3946F7
:103EC00003962044CDE90166EFF70EFD0197002827
:103ED0003BD0204FD5F8A8321F4ED7F80080346071
:103EE0003B60029B9847C7F80080D5F8D43283B175
:103EF000184FD5F8A822D7F8008034603A60984768
:103F0000D5F8EC32C7F80080003B18BF012385F8D4
:103F10000D33D5F8FC20570603D5E36843F00103C1
:103F2000E36031681006CB6804D543F08003CB60B2
:103F3000D5F8FC20920502D543F40073CB60DB0575
:103F4000AED5064B00221A70AAE7034ECDE700BF9C
:103F5000C43800200000002078350120D9D200208C
:103F6000012A02D022B10020704701600020704772
:103F700002600020704700BF012A02D101600020CA
:103F80007047022A05D0032AF9D0002AF7D102602F
:103F9000F5E70B680360F2E7012A034602D10160EE
:103FA00000207047022A05D0032AF9D0002AF7D151
:103FB0000260F5E703C983E80300F1E7012A02D1B3
:103FC000016000207047022A05D0032AF9D0002A98
:103FD000F7D10260F5E70B680360F2E7012A02D12E
:103FE000016000207047022A05D0032AF9D0002A78
:103FF000F7D10260F5E70B680360F2E7012A02D10E
:10400000016000207047022A05D0032AF9D0002A57
:10401000F7D10260F5E70B680360F2E7012A02D1ED
:10402000016000207047022A05D0032AF9D0002A37
:10403000F7D10260F5E70B680360F2E7012A02D1CD
:10404000016000207047022A05D0032AF9D0002A17
:10405000F7D10260F5E70B680360F2E70B68596976
:1040600010B4046810681A680B6840219B1A54F851
:1040700023205DF8044B20F045BB00BF09680346D0
:1040800010684A690968126810B4A2EB010C40215B
:10409000D3E9002454F82C305DF8044B20F032BBF7
:1040A0000B46402110B41C680368106862695DF813
:1040B000044B127853F8222020F024BB38B50B466D
:1040C00014680A491D68026820461BF045F96B69AF
:1040D0002218197819B9064B1B88235238BD0139AB
:1040E0000020BDE83840F5F759B900BFBC75002085
:1040F000C870002070B500F58053D0F84042D2B1AE
:1041000093F8C051BDB124784CBBD3F814416CB1C5
:10411000A44604F5807505E0A14233D00CF1020CF1
:10412000AC4503D09CF80040002CF5D1A1F13C0433
:10413000E5B20F2D2AD91D4C4FF0000C83F8FD136A
:10414000A3F8FE231A49D3F8A822256883F8FCC3F4
:104150000860D3F8843422609847256070BDD3F896
:10416000106134681C4494F81C51154484F81C51A7
:1041700034681C4494F81C51AA42DCD26D0884F8BF
:104180001C51D8E79CF801401F2CD4D80126D3F845
:104190001851A6401C443543C3F8185194F81C51DB
:1041A0001544EDB2AA42E9D3E9E700BF00000020C0
:1041B000783501200EF07EB82DE9F0410D464E49CC
:1041C00006462DED028BF0EE408AB0EE608A1EF0BE
:1041D0003FF968B9494B1B68DA6803F5805142F42E
:1041E0000072C1F8C851DA60BDEC028BBDE8F08105
:1041F000424F3A6802F5117402F6C41205E0636991
:104200009D4205D05034A242EED02369002BF6D156
:10421000236C3BB104F13801032208469847002380
:10422000C4E91033236B3BB104F128010322084693
:1042300098470023C4E90C33DFF8CC803046414670
:104240001EF006F970BBB1EE007AD5ED007AC4F825
:104250001080F4EEC77AF1EE10FA49DCB9EE007A7C
:10426000F4EE477AF1EE10FA48BFF0EE477A4FF0DD
:104270008143C5ED007A3968214A224801F59471DD
:1042800063600423A0602046E3646561226003F05C
:1042900055FB3B68BDEC028B03F58053C3F8084126
:1042A000BDE8F081D5ED007A00232661B4EEE78AFF
:1042B000E364F1EE10FA18D4F4EE678AF1EE10FA26
:1042C00078FEA77A78EE686AC5ED007AB3EE087AD0
:1042D000C4ED008A84ED018A6561C6EE877ABDEC83
:1042E000028BC4ED027ABDE8F081F0EE487AE9E78E
:1042F000F0EE477ABBE700BF4495002078350120F7
:10430000000080C0ABAAAA3D509500202DE9F84FCF
:1043100000F580540E460546BF48D4F8A81217464B
:10432000F1F700FEBD4BB64604F5777C93F80080AC
:10433000BEE80F00ACE80F009EE80F008CE80F000D
:10434000B8F1000F40F01B814346C4F89C3294F84A
:10435000C0312BB1D5F840321B78002B00F0928091
:10436000EB68990600F19580D4F8C82142B1D5F8E0
:104370004012897B07EE901AFAEECC7AC2ED007AF1
:104380005A0700F1088140F20442134240F0FB80DA
:10439000D80512D5337903EBC30203EB420303EBD9
:1043A000C3035533C3F3421242EAC303DBB2022B09
:1043B0007BD994F8E830002B7AD194F8C031002BE7
:1043C00040F0BE80D4F8F83094F80D231833C4F8C8
:1043D000F83062B1924B934E1D60D4F8A832D6F8F3
:1043E00000803360D4F8EC329847C6F80080D4F8E7
:1043F000F03063B1D4F8F83042F22632A3F6B93186
:10440000914298BFC4F8F4300023C4F8F830D4F8CF
:10441000FC300022D907C4F8F0200FD541F2DC129D
:104420002A443A6099071AD541F23C232B447B6019
:104430000021BDE8F84F0846F1F774BD5A07F1D5E1
:10444000EB6841F2DC1118223846DE07294440F1BE
:10445000D580F5F75DF9D4F8FC309907E4D41A0754
:10446000E6D5EB6841F23C2118223846DB072944A7
:1044700040F1C980F5F74CF90021BDE8F84F084636
:10448000F1F750BD3C23C4F8F433EB6899067FF58F
:104490006BAF41F2DC32D4F8081128462A44F5F714
:1044A0003FFBC4F8D001EB685EE7012384F8E830F5
:1044B000B368002B00F095800423C4F8EC30327907
:1044C000594BA3FB02139B0903EB4303A2EB4312DB
:1044D00094F8E930D2B293423FF46FAFD4F8D820C9
:1044E000D4F8E010013294F8DC309142C4F8D820BE
:1044F00000F3C180521A01339142DBB2FADD01218F
:10450000C4F8D82084F8DC3094F8E4209A4202D829
:104510009B1A84F8DC30D4F8F0300B44C4F8F03047
:10452000414B3279A3FB02139B0903EB4303A2EB3C
:10453000431294F8C03184F8E920002B3FF442AFD5
:10454000D5F840320022D4F818B1C4F818211E78EA
:10455000D4F8EC133EB3D4F8103141B11A684FF0DF
:10456000010B80210BFA02FB224482F81C111A680D
:1045700001239340C4F85C31C4F8ECB322E7F4F7AC
:104580006DFA0368E1E64FF0FF30F5F71FF8EB68CE
:10459000C4F8D801FCE66FF00100F5F717F8EB68F6
:1045A000C4F8D401EFE641F21C1801224FF0020AD0
:1045B000C4F85C61A84409E098F84400B0BB013637
:1045C00094F8C03108F101089E42D5DA02FA06F9E2
:1045D00019EA0B0FF0D0D4F810311E6088F820A033
:1045E000EDE73279612A3FF467AFD4F8EC10012986
:1045F00034D000297FF764AF4B1E5EE7F5F746F82D
:10460000D4F8FC300EE7F5F741F80021BDE8F84F8B
:104610000846F1F787BC00BF10390020AAC001206E
:104620007835012000000020ABAAAAAAD4F85C319A
:10463000013843EA0903C4F85C31F4F7F1FE0122C2
:104640000028BCD06FF07F034BEA090B88F80030DC
:10465000D4F810311E6088F820A0B0E7D4F8E0202C
:1046600084F8DC30002AC4F8D83000DCFEE70222EF
:10467000C4F8F02021E7002146E700BF00F5805292
:10468000D2F8F83253B1D2F8A8220B4970B50B4CCE
:104690000860256822609847256070BD084B18683F
:1046A00010B103681B681847064B01464FF480623F
:1046B00018681DF0EDBD00BF783501200000002016
:1046C00050E700201CE20020F8B5164B0746164ABA
:1046D0001B68DB680260DB0502D5144B01221A70EF
:1046E00007F6C41407F6C4350026F4F74DFE54F857
:1046F000040F10B1F4F78CFD2660AC42F7D107F53A
:104700008053D3F8A80208B1F4F782FD084B38466D
:104710003B60F4F727FD384641F28C410CF050F82D
:104720003846F8BD78350120EC780020D9D2002039
:10473000507A002070B500F580568AB00C4696F885
:10474000C03183B9D6F814335BB1D6F81813A26818
:10475000CDE90831002A3CD0E36809AA08A920461F
:1047600098470AB070BD012300F58E520546CDE989
:1047700006238B68002B2CD0CB6807AA06A92046FD
:10478000984796F8C02105F58B530592A2680493CB
:10479000FAB1E36805AA04A92046984796F8C02113
:1047A00005F58C530392A268029392B1E36803AAC1
:1047B00002A92046984705F58D5596F8C021A368B3
:1047C000CDE900522BB1E36801AA6946204698471B
:1047D000B8E70DF0A5FF00BF084B1A6802F6C81332
:1047E00002F6C83C01E0634506D01A46043311685E
:1047F0008842F8D100231360F4F70ABD7835012010
:10480000084B1A6802F6C81302F6C83C01E063457B
:1048100006D01A46043311688842F8D10023136089
:10482000F4F7F6BC78350120084B1A6802F6C81375
:1048300002F6C83C01E0634506D01A46043311680D
:104840008842F8D100231360F4F7E2BC78350120E8
:10485000084B1A6802F6C81302F6C83C01E063452B
:1048600006D01A46043311688842F8D10023136039
:10487000F4F7CEBC78350120084B1A6802F6C8134D
:1048800002F6C83C01E0634506D01A4604331168BD
:104890008842F8D100231360F4F7BABC78350120C0
:1048A00020B50546006898B10A4B1A6802F6C8138D
:1048B00002F6C83C01E0634506D01A46043311688D
:1048C0008842F8D100231360F4F7A2FC00232B6088
:1048D000002020BD783501202DE9F04F814691B0B0
:1048E000002900F09C800C464F4920461AF0EEFE4D
:1048F0008046002864D0031B01274FF0000B3B4487
:10490000039323464C46994600E0013705AA06A9C1
:104910003846F3F7EBF8054600284ED008F10201BF
:10492000084602911FF080FE0299024606981DF08B
:10493000E3FB0028E9D12F2128461EF07FFC002848
:104940005FD00BAE1421B2462B46384A50461FF0BA
:10495000D9FE01280EDD0AEB0002012301E0984296
:1049600008DD12F8011D01332E2908BF82F800B0BE
:10497000052BF4DD2E4B304607A9069D0A932D4BDF
:10498000CDE9074B0993F5F7E7FB099BC561002BC0
:10499000BBD007A9032208469847B6E72046294618
:1049A0000C93CDF82C90CDE90D67F5F7D5FB0D9B59
:1049B0001BB1032229462846984711B0BDE8F08F65
:1049C0000BAD1B4F1B4E3B2120461EF037FC034610
:1049D00022462846002BE1D0191B5C1C01311FF038
:1049E00091FE07A92846CDE90798CDE90967F5F7B3
:1049F000B3FB07A9099B03220846002BE3D0984785
:104A0000E1E70BAE1421039B0B4A3046CDF8009032
:104A10001FF078FE06EB000AC0F1140194E7EEF7F0
:104A200043FF044660E700BF5C720020A83A002004
:104A300025330100551B0100607200202DE9F04F65
:104A4000594C93B0594B22689A4202D013B0BDE83A
:104A5000F08F2046EEF76CFF024621460020A45856
:104A6000FEF788FA8442F1D1DFF84CB19BF80030B0
:104A7000002BEBD00025DFF844812C4605E0013502
:104A80009BF80030ECB2A342E0D92046F5F714F8C9
:104A9000D8F800308342F2D12046F4F7D3FB074622
:104AA0000190F5F737FC3BB20668002703EB4303A0
:104AB00006EB0316B36ACDE90577CDE90777002B3E
:104AC00068D006F12009022205A80DF1380A4946EE
:104AD0009847F36A11970893B36ACDE90D67079376
:104AE000CAE901773BB1022205A950469847089BC5
:104AF0001193079B10930027142009970C97CDE979
:104B00000A770BF059FE03460D980DF1240C1A4656
:104B1000DDE910E142F8040B5F60C2E90177196139
:104B2000BEF1000F07D011979AE80300109782E8B2
:104B30000300C3F80CE0099303AB1D4A9CE8030093
:104B400083E8030099E803008CE8030093E803007E
:104B500089E803001749B36AB262F26A0B93F16203
:104B60000C921BB10322614660469847109B1BB113
:104B70000322514650469847019920460022F4F7F7
:104B80006BFB079B002B3FF47AAF05A90322084675
:104B9000984774E70DF1380A06F120091193CDE921
:104BA0000D63CDE90F33A6E7D839012055444C4DAC
:104BB000452B0100A9320100D7D200207835012011
:104BC0002DE9F04141F2A42700F5805488B000237C
:104BD0000221074405461A4600913846D4F80011D0
:104BE000EEF786FC064684F8A002002840F03881E3
:104BF0003846EEF7BBFEC4F8B402D4F80001EEF775
:104C000053FEB04BC4F8B002FF22C5F8543241F253
:104C10000C3384F80C6301212B44C5F84462C5F8B9
:104C2000482202AAC5F858320823C5F89012C5F8E0
:104C30004C3205F51F73DFF8C8E2DFF8C8C2CDE9D2
:104C4000045604AE96E8030082E8030093E80300EC
:104C500086E8030092E8030083E80300D5F8843275
:104C6000D5F88822C5F884E20693C5F888C2079271
:104C70001BB10322314630469847D4F800219249AF
:104C8000D4F8D4001AF068FBD4F8D430D4F8A822B1
:104C900018448E49C4F8D4001AF05EFBD4F8D4301E
:104CA0008B491844D4F8A432D3E90423C4F8D400BF
:104CB0001A441AF051FBD4F8D430D4F8A412184492
:104CC000CA888B888968C4F8D400009181491AF099
:104CD00043FBD4F8D430D4F8A8221844D4F8A43232
:104CE0007D499B88C4F8D40002EB8302C4F80023FA
:104CF0001AF032FBD4F8D430D4F8CC2018447749D9
:104D0000D4F8D030C4F8D4001AF026FBD4F8D4304C
:104D10001844D4F8D030C4F8D4004BB1D5F8C80C3E
:104D2000A0F10050B0FA80F0400908B0BDE8F08171
:104D30006B4E41F2D02238462A443146EEF7D4FD7C
:104D4000C4F8D062002800F09E80D4F8D4323246F5
:104D50006449D4F8D4001AF0FFFAD4F8D4301844D7
:104D6000C4F8D400604E41F2E82238462A44314665
:104D7000EEF7BAFDC4F8E862002800F09D80D4F890
:104D8000EC3232465749D4F8D4001AF0E5FAD4F898
:104D9000D4301844C4F8D400544E41F2DC223846D2
:104DA0002A443146EEF7A0FDC4F8DC6200287ED02C
:104DB000D4F8E03232464B49D4F8D4001AF0CCFA99
:104DC000D4F8D4301844C4F8D400494E41F2F42247
:104DD00038462A443146EEF787FDC4F8F4620028CD
:104DE00060D0D4F8F83232463E49D4F8D4001AF0F4
:104DF000B3FAD4F8D4301844C4F8D4003D4E41F28C
:104E0000C42238462A443146EEF76EFDC4F8C46227
:104E1000002842D0D4F8C83232463249D4F8D400FF
:104E20001AF09AFAD4F8D4301844C4F8D400324EA8
:104E300005F5A458384642463146EEF755FDC4F80C
:104E4000806428B3D4F8843432462649D4F8D40098
:104E50001AF082FAD4F8D4301844C4F8D4005DE7CC
:104E6000002302462549C4F8A832D4F8D4001AF029
:104E700073FAD4F8D430024601201344C4F8D43075
:104E800008B0BDE8F081C4E9B400C4F8D80269E70D
:104E9000C8E90000C8F8080040E7C4E9B100C4F858
:104EA000CC02C4E7C4E9BD00C4F8FC02A6E7C4E92B
:104EB000B700C4F8E40288E7C4E9BA00C4F8F00215
:104EC0006AE700BF3470002030380020E43800204A
:104ED0003838002048380020D43800205C380020C2
:104EE00068380020703800207C380020843800208A
:104EF0008C38002098380020AC380020243800205E
:104F0000151B0100212A01000968B9B9424A2DE99F
:104F1000F041046884B023689B68934221D104F572
:104F2000805595F8A0322BB9D5F8D03013B995F843
:104F30000D63E6B1012004B0BDE8F081036803F51C
:104F40008053D3F804231AB9D3F80023C3F80823F5
:104F500000294FF00100CCBF0432043AC3F8042307
:104F6000704720469847012004B0BDE8F0814FF417
:104F7000F062314604F51170284F1DF089F941F2B5
:104F8000A42001AA394620440396CDE90166EEF734
:104F9000ABFC019700283CD0214FD5F8A832214E18
:104FA000D7F8008034603B60029B9847C7F80080C8
:104FB000D5F8D43283B11A4FD5F8A822D7F800809B
:104FC00034603A609847D5F8EC32C7F80080003B6F
:104FD00018BF012385F80D33D5F8FC30580603D5EA
:104FE000E26842F00102E260326813F0800FD36899
:104FF0001CBF43F08003D360D5F8FC10890502D5AF
:1050000043F40073D360DB0594D5074B00221A707C
:1050100090E7044ECCE700BF9D190100C438002082
:105020000000002078350120D9D20020012A2DE986
:10503000F041054604D10B6803600020BDE8F08113
:10504000022A144612D0032A03D0002AF5D12A607E
:10505000F3E70468002CF0D0E36813B1211D084683
:105060009847142120460BF0ABFBE6E7D1F800800F
:1050700014200BF0A1FB0023D8F800200646D8F836
:105080000C7040F8042B7360C0E9013333613FB109
:10509000224608F10401B847D8E90332C6E90332D1
:1050A0002E60CAE72DE9F047DFF83C931F4688B031
:1050B0000646D9F800300D46904603F5117403F604
:1050C000C413226942B16269954205D05034A342AB
:1050D000F7D108B0BDE8F087236C3BB104F138018B
:1050E0000322084698470023C4E91033236B3BB1E1
:1050F00004F128010322084698470023C4E90C3331
:10510000236A3BB104F118010322084698470023A3
:10511000C4E90833A54930461DF09AF900284AD061
:10512000DFF8C8A2304651461DF092F9002800F081
:10513000BD809F4930461DF08BF9814600285CD028
:105140006369AB4200F0008101972A462B68314623
:105150002046CDF8008004F01DFB109B002BB8D03A
:10516000944930461AF0B2FA04AB002800F00E81E0
:10517000109A02AD0496059204F118028E4F8F4EDC
:1051800093E8030085E8030092E8030083E8030046
:1051900095E8030082E80300256A626A06952762A3
:1051A00007926662002D94D0032219461846A8473C
:1051B00008B0BDE8F0874FF4C05331462A46204678
:1051C0000193A3F5405300932B6804F0E3FAE36CDA
:1051D000D9F80010802243F00503204601F59471B0
:1051E000A260E36402F0AAFBD9F8003003F5805313
:1051F000C3F8084108B0BDE8F087714A05E009F13D
:105200000109B9F1FF0F00F0CE8052F83930002BC0
:10521000F5D1B9F1000F3FF45CAF09F1FF3300277E
:1052200004AE2A4667492046CDE900732B6802ADDB
:1052300004F0B0FA04F11803634ACDE9049796E844
:105240000300624F85E8030093E8030086E803004B
:1052500095E8030083E80300236A616A06932762E6
:10526000079162621BB10322314630469847002203
:1052700004F12803564F0492726002926A60554A04
:1052800093E8030086E8030095E8030083E8030041
:10529000236B616B0693276307916263002B3FF4D6
:1052A00018AF032231463046984712E7D9F800304C
:1052B000FFB25FFA88F1DA6842F08802DA6003F53B
:1052C0008053109AC3F81051C3F8C4217A1C83F894
:1052D000C0212B78C4F810A09F4231D38B4238BF35
:1052E0000B462B706561C4E9001759BBFF2F29D10C
:1052F00008222123A260E364109B002B3FF4E9AE57
:1053000004AB0022109902AD059204F11802049139
:1053100093E8030085E8030092E8030083E80300B4
:1053200095E8030082E803002B49D4E9085206956A
:1053300021620792294A6262002D7FF435AFC8E6E8
:105340003B46CEE70122D4E7204603F0B9FB0197A4
:10535000A7EB080707EE908A2A46314607EE107A37
:10536000F8EEE77A2046CDF80080B8EEC77AE0EE96
:10537000077AF8FE677AFDEEE77A17EE903A04F0C6
:1053800009FAE36C43F48053E364E6E6109A02AD55
:105390000590049204F11802114F124E93E8030095
:1053A00085E80300F0E6FE2339E700BF50950020B2
:1053B00060950020A83A0020B11A0100951B010059
:1053C000E8E7002068950020B9100100D51A010017
:1053D000791A0100A1100100F51A0100B91B0100A2
:1053E000911A0100751B01007835012058950020A5
:1053F00008292DE9F04F064689B0154641D0DB68F3
:105400009A0403D5B1F5005F00F09980DB0435D52F
:10541000B1F5805F32D196F8B0207AB306F19003EF
:1054200000214FF0080E4FF0F80C0124102713F85C
:10543000400CF8B12A68D6F8B40050F8218002F187
:10544000500028601878C2F86080082838BF08200B
:10545000F82828BFF82018709465C2F89C4053665D
:10546000C2E914EC2A68D06C976040F40160D06403
:1054700096F8B020013101338A42D8DC09B0BDE88A
:10548000F08FD3F840321B78002BF7D190F8B02082
:10549000002AF3D0984600F1500A0DF1080904AF34
:1054A0002C680022D6F8B43004F15001104653F8AD
:1054B000283008F10108296011469AF800B00193DC
:1054C000F3F76CFF019BC0B204938345374B28BFB1
:1054D0008346FF2823664FF000030CBF08220122F9
:1054E000059353460AF801BB636600236065236594
:1054F0000123C4F89C302B68A265032203F1180431
:1055000097E8030089E8030094E8030087E80300B4
:1055100099E8030084E8030025491C6A25481962BC
:10552000596A06945862079114B139463846A04723
:1055300096F8B0304345B3DC09B0BDE8F08F90F881
:10554000B020002A9AD000F1700300214FF0080823
:105550004FF0F80E012440F6080C102713F8200C29
:10556000F8B12A68D6F8B40050F8219002F1500042
:1055700028601878C2F86090082838BF0820F828FA
:1055800028BFF82018709465C2F89C405366C2E9A1
:10559000148E2A68D06C976040EA0C00D06496F8AC
:1055A000B020013101338A42D8DC67E7A82B002004
:1055B000351B0100D51B010030B583B00D461446E4
:1055C000019007F041FA019B41F210102A46214652
:1055D0001844FFF70DFF03B030BD00BF2DE9F843BD
:1055E0000F4600210646F3F73DFA654B4FF4007273
:1055F000002106F6CC49336006F6C8101CF048FEC0
:105600004FF48072002106F6C8301CF041FE4FF4C2
:1056100080620021484606F580541CF039FE0623BE
:1056200000254FF08008B822C4F8E03041F27073D2
:10563000294604F58870C4F8F430C4F8D85084F8CA
:10564000DC5084F8E850C4F80C5184F8E480C4E9D4
:105650003355C4E93B55C4E93E55C4E941551CF0F6
:1056600017FE6022294604F5EE70C4E97255C4E9BC
:1056700075551CF00DFE6022294604F50F701CF0D4
:1056800007FE4FF47A7342462946C4F810333C2390
:1056900006F5A050C4F89C5284F8A052C4F8BC523D
:1056A000A4F8C052A4F80C53C4E9A955C4E9AB55F9
:1056B000C4E9AD55C4E9B155C4E9B355C4E9B5551C
:1056C000C4E9B755C4E9B955C4E9BB55C4E9BD55EA
:1056D000C4E9BF55C4E9C155C4E9C555C4F8DC5394
:1056E000C4F8F43384F8E053A4F8F853C4F8FC5336
:1056F000C4E9F955C4E9FB551CF0CAFD06F5A453ED
:10570000202241469D6006F58C50C3E900551D4B93
:105710001E601CF0BDFD4146202206F58D501CF098
:10572000B7FD194BC4F80071C6F8C83CC4F8D49052
:105730003B78552B14D0154B0A22186884F8A02208
:105740009A889B79C6F8CC0CA9F8042089F8063011
:10575000D4F8D4300633C4F8D4303046BDE8F883EA
:105760007B780137442BE6D117F8013F4C2BE2D16F
:105770007B784D2BDFD12846EEF7D4F8EDE700BF5C
:10578000EC78002078350120000000202C39002022
:10579000F0B587B00023066802AC3568C4E9013370
:1057A000F7680293059367B30222311D2046B8477C
:1057B000D6E9037C94E803006A4605F1200382E8F9
:1057C000030093E8030084E8030092E8030083E801
:1057D0000300AB6AEA6AAF620493C5F82CC0059275
:1057E0001BB1032221462046984741F28C40F3F733
:1057F0000BFD044610B10449FFF7F0FE204607B048
:10580000F0BDBC46D6E700BFD839012038B5054603
:1058100041F28C40F3F7F8FC044610B12968FFF719
:10582000DDFE204638BD00BFF3F7EEBC084B1A681A
:1058300002F6C81302F6C83C01E0634506D01A46DA
:10584000043311688842F8D100231360F3F7E0BCF9
:1058500078350120704700BF10B51D4904461CF083
:10586000F7FD48B31B4920461CF0F2FD10B31A495E
:1058700020461CF0EDFD18B3184920461CF0E8FD49
:10588000E0B1174920461CF0E3FDD8B11549204688
:105890001CF0DEFDC0B1144920461CF0D9FDA8B1B2
:1058A000124920461CF0D4FD114B00280CBF1846AD
:1058B000002010BD0F4810BD0F4810BD0F4810BD8F
:1058C0000F4810BD0F4810BD0F4810BD0F4810BD48
:1058D00014BF00201CBF002024BF00202CBF0020CC
:1058E00034BF002040BF002048BF002050BF002030
:1058F0008910010031100100691701002910010011
:10590000211001006D10010071100100B923010088
:10591000F8B5AB4D2E68002E00F0C584044606F5A0
:105920008050D0F8CC300133C0F8CC302178002939
:1059300000F06E86A64601224FF0000C0A441EF8C5
:10594000011F94440029F9D192B29E4B42EA0C42C5
:105950009A4200F07D8622D89B4B9A4200F0A8869E
:105960005BD99A4B9A4200F0A08640F2C880984BCF
:105970009A4200F0978640F2BA82964B9A4200F023
:105980008E8640F2A982944B9A4200F0C685934BD2
:105990009A4240F03B834FF0FF373846F8BD904BBA
:1059A0009A4200F04A861BD98E4B9A4200F07486C8
:1059B00040F282808C4B9A4200F05E8640F29981E0
:1059C0008A4B9A4200F0518640F26D81884B9A4290
:1059D00000F05F86874B9A4240F0D983864FDCE720
:1059E000864B9A4200F04A854ED9854B9A4200F088
:1059F000748640F26781834B9A4200F0658640F2DC
:105A00004581814B9A4200F0568603F5EC0318332A
:105A10009A4240F06C837D4FBFE7A3F15F73923BE6
:105A20009A4200F0288514D9794B9A4200F02085DB
:105A300040F22582774B9A4200F0178540F211829E
:105A4000754B9A4200F00E85744B9A426FD1744F99
:105A5000A3E7A3F5E2031C3B9A4200F0FB8440F26B
:105A6000EA82704B9A4200F0F28440F2D7826E4B89
:105A70009A4200F0E98403F5DF2303F2FD739A42B2
:105A800040F01283694F88E7694B9A4200F0D9844D
:105A900040F25083674B9A4200F0CC8440F2378347
:105AA000654B9A4200F0C38403F5281311339A42E0
:105AB00040F02583614F70E7614B9A4200F0AE845D
:105AC00040F276835F4B9A4200F0998440F26683FD
:105AD0005D4B9A4200F0808403F5F01306339A423E
:105AE00040F0B483F16841F2D81240F2044306F664
:105AF000244732440B43C6F8242CF3604DE7A3F54A
:105B00000903213B9A4200F064842DD94F4B9A42FD
:105B100000F0B78419D94E4B9A4200F0738503F513
:105B2000DF2303F2FE739A4207D14A4F35E74A4B0F
:105B30009A4240F06D85494F2FE7A3F59203073B4A
:105B40009A4240F06585464F27E7A3F59F23A3F2CD
:105B5000FB739A4200F0538503F57F3303F2FE3363
:105B60009A421DD13F4F18E7A3F5F203193B9A4221
:105B700000F02A857ED93C4B9A4200F0188503F547
:105B8000403306339A4212D1F36841F2DC0206F543
:105B90004367324443F48973C6F8302CF360FCE663
:105BA000A3F5A8139A4240F03385304FF5E603F190
:105BB000F43303F10B239A4240F02A852C4FECE694
:105BC000783501202D03D90D4502CB079A023709FC
:105BD000E3029D0B0703420C1403580C1003B30D92
:105BE0000B05C520870678377D07DF46A708826545
:105BF0004109136F3D0B8AA4D10102004A04B11779
:105C00009C04461BE304111FEC04BA1F5525010038
:105C100004020106190268063102AC060A02AE0748
:105C2000ED740200AA013904B4014604F9FF010031
:105C3000E5037513110455161604EC16A15A00005D
:105C4000C805452ADA05193177064E368902D90882
:105C500094021C094DFE020019026F06390E030062
:105C6000D90C01008D10010075027A089DE1010038
:105C7000C1140100A3F560239A4200F08B847CD903
:105C8000AD4B9A4240F0C484AC4F86E6A3F1D17389
:105C90009E3B9A4200F07B8403F5102303339A4223
:105CA00042D1A74F79E6A74B9A4200F06984A64BF0
:105CB0009A4240F0A480A54B06F6E4371B68C6F86C
:105CC000E43B6AE6A3F528037E3B9A4200F0558444
:105CD00040F28A809E4B9A4200F0348403F53023D0
:105CE00011339A426FD19B4B06F6DC37C6F8DC3B8A
:105CF00053E6994B9A4200F01E8431D9974B9A4251
:105D000000F0778303F54F2303F6F9739A421AD113
:105D1000F36841F2F40206F54467324443F48973B0
:105D2000C6F8402CF36038E68D4B9A4240F0708400
:105D30008C4B1B78002B00F04983F3688A4F43F4A7
:105D40008073F36029E603F17E43393B9A4240F0C9
:105D50005F84F3F7EBFA06F53D67C6F8D00B1CE657
:105D6000A3F199633B3B9A4200F0DD8351D97F4B0D
:105D70009A4240F04D847E4F0FE6A3F56C13103B22
:105D80009A4200F01D8303F52C1309339A4240F028
:105D90003F84002306F64847C6F8483CF4F7BAFAB1
:105DA000D0E9003098423FF4F8AD2A68516803E02A
:105DB000303398423FF4F1AD1A688A42F8D1DB697A
:105DC000C6F8483CE9E5A3F51013013B9A4240F0C0
:105DD0001F84F36806F58D5206F63C4743F4805362
:105DE000C6F83C2CF360D8E5624B9A4200F09883E9
:105DF00028D9614B9A4240F00B84604FCDE5604B4F
:105E00009A4240F00584F3685E4F43F04003F3602C
:105E1000C3E5A3F54F23A3F6F9739A4200F0CD82B0
:105E200003F57F3303F2E9339A4240F0F1834D4B9F
:105E30001B78002B00F0C782F368534F43F4807344
:105E4000F360AAE5514B9A4200F0B08203F540336B
:105E50009A4240F0DD83042306F6CC37C6F8CC3BEB
:105E60009BE5A3F52413053B9A4200F0718303F5EB
:105E70005F2303F6FE739A4211D1454F8DE5A3F5DA
:105E80004813063B9A4200F0698318D9414B9A4265
:105E900000F06183404B9A4209D1404F7DE5A3F564
:105EA0003813073B9A4240F0B3833D4F75E5A3F5A5
:105EB000E0130B3B9A4240F0AB833A4F6DE5A3F5FC
:105EC000A403603B9A4200F0978220D9364B9A4255
:105ED00040F09E83354F60E5A3F5DE03103B9A4208
:105EE00000F01883324B9A421DD1324F55E5A3F58D
:105EF0007703293B9A4200F00A837AD92E4B9A42C3
:105F000000F002832D4B9A4262D12D4F45E52D4B77
:105F10009A4200F0E38103F5C81310339A4240F02F
:105F20007783294F39E5A3F53813063B9A4240F0B1
:105F30006F83264F31E500BF3D022808298B020000
:105F4000BD2B01008707B34769087A5D1CE200207A
:105F50007204E81AB56E0000CC06AC3C7C07EF4535
:105F60007C045F1BD9D20020D11601000306533CEC
:105F7000811401005A04041A19046B1A95000200D6
:105F800085073B47451601001D1701006F04A8193E
:105F9000417602000902EA05E601F8059583020050
:105FA000898B02002D850200F301BE0569150100F1
:105FB000EC02EF0B710E0100D602690BD5027B0BD0
:105FC00061570000BD016504B5050300E51301003C
:105FD000A3F504030A3B9A4240F01A83F36806F5DE
:105FE0009F5206F6FC3743F00203C6F8FC2BF36021
:105FF000D3E4A3F1B073143B9A4200F0A6825BD9BC
:10600000B84B9A4240F00483B74FC6E4A3F1B5738E
:10601000083B9A4240F0FC82B44FBEE4A3F5202333
:10602000043B9A4200F06D821FD9B14B9A4240F076
:10603000EF82B04FB1E4A3F1A673493B9A4200F05E
:106040005D8226D9AC4B9A4200F05582AB4B9A4206
:1060500019D1F36841F2D01206F60847324443F0F2
:106060002003C6F8082CF36097E4A3F56023033BF4
:106070009A4200F0308103F5002309339A4240F040
:10608000C7829F4F89E49F4B9A4240F0C1829E4F46
:1060900083E49E4B9A4200F02B821AD99C4B9A4281
:1060A00040F0B6829B4F78E4A3F59013053B9A42EB
:1060B00040F0AE82984F70E4984B9A4200F008810D
:1060C00003F5FF3303F5FD739A4240F0A182944F2C
:1060D00063E4A3F56813103B9A4200F0F08003F5E7
:1060E0002C1313339A4240F093828E4F55E4A3F55C
:1060F0006A03453B9A4240F08B828B4F4DE4A3F5F7
:10610000BA03013B9A4240F08382884F45E4A3F5ED
:106110009603103B9A4200F0DD811BD9844B9A42D2
:1061200040F0768241F2B82306F6E8373344C6F8E9
:10613000E83B32E47F4B9A4200F0D7811CD97E4B7A
:106140009A4200F0CA8103F544130F339A420BD1EF
:106150007A4F22E47A4B9A4200F0AE80794B9A4211
:1061600040F05682784F18E4A3F10873213B9A421D
:1061700040F04E82754F10E4754B9A4200F0A781B3
:1061800077D9744B9A4240F04382734F05E4734BC6
:106190009A4240F03D82724FFFF7FFBB714B9A422B
:1061A00000F08481704B9A421FD1704FFFF7F5BB0E
:1061B0006F4B9A4200F0778131D96E4B9A4200F0D2
:1061C000638103F5C01306339A421FD141F23C2389
:1061D00006F541673344C6F8103CD0F8FC3043F074
:1061E0000203C0F8FC30FFF7D8BB634B9A4240F083
:1061F0000F82F36841F2F00206F63447324443F46A
:106200008973C6F8342CF360FFF7C7BBA3F5FC0312
:10621000413B9A4240F0FC81584FFFF7BEBBA3F5CB
:106220007013123B9A4200F0F08130D9544B9A42DD
:1062300040F0EE81F36806F58C5206F6384743F4D9
:106240000053C6F8382CF360FFF7A7BB4D4B9A42BA
:1062500040F0DE8141F23C2306F61C473344C6F889
:106260001C3CD0F8FC3043F00803C0F8FC30FFF7CA
:1062700094BBA3F51013073B9A421AD003F5F81309
:1062800001339A4240F0C4813F4FFFF786BBA3F130
:106290005F73263B9A4209D03C4B9A4240F0B8814A
:1062A0003B4FFFF77ABB37463846F8BD394FFFF70B
:1062B00074BB394FFFF771BB384FFFF76EBB41F22C
:1062C000DC3306F604473344C6F8043CFFF765BBED
:1062D000334FFFF762BB334FFFF75FBB324FFFF720
:1062E0005CBB00BFAF027A0AF122010019CC0200A8
:1062F000A9013504658402005701A8029801D90359
:10630000D50002004B019C027101020043018C0286
:1063100044018F02790102007D01020099024009C7
:10632000057A0200610102001D0E0100715B000090
:106330001E04281664033A0F8703A711655A00004C
:10634000EB03DF13FA03D815255B00001D220300C1
:106350003D03900E4F03ED0EE5590000B808FA65B5
:10636000450E0100C305482BFB054730590E0100BF
:106370004E05242570050E26A405722A4514010039
:106380005B051D25E0053D31055A00001F05C023B2
:10639000E50D01006D0E0100455A00005DF202009E
:1063A000412103004123010069920200042306F603
:1063B000D437C6F8D43BFFF7F0BACB4FFFF7EDBAAE
:1063C000CA4FFFF7EABACA4FFFF7E7BAC94FFFF75C
:1063D000E4BAC94FFFF7E1BAF36841F2D41206F507
:1063E0004267324443F00403C6F8202CF360FFF701
:1063F000D4BAC24FFFF7D1BAC14FFFF7CEBA41F2BC
:10640000DC1306F618473344C6F8183CD0F8FC30C5
:1064100043F00403C0F8FC30FFF7BFBA41F2FC03BD
:1064200006F614473344C6F8143CFFF7B6BAB54F26
:10643000FFF7B3BAF368B44F43F04003F360FFF7DC
:10644000ACBAB24FFFF7A9BAB14FFFF7A6BAB14F36
:10645000FFF7A3BAD6F8403206F62C47C6F82C3C14
:10646000FFF79BBAAC4FFFF798BAAC4FFFF795BA5E
:10647000AB4FFFF792BAAB4FFFF78FBAAA4FFFF7B8
:106480008CBAAA4FFFF789BA41F2DC1306F60C4723
:106490003344C6F80C3CD0F8FC3043F00103C0F89C
:1064A000FC30FFF77ABAA24FFFF777BAD0F80001B5
:1064B000EDF73EFA2A6802F5805302F65447D3F806
:1064C000003104331844C2F8540CFFF766BA994FF0
:1064D000FFF763BA984FFFF760BA06F5A05306F6C8
:1064E0005C47C6F85C3CFFF758BA944FFFF755BAC3
:1064F000934FFFF752BA934FFFF74FBA924FFFF700
:106500004CBA924FFFF749BA914FFFF746BA914FF5
:10651000FFF743BA904FFFF740BA904FFFF73DBAED
:106520008F4FFFF73ABAD0F8003106F54567C6F845
:10653000503CFFF732BA8B4B06F6D837C6F8D83B3B
:10654000FFF72BBA884FFFF728BA884FFFF725BA15
:10655000874FFFF722BA874FFFF71FBA41F29C23FC
:1065600006F628473344C6F8283CD0F8FC3043F000
:106570001003C0F8FC30FFF710BA7F4FFFF70DBAD9
:10658000F3687E4F43F04003F360FFF706BA7C4F99
:10659000FFF703BAF36841F2E83206F6F437324403
:1065A00043F00803C6F8F42BF360FFF7F6B9F3687D
:1065B00041F2EC3206F53F67324443F00803C6F877
:1065C000F02BF360FFF7E9B96E4B06F64447C6F8C7
:1065D000443CF3F79FFED0E9003098423FF4DDA938
:1065E0002A68516803E0303398423FF4D6A91A680C
:1065F0008A42F8D10833C6F8443CFFF7CEB9624F5F
:10660000FFF7CBB9614FFFF7C8B9614FFFF7C5B9C5
:106610002046FFF721F9074600287FF4BEA920464F
:10662000F1F712FB0646002800F0CA800420FDF7AF
:1066300053F907460660FFF7B0B9564B1B78002B9D
:106640004ED0F368544F43F48073F360FFF7A5B95D
:10665000F36841F2E43206F6F837324443F01003AF
:10666000C6F8F82BF360FFF798B94C4B06F53E6778
:10667000C6F8E03BFFF791B9F36841F25C1206F609
:106680004C47324443F48053C6F84C2CF360FFF778
:1066900084B9434FFFF781B9424FFFF77EB9424FAC
:1066A000FFF77BB9414FFFF778B9414FFFF775B955
:1066B000404FFFF772B941F21C1306F658473344B6
:1066C000C6F8583CFFF769B941F2FC3306F6EC37DF
:1066D0003344C6F8EC3BFFF760B9374FFFF75DB9BD
:1066E000364FFFF75AB900BFB94000001923010027
:1066F0001510010011100100F113010095E60100D1
:106700008D0A01006D1501008D0E0100E9150100D3
:10671000A5820200ED750200A97502004D75020008
:1067200035770200750102007D150100C177020076
:1067300019100100255A0000DD5A0000A157000081
:10674000690102006D01020065010200490E0300AB
:106750003D5B00006923010071FC0200A5CC020032
:10676000F55A000034E70020AD130100E1030300F7
:106770002D8B020015150100C5FF0100A10E0100BF
:10678000D11C0100482E00205DDD0100D51701005D
:106790009D1E0000D9D20020CD1C010090E70020F2
:1067A00081010200BD5B000071CE0200010F0300F9
:1067B00069FF020091230100211701000D10010063
:1067C0002968234601F58051D1F8CC20D1F8D400B6
:1067D000064918F0C1FD2B6803F58053D3E9342135
:1067E00008440132C3E93420FFF7D7B80CBF0020BA
:1067F00010B5044C206818B1EDF7AAFD23681844C1
:1068000010BD00BFB8F3002010B50446007882B078
:10681000422802D0002002B010BD607804F1010CC3
:106820004C28F7D11CF8010F4F28F3D19CF8010038
:106830004228EFD1201D08602021CDE9002318F067
:10684000D7FC411D019B21F0030160180C31426807
:106850000C441A60049A806810601868009A084412
:10686000146020F003000430D5E700BFF0B5054602
:10687000434C87B0F1F774F925601DB1EDF768FD61
:106880002568054405AE3F4F0FE0DDE90312FCF734
:1068900071FB059B834269D13C40029804F580540A
:1068A0002544DDE90312F1F733F904AB03AA02A989
:1068B00028460096FFF7A8FF04460020002CE4D1EC
:1068C0000024304F03E004343C4004F580542E197A
:1068D0003046EDF72DF802463146002012B314443D
:1068E000FCF748FB2A59904214D1002EEBD03378A4
:1068F000552BE8D17378721C442BE4D112F8013F78
:106900004C2BE0D153784D2BDDD100213046FDF7E3
:10691000E3FFD8E701461C4800F01EFE4FF48060FC
:1069200000F07EFFEDF714FD0124184B301A1860BB
:10693000204604AA03A90134F1F7D8F8A0B10398BE
:106940000028F5D00378552BF2D14378421C442B14
:10695000EED112F8013F4C2BEAD153784D2BE7D101
:106960000021FDF7B9FFE3E707B0F0BD0246029949
:10697000074800F0F1FD4FF4806000F051FF9FE701
:10698000B8F3002000F0FFFF0070002060E7002057
:10699000E86F0020704700BF704700BF704700BF1E
:1069A000014B00221A8070478AC001202DE9F04770
:1069B000D1F800A0D2F80080DAF814301B787BB34D
:1069C00000250646194FA9462C462046F2F732FC10
:1069D0003B785BB1DAF81420817A1278914205D1C4
:1069E00072680135A242C8BF09F101090134042CC3
:1069F000EBD1012D0BD053B1DAF8142009F141038A
:106A000040460B491278BDE8F04718F0A5BCDAF80B
:106A10001430404607491A78BDE8F04718F09CBC8E
:106A2000054B1B88A8F80030BDE8F087ADC00120F9
:106A3000DC7500200C6F0020C8700020054B10B5DD
:106A40001B7803EB830303EB83039C00F2F706F848
:106A5000046010BDB5C00120EEF702BC70B505465C
:106A600000200C46F1F71EFA1C237C22162102207E
:106A7000F1F75CFA0120F1F715FA192378221721B2
:106A80000420F1F743FA17237A2218210320F1F7A3
:106A90003DFA01232A465CB11C214020F1F702FB9C
:106AA0002246002326214020BDE87040F1F7FABAC3
:106AB00020214020BDE87040F1F7F4BA012A02D04D
:106AC00022B1002070470160002070470260002062
:106AD000704700BF012A02D022B100207047016038
:106AE0000020704702600020704700BF012A02D0DA
:106AF00022B1002070470160002070470260002032
:106B0000704700BF012A02D022B100207047016007
:106B10000020704702600020704700BF012A02D0A9
:106B200022B1002070470160002070470260002001
:106B3000704700BF012A02D022B1002070470160D7
:106B40000020704702600020704700BF012A02D079
:106B500022B10020704701600020704702600020D1
:106B6000704700BF012A02D022B1002070470160A7
:106B70000020704702600020704700BF0B68126859
:106B80005B69197819B9044B1B8813807047013968
:106B90000320F2F703BC00BFC87000200B46DFEDF6
:106BA000096A10681B6808495B691B8807EE903A00
:106BB000F8EE677A87EEA67AB7EEC77A53EC172B12
:106BC00018F0CABB0000C044047600200B68012006
:106BD00012685B6919780439F2F7E0BB0B469446FA
:106BE000102102681B68DCF800005B691B681DF05F
:106BF00089BD00BF012A02D1016000207047022A2E
:106C000005D0032AF9D0002AF7D10260F5E70B6816
:106C10000360F2E7012A034602D1016000207047B9
:106C2000022A05D0032AF9D0002AF7D10260F5E73D
:106C300003C983E80300F1E7012A034602D101609A
:106C400000207047022A05D0032AF9D0002AF7D184
:106C50000260F5E703C983E80300F1E730B50023DC
:106C600004460D682DED028B83B08DF80730436824
:106C7000DA6CD20709D51A68002A34DB281E18BF3F
:106C8000012003B0BDEC028B30BD5B699FED298A0A
:106C9000D3ED007A0DF10703006867EE887A90F86B
:106CA0001421FDEEE77AD20117EE901AFCF702FAF2
:106CB0009DF8071020682944C9B2FCF789F907EE4E
:106CC000900A6368F8EEE77A5A6987EE887A82ED6F
:106CD000007AD3ED007AB4EEE77AF1EE10FA1BD524
:106CE000C2ED007ACAE700685B6990F81421196860
:106CF0000DF10703D201FCF7DDF99DF807102068BC
:106D00002944C9B2FCF764F963685A6910601968CC
:106D1000884209DA1160B1E7D3ED017AB4EEE77A7F
:106D2000F1EE10FAAADDDBE75B689842A6DD13609E
:106D3000A4E700BF0000C04470B5104B064600F544
:106D4000CC74A0F14805036004F13801236C0322E0
:106D5000084603B1984704F12801236B0322084633
:106D600003B1984704F11801236A0322503C0846F6
:106D700003B19847A542E7D1304670BD7C7B002027
:106D800070B5134B054600F5CC74A0F148060360BE
:106D900004F13801236C0322084603B1984704F13B
:106DA0002801236B0322084603B1984704F1180118
:106DB000236A0322503C084603B19847A642E7D114
:106DC00028464FF4F47109F0FBFC284670BD00BF63
:106DD0007C7B0020836810B5044613B10322014672
:106DE0009847204610BD00BF8B4B2DE9F0411F682E
:106DF00082B0036C04460D46884E5BB1436C38305C
:106E0000019101A98DF803200DF103029847002894
:106E100040F0B28033689C4204D020220021804898
:106E20001BF036FA7F497E480B68E26C03F1010CD7
:106E300003F0070340F823705007C1F800C022D4C4
:106E4000D107DFF8F08125D5D4E90023002A7DDBC6
:106E5000FF2B184600F398803168D4F814E08C4278
:106E60009EF800C000F0C580A168022940F3C880E8
:106E700005EB0C018B4203DB8A42B8BF0A46104681
:106E80008EF800003DE0DFF8AC81D1073460C8F82F
:106E90000070D9D4D4F814C053069CED007A3ED5C6
:106EA000614BF6EE007AA7F5AF7003F1200153F8BD
:106EB000042F824288BF77EEA77A9942F7D1DFED9F
:106EC0005B4A06EE905A94ED006A84EEA75AF8EEFB
:106ED000E65AD4ED016A76EEC64AC4EE857AA7EE8C
:106EE000A57AB4EEE67AF1EE10FA08DCB4EEC67AD2
:106EF000F1EE10FA54BFF0EE476AF0EE466ACCEDC0
:106F0000006A236B2BB1636B01A904F12800019483
:106F100098473460C8F8007002B0BDE8F08133686B
:106F20009C424AD0A368022B4DDD07EE905AD4ED67
:106F3000016A94ED006AF8EEE75A9FED3D5A76EE4D
:106F4000C67A67EE857AA7EEA57ACAE73068D4F8E4
:106F500014C08442DCF8001042D0981A48BF7F3039
:106F6000C01105FB00118B4203DB8A421346B8BFF8
:106F70000B46CCF80030C4E7DFF8B8803460C8F8BE
:106F8000007002B0BDE8F081B3F5803FDEDA316811
:106F9000D4F814E08C42BEF800C034D0991A48BF2F
:106FA0007F31C91105FB01C18B4203DB8A42B8BFA7
:106FB0000A461046AEF80000A3E7D8F80030643364
:106FC0009F42AFD8A36807EE905A06EE903A94ED30
:106FD000006AF8EEE77AA7EEA67AD4ED016A80E7B8
:106FE000D8F8000064308742B7D8A06800FB0511CC
:106FF000B9E7D8F8001064318F423FF635AFA16889
:1070000001FB05C136E7D8F8001064318F42C5D8BE
:10701000A16801FB05C1C7E75CBA0120641C01201F
:10702000441C0120901C0120401C012000C0F94498
:107030000000003C681C0120114B12681B786BB1EA
:10704000012B19D0022B13D0032B0BD00D4B18683A
:1070500099889B7910609180937170470A4B1B88C7
:1070600013807047094B18681B79106013717047C3
:1070700000210846F2F792B9054B18681060704776
:10708000AAC00120FC750020C8700020F475002003
:10709000F07500200FB410B582B0074C402104AB4E
:1070A000204653F8042B01931AF04CFB204602B003
:1070B000BDE8104004B07047383501202DE9F04F8D
:1070C000BF4D002407460E462DED028B89B028786F
:1070D000B0EE408A8DF81F40F2F7EEFC8246287829
:1070E000F2F7A8F822460AF59478C178751C404654
:1070F000F2F750FB4046FBF771FF002840F0B480E8
:10710000F2EE046A9FEDAF6AB9EE007A034677EEBD
:10711000487A37EE067AF0EEE77AF4EEE67AF1EEA8
:1071200010FA03D5F0EE676A5CB201200133612BDF
:10713000EDD1002800F095808DF81F40A24B4FEA5A
:10714000E478ADB2A14883FB042339B2EA1F07F10A
:10715000220AC8EB630806F1020912B2053D08EBEA
:1071600048034FF00A0BA4EB83040E2300931F2364
:10717000EFF7A4FF964B64B29448039353F824307E
:107180000493EFF7B1FB321F049B514600909148E6
:10719000BEB20492F6F7ACFC4FFA88F18E48FFF7C6
:1071A00079FF059089480FFA85F8EFF79DFBB51C2C
:1071B000514606F11E0A00904A468648ADB2059B2C
:1071C0001FFA8AFAF6F794FC804829B204350323A3
:1071D0004246ADB2CDF800B0EFF79EFF7B48AA451E
:1071E000F3D1351D002101264FF0050BADB2DFF8BC
:1071F000DCA1EFF775FB02E004350136ADB20323E5
:1072000029B2424650469E42F6D0CDF800B0EFF784
:1072100083FF062EF0D102216C48EFF761FBFB1CC7
:10722000039A042C03EB4403049852F82420C8BFAB
:10723000023352781BB2002A18BF8146194609F161
:1072400003000FFA89F200B200906048EFF794FB58
:1072500001215E48EFF744FB09B0BDEC028BBDE8AD
:10726000F08F9DF91F4069E7DFED5C7A0DF11F0398
:107270009AF83C22404628EE278AD201FDEEC87AD1
:1072800017EE901AFBF716FF9DF91F303F2B70DCAD
:10729000DAF838021A464FF0040903E041680A445C
:1072A0003F2A07DC09F1FF390028F7D10C210A44F5
:1072B0003F2AF7DD403B0B44002B1A46FBDB00283E
:1072C00000F090804368B2FBF3F80C2B03FB182806
:1072D00000F091809B003D48ADB2DC1C0E23EA1FFC
:1072E00039B2009323B23C4412B2EFF7E7FE321FEB
:1072F0000334B8F1000F40F0FA80394B3348CDE940
:107300000323EFF7F1FA214600903248DDE9032329
:10731000F6F7EEFB494630484FF00009FFF7BAFE9A
:1073200003902A48EFF7E0FAB21C2146BE1C6C1FFE
:107330000090039BB6B2274824B2244FF6F7D8FB3F
:1073400011E05B6899454FF00A0285D20092032351
:10735000224631B23846EFF7DFFEC14509F1010997
:1073600016D00436B6B2DAF83832002BE9D10C2345
:10737000E8E7403BDAF838024FFA83F9002800F0DA
:10738000BE804268B9FBF2F95AB209F1040996E7E6
:1073900038460221EFF7A4FA711CAA1C012309B296
:1073A000384612B204910392EFF752FB3846DDE9FA
:1073B0000321EFF79DFA01213846EFF791FAD0E764
:1073C000A3C00120ABAAAA3DABAAAA2A7C35012002
:1073D0004CC70020803501200C6F00200000C04405
:1073E0001CAC0020474BA3FB02384FEAD80808EB3F
:1073F0004808A2EB8808ACB20E2339B24248E21F1B
:1074000000931F2307F1220512B2053CEFF756FE49
:107410003E4B3D481FFA87FB039324B253F82830B4
:107420004FF00A0A0493EFF75FFA321F049B2946D4
:107430000090374802360492F6F75AFB4946354821
:10744000FFF728FE059030480BF11E09EFF74CFAC4
:1074500029460BF102050090059B32462C48ADB23F
:10746000F6F746FB28481FFA89F929B204350323A9
:107470002246ADB2CDF800A0EFF74EFE2248A94556
:10748000F3D10BF1040500214FF001094FF0050A7B
:10749000ADB2DFF874B0EFF723FA03E0043509F179
:1074A0000109ADB2032329B222469945F6D05846C8
:1074B000CDF800A0EFF730FEB9F1060FEED10221B2
:1074C0001148EFF70DFAFB1C039AB8F1040F03EB18
:1074D0004803049852F8282088BF023352781BB220
:1074E000002A18BF06461946F01C32B2ABE64146E8
:1074F00008480392FFF7CEFD039A0346FEE60C22EE
:1075000040E700BFABAAAAAA7C3501204CC70020E7
:10751000803501200C6F002080B19446C9010346DC
:10752000074A084891FBFCF110B4C1F18001064CF8
:1075300021603F215DF8044B1DF0E4B8704700BFA7
:107540006C3C002074DD002018DE0020037803B9B5
:107550007047FFF783BA00BF0FB400B583B0402176
:10756000074804AB53F8042B01931AF0EBF8054BD2
:1075700080221A6003B05DF804EB04B0704700BFCE
:1075800074DD002018DE00209C4B002270B51A60CC
:10759000831E82B0112B10D8DFE803F0090909110E
:1075A0000F161E3743485058729E880F0FB3944AE7
:1075B0001368012B18BF0120106002B070BD02B02B
:1075C000BDE8704006F0FCBB8D4B1A68012A00F044
:1075D000E28001221A60F0E78A4C2368002B01DD6B
:1075E0005B422360581C00F0EF80991C00F0F8808B
:1075F000DA1C00F0F9800433DFD106F0E1FB2368E8
:10760000002BDADD5B422360D7E77F4B1868002848
:10761000D3D1F2F7D7F87D4802B0BDE87040FFF74C
:107620009BBF02B0BDE87040ECF7A4BE754A13687A
:10763000002B40F39680013B1360BEE7714A13684C
:10764000002B40F39B8001331360B6E7704A714B07
:1076500011781A780A44D2B2B2FBF1F001FB102281
:1076600012F0FF0206D1664A106801280CBF032001
:1076700001201060B1FBF1F202FB111119709CE7BF
:10768000634A644B11781A780A44D2B2B2FBF1F023
:1076900001FB1022D2B2012A00F08E804A1CD2B225
:1076A000B2FBF1F001FB10221A7086E7584A594BE1
:1076B00011781A780A44D2B2B2FBF1F001FB102221
:1076C000D2B2032A00F08480CA1CD2B2B2FBF1F01D
:1076D00001FB10221A7070E74D4A4E4B11781A7850
:1076E0000A44D2B2B2FBF1F001FB1022D2B2022A5C
:1076F0005AD08A1CD2B2B2FBF1F001FB10221A70F0
:107700005BE7444C2078F2F7D7F901220346207852
:107710009A60F1F78FFD837A002B3FF44EAF302350
:107720001F2220780DF105068DF801306C46ADF86A
:1077300004308DF80220F1F77DFD837A364DA3F1F8
:1077400071017F33C9B28DF803308DF8001001E06C
:1077500014F8011F286803685B689847A642F7D1B0
:107760002BE72C492A4A0B7812781344013BDBB2F1
:10777000B3FBF2F002FB10330B701EE72549244ADD
:107780000B78127813440133DBB2B3FBF2F002FB47
:1077900010330B7011E71F4B204A1B78D15600297C
:1077A00026DBFF21D15408E7154A106801280CBFD9
:1077B0000320012010609CE7114A106801280CBFCB
:1077C00003200120106069E70D4B02221A60F4E6E5
:1077D0000B4A106801280CBF03200120106073E7DA
:1077E000074B03221A60E8E6054B04221A60E4E620
:1077F000044A13685B421360DFE600BF14DE00201A
:1078000048C700203CC8002018DE0020D83C0020DB
:10781000D7D20020A3C0012058E7002048C800208C
:10782000024B1A6802B11860704700BF18DE0020D2
:10783000044A06200449536B086043F00053536325
:10784000704700BFA8E7002048C700200629F0B510
:107850002DED028B83B05FDD0E46074600213448D4
:10786000EFF73EF87F234021314D31480A22009145
:107870001946EFF781F8012128460A24EFF730F87E
:1078800022B202347F212846EFF732F83C2CF7D1A0
:1078900006EBC606052F07EE906AF8EEE77A38DDAC
:1078A000053FC7EB4773A7EBC30707EE107AB8EEA7
:1078B000C77ADFED206A87EE278AC6EEA78A28EE10
:1078C000268A68EEA68AF5EEC08AF1EE10FA1CDD73
:1078D000B2EE067A0024DFED187A154D38EE078AED
:1078E00077EE887A01347F212846FDEEE77A17EE9D
:1078F000903A1AB2EEF7FCFF07EE904AF8EEE77AFC
:10790000F4EEE78AF1EE10FAEADC03B0BDEC028B8C
:10791000F0BD9FED097ACCE77F2340240A2204487A
:1079200019460094EFF728F803B0BDEC028BF0BDC8
:107930007C350120000048420000000070B586B090
:107940000346114E0DF1080C03F13802EE460F4DBF
:10795000CDE902109CE803008EE8030092E80300E2
:107960008CE803009EE8030082E803001C6C5A6C5C
:107970001E6404945D6405921CB103226146604656
:10798000A04706B070BD00BF514701007547010018
:107990002DE9F0471446127898469DF820303E2A8B
:1079A00007460D469DF824A008BF0134ABBB0A2151
:1079B00020461BF043FC0646A8B1A5F10508011BB3
:1079C00022462A48FFF766FB414602460023384616
:1079D000F0F742FB6A1C334639B212B22448BDE8C4
:1079E000F047EFF7A3BE092120461BF027FC814694
:1079F000E0B1011B22461D48FFF74CFBA91F0246C0
:107A000001233846F0F728FB334609F10102A91C8F
:107A1000781CBDE8F047F0F71FBBCA1EC11F154B0D
:107A200012B2134809B2EFF781FEC0E7BAF1000FB6
:107A300013D0AA1F234639B20D4812B2EFF776FED3
:107A40000B48EEF751FF04464346AA1C791C0894E4
:107A50000948BDE8F047F6F74BB8EA1E234639B2AD
:107A6000034812B2BDE8F047EFF760BE6072002035
:107A70007C350120FCB50020803501202DE9F04F38
:107A80002DED028B85B09DF84080DDF8449072B1F9
:107A9000144612785AB1252A06460D4620D0242ACB
:107AA0000AD0402A08D03E2A0AD02E2A1FD105B07B
:107AB000BDEC028BBDE8F08F627801343E2AF4D130
:107AC000EA1EB8F1000F40F0EC8012B2631C31B234
:107AD000934805B0BDEC028BBDE8F04FEFF726BE32
:107AE00062784FF000090134242ADAD1E4E707EE86
:107AF000903ADFED8C5ADFED8C6AF8EE677A9FEDF5
:107B00008B8ADFED8B8A9FED8B7A87EEA56AA6EED6
:107B1000268AFCEEC87A17EE903A9BB207EE903AAE
:107B2000F8EE677A87EEA80A20EE070A0AF0D8FC7A
:107B300020EE280ABDEEC00A10EE103A1FB2002F48
:107B400002DA07F5FF571F37BDEEC88A43F6FF7309
:107B5000DFED778A7F139FED777A18EE102A1A44AB
:107B60001346754A82FB0312D9171A44C1EBE2325D
:107B700013449BB207EE903AF8EE677A87EEA80AB4
:107B800020EE070A0AF0ACFC20EE280ABDEEC00A7F
:107B900010EE103A1BB2002B02DA03F5FF531F332D
:107BA00022785B13092A02D16278123601347E2AC8
:107BB00000F0818008EE907A08EE103A05270A213D
:107BC00020461BF03BFB824600284CD0011B22467E
:107BD0005A48ACB2FFF75EFA00230246A91F06F12D
:107BE0000C00F0F739FA0AF101021FFA86FA0123B4
:107BF000294606F10B00F0F72FFA31B22AB2B8F19C
:107C0000000F27D0FB1C4648CDE90212EEF720FFFB
:107C1000F8EEE88AB8EEC88ADFED497A68EEA78AFE
:107C200028EE278AFDEEE88ABDEEC88ADDE9021259
:107C300018EE103A3A481C4418EE903AAAEB0303A7
:107C400024B21BB2109405B0BDEC028BBDE8F04F1E
:107C5000EEF792BE3B463248CDE90212EEF7F8FE4F
:107C6000DDE90212E4E7092120461BF0E7FA83462A
:107C7000B0B3011B22463148ACB2FFF70BFAA91F83
:107C80000246012306F10C00F0F7E6F953460BF12A
:107C90000102A91C06F10D001FFA86FAF0F7DCF9C3
:107CA000ABE7F11F12B2274B09B21D480292EFF762
:107CB0003DFD029A0AE707EE907A013407274FF05C
:107CC0000008F8EEE78A07EE903AB8EEE78A78EE19
:107CD000A88A38EE088AFDEEE88ABDEEC88A6EE70B
:107CE0001FFA86FA23460E48ACB20AF10C0109B21B
:107CF000B9F1000F0FD0A21F12B2EFF717FD08481D
:107D0000EEF7F2FD4B460090AA1C06F10D010E485D
:107D1000F5F7EEFE71E7E21E12B2EFF707FD6CE732
:107D20007C35012000FF7F4700FF3F4700000046F1
:107D300000FEFF46DB0F494001800080607200209A
:107D400033331340FCB50020803501202DE9F04F7E
:107D5000164687B007460846F1F7AEFE814606EBA9
:107D600086034FEA860800EB0313D3F88C52002DEC
:107D700000F0A7802B4600229C695CB121782E2957
:107D800003D0596D090600F14B8101325033062AA8
:107D9000F2D10024D9F85432002B00F03D814B463B
:107DA0000021D3F8A42201315033002AF9D1092946
:107DB00077DC052E1DDD3B88012B00F08F807A8853
:107DC000B2F5007F00F02381042B4FF0000124D096
:107DD000022B39D0032B40F0B981002C00F0178121
:107DE000E36C012723F08003E364384607B0BDE865
:107DF000F08F092955DC3B88F243012B02F0010288
:107E000000F0E980002ADAD07A88B2F5807F00F0AD
:107E1000FE80042B4FF00101DAD1002C00F02C8100
:107E20002369B7F90410F888002B00F0CF8063694C
:107E3000002B00F0CB80821A20460127B2FA82F292
:107E40005209FEF7D1FFD0E7002C00F0D680236C5A
:107E50006BB10023666C0DF1130205A904F1380023
:107E600005938DF81330B047002840F0AF8005F53A
:107E7000F472944280F0BD80E36C04F1500523F06D
:107E80008003AA42E36408D8A0E01B782E2B40F0C0
:107E900059815035AA4240F299802B69002BF4D1C8
:107EA00094E03B88012BAFD13F2346264FF0470A91
:107EB0004FF0420B4FF080081F464FF040090393EC
:107EC00019E0AA4DDFF8A8B22B6813F0010400F006
:107ED000AD800023A64D8BF804304BE74FF0FF3305
:107EE00006264FF0070A4FF0020B4FF040081F46DE
:107EF0004FF00009039300219E48EEF7F1FC322376
:107F00000C2249469B48B4FA84F400934023EFF7CF
:107F100003F9042243463946009264099548EEF776
:107F20002BFD01219348EEF7DBFC3923052249465E
:107F3000904800934023EFF7C1F8072349460522F4
:107F40008C4800934023EFF7E7F80522394689482B
:107F5000EEF7D4FC052241468648EEF7CFFC3946C1
:107F60003B228448EEF7CAFC3B2241468148EEF7AB
:107F7000C5FC00217F48EEF7B3FC7E48EEF7B4FC69
:107F80007D4B0622594600907C48F5F7B1FD012152
:107F90007848EEF7A5FC00222B795046112101927A
:107FA0000094774AFFF76AFD2B79764A314603EB56
:107FB00083037048126852F823300E22EFF7B6FBA5
:107FC0002B68714A5B69934240F0AB8001273846C9
:107FD00007B0BDE8F08F930199461A4603F1020BF2
:107FE00003F1070A013B09F14008961D1FB20393F4
:107FF00081E7E36C23F08003E364AB690835002B71
:10800000E4D0EB6C012743F08003EB64EDE600273E
:10801000384607B0BDE8F08F052E3FF7CCAEEAE654
:1080200002EB820205EB02140834B3E60BF10803FD
:108030000BF5F47A8BF804401846502200211AF010
:1080400027F9034650339A45C0E90644C0E908447D
:10805000C0E90A44C0E90C44C0E90E44C0E9104438
:10806000EAD14A4B4A4ACBF80030012349494048FB
:108070002B600AF0E3FA2CE72B7906EB860AB7F9B6
:1080800004504FEA0A1AED1851D43E4A4249D2E947
:1080900000239B1A9B1001FB03F39D42A8BF03F131
:1080A000FF3508EB060309EB0313D3F88C326BB1F1
:1080B0001B79AB428AD00AF523704844F1F7ACF83B
:1080C00008EB060309EB0313D3F88C32002DD4BF61
:1080D00000270127002B18BF0027002F3FF476AFA1
:1080E000284B2D4AD3E900031B1A9B1002FB03F314
:1080F000AB427FF66BAF0AF511734B44059305EB6A
:10810000850300EB8300C36873B3036905A90430DA
:10811000984708EB060309EB0313D3F88C321D7163
:1081200063E60E2203992846012798475DE608EB8F
:10813000060309EB0313D3F88C32002B3FF446AF50
:108140002546B5E7AA423FF65CAF3FE78B0199466B
:10815000194603F1020B03F1070A013B09F140083C
:108160008E1D1FB20393C6E60AF0DAFA38DB002050
:10817000842001207C350120D43B00208035012063
:10818000FCB5002044E70020AD440100347C002011
:10819000C0CA002051480100CDCCCCCC07EE901ACB
:1081A0009FED2C7AF8EEE77A2DE9F0410D46064670
:1081B0002DED028B87EE278A84B092BB01212648E1
:1081C000EEF78EFB002D27DDF1EE488A00244FF0FC
:1081D0000408214F01E0AC421ED0A64204F1010484
:1081E000F9D107EE904A3C223846CDF80080B8EE2F
:1081F000E77AF0EE687AE7EE087ABDEEC87A8DEDA0
:10820000037ABDF90C30FDEEE77A17EE901A09B249
:10821000EEF782FFAC42E0D104B0BDEC028BBDE8CA
:10822000F081042400210C48EEF75AFB80233C2205
:10823000002109480094EEF76FFF01210648EEF790
:108240004FFB80233C22002103480094EEF736FFC9
:10825000B4E700BF000000437C350120184B1B68C9
:1082600070B5012B174E0546347812D021467CB1EB
:10827000002402E03178A1420ADDA54204F10104A4
:10828000F8D101222846FFF789FF3178A142F4DCBA
:1082900070BD032CEAD12246302310217D20EFF758
:1082A00055FE2246302310217D20EFF72FFE691C5A
:1082B0002246102309017D20BDE87040EFF736BE4D
:1082C00048C70020D7D200200649074B1A780B7800
:1082D00013441844C0B2B0FBF2F302FB1300C0B267
:1082E00008707047A3C00120D7D2002070B50546A2
:1082F00008460C461CF098F902460948214692B2FD
:10830000EFF792F8D0F1800123462A4648BF0131A9
:10831000034841F34F01BDE87040EFF707BA00BFD3
:108320007C350120024B1B6803B17047FFF72CB965
:10833000F0EF002091F900C05CEA020301D50A7059
:10834000704702EB820300EB0313D3F88C32002B4F
:10835000F5D00CEB8C0C00EB0C1070B5D0F88C4207
:10836000A64604F5F075586D20F08000586534B1CC
:10837000DEF8546006F0800C4CEA000058650EF1FF
:10838000500E5033AE45EED10A7070BDC30770B5C4
:10839000044601D404280EDD124D134B287803EB5C
:1083A000400393F901205C70A24203D00F4E335674
:1083B000002B0DDA70BD0B4D0B4B287813F91020F4
:1083C00003F81040A242F5D0084E3356002BF1DBE3
:1083D000F1F772FB297822463144BDE87040FFF77F
:1083E000A9BF00BFA3C0012040C8002048C800208A
:1083F00070B505460E46F1F75FFBD0F85432002BFE
:108400003AD002460123D2F8A4429C4650320133AE
:10841000002CF8D1194B9EB9BCF1060F13F91520A9
:10842000174902F10202A8BF4FF0060C6245B4BF23
:1084300052B2324603F815204A57002A14DA70BDAA
:1084400003EB4502690092F901201944042ACCBFCC
:108450000124022422446245B4BF52B272B24A706F
:1084600007494A57002AEADB03EB450329449A5798
:10847000BDE87040FFF75EBF9C46CBE740C80020D8
:1084800048C800200346034A102103481B691CF01A
:1084900039B900BFA83A0020BCDD00202DE9F04F1B
:1084A000924683B012681C460E46CDE9000302EBEB
:1084B000820304EB03131F6917B13B783D2B3CD0BB
:1084C000012E2ADD10223946674816F019FE20B326
:1084D00097F800B00024019DB946DFF88C8108E0D0
:1084E0002F69394616F00CFE98B101345035A6427A
:1084F00012D0BBF13D0F4FF010024046F0D199F879
:1085000001303D2BF1D02F69394616F0F9FD0028D6
:10851000EBD1B946CAF800404F463B46534A1021BA
:1085200051481CF0EFF8009B1B88042B15D0022B40
:108530003DD0002003B0BDE8F08F7B783D2BBFD14C
:10854000013292FBF6F306FB1322CAF8002002EB7D
:10855000820204EB02121769B2E7009B5B88B3F555
:10856000807F06D0B3F5007F42D0012003B0BDE884
:10857000F08F009BDAF80020B3F904108A1832D487
:10858000B2420198A8BF06F1FF3202EB8203CAF89B
:10859000002000EB03131B6913B118783D2841D06C
:1085A000324A102130481CF0ADF80120C2E7009B90
:1085B0005B88B3F5007FD8D1DAF800301021019C38
:1085C000013393FBF6F206FB1233284A03EB8300D8
:1085D000CAF8003004EB00182348D8F810301CF01B
:1085E00091F80120A6E70022019BCAF80020D2E7FB
:1085F000DAF80000019B00EB800003EB0010036938
:10860000002BB2D04369002BAFD0009BDA88B3F9BE
:108610000410A2F50072B2FA82F25209FEF7E4FBEE
:10862000012087E758783D28BAD10A44002ACAF8C1
:10863000002008DBB2420CDA019B02EB820203EB62
:1086400002121369ACE70022019B1B69CAF80020E3
:10865000A6E7013E019A06EB8603CAF8006002EB2A
:1086600003131B699CE700BFBCDD0020A83A002073
:10867000114B02461B786BB1012B19D0022B13D082
:10868000032B0BD00D4B186899889B791060918053
:10869000937170470A4B1B8803807047094B186819
:1086A0001B7910601371704700210846F0F776BE01
:1086B000054B186810607047AAC00120FC750020A7
:1086C000C8700020F4750020F075002010B4046913
:1086D0002CB143691BB15DF8044BFEF785BB5DF817
:1086E000044B7047C26C034650074AD5D10716D4D5
:1086F0005A6983ED030AD2ED007A77EE807AC2EDF3
:10870000007A1A6B002A3BD05A6B03F1280000B59F
:1087100083B001A90193904703B05DF804FB1A6888
:10872000DFED877A002A596920EE270AC0F2A78078
:108730000888BDEEC00AD3ED017A06EE900AB8EEC5
:10874000C07A83ED030AF8EE666AF8EEE77A37EE50
:10875000267AF4EEC77AF1EE10FA09D407EE902AE1
:10876000F8EEE77AF4EEC77AF1EE10FA77FE877A40
:10877000FCEEE77A17EE902A0A801A6B002AC3D122
:108780007047F2EE047AD20780EE276A2BD5D3E940
:108790000012002947DBFF2A00F3958007EE902A9C
:1087A000521A5869B8EEE77A07EE902A0278F8EE86
:1087B000E77A05EE902A67EE867AF8EE655AFDEEC6
:1087C000E77AF8EEE76AC3ED037A76EEA57AB4EEBF
:1087D000E77AF1EE10FA40F19D80FCEEC77A17EED1
:1087E000902A02708DE7D3ED016AD3ED005A5A69E1
:1087F00036EEE57AD2ED007A27EE067A77EE277A22
:1088000083ED037AF4EEE76AF1EE10FA02D5C2EDD9
:10881000006A76E7F4EEE75AF1EE10FA75FEA76A01
:10882000C2ED006A6DE707EE902A521A5869B8EE59
:10883000E77A07EE902AD0ED006AF8EEE77AF8EED4
:10884000E65A67EE867AFDEEE77AF8EEE76AC3ED60
:10885000037A76EEA57AB4EEE77AF1EE10FA09D44F
:1088600007EE101AB8EEC77AB4EEE77AF1EE10FA16
:1088700037FE277ABDEEC77A80ED007A41E7BDEE7C
:10888000C00A91ED007AD3ED017AF8EEC76AB8EE2E
:10889000C07A83ED030AF8EEE77A37EE267AF4EE33
:1088A000C77AF1EE10FA09D407EE902AF8EEE77ACB
:1088B000F4EEC77AF1EE10FA77FE877AFDEEE77AEA
:1088C000C1ED007A1DE7B2F5803FACDA07EE902AE1
:1088D000521A5869B8EEE77A07EE902A0288F8EE45
:1088E000E77A05EE902A67EE867AF8EE655AFDEE95
:1088F000E77AF8EEE76AC3ED037A76EEA57AB4EE8E
:10890000E77AF1EE10FA10D5BCEEC77A17EE102A0E
:108910000280F6E607EE101AB8EEC77AB4EEE77AF0
:10892000F1EE10FA37FE277A57E707EE101AB8EE85
:10893000C77AB4EEE77AF1EE10FA37FE277AE3E76A
:108940000000C044C36CDB0759D510B4D0E9003433
:10895000FF2C28DC002B7FDA426907EE903AC168D1
:108960001268F8EEE76A0A4407EE902AB8EEE77A52
:10897000B4EEE67AF1EE10FA6BD407EE904AF8EE18
:10898000E77AB4EE677AF1EE10FA37FE877AE31AE7
:1089900037EE667A5DF8044B07EE903AF8EEE77A28
:1089A00087EE270A7047B4F5803FD5DA002BD3DB7A
:1089B00007EE903A4269C168B8EEE77A12880A4435
:1089C00007EE902AF8EEE77AF4EEC77AF1EE10FAA5
:1089D00033D406EE904AF8EEE66AF4EE667AF1EEEB
:1089E00010FA76FEA77AE31A77EEC77A5DF8044BA1
:1089F00007EE103AB8EEC77A87EE870A70474369E8
:108A000090ED037AD3ED007AD0ED006A77EE877AA5
:108A100090ED017AF4EEE76AF1EE10FA10DCB4EEB4
:108A2000677AF1EE10FA48BFF0EE477A37EE667AD1
:108A300077EEE67A87EE870A7047F0EE477AD2E75C
:108A4000F0EE667A37EE667A77EEE67A87EE870A98
:108A50007047B0EE667A9AE7426907EE903AC168CD
:108A6000B8EEE77A1278AAE7C36C13F0010313D0CB
:108A7000D0E9003210B4FF2A10DC002B11DB44696E
:108A8000247891B9A34203DCA2421346A8BF23462F
:108A900018465DF8044B704718467047B2F5803FA2
:108AA00006DB446924680029ECD0C1680C44E9E77E
:108AB000002BF6DB446924880029E3D0F5E700BFEA
:108AC000C36CDB0731D5D0E90023FF2B14DC002A6F
:108AD00039DA416907EE902A9B1A91ED007AF8EE97
:108AE000E76A07EE903AB8EEC77AF8EEE77A37EE23
:108AF000667A87EE270A7047B3F5803FE9DA002AE5
:108B0000E7DB07EE902A41699B1AF8EEE76A0A88CC
:108B100007EE102A07EE903AB8EE477AF8EEE77AB9
:108B200037EE667A87EE270A70474369D0ED006A10
:108B3000D0ED017A93ED007A77EEE67A37EE667A39
:108B400087EE270A704707EE902A41699B1AF8EED4
:108B5000E76A0A78DCE700BF2DE9F04FAD4C91469B
:108B60008B4684FB0324DB17C3EB64032DED048BDE
:108B700099458BB0059040F39581A9EB0303C3EBB6
:108B80004372C3EBC20303F10C06BBF1000F40F3C9
:108B9000A4804FF00008771C9FED9F9ADFED9F8A1D
:108BA0004546CDF81090731E3A2B00F28C8005EBF1
:108BB0008504059B03EB041422691AB113783D2B3D
:108BC00000F00A81964B04989649DFF85C92404584
:108BD00008BF1946484616F0BFFB23691B785BB9EE
:108BE000236A4BB109F1010309AA08A904F118008D
:108BF00009930894636A9847E36C1A0500F1E380CF
:108C0000092189481AF01AFBA0EB0901002907DDA8
:108C1000854A8648FEF73EFA0146834819F054FE1D
:108C2000814A31460120EFF70DFAE36C13F0180F7B
:108C30005CD02046DFF8F8A1FFF742FF7C48BBB2CA
:108C4000B0EE408A3AB219460693632307920C1D90
:108C5000194624B20094EDF78FFE7B23B1B2009445
:108C6000079A0C46079172481946EDF785FEE21CFB
:108C700063240FFA82F94B46A9461D4623B20234FB
:108C80002A465046A4B219460095EDF775FE7B2C96
:108C9000F4D1B3EE087A069AF0EE687A6448531D70
:108CA000013A4D46E8EE077A1BB212B20093FDEE90
:108CB000E77A17EE903A1BB21946EDF75DFE049B7A
:108CC000434500F0D280013509360937EDB2AB4596
:108CD000A8463FF768AFDDF81090594648460BB0FC
:108CE000BDEC048BBDE8F04FFEF7B0BD4E495048D7
:108CF000EEF774FD236A8246002B77D008A904F1B1
:108D0000180009AA636ACDE908499847092146482D
:108D10001AF094FA18B1411C434819F0D5FD4249A4
:108D20004348EEF75BFDC0F34F0013283CD80AEB35
:108D3000400A0446BAF1740F36DC0F283A4B32B2BF
:108D400094BF6F216B218946091A394809B2EEF7A1
:108D5000EDFC049B4345B6D1A9F1060133B234487A
:108D6000091BB4B202931FFA81F8A21C09B208F1E0
:108D7000040308F1020812B20FFA88F81BB200923D
:108D8000CDF80480CDE90613EDF7E6FF221D063489
:108D9000274812B2CDF8048024B200920294DDE993
:108DA0000613EDF7D9FF8EE71F484FF07E091BF041
:108DB0003BFC002300EB80041B4A3946C4F17E00D3
:108DC000EFF74AF9C5E71B491648FEF763F9014674
:108DD000184819F079FD13E753783D2B7FF4F2AE74
:108DE000002339460120EFF737F96CE7E36CDB0726
:108DF00028D56368FF2B57DC6369A06C1A780E498D
:108E00000E4B002808BF0B460D49074816F0A4FA80
:108E100085E700BF398EE33800FF7F470000C64278
:108E2000E03B0020446F0020D4DD00206072002071
:108E30007C350120D5DD0020A8C20020E43B0020C5
:108E4000E83B00206369A16CD3ED007A214A224BF4
:108E5000B7EEE77A2148002908BF1346204900935E
:108E600053EC172B16F078FA59E7079B5E245C2128
:108E70001C489A1C33B2019412B2029360230092F0
:108E8000EDF76AFF079B5C2116481A1D03F1060ADD
:108E900001940FFA8AF312B2029360230092EDF765
:108EA0005BFF10E70C2670E62046FFF709FE20EE78
:108EB000090AA16C074AFCEEC07A074B0748002953
:108EC00008BF1346084917EE902AC2F3462216F04F
:108ED00043FA24E7A8C20020E43B0020D4DD0020B0
:108EE000F03B00207C350120E83B00202DE9F047D5
:108EF000ADF5A15DAD4F804682B03878F0F7DCFD6E
:108F000006460AAD3878F0F795F9002381462A46DF
:108F1000136202F1380102F12804C2E90033C2E908
:108F20000233C2E90433C2E90633503242E90B335B
:108F3000C4E9013342E90733C1E9013341F2284171
:108F400042F8043C69448A4242E90333E0D103AA6F
:108F5000EB64002303A930462B606B60AB60336881
:108F60001560934ADB682A612A1D6A6102229847CC
:108F70003368082203A9DB6830469847336810221B
:108F800003A9DB68304698473368202203A9DB68D1
:108F900030469847336830464FF0FF32DB6803A90C
:108FA0009847844B1B78002B4AD13878F0F784FD22
:108FB000C3681B0644D43E7803A9304604F0DCF8AD
:108FC00003AB7D4A1B687D4E5B1B1B1102FB03F349
:108FD0003A7856F8221003F101090029C0F2E28024
:108FE0004945A8BF46F8223006EB820240462B4690
:108FF0004946FFF753FA0446002877D041F2D834A7
:109000006C4404F13801236C0322084603B19847ED
:1090100004F12801236B0322084603B1984704F1A9
:109020001801236A0322084603B19847A4F15003AC
:10903000A5421C46E5D10DF5A15D02B0BDE8F08763
:10904000039B00224FF0000C5D491A6506AC5A657F
:1090500003A89A6503F15402C3F89CC05A664A46B5
:10906000196699F80A10DFF860E110293E78C3F814
:10907000B0E028BF1021C4F80090666002F80A1F13
:109080001021C3F8B4200122C3F8A41003F1A001F9
:10909000C3F8A0C003F1B80CC3F8A820C3F8EC20B3
:1090A00004AA0160DFF824A1DFF824E194E80300BA
:1090B00082E803009CE8030084E8030092E80300D0
:1090C0008CE80300D3F8C090C4F80890D3F8C4200B
:1090D000C3F8C0A0C3F8C4E0E260B9F1000F3FF4E8
:1090E0006BAF032221462046C84764E73548EEF7B8
:1090F00033FA01213348EDF7F3FB402322462146A2
:10910000009380232F48EDF7D9FF3B784946284646
:1091100056F823202923FFF71FFD0A22802321462A
:10912000009222462748EDF7F7FF21462548EDF744
:10913000D7FB3878F0F786F80646F1F7EBF80068C9
:1091400033B22146012241F2D83403EB43036C448D
:1091500000EB03131B480833EEF7E8FA0121194826
:10916000EDF7BEFB00E01C4604F13801236C03223E
:10917000084603B1984704F12801236B03220846EF
:1091800003B1984704F11801236A0322084603B18A
:109190009847A542A4F15003E5D10DF5A15D02B0B9
:1091A000BDE8F087002346F822301DE7A3C0012068
:1091B000083B0020ADC00120CDCCCCCC70200120DC
:1091C000243B00207C350120403B00202D4701003E
:1091D000C54401002DE9F04FADF5797D0024074627
:1091E00008ADF8AE2B4618465022002119F050F871
:1091F000034600F1280100F13802503304629E4218
:10920000C0E9064443E90B44C1E9014443E907448A
:10921000C2E9014443F80C4CE5D10022DFF8C481D7
:10922000032004AE114698F80090F0F7B7F8002339
:10923000C0B22C6002AC0EAA81456860C5F81480EB
:1092400028BF8146FF280CBF0821012188F8009023
:10925000A960696AF160594929610121E9645849A5
:10926000C4E900332B6A29625649B360696292E807
:10927000030086E8030094E8030082E803001BB1C2
:1092800003223146304698476A6B0023D5F8308078
:10929000F2604D4AC6F808802A634C4AC4E900339C
:1092A00012AB6A6393E8030086E8030094E80300C6
:1092B00083E80300B8F1000F03D0032231463046A3
:1092C000C047DFF824910DF1880C41494FF00008A8
:1092D00099F800A04FF0010B2B6F6A6FBAF1030FE2
:1092E00029673C4928BF4FF0030AF26069673A4A90
:1092F000C5F864902A660322C5F8508089F800A05A
:10930000C5F858B0C5F89CB0B3606A659CE8030026
:10931000C4E9008886E8030094E803008CE80300B1
:109320003BB131463046984799F800A0BAF1030F97
:109330005ED8BAF1010F0DF1700800F00581A8EBBD
:109340000503264ADFF8A4A01B11254E02FB03F3F8
:109350009AF8002056F8221003F101080029C0F203
:1093600084814145A8BF46F8223006EB8202384688
:109370002B464146FFF792F80446002800F025816D
:10938000F8AC54F8103C0322503C1BB104F13801F6
:109390000846984704F12801236B0322084603B1CD
:1093A000984704F11801236A0322084603B198473D
:1093B000AC42E6D10DF5797DBDE8F08F743C00201C
:1093C000D545010095460100ED45010071450100BC
:1093D00005460100514B0100843C0020CDCCCCCC93
:1093E00078220120ADC00120AAC00120A3C0012025
:1093F000D5F8C41036ABC5F8A0A0F160A849C5F8EF
:10940000B490C5F8B010FF21C5F8A8B0C5F8A410F5
:10941000A449C5F8ECB0C4E90088D5F8C080C5F807
:10942000C010A149C6F80880C5F8C41093E803002D
:1094300086E8030094E8030083E80300B8F1000F16
:1094400003D0032231463046C04700223AABD5F85C
:10945000D080C4E90022D5F8D420C6F80880F26094
:10946000924AC5F8D020924A93E80300C5F8D42068
:1094700086E8030094E8030083E80300B8F1000FD6
:1094800003D0032231463046C0478A4A00214FF4B8
:1094900070504AABC5F8F010C5F80421D5F810811A
:1094A000C4E900111188C6F80880B1F5705F28BFC3
:1094B0004FF470511180D5F81421F2607E4AC5F83E
:1094C00000210222C5E93D020122C5F83C217B4A68
:1094D000C5F810217A4A93E80300C5F8142186E8FC
:1094E000030094E8030083E80300B8F1000F03D001
:1094F000032231463046C04700224EABD5F82081CA
:10950000C4E90022D5F82421C6F80880F2606D4A2B
:10951000C5F820216C4A93E80300C5F8242186E8A9
:10952000030094E8030083E80300B8F1000F03D0C0
:10953000032231463046C04799F800A00DF58878DF
:10954000BAF1010F7FF4FBAEEFF788FA03685F48CA
:1095500008F178025E49A0FB0303DFF890E1C8F848
:109560006410C3F34713C8F858A0C8F89CA008F1CA
:10957000500A1E2BDFF878C138BF1E230B701E2146
:10958000544BC8F86030FF23C8E914130023D2E914
:109590000001C4E9003386E8030094E80300C2E94F
:1095A0000001D8F88030D8F88420C8F880E0B36093
:1095B000C8F884C0F2601BB1032231463046984798
:1095C0000123C8F85830D046B9E64348EDF7C4FF48
:1095D00001214148EDF784F94023224621460093BA
:1095E00080233D48EDF76AFD99F80030002B40D10B
:1095F0009AF8002032234146284656F82220F8AC3B
:10960000FFF7AAFA00220A20802311460090324870
:10961000EDF782FD00213048EDF762F901222F4B72
:1096200011462D48EEF782F801212B48EDF758F945
:1096300054F8103C0322503C1BB104F13801084699
:10964000984704F12801236B0322084603B1984789
:1096500004F11801236A0322084603B19847AC427B
:10966000E6D10DF5797DBDE8F08F002346F8223074
:109670007BE61B4B1B4819681B4B1A68FDF70AFD5C
:109680002346024638210420EEF7E6FCEFF714F8F3
:109690000028ADD038214520EEF72CFEA8E700BF0A
:1096A000943C00201D460100E546010035460100BE
:1096B000B54401008AC00120A03C00204D460100B5
:1096C000B546010065460100B94401001F85EB5114
:1096D000B5C00120B03C00207C350120CC3C0020EE
:1096E00074F30020C03C002054E700207D460100B8
:1096F00055450100C36CDB0718D5416911B3D0E9AA
:109700000032FF2A1FDC002B20DBD21A07EE903A32
:1097100007EE102AF8EEE77AB8EEC77AE7EE007A9D
:10972000FCEEE77A17EE903A0B70704743694BB145
:10973000D0ED007A90ED017A37EE677AE7EE007AA5
:10974000C3ED007A7047B2F5803F0FDBD21A07EE07
:10975000903A07EE102AF8EEE77AB8EEC77AE7EE0D
:10976000007AFDEEE77AC1ED007A7047002BEDDB61
:10977000D21A07EE903A07EE102AF8EEE77AB8EE22
:10978000C77AE7EE007AFCEEE77A17EE903A0B80A4
:10979000704700BF2DE9F04186B00E4601610121FE
:1097A0000D9D04460C9FAB42C1644CDCBB42B8BF6C
:1097B0003B46FF2D13606261C4E900753CDDEB1B85
:1097C000264A82FB0312DB17C3EBA203A3602449E2
:1097D000304615F07BFF60B300230DF1080C6A469C
:1097E000DFF88480DFF884E0CDE9026304F1180338
:1097F0009CE8030082E8030093E803008CE8030080
:1098000092E8030083E80300236A626AC4F82080B8
:109810000493C4F824E005921BB10322614660461C
:1098200098471049304615F051FF10B1ED1B642DDB
:109830000BD006B0BDE8F0810123A360E36C43F0D8
:109840002003E364C3E72B46B3E7E36C052223F070
:109850002003A260E36406B0BDE8F081ABAAAA2AA7
:109860000C6F0020046F00200D470100F546010039
:10987000B44B1B682DE9F04F9342D66C1446054655
:109880000F4606F080062DED028B87B000F0D580E4
:10989000A36C4FF00009B3F1000818BF4FF00108A6
:1098A000D4F810B09BF80030092B04D19BF801309C
:1098B00006350BF1010B232B00F0CD805F2B00F060
:1098C0000D822E2B20D0A36CF3B1B9F1000F1BD168
:1098D000002E00F07A820623A7F10802A5F1080104
:1098E000994812B2009309B2EDF716FC4946964822
:1098F000ECF7F6FF944829B208233AB2EDF7A6F93F
:1099000001219148ECF7ECFF236AC3B1B8F1000FD5
:1099100003D0E36CD80700F12F81DFF858A205AA25
:10992000636A04A904F118000494CDF814A09847C0
:109930009AF80030002B00F00D82DFF838B2003EBC
:10994000E36C18BF012659072DD59BF80090B9F19B
:109950003E0F00F05D82B9F12E0F40F0C480DA07AF
:1099600040F1A580236841462046002BC0F2458285
:10997000FFF77AF807EE900ADFED746AB1EE047A29
:10998000F8EEE77A87EEA60A30EE470AB9F1000F43
:109990004ED0394605F10C0007B0BDEC028BBDE896
:1099A000F04FFDF78BBB9B0624D523691B78402B1A
:1099B00020D0242B1ED041462046FFF755F8C1B2D7
:1099C0006348FDF767FB9BF8002003462E2A2FD043
:1099D000B9F1000F05D1A26CB2F1000918BF4FF028
:1099E00001095A4639462846CDF804900096FDF7FD
:1099F000CFFF1DE02046B8F1000F40F0DC80FFF7FC
:109A00005FF8DFED547A20EE270ABCEEC00A10EEB4
:109A1000103A1FFA83FAB9F1000F40F01282534650
:109A20005A4639462846CDF804900096FEF726F8A7
:109A300007B0BDEC028BBDE8F08F474B1A68474B6F
:109A40001B6803F57A7393427FF622AF4FF001094A
:109A50004FF0000824E73F2D0BF101014048D4BF2F
:109A6000083D2935FDF716FB00230246B91F28469D
:109A7000EEF7F2FA41462046FEF7F6FF0146394876
:109A8000FDF708FB0446002E40F01A81B8F1000FE4
:109A900043D1791C681C01232246EEF7DDFA012030
:109AA00007B0BDEC028BBDE8F04FEEF7FBB9636980
:109AB000D3ED007AB8F1000F40F0C9819FED2A7A0A
:109AC00077EE877A94ED000AF4EEC07AF1EE10FAA0
:109AD0003FF55CAF94ED010AF4EEC07AF1EE10FAB6
:109AE00030FE270A52E72046FEF7EAFFDFED197A3B
:109AF00000231E4A20EE270A394601932846009685
:109B0000BCEEC00A10EE103A9BB2FDF7B7FFE36C53
:109B10009BF80090DA07CAD524E70F4A144B126865
:109B2000A3FB02134FF4FA715B0901FB1322F92A1C
:109B3000AFD8791C0223012228460291EEF7F6F9EC
:109B40000299A7E7641C01207C3501200000C04475
:109B50000C6F002000FF7F475CBA0120681C0120C9
:109B6000A83A0020283D002000000000948A002030
:109B7000D34D6210D4DD00202046DFF83CA3FEF771
:109B80009FFF0121FEF770FF6369B0EE408A1870F5
:109B9000236A0494CDF814A0002B00F07A8104F11C
:109BA0001800636A05AA04A99847B0EE480A20463F
:109BB000FFF7A0FDBCE6FEF7C5FEDFEDB77AB748BC
:109BC00020EE270AFCEEC07A17EE90AACAF34621CF
:109BD0001FFA8AFAFDF75EFA38B123691B78242B45
:109BE00000F03B81402B00F0468153465A463946EF
:109BF000CDE900602846FDF741FF9BF80030252B9A
:109C00007FF416AFB9F1000F3FF412AFA5F10B00CE
:109C1000B91C09231722CDE90201EEF797F91722A3
:109C20000923DDE90201EEF771F9E36C9FED9C7AFF
:109C3000204603F04003DFED9B7ADFED9B5A002BBB
:109C40009FED9A6A47FE255A07FE866AFEF738FF9F
:109C5000DFED917AB6EE007A954820EE270AFCEE09
:109C6000C07A17EE903A9BB207EE903AF8EEE77A98
:109C700067EEA57AFDEEE77AF8EEE77AE6EE477A48
:109C8000FDEEE77A17EE904A17EE901AFDF702FA0A
:109C90000246002C00F0F880104602921AF0C4FC34
:109CA0000A35C0EB8073029A391DC0EB8300002394
:109CB000284407B0BDEC028BBDE8F04FEEF7CCB9FD
:109CC000284609230E223946EEF730F90220EEF736
:109CD000E9F8B8F1000F7FF420AFDAE60BF10101EB
:109CE000084602911AF0A0FC3F2D00EB800002997B
:109CF0003DDDC0F170054FF0710B4FF07009A7F119
:109D0000060A6C48FDF7C6F900230246514628466C
:109D1000EEF7A2F9236A83B3674D04F11800636A72
:109D200005AA04A90494059598474EB9B8F1000F07
:109D300001D0624B1B68584600232A465146ACE6C8
:109D40004846F91F07231022EEF7F0F80220EEF73D
:109D5000A9F8EBE75A4BDFF860B193E80300AAF8E3
:109D60000410090CCAF800008AF80610E7E5083D5F
:109D700000EB050909F1010BC1E7E36C2046DD07A3
:109D80000DD56368FF2B0ADC4146FEF76DFE0146E8
:109D90004C48FDF77FF90546002EC7D0D0E7FEF707
:109DA0008FFEB8F1000F55D1DFED477A30EE270A6C
:109DB0004448F0EE407AFEEEEC7A17EE901AFDF78A
:109DC00069F90546002EB1D0BAE703237A1F691F4F
:109DD0003E48009312B209B2EDF79EF931463B4876
:109DE000ECF77EFD394829B205233AB2ECF72EFF95
:109DF00001213648ECF774FD86E5FEF735FE07EEE7
:109E0000900A9FED337AF8EEE77A87EE870ABDE590
:109E10002046FEF755FEDFED207A0023284620EE8F
:109E2000270A2C4A0193394600960B3DFCEEC07A76
:109E300017EE903A9BB2FDF721FE9BF80090E36C81
:109E40008DE54FEA5A211548FDF724F9C4E694ED53
:109E5000037A35E6D4ED037AA8E741462046FEF7BB
:109E600003FE802805D0A0F180011148FDF712F90A
:109E7000BBE61948B9E641462046FEF7F5FD014626
:109E80000648FDF707F9B0E61348FDF703F9024667
:109E900002E708F045FC00BF00FF7F470C6F002081
:109EA0008000003B00000043FAC0F93C00C0F944C8
:109EB000383D0020A83A0020D4DD00205CBA012003
:109EC000482E0020303D0020000000007C3501209D
:109ED0000000C044FCB50020C06E00202DE9F04118
:109EE0000E461169144686B00A7805463E2A73D09C
:109EF000774B1B68A34250D0A36C002B55D0236A2C
:109F0000002B00F0A28067690121204697F80080AD
:109F1000FEF7AAFD387002AF236ACDE90047002B97
:109F200000F0D480636A01AA694604F118009847DA
:109F3000636983F800804FF00108E36C1B0644D48A
:109F40002269053513785BB9B8F1000F1DD10023E4
:109F50003A4631462846EEF77FF806B0BDE8F08174
:109F6000002331462846EEF777F820691AF05CFBAB
:109F7000002300EB8000574A31462844C51C0138B5
:109F8000EEF76AF8B8F1000FE1D002232846314617
:109F900003351A46EDF7CAFFD9E74F4B4F4A1B6806
:109FA000126803F57A739342A6D9236A4BB302AFC2
:109FB000636A01AA694604F118004FF00008CDE970
:109FC00000479847E36C1B06BAD50023444A314644
:109FD000681CEEF741F8B3E7E26C10060CD40131CF
:109FE0004048FDF757F8024600233146284606B0A0
:109FF000BDE8F041EEF730B83B48FDF74BF80246BC
:10A00000F2E7E26C12F0010241D1636990469FEDE4
:10A01000377AD3ED007A37EE277AD4ED007AB4EEB2
:10A02000E77AF1EE10FA07D4D4ED017AB4EEE77ACC
:10A03000F1EE10FA77FE877AB7EEE77A2C4853EC08
:10A04000172BFDF727F8074677E7E36CDA0707D405
:10A0500063694FF0010894ED037AD3ED007ADAE7F3
:10A060004FF001082368002B23DB6368414620463C
:10A070007F2B04DDFF2B0CDDB3F5803F11DBFEF7FA
:10A08000F3FC01461B48FDF705F8074655E79846DF
:10A09000E8E7FEF7E9FC41101648FCF7FBFF07462E
:10A0A0004BE7FEF7E1FC41121248FCF7F3FF0746CD
:10A0B00043E76369196821B90F48FCF7EBFF0746CE
:10A0C0003BE70E48FCF7E6FF074636E708F028FBBB
:10A0D000641C0120B8950020681C01205CBA012096
:10A0E000FCB50020446F0020A83A002000000000CA
:10A0F0003C3D00200C6F0020AC730020383D002058
:10A100002DE9F04FBE4B8DB0D0F8546207461C7855
:10A11000029196B103460121D3F89022184650339C
:10A120000E4622F08002D0F8A4020131C3F840228A
:10A130000028F1D10A2E00F34381B24D15F91430F5
:10A14000B34209DA03EB830307EB0313D3F854326A
:10A150001978002900F0438105EB440898F90110B3
:10A16000B14245DB8A0015F914300A44042E03EB92
:10A17000830307EB021207EB0313D3F8901241F0AD
:10A180008001C3F89012D2F8903243F08003C2F8F5
:10A19000903200F31081032E4FF01409B4BF4FF03A
:10A1A00022084FF01608062EB24607F511744FF03C
:10A1B0000005A8BF4FF0060A0BE03B6822460820C6
:10A1C000D3F810B0904B9B4524D1FFF751FB0235DB
:10A1D000A03455454FEA650122DA236909FB018164
:10A1E0001B785F2BE9D1E36C41461B06EFD5E4E712
:10A1F00001EB81038A0007EB0313D3F854321B7879
:10A20000002BB0D17E4B01211878FEF7F1F898F9B8
:10A210000110A7E70A46234608213846D847D6E763
:10A22000062E00F38680012E19DD07F5257B01241B
:10A23000DFF8D4A1DBF8103061101B7809FB018135
:10A240005F2B66D03B681D6955456CD15A46482046
:10A25000FFF70EFB02340BF1A00BB442EADB002146
:10A260006A48ECF73DFB0022092180236748644DD2
:10A2700000911146ECF750FF01216448ECF730FBE8
:10A280002878EEF7DFFF0446F0F744F8036821B2C0
:10A2900000225E4801EB410103EB01134FF0FF3157
:10A2A0000833EDF743FA8023082200215748ECF7E2
:10A2B0004BFE2A7803216E20EAF796FC029B1BB125
:10A2C0001B78002B40F08680514BD3ED007AF5EEE1
:10A2D000C07AF1EE10FA15DD494B4E481A784E4B14
:10A2E00003EB8203D3ED006A86EEA77AB7EEC77A56
:10A2F00053EC172BFCF7CEFE0023024635216020DD
:10A30000EDF7AAFE3E4B18780DB0BDE8F04FFDF713
:10A31000A5BFDBF84C30414613F0800F9AD03B6864
:10A320001D69554592D00A465B4648213846A847E4
:10A3300090E70A2E74D0DFF8E4E0092E0DF1100C3E
:10A3400003AC0BBF4FF0060A4FF0070A05250425A2
:10A35000CDF80CA00DF12C0BA9EB0505B24607F5C5
:10A360002579BEE80F00ACE80F009EE80F008CE8EE
:10A370000F000DE03968244B0E699E423AD14146E8
:10A380004820FFF775FAA345A8443FF468AF039D42
:10A3900054F8042F02EB8201524507EB0111BFF67E
:10A3A0005EAF012A4A46E5D001F5117243204146CD
:10A3B000FFF794FDE7E74FF010094FF01208F2E6BF
:10A3C000104B314607F5117013F914202923FEF7BD
:10A3D000C3FB44E700210298FCF740FB74E705EB60
:10A3E00044082046FEF704F898F90110B142FFF640
:10A3F000FFAEB7E64B46424648213846B047C2E773
:10A40000A3C0012040C80020993700007C350120FE
:10A4100060C90020203D002094E70020AC2B0020E4
:10A42000DFF840C004AEA8F1070403AD08F131081D
:10A43000BCE80F000FC69CE80F0086E80F0055F837
:10A44000043F03EB8302092B07EB02123FF707AF30
:10A450002146073402F511724320FFF73FFD4445C2
:10A46000EDD1FCE6AC2B002038B5074B04460D4679
:10A470001878EFF721FB844200D038BD2946BDE8AB
:10A480003840FFF73DBE00BFA3C0012000B583B038
:10A490008DF80320826801913AB1C3680DF103027F
:10A4A00001A9984703B05DF804FB08F039F900BF33
:10A4B00049B33E4A2DE9F84306460D46DFF8F4E07D
:10A4C000D6F808C0D0E90001ACEB01030C1A9B10D0
:10A4D000A71002FB03F302FB07F79D42AEEB070256
:10A4E00012D80B46AC460022BCF1010C9A60C3E9BD
:10A4F000002203F10C03F7D105EB450501EB8505BF
:10A500007560BDE8F8837047AA424CD3BD42A846A7
:10A5100038BFB84617EB080342D283BB984699462A
:10A5200009EB040300222C46013C9A60C3E9002297
:10A5300003F10C03F8D1814210D003464C461A684F
:10A540000C330C3444F80C2C53F8082C44F8082C29
:10A5500053F8042C8B4244F8042CF0D118B1ACEB26
:10A56000000106F02DF92F44C6F80090C6F80880C7
:10A5700007EB470709EB87077760BDE8F88373456A
:10A5800028BF734603EB43084FEA8808404606F0AD
:10A5900013F9D6F808C081468044D6E90001BFE728
:10A5A000DFF81480F2E7024808F086F8ABAAAAAAFE
:10A5B000EC760020AAAAAA0AF8FFFF7F2DE9F84F3F
:10A5C000D0E900890F4692466FF06041A9EB08027E
:10A5D000B1EBA20F54D093100646A7EB0805012B50
:10A5E0001A4638BF01229C1848D2002C3CD1A34601
:10A5F000DAF80030002D4BF8053024DCA9EB070910
:10A600000435B9F1000F5D4413DC4D44B8F1000F7F
:10A6100004D1B460C6E900B5BDE8F88FB168A1EB1C
:10A620000801404606F0CCF8B460C6E900B5BDE8C4
:10A63000F88F284639464A464D4406F023F8B8F1CB
:10A64000000FE6D0EAE7A9EB07092A46414658463B
:10A65000043517F081FDB9F1000F5D44E9DCB16804
:10A660004D44A1EB0801DCE78C4228BF0C46A40056
:10A67000204606F0A1F883460444B9E7024CF7E708
:10A68000024808F019F800BFFCFFFF7FC0760020E9
:10A690002DE9F04FD0E9007983B00C466FF070419E
:10A6A0000192A9EB0702B1EBE20F49D0D3100646A5
:10A6B000A4EB070A012B1A4638BF01229D183DD290
:10A6C00085BB4FF0080BA846019B08EB0A02BC4271
:10A6D00093E8030082E803000FD008F1080C3B4622
:10A6E00093E803000833A3420CE903000CF1080CC3
:10A6F000F6D10AF1080308EB030B4C4506D0A9EB91
:10A70000040258462146934405F0BCFF27B1B168C6
:10A710003846C91B06F054F8B560C6E9008B03B093
:10A72000BDE8F08F8D4228BF0D46ED00284606F0AB
:10A7300043F88046054400F1080BC5E7024DF5E7F4
:10A74000024807F0B9FF00BFF8FFFF7FC076002086
:10A750008B4A03462DE9F04F002495B01078894EBE
:10A7600005930894EEF76EFD83462420069406F0C8
:10A7700023F806F1200C00F12407824605460E90CE
:10A7800010973446103510360FCC644545F8100C40
:10A7900045F80C1C45F8082C45F8043CF1D130680C
:10A7A000286000250F971395CDE91155EFF7B2FDFD
:10A7B0000390D0E900639E42029300F03284A7EB3D
:10A7C0000A03CDF810B0984605EB4501B8F1000F2B
:10A7D0004FEAA80406EB011101F1080B40F3838056
:10A7E0004FF0000901E0A1457DDA5AF82900022264
:10A7F000594609F1010914F083FC0028F3D10298AD
:10A800000135614B821B121103FB02F23346954264
:10A81000DAD35D4EDDF810B0DDE91125A91A8910F3
:10A8200006FB01F18C4200F25583C0F0E7829842AA
:10A8300000F0FD820022CDF810B0914609EB4902EC
:10A840002F2103EB021303F1080B584618F0F6FC16
:10A85000002856D0431C0293A7EB0A02002A4FEAB5
:10A86000A20832DDAAF10406002401E0A0452CDD97
:10A870000222594656F8040F2546013414F040FCD4
:10A880000028F3D105EB4505119C029B04EB8505DF
:10A89000CDF830900D93D5E90132934234D00CA914
:10A8A00003F1080203C983E803006A60039A09F10F
:10A8B0000109354913685268D21A121101FB02F2DC
:10A8C000914527D2DDE90EA7B8E7109ACDF830B050
:10A8D000BA4200F0588247F804BB0F97A7EB0A076B
:10A8E000BD10013DCEE7109BCDF830B0BB4200F06B
:10A8F000528247F804BB0F97A7EB0A084FEAA80457
:10A900007DE7CDF808B0A7E7194628460CAAFFF75F
:10A91000BFFECBE7DDE90EA7DDF810B0BA4500F0C9
:10A920008A82129B4FF00008D146CDF808B00493FC
:10A9300009E009F104090F9FA9EB0A08B945C346CC
:10A940004FEAA80656D04FEAA806C34606EB4602D1
:10A9500004EB820554F822006A688242E9D105F1CD
:10A960000C02049B9A422CD0991A074B8A1000299A
:10A9700003FB02F225DD03941835144608E000BFFE
:10A98000A3C00120E02B0020ABAAAAAA55F8180CFE
:10A9900055E9041345F8183C091A55F8083C45F8E0
:10A9A000143C55F8043C45F8103C002345E90333BA
:10A9B00045F8043C0C3508B105F002FF013CE5D137
:10A9C000039C049BA3F10C0553F80C0C129520B1C9
:10A9D00053F8041C091A05F0F3FE09F10401B94209
:10A9E00003D07A1A484617F0B7FB043F0495B945DF
:10A9F0000F97A8D1DFF84092CDF824B0D9F80030F5
:10AA0000DDF808B0002B00F08182824B0793824B67
:10AA10000693059B5B88B3F5807F00F01D82B3F53C
:10AA2000007F00F0CC817D4B08937D4B03937D4BE1
:10AA300005937D48ECF790FD01217B48EBF750FF33
:10AA4000002240237848114600938023ECF736FB20
:10AA500000220B237448114600938023ECF75CFB23
:10AA600000217148EBF73CFF0222704B11466E4803
:10AA7000ECF75CFE069D079A95F9003092F90020EC
:10AA800003EB43036A4854F8233013F83210FCF701
:10AA900001FB0222034631216348ECF747FE022105
:10AAA0006148EBF71DFF2E233B225F4819460092B9
:10AAB0000022EBF761FF039895F9002090F9003030
:10AAC000D91C8A4202DDD31E5BB203709A42C0F2E7
:10AAD00072810E250027DFF86491DFF84C813B443A
:10AAE00048460137B342B4BF5AF823105149FCF726
:10AAF000D1FA2F21029018F0A1FB84462AB2029BC2
:10AB0000032140464FF0000EBCF1000F01D08CF83D
:10AB100000E00A35ECF70AFE052FADB203D0039B27
:10AB200093F90030DBE70598079A90F9003092F925
:10AB30000020D91C8A4202DDD31E5BB203709A4208
:10AB4000C0F235810025DDE9058797F90020591904
:10AB500002EB420304EB830054F82320436802EB2A
:10AB6000C100A3EB0209B1EBE90F4FEAE90380F062
:10AB70000881426810460292002A00F0028119F012
:10AB800053FD0D2805EB850C4FF00003029A4FF0A2
:10AB9000310061464FEA41018C4601F10F0107D9AE
:10ABA0000135EDF759FA052D0AD098F90030CCE7B8
:10ABB00001350CF10E013120EDF744FA052DF4D1E9
:10ABC000069B93F9003003EB430304EB830254F834
:10ABD00023305268A2EB03094FEAE9030293099B71
:10ABE000002B44DDB9F1280FA0464FF000070E48B6
:10ABF000D4BF50234E23CDE90949069CDDF80C90C3
:10AC00000B93D8E900239B1A002B4FEAE30127DDC1
:10AC1000002518E0B1C00120B2C0012014DE0020E0
:10AC2000B4C00120B3C001207C350120503B00207E
:10AC3000583B0020A8C2002080200120A83A002014
:10AC400001358D420CDA12F835309B45F8D199F96F
:10AC50000030BB4240F3878094F90030BB426FD094
:10AC6000013708F10C08B742CBDBDDE90949079E43
:10AC70000B25029996F90000FCF7E8FD01219A489E
:10AC8000EBF72EFE0A227F219748EBF731FE069B59
:10AC9000039A022193F9003092F9002092489B1AFE
:10ACA000009503EB83035A002B230C32ECF706FAD2
:10ACB000059A0095B9F1290F92F900204FF0300163
:10ACC00096F900308848A3EB020303EB83034FEAB5
:10ACD0004302B4BF50234E230C32ECF7EFF9089B2C
:10ACE0001968012900F07E81022900F08081002985
:10ACF00040F054817D4B1878FDF7B0FA049BA342D5
:10AD00000BD02546049E2B6818461BB1A968C91AAA
:10AD100005F056FD0C35B542F5D124B11399204606
:10AD2000091B05F04DFDBAF1000F00F0D08010991D
:10AD30005046A1EB0A0115B0BDE8F04F05F040BD4B
:10AD4000059B93F90030AB428ADCED1A0B233021CE
:10AD500005EB850500930B9B6A000C3212B2ECF7F1
:10AD6000DBF961487CE7FB1A0B22022103EB83032A
:10AD700000925A002B230C3212B2ECF7CDF95A484C
:10AD80006AE702932BE739460CAA0EA8FFF716FCD8
:10AD9000DDE90EA7A2E539460CAA0EA8FFF70EFCC6
:10ADA000039BD3E90063DDE90EA70293A4E5059BAD
:10ADB0001A701346C6E6039B1A70134689E6059B74
:10ADC0001B88022B00F01881032B00F0F380042B6A
:10ADD0007FF429AE464A059B11680892002900F0CD
:10ADE0004381B3F904300B4411461360414A127891
:10ADF000002B40F06D8101230A460CE104EB440472
:10AE000002EB8404A5423FF412AD2646336818468F
:10AE10001BB1B168C91A05F0D3FC0C36B542F5D1A7
:10AE2000039B1294D3E9003098427FF403ADBA45F6
:10AE3000119C7FF476AD304B1E68129B049306B1D3
:10AE400000262E4B099607932D4B0693059B5B8896
:10AE5000B3F5807F7FF4E3AD059B1B88042B7FF463
:10AE6000E2AD0699059B9A880B781344204A5BB2A1
:10AE700008920B701146002293420A60C0F21381BF
:10AE8000B342C0F2E780721E52B202EB4203114697
:10AE900004EB830306988E42027000F3DF80194AA8
:10AEA00003920798D3E9003290F90010D31AB1EB5E
:10AEB000E30F4FEAE30201DB013A0270182B124B59
:10AEC00000F3EF801A46059300231370B1E515B027
:10AED000BDE8F08F611A11A8FFF7EAFA039BDDE9DC
:10AEE0000EA7D3E90030A2E47C350120A3C00120E5
:10AEF00014DE0020D7D2002080200120B1C0012024
:10AF0000B2C00120B4C00120B3C00120B8F1000FCD
:10AF10007FF77BAD02969C4625461F46089E03940C
:10AF2000CDF828A0DDE906E8D5E900031B1A002BBF
:10AF30004FEAE30115DD00237CB200F1040A10F8AA
:10AF4000332093450AD199424FFA83FE26464FF0AB
:10AF5000010C8CBF5AF833804FF0000801338B424C
:10AF6000EDDB0137029B0C359F42DDDB039CDDF8F6
:10AF700028A0CDF818E0CDE90786029EBCF1000FAD
:10AF80003FF443AD079B069AC9F80030584B1A703E
:10AF90000793089A574B06931A703AE502395648B8
:10AFA000FCF778F80378002B3FF4A4AE5349FBF785
:10AFB00055FD9FE6524A11680892002947D00229A0
:10AFC00074D9504B03391878EFF76EFE4E4B0122BF
:10AFD0001A60059BDA884D4B1A804D4B03934D4BFD
:10AFE000059326E545494C48FBF738FD82E6434981
:10AFF0004A48FBF733FD7DE6414B1A680893022A65
:10B0000011D9404BD11E1878EFF74EFE3E4B01226E
:10B010001A600023089A13603D4B03933D4B059340
:10B0200007E5092157E7069B003A079993F9003095
:10B0300018BF012291F9001003EB430354F82330A9
:10B0400013F831102F4B1878EEF706F9DEE70123DD
:10B050001360BEE703EB430304EB83032C4A114662
:10B06000039200220A701CE79888079F069B93F9B9
:10B0700000203B7802EB4202034404EB820554F8C3
:10B0800022005BB26A68002B2CDB121AD110B3EBE2
:10B09000E20F079AA8BF01F1FF3313701C4B039313
:10B0A0001C4B0593C5E423461146F3E6069B079A1D
:10B0B00093F9003092F9002003EB430354F8233056
:10B0C00013F8321001220F4B1878EEF7C5F87DE720
:10B0D00002329342E2D9089B1A600D4B03930D4B49
:10B0E0000593A6E40A4B397003930A4B0593A0E439
:10B0F000B1C00120B2C00120A03B0020683B00206D
:10B1000014DE0020A3C0012048C7002088C0012011
:10B11000B4C00120B3C00120783B00208C3B00204C
:10B120002DE9F04FB04D8DB0DFF8F88295F800A012
:10B13000EFF712FD2878EEF7BFFC98F80030002BEF
:10B1400040F02B8104462E78A84F17F9163003EBF8
:10B15000830304EB0313D3F89032DB0500F118816D
:10B1600007EB460393F9013003EB830304EB03136E
:10B17000D3F890227300D005029300F10481DFF828
:10B18000A892D9F80020002A79D0994B1968C907EC
:10B1900040F1F0809748DFF894C20168DCF8003095
:10B1A0005B1A0C2B11D9DCF800305B1A9249A1FB19
:10B1B0000313D908B2EBD30F8CBF511A02F1FF3140
:10B1C000DCF80020C9F8001002608C4D40228C4E43
:10B1D00000202946F7F7CEFE33680446834200F08C
:10B1E000E0808848ECF7B8F9012186483460EBF735
:10B1F00077FB2B782E2B00F01F810A21284618F0B0
:10B200001DF80446002800F03081002328462370F2
:10B2100019F00AFA024629467A4892B2ECF704F984
:10B22000D0F180014FF018022B4648BF013175481C
:10B2300041F34F01ECF77AFA0A2304F8013B204668
:10B2400019F0F2F9024621466E4892B2ECF7ECF89A
:10B25000D0F1800123464FF0200248BF01316948F8
:10B2600041F34F01ECF762FA674B00206749D3F8CE
:10B2700080200880C3F884200DB0BDE8F08F6249BB
:10B280005E480270D1F88400D1F88030C01A5C4B5F
:10B290001A60030731D1E2685006EDD55C480368B7
:10B2A000002BE9D05B4A1268012AE5D1DFF87CC1A6
:10B2B000DCF80020DFF878C1DCF800C0A2EB0C025B
:10B2C0000A2AD9D99C46D1F88020D1F88430013A95
:10B2D000D21A1207F7D063465A1C002302600120DD
:10B2E000D1F8842021F83200101801EBC20200F0DE
:10B2F0000F0053605380C1F88400D1F8802008AB60
:10B30000DFF830B101EBC200013202F00F02C1F8E8
:10B310008020DBF8002003C8002A83E8030058DB04
:10B320003A4B1A88002A51D0BDF82090B9F1020F8B
:10B3300000F08F82B9F1010F354800F0F88041F23A
:10B3400070720260334B1A680493062A00F0A880DA
:10B35000314A1268B2F5FA6F40F29D802F4A128886
:10B36000012A40F09880049900230A60274903606D
:10B370000A8081E7DFF8B4C001241E48DCF8001021
:10B380001C6001600AE701212878FDF731F8F6E634
:10B3900000213046FDF72CF8E2E6EBF713F90446FE
:10B3A000D1E62B782E2B7FF467AF6B782E2B7FF4B2
:10B3B00063AFD9F8003006242A220021C3F18003AC
:10B3C000104800941BB2EBF7A7FE55E7BDF820909C
:10B3D000B0E713488268002AA2D0C26808A9904743
:10B3E00000289DD048E700BFA3C0012040C800202E
:10B3F0003CDB002074220120ABAAAAAA74DD002045
:10B40000B4DD00207C35012080DC002088C00120D4
:10B4100050C9002048C700204CDD002084C0012016
:10B420003CDD0020ACC0012018DE00205CBA012009
:10B4300070DD00203CC800206B782E2B7FF4DDAE41
:10B44000062480232A220021634802350094EBF76A
:10B4500035FED9F800302A220021C3F180035E486E
:10B4600000941BB2EBF758FEC7E6284619F0DCF84B
:10B4700002462946584892B2EBF7D6FFD0F1800138
:10B480002B464FF0200248BF0131534841F34F0192
:10B49000ECF74CF9E8E6DBF80020002AC0F28781DF
:10B4A0004E4B0393BDF8260040F20112DFF858C15D
:10B4B000904262D04A4B4B4ADCF800100493116072
:10B4C0001A68039B062A5344059370D0464B19888B
:10B4D000002975D1DFF834818C46BDF82090434BAC
:10B4E00008F1C00206E008F10C08424500F0908027
:10B4F000BDF8260038F8081C022908BFBDF8220054
:10B500004945F0D158F8041C8142ECD1196839B989
:10B5100058F80C0CFCF738F8BDF82090334B344A3F
:10B52000B9F1030F00F08E814FF0010CDBE70268E8
:10B53000F2B92B4B1A68062A0AD02E4A116842F239
:10B540001072914204D92C4A1288012A00F000821C
:10B5500023682A4A5B6A934240F02B82284B196881
:10B56000002900F03A820B6808461B68984783E67A
:10B57000013A0260002A93D0E4E62249DCF8002078
:10B580000B68D21AB2F57A7F94D9DCF80030164AEB
:10B590000B60194B03991B881380FF2298F8003029
:10B5A00001F80A2083F0010388F8003064E6BDF852
:10B5B0002030032B00F03C8108A801F03FFF5BE640
:10B5C000BDF82090B9F1030F49462FD0022A35D19A
:10B5D00008A8FFF7BDF84FE67C35012048C80020D9
:10B5E00048C7002070DD002088C00120F0EF002057
:10B5F00048C800204CDD002084C00120A537000091
:10B6000050E70020702201205CBA012088C700208A
:10B61000BCF1000F7FF430AE049BB9F1030F494633
:10B620001A6840F00881062A00F00081012A00F023
:10B630002F81049B1A68022ACAD00321042A00F031
:10B640002381052A00F07581BDF82200B0F5807FC6
:10B65000844600F00581B0F5007F00F00181049B75
:10B660001B68032B00F06981BDF82090B9F1010F30
:10B670007FF402AE0020E8F763FEBC4B4FF480621B
:10B6800000210646186816F003FE4946B848EBF755
:10B6900027F92368B74A1B6A934240F01B82287837
:10B6A000EEF70AFA844202D10021FEF729FD039B3E
:10B6B00013F90A20002A0CDB08AB93E803000AAB5D
:10B6C00083E80300184601232978ADF82830FCF7F9
:10B6D0003DFBDBF80030002B65DB0025002404F087
:10B6E0000100214601342844ECF7F8FB402CF6D148
:10B6F0000235802DF2D1ECF7CBFB18239E4A1321A3
:10B700000620DBF8005000921A46ECF78BFC1E2353
:10B71000102103201A46ECF7F9FB012D00F0CD8132
:10B720001823964A1321252000921A46DBF8004080
:10B73000ECF778FC1E23102122201A46ECF7E6FBDA
:10B74000022C00F0AD8118238D4A13214420009271
:10B750001A46DBF80040ECF765FC1E23102141205F
:10B760001A46ECF7D3FB032C00F08D811823854A91
:10B770001321632000921A46DBF80040ECF752FCDC
:10B780001E23102160201A46ECF7C0FB042C00F0A9
:10B790006D81DBF80030002B40F36481042B02DD67
:10B7A0000123CBF800303046E8F7CAFD64E5049B7E
:10B7B000B9F1010F1968744BA1F101010393B1FABA
:10B7C00081F14FEA511108BF002100293FF46AAE10
:10B7D00013F90AC0BCF1000F1BDBD4F854225AB194
:10B7E00021460022D1F8A43250310132002BF9D188
:10B7F000092ACCBF00210121BCF1050F40F3DC80F8
:10B80000002900F0D980BDF82220B2F5807F3FF4F6
:10B8100049AE22685D49926A8A423FF443AE08A964
:10B820002046904700287FF427AD3BE6BDF8260070
:10B83000574B188020E5022A3FF4CAAE062A7FF44F
:10B84000FDAEB9E6BDF826104FF0010C504801805E
:10B8500049E6BDF8223022EA03024D4B1A800BE57F
:10B86000032A00F0B680022900F0968004297FF4B4
:10B87000FDAEDBF80020002AC0F24181BDF9243082
:10B880001344CBF80030F1E608A8FDF7A3FCF3E47D
:10B89000BDF8261011F4407F56D031F4407153D1D9
:10B8A000BDF82200B0F5807F00F01781029BF818E8
:10B8B00090F901C0502000FB0C40D0F8843200F514
:10B8C0001F70002B00F069810CEB8C0C0A918DF835
:10B8D0001F200AA904EB0C1C0DF11F02DCF8888262
:10B8E000C04700287FF4C8AC039B13F90A20002A44
:10B8F00080F25981BDF82220B2F5807F00F064818A
:10B90000029B204605993B4493F90120FCF712FD68
:10B91000039B13F90A3003EB830304EB0313D3F8FF
:10B920005432002B00F04681BDF82630184A1380AF
:10B93000A2E408A802F09AFA9EE408A8FDF7D6FA55
:10B940002878FCF78BFC97E4049B03211A687BE6BC
:10B950000F4A06250F4941F27074A2F800904A6B15
:10B960001D6042F0005204604A6385E41CE200203E
:10B970007C3501209137000018CA0020D0C9002072
:10B9800060CA002088C9002048C800208D37000008
:10B9900088C00120A8E70020DBF80020002A23DB74
:10B9A0009E4B1B68002B7FF461AE0820FBF7ECFD7B
:10B9B00055E6204698475FE41CF0010F02D0092AA3
:10B9C0007FF721AFBDF82220B2F5007F7FF421AFD1
:10B9D00068E508A8FDF78AFA4EE4914B4FF48062BF
:10B9E000186816F055FC47E4039B297813F90A20E0
:10B9F000002A07DB08A8FCF7A9F900287FF42FAE7E
:10BA0000BDF822C0BCF5807F00F0E880029B3B447B
:10BA100093F90100502303FB0040D0F8843200F575
:10BA20001F7033B100221146FEF730FD00287FF46D
:10BA300023ACD4F8543253B122460023D2F8A412D6
:10BA4000503201330029F9D10A2B3FF708AEBDF877
:10BA500022302878B3F5807F0CBF00210121FCF74C
:10BA6000C7FCFCE50423CBF800309CE61C23112125
:10BA700061201A46ECF788FA01236A4A33214020F4
:10BA8000ECF710FB85E61C23112142201A46ECF747
:10BA90007BFA0123644A33214020ECF703FB65E67F
:10BAA0001C23112123201A46ECF76EFA01235F4A6A
:10BAB00033214020ECF7F6FA45E61C23112104203F
:10BAC0001A46ECF761FA2B46594A20463321ECF727
:10BAD000E9FA25E620469847E9E517F916004FF000
:10BAE000500C0CFB0040D0F8843200F51F70002B86
:10BAF00065D0FEF7CBFC00287FF4BEABF4E6039BD9
:10BB0000297813F90A20002A07DB08A8FCF71EF998
:10BB100000287FF4A4ADBDF82200BDF826208242A3
:10BB200001D1444B1880D4F8541271B3A4464FF09D
:10BB3000000EDCF8A43271460CF1500C0EF1010E2F
:10BB4000002BF6D1BEF10A0F1FDDB0F5807F17F98B
:10BB500016C046D00CEB8C06BDF9241004EB06167B
:10BB6000D6F85432002B3FF47AADD6F85832002B79
:10BB70003FF475AD131A5A425A41502303FB0C404F
:10BB800000F51170FBF730F969E5B0F5807F22D040
:10BB9000029B3B4493F901C0DCE7039B13F90A20A5
:10BBA000002AFFF6ADAE297808A8FCF7CFF80028E8
:10BBB0007FF4BAAEFF23039A02F80A30B4E6039B7F
:10BBC00013F90A20002AEEDA17F916202046059903
:10BBD000FCF7B0FB9CE617F916C0BBE717F9160097
:10BBE00018E7BDF9242012EB0C0214D49645C8BF07
:10BBF0001146039B4AB213F90A00029B002807F87A
:10BC000016203B445A70FFF637AB05992046FCF7E7
:10BC100091FBFFF731BB1946EBE700BFF0EF0020C7
:10BC20001CE200205C3C0020483C00203C3C002002
:10BC3000283C002088C0012004480023044A05490C
:10BC4000C0E90033C0E9023306F0F8BC3CDD002057
:10BC5000C0CA0020ED4801000B46022110B5044681
:10BC60001846237004F042FB204610BD0378064AB4
:10BC7000190102EB03135258DB6892681A4214BF91
:10BC800001200020704700BFF88D0020704700BFE2
:10BC9000004870477C1D012070B40E4DD5F88040DF
:10BCA000D5F8846004F1FF3CACEB060C1CF00F0FE0
:10BCB000F4D0D5F88440661C25F8340005EBC400A8
:10BCC00006F00F064180C5F884608280C38070BC96
:10BCD000704700BF80DC0020A0F1300310B54F2B6F
:10BCE0005FD8DFE813F00501C500BB005E005E0011
:10BCF0005E005E005E005E005E005E005E005E0054
:10BD00005E005E005E005E005E00B1005E00A700A7
:10BD10005E009D005E005E0099008B007D00D200F9
:10BD2000E6005E005E005E005E00260122015E000D
:10BD30005E005E005E00180150006E005E005E0056
:10BD40005E005E005E005E005E001401CF00D60063
:10BD50005E005E005E005E005E008B007D00010103
:10BD60005E005E005E005E005E00FD005E005E0044
:10BD7000F3005E005E005E00570075005E005E002E
:10BD8000DC005E0011014FF480730022032019468D
:10BD9000FFF782FF00234FF4807102201A46FFF75D
:10BDA0007BFF664A01240020D2F8843042F83340F9
:10BDB00002EBC3012344486003F00F03C2F8843050
:10BDC00010BD4FF40073002203201946FFF764FFF3
:10BDD00000234FF4007102201A46FFF75DFFE0E7F1
:10BDE0006B284FF000034FF400714FF004000CBFBC
:10BDF0004FF0FF320122FFF74FFFD2E76A284FF0E2
:10BE000000034FF480714FF004000CBF4FF0FF327D
:10BE10000122FFF741FFC4E70720FCF783FAC0E7E0
:10BE2000474A536B83F010035363EEF751F8E8F77A
:10BE3000A1FAB6E7424A536B83F040035363EEF72F
:10BE400047F8E8F797FAACE73D4A536B83F02003D5
:10BE50005363EEF73DF8E8F78DFAA2E7384A536BE3
:10BE600083F480735363EEF733F8E8F783FA98E7C7
:10BE7000334A536B83F080035363EEF729F8E8F7F6
:10BE800079FA8EE700231B70FFDE0220FCF74AFAE6
:10BE900087E72C4A137883F00103137081E7284A5F
:10BEA000536B23F400735363EEF712F8E8F762FA6A
:10BEB00077E7254B012200241A702046EDF7BAF9E6
:10BEC000631C042B1C468372F7D16AE71C4A536B30
:10BED00083F080535363EDF7FBFFE8F74BFA60E71D
:10BEE0000C20FCF71FFA5CE70B20FCF71BFA58E765
:10BEF000134A536B23F0804383F000535363EDF7F1
:10BF0000E7FFE8F737FA4CE7E8F734FA49E70F4B71
:10BF100000221A6010BD0A4A536B43F080435363FA
:10BF2000EDF7D6FFE8F726FA3BE70920FCF7FAF928
:10BF300037E70320FCF7F6F933E700BF80DC002089
:10BF4000A8E70020ACC00120ADC0012050C90020EE
:10BF5000054B06495B6B064AC3F3400003F001033F
:10BF6000C870D370704700BFA8E7002008DD00202C
:10BF700018DD00202DE9F04F8146BC489046406B0B
:10BF80002DED028B8FB008EE101A19469DF87C40FB
:10BF90009DF870309DF874509DF878700593069464
:10BFA000C4069DF880309DF8686007939DF86C206A
:10BFB000219B089509970BD5084606991446059AC2
:10BFC000099107990594089131460646CDE9067511
:10BFD0004FF0000AA648A74F4FF4FA7CA0F800A043
:10BFE0004FF0010BA448A54CC0F800A0A448A54DF3
:10BFF000C0F800C00DA8C7F800B0C4F884A0A5F828
:10C0000000A0C4F880A0CDE90A23FFF725FE9DF823
:10C0100034003146FF26387102207E71B8600DA8C9
:10C02000FFF71AFE0A9A7E730DA811469DF8342078
:10C030003A734FF480723A61FFF70EFE9DF8342098
:10C040007E750DA83A754FF400720599BA61FFF735
:10C0500003FE9DF834207E770DA83A770899FFF704
:10C06000FBFD894E9DF834200DA809993270FFF729
:10C07000F3FD9DF834200DA8069972704FF6FF72FB
:10C08000A6F802A0B281814FC6E901AAFFF7E4FD3C
:10C090009DF834C007990DA887F800C0FFF7DCFDB4
:10C0A0004FF6FF72594618EE100AA7F802A0BA819F
:10C0B0009DF83420C7E901AA7A7004F017F95946AF
:10C0C000484604F013F95946404604F00FF90B9B1B
:10C0D000DA7C002A31D072B6DA7CD00708D54FF06E
:10C0E000E02C5869DCF8801101409962CCF880118D
:10C0F000910708D54FF0E02C9869DCF884110140D5
:10C10000D962CCF88411500708D54FF0E02CD869DB
:10C11000DCF8881101401963CCF88811110708D5A3
:10C120004FF0E02C186ADCF88C1101405963CCF810
:10C130008C11D20600F1908062B655489A6882420E
:10C1400000F0F980534A986092695349C2F3011E86
:10C15000C2F38262DFF84CC151F82E100132B1FBFC
:10C16000F2F161456AD80021D9601A684FF0000ADF
:10C1700003204FF0010BC2F810A05062404611643A
:10C180000721059311665146C2F810B004F084F8F7
:10C19000364B484618EE101AD3F834C04246059B79
:10C1A000CCF3401ECDF808E0CCF3001ECCF3002CFD
:10C1B000CDF804E0CDF800C0E8F768F8E9F72AFE0A
:10C1C000059B814600286FD050460593E7F712FF84
:10C1D0005946404604F060F8059BDA7C002A71D18C
:10C1E000E6F7ACFED4F88030C4F884302B88C3B9AD
:10C1F000D4F88430D4F880209B1A180711D1E6F7C0
:10C200009DFED4F88030C4F88430F0F71FFE00287B
:10C21000FBD1012002F05AF80028F6D12B88002B20
:10C22000E6D0124B5B6BC3F3400203F00103FA70DC
:10C23000F3700FB0BDEC028BBDE8F08F174AA2FB84
:10C2400001C2D20CB1FBF2F1814288BF0132B2F5DA
:10C25000817F75D3124987E74FF0E021586AD1F802
:10C26000902102409A63C1F8902165E7A8E7002079
:10C2700086C0012050DD00204CDD002080DC002045
:10C2800028DD002084C0012018DD002008DD00200A
:10C2900080841E0000C00F405C7C002083DE1B43B6
:10C2A000FF7F7F007F841E000146F6F793FD48461E
:10C2B000E7F7A0FE5946404603F0EEFF059BDA7C07
:10C2C000002A3AD0D00704D5996A4FF0E020C0F890
:10C2D0000011910704D5D96A4FF0E020C0F804118D
:10C2E000500704D5196B4FF0E020C0F80811110772
:10C2F00004D5596B4FF0E020C0F80C11D20604D5DC
:10C300009A6B4FF0E023C3F81021E6F717FEB9F15E
:10C31000000F7FF467AF0F4B5B6B990002D42A8844
:10C32000D20780D5FBF784FA0FB0BDEC028BBDE8D5
:10C33000F04FEDF729B8D96817E7E6F7FFFDEAE710
:10C34000022A7FF610AF023A5008010441EA0021A8
:10C35000114309E7A8E7002010B50A4B00240A485A
:10C360000A4A0B4904601C711C731C751C7706F08B
:10C3700065F90848054A04600549BDE8104006F023
:10C380005DB900BF50DD002018DD0020C0CA0020CC
:10C39000A597010008DD00200B6802685B691B7827
:10C3A000803B1371704700BF0B6802685B691B78A4
:10C3B000803B5374704700BF1346024902681868F7
:10C3C00012F0CABFE47500200B68022012685B6996
:10C3D0001978ECF7E3BF00BF1068FCF749B900BF5C
:10C3E000012A02D022B1002070470160002070476E
:10C3F00002600020704700BF012A02D022B1002055
:10C40000704701600020704702600020704700BF45
:10C41000012A02D022B1002070470160002070473D
:10C4200002600020704700BF012A02D022B1002024
:10C43000704701600020704702600020704700BF15
:10C44000012A02D022B1002070470160002070470D
:10C4500002600020704700BF012A02D022B10020F4
:10C46000704701600020704702600020704700BFE5
:10C47000012A02D022B100207047016000207047DD
:10C4800002600020704700BF30B5046885B01568B1
:10C490002269636802EB8202D4E9020101EB8101A7
:10C4A00000EB0110D0F88C1201EB021212499069D6
:10C4B00022680090284612F04FFFA168D4E90323B8
:10C4C00002EB820203EB830301EB02111B01D1F8A3
:10C4D0008C1203F120020A44946854B10544C81830
:10C4E0000833C46A10460B4403AA02A903950293B9
:10C4F000A04705B030BD00BF7C76002003681268FD
:10C50000197819B9034B1B88138070470139002033
:10C51000ECF744BFC87000200B6812685B6919789B
:10C5200019B9044B1B881380704701390020ECF7C0
:10C5300035BF00BFC87000200B6812685B691978AE
:10C5400019B9044B1B881380704701390120ECF79F
:10C5500025BF00BFC8700020096810684A69034BF6
:10C56000127853F8321016F0AFB900BFE8E7002098
:10C57000096810684A69034B127853F8221016F0C4
:10C58000A3B900BF4CC700200B6812685B6919781B
:10C5900019B9044B1B881380704701390120E8F753
:10C5A00095BA00BFC8700020012A02D101600020A6
:10C5B0007047022A05D0032AF9D0002AF7D1026079
:10C5C000F5E70B680360F2E7012A70B5044603D172
:10C5D0000B680360002070BD022A0CD0032A03D030
:10C5E000002AF7D10260F5E700680028F2D0142194
:10C5F00004F0E6F8EEE70D68142004F0DDF80646D6
:10C60000AC460546BCE80F000FC5DCF800302660DC
:10C610002B60DFE7012A02D1016000207047022A67
:10C6200005D0032AF9D0002AF7D10260F5E70B689C
:10C630000360F2E7012A02D1016000207047022A5C
:10C6400005D0032AF9D0002AF7D10260F5E70B687C
:10C650000360F2E7012A02D1016000207047022A3C
:10C6600005D0032AF9D0002AF7D10260F5E70B685C
:10C670000360F2E7012A02D1016000207047022A1C
:10C6800005D0032AF9D0002AF7D10260F5E70B683C
:10C690000360F2E7012A02D1016000207047022AFC
:10C6A00005D0032AF9D0002AF7D10260F5E70B681C
:10C6B0000360F2E7012A02D1016000207047022ADC
:10C6C00005D0032AF9D0002AF7D10260F5E70B68FC
:10C6D0000360F2E70368106893F9112012B9034967
:10C6E00012F03ABE024912F037BE00BF0C6F0020B4
:10C6F000383D00200368106893F9042012B90349FB
:10C7000012F02ABE024912F027BE00BF0C6F0020B3
:10C71000383D00200368106893F90420183A02D1CC
:10C72000024912F019BE024912F016BE0C6F002029
:10C73000383D00202DE9F043044687B00D46ECF764
:10C7400079FD06462046EDF7B7F92C6800234FF037
:10C75000000807460220236542466365A365624BD5
:10C76000C4F89C80236604F15403636604F1A003BB
:10C770002B6096F80B904946ECF710FE431E3246AC
:10C780005A49DBB20DF1080CC4F8B0109945DFF836
:10C790006CE128BF9946FF2B02F80B9FC4F8A43028
:10C7A0000CBF08230123C4F8B420C4F8A080C4F847
:10C7B000A8300123C4F8EC306C462B6803F1180252
:10C7C00092E80300CDE900888CE8030094E80300B8
:10C7D000DFF82C8182E803001C6A5A6AC3F82080C3
:10C7E0000494C3F824E005921CB10322614660461C
:10C7F000A047FB68DB0774D42B6831463C484FF0F8
:10C80000080C03F150022A60727B18663846082A29
:10C8100038BF0822F82A28BFF82201F80D2FF82285
:10C8200059662946C3E914C201229A65C3F89C20BF
:10C830002B68DA6C42F01002DA6410229A604FF42E
:10C8400080523B68DB689847F37A022B2AD0052B8D
:10C8500028D02B6803F150022649F8202A60327B49
:10C8600019660121082A38BF0822F82A28BFF822B1
:10C8700006F80C2F08225E661A652A68C3F89C1019
:10C880003C68C3E91501D36C1020294643F0080326
:10C8900090603846D3644FF40052E36807B0BDE8B7
:10C8A000F0431847FB689C05D3D52B68124803F169
:10C8B00050022A603246B17B186602F80E1F002132
:10C8C0005A66FF22C3E9141208229A650122C3F8AE
:10C8D0009C202B68DA6C42F00802DA6410229A601D
:10C8E000B8E707B0BDE8F083F83B0020143C002017
:10C8F0001C3C0020203C002048950020E19E0100C7
:10C90000719F01002DE9F04186B00A680023D1F83B
:10C91000208002AD026002930E4605930446C5E9ED
:10C9200001334B6843608B688360CB68C3600B69DD
:10C9300003614B694361B8F1000F7ED002221831C8
:10C940002846C047D6E9088295E8030004F1180399
:10C950006F4687E8030093E8030085E8030097E843
:10C96000030083E80300236A616AC4F8208004930B
:10C97000626205911BB1032229462846984700238D
:10C98000D6F830800293C5E901330593B8F1000F62
:10C9900057D0022206F128012846C047D6E90C826A
:10C9A00095E8030004F1280387E8030093E80300F7
:10C9B00085E8030097E8030083E80300236B616BBD
:10C9C000C4F830800493626305911BB103222946A9
:10C9D000284698470023D6F840800293C5E90133E2
:10C9E0000593B8F1000F2AD0022206F1380128463B
:10C9F000C047D6E9108295E8030004F1380387E8C0
:10CA0000030093E8030085E8030097E8030083E848
:10CA10000300236C616CC4F8408004936264059148
:10CA20001BB103222946284698472046D6E91223FF
:10CA3000C4E9122306B0BDE8F081424684E74246CD
:10CA4000D9E74246ACE700BFC3682DE9F04F154671
:10CA500003F0020283468946AA42D0F840722DEDC7
:10CA6000028B89B000F0E18203F00802AA4200F0D4
:10CA70008E8203F01002AA4200F0A88003F0200387
:10CA8000AB4200F01883013540F07A824FF0000A83
:10CA9000D84601209FED478A5646CDF804B005E000
:10CAA000013608F15008182E00F06A82D8F8543286
:10CAB000002B00F06582D8F88C32002BF0D00024D7
:10CAC000009649E0D9F8000004EB840150300DF1E4
:10CAD000100A03EB0111C9F800000831FFF712FF3B
:10CAE000D9F800B0344B00211420CBF81030CDE938
:10CAF0000411CDE9061103F05FFE019B04610BF107
:10CB000018048360009B0490C3602C4A2C4BC0E93E
:10CB100000659AE8030002AE86E8030094E803008B
:10CB20008AE8030096E8030084E80300DBF820406D
:10CB3000DBF824100694CBF820200791CBF82430A2
:10CB40001CB1032251465046A0470020062F3C4608
:10CB500000F01B82D8F88C321A79002A00F0158276
:10CB6000671C07EB870103EB0111496811F4C06FE3
:10CB7000ECD0D8F8546202EB82023178413939297D
:10CB80001049096888BF013651F82250002899D011
:10CB9000D9F800000022C0F89C200B4A80ED148ACE
:10CBA000026600F1540280ED158A503080ED028A51
:10CBB000426189E700000000CC2B0020E1A00100C9
:10CBC000A19F010044E700204C730020D9F80060C9
:10CBD00006F15002C9F8002013F0080240F0588214
:10CBE000114610467C78ECF7D9FBC0B2C449234605
:10CBF000844207F1010428BF0346FF280CBF082226
:10CC00000122316601217B70D9F80030746604ACD2
:10CC100003F1180CC6F89C10DFF80CE3C6E9150206
:10CC20000022326502AE049262609CE80300CDE906
:10CC3000022284E8030096E80300B24A8CE803006D
:10CC4000D3F82080596ACDF81880C3F820E0079106
:10CC50005A62B8F1000F03D0032221462046C04794
:10CC6000DBF80C3003F020039D4240F08981D9F8B5
:10CC700000500022012005F150031146C9F8003090
:10CC800097F80280ECF78AFBC0B23B469E4A80458B
:10CC9000DFF898E22A664FF0000228BF8046FF289E
:10CCA000029203F8028F08BF08216B6618BF0121AA
:10CCB000D9F80030A965012103F1180C2A656865CF
:10CCC000C5F89C10049262607260904A9CE8030070
:10CCD00084E8030096E803008CE803001D6A596AA3
:10CCE0000695C3F820E007915A621DB10322214640
:10CCF0002046A847DBF80C309B064DD584490B68CD
:10CD0000002B49D0D9F80000002300F15002C9F8E7
:10CD10000020013351F83320002AFAD1DBF8401209
:10CD2000013BDFF80CE24FF0010CCD78DBB2C0F82C
:10CD300060E09D420292726028BF1D46DFF8F4E178
:10CD400001F8035F4365D9F800300265C0F858C0A8
:10CD5000C0F89CC041660492626003F11802DFF8DB
:10CD6000D8C192E8030084E8030096E8030082E853
:10CD700003001D6A5A6A0695C3F820E00792C3F8BB
:10CD800024C01DB1032221462046A847DBF84032CB
:10CD9000DA78002A40F09D81D9F8003050255D49AD
:10CDA0005033C9F800303B7983F08003502B0B706F
:10CDB000D9F8002038BF50235161B02B28BFB023D1
:10CDC0000B7001239360D364B023C2E90053524B2C
:10CDD0001361DBF8903213F0040300F06F8100223E
:10CDE000D9F80030DFF854E1059203F11802DFF8BA
:10CDF00050C1049794E8030086E8030092E803001A
:10CE000084E8030096E8030082E803001D6A5A6A7A
:10CE10000695C3F820E00792C3F824C01DB1032291
:10CE200021462046A847D9F80030002204970592F1
:10CE300003F12802DFF80CE1DFF80CC194E80300ED
:10CE400086E8030092E8030084E8030096E8030004
:10CE500082E803001D6B5A6B0695C3F830E0079219
:10CE6000C3F834C01DB1032221462046A847D9F893
:10CE70000030FF20DBF8402250332849DFF8CCE0B7
:10CE8000C9F80030537C0022DFF8C4C0803B0B702F
:10CE9000D9F80030596122491A6019610821C3E9A3
:10CEA00001010121D964CDE9047203F1180294E86B
:10CEB000030086E8030092E8030084E8030096E894
:10CEC000030082E803001D6A5A6A0695C3F820E051
:10CED0000792C3F824C01DB1032221462046A8476B
:10CEE000D9F800300022DFF86CC0CDE9047203F1FC
:10CEF00028020C4F94E8030086E803002CE000BFF2
:10CF0000F072002031A001001873002051A0010030
:10CF1000E8E70020DBD2002038730020DAD20020BE
:10CF200044730020C19E0100119F0100299F010050
:10CF300024730020419F010071A00100ADA10100F8
:10CF40002DA201006DA10100B19E01004DA10100C3
:10CF5000EDA101002DA1010092E8030084E8030087
:10CF600096E8030082E803001D6B5A6B0695C3F830
:10CF700030C007925F631DB1032221462046A847B7
:10CF800009B0BDEC028BBDE8F08F009E88E5D9F8B2
:10CF90000080002204AC02AE08F150031146104696
:10CFA000C9F8003097F800A0ECF7F8F9C0B2664B6A
:10CFB0000022DFF8ACE18245C8F86030DFF8A4C198
:10CFC00028BF8246FF280CBF0821012187F800A056
:10CFD000D9F80030C8F858100121C8F85020C8F816
:10CFE0005400C8F86470C8F89C10CDE9047203F1CD
:10CFF000180294E8030086E8030092E8030084E83E
:10D00000030096E8030082E803001E6A5A6A069647
:10D01000C3F820E00792C3F824C01EB103222146C2
:10D020002046B047DBF80C3023E50B6800210022D6
:10D0300002AE03F1500003F1680C04ACDFF828E104
:10D04000C9F800001965596599654049C3F89C20E5
:10D05000196603F154015966CDE904229CE80300E6
:10D06000CDE9022284E8030096E80300384A8CE800
:10D0700003001E6F596F0696C3F870E007915A6758
:10D080001EB1032221462046B047DBF80C30EBE40A
:10D09000002297F801807C1C11461046ECF77EF9BF
:10D0A0004346C0B22B49804528BF0346FF280CBF2A
:10D0B00008220122A5E504AC02AED8E5CDE904734F
:10D0C000D9F80030DFF8A4E0DFF8A4C003F11802BB
:10D0D00090E6D9F8002018461F4D002102F1500CAF
:10D0E0000291C9F800C01B7C15660B2B7160DFF83C
:10D0F00084C028BF0B2300F8103F50660120D9F8E8
:10D1000000309065C2F89C0003F118050B201165F2
:10D11000506504916160114A95E8030084E80300BA
:10D1200096E8030085E803001D6A596A0695C3F86E
:10D1300020C007915A62002D3FF42EAE03222146F3
:10D140002046A84728E600BF0C730020FC72002090
:10D15000F19E0100E07200203073002089A00100E0
:10D16000CDA1010015A00100F99E01008DA10100D3
:10D170000DA20100599F01002DE9F04F06468DB028
:10D180000C46ECF757F8034630460093ECF794FC56
:10D1900040F20442C36880461A4206D19C4B1B6889
:10D1A000002B66D00DB0BDE8F08F2368002201206F
:10D1B000984D503311460DF1200A974F2360E7F741
:10D1C00085FC0428009AC8BF013023685179C0B299
:10D1D0001D61DFF85CC2814228BF0146FF2802F8CA
:10D1E000051F4FF00001586008BF08205A6118BFA2
:10D1F000012022689860012002F118051960D864A6
:10D2000004AB0891CAF80410CDE9041195E80300B5
:10D210008AE8030093E8030085E80300136A516A73
:10D220000A93C2F820C00B9157621BB103225146EA
:10D2300050469847794B1B78C3B1009B0025A14607
:10D240009F1D0CAB03EB860301932846ECF734FCDF
:10D25000C46814F0010444D0AE4200F0A5806F4BC6
:10D26000013501371B78AB42EFDC4C46684B1B683D
:10D270001BB921463046FFF75DFA40F20442D8F868
:10D280000C301A428ED0009B5B79002B8AD0236829
:10D2900008AA009E01205033236071790139ECF710
:10D2A0007DF808A95E482568F9F7F4FEF37B31465E
:10D2B00028610020642B4FF0010228BF642301F88D
:10D2C0000F3F236828606420AA6068600520EA6434
:10D2D000DA6C696142F008029860DA640DB0BDE86A
:10D2E000F08FD9F800300DF1100EDFF840C1503347
:10D2F000C9F800304B4B0FCB8EE80F00019B28463E
:10D3000043F820CCEBF79EFFAE4283465ED0002868
:10D310005CD03A780121D9F800300FFA8BFB642AEF
:10D3200041480BEB4B0B28BF642218613A70642212
:10D330001C609960D9645A605F61ECF7EBFF00688C
:10D340002F2100EB0B10083015F078FFD9F80030D2
:10D350000130099403F1180202AC0890DFF8D4E020
:10D36000DFF8D4C09AE8030084E8030092E80300E1
:10D370008AE8030094E8030082E803001C6A5A6A02
:10D380000A94C3F820E00B92C3F824C01CB1032216
:10D3900051465046A047D9F80040E36C43F00803DB
:10D3A000E3640523A3605AE7D9F800300DF1100CAF
:10D3B0001E4C5033C9F800301A4B0FCB8CE80F00CD
:10D3C000019B304643F8204CEBF73CFF3A7804A928
:10D3D000D9F800304FF0000B642A51F8251028BF0F
:10D3E000642219613A700122D9F800409A60DA6427
:10D3F00064225F61C3E900B2236A002BCDD004F13F
:10D400001801032208469847C4E908BBC3E700BFD8
:10D4100068E70020AC3B0020A1A00100D7D200208B
:10D42000C43B0020D02B0020A8C20020B83B002025
:10D43000899F0100C1A00100D19E0100B34A136879
:10D440002DE9F04F13F0010B8BB0054600F0828000
:10D45000AF4C2368023B062B00F28480DFE803F028
:10D460005F40045F40046D00B0EE000A4FF0FF30F3
:10D470004FF0020BEBF76EFF2B88042B39D0022BF9
:10D4800000F09080A348EAF767F80121A148E9F786
:10D4900027FA0022402180239E4800911146E9F797
:10D4A0000DFE00220B2180239A4800911146E9F7D6
:10D4B00033FE00219748E9F713FA236801330B2B59
:10D4C00000F29D80DFE813F05F0241020802F700DE
:10D4D000F700F700AA00AA00AA00C4018B00B2015D
:10D4E000B8EE000A4FF0FF30EBF734FF2B88042B27
:10D4F000C5D12368042B3ADC012B00F3F782C1D19C
:10D500006B88B3F5807F00F0B183B3F5007FB9D1AC
:10D51000814AA988138803EBC1231380B2E79FEDEA
:10D520007F0A4FF0FF304FF0000BEBF713FFA3E73C
:10D53000774C082101232160136000263046EBF769
:10D540005DFF30460136EBF705FF042EF6D14FF0B4
:10D55000000B91E7724E736B9C00E9D501236C4C74
:10D56000136023604FF0000BEBF70EFF84E7053BE1
:10D57000022B87D86B88B3F5807F00F03982B3F532
:10D58000007F7FF47FAF674B654EB3F90030A98809
:10D5900003EB43035B440C3336F81320521A26F88E
:10D5A00013206FE723686A88002B40F32381012A48
:10D5B00000F07483022A00F01E83012B40F0EB81FF
:10D5C000B2F5807F00F07683B2F5007F04D1544E2F
:10D5D000736B83F001037363FEF7BAFC52E7524B9F
:10D5E000022204214B48EAF7A1F801214948E9F752
:10D5F00077F94E4B142204214648EAF797F8484E33
:10D60000736B9B0002D40BB0BDE8F08F01220A219E
:10D6100020680BB0BDE8F04FFAF7C0BD0222444BC2
:10D620003C481146EAF782F80023424A04211720B9
:10D63000EAF712FD2368052B00F03A83062B0CBF96
:10D640006FF001010221364E4FF001093A480027E0
:10D65000F9F720FD022203465F212E4806EB4B0A14
:10D66000EAF764F801212B48E9F73AF9CDE90446D5
:10D670000022012007EB87041146E7F727FAB8429A
:10D680004FF6F6724FEA440440F3F781254B11340C
:10D690003846B3F90030032BA3F1030140F3B781FF
:10D6A00011FB0244102C00F3B281013709F101098A
:10D6B0000AF1060ADCE70222204B16481146EAF777
:10D6C00035F800231B4A04211720EAF7C5FC23681C
:10D6D000022B00F0EB82032B0CBF6FF00101022143
:10D6E00015484FF00008F9F7D5FC022203465F21E8
:10D6F0000848EAF71BF8012106480F46084EE9F7EB
:10D70000EFF8DFF810A004945C4623E034DB00203F
:10D710006C2001207C3501208EC00120000000001B
:10D72000A8E700208CC00120603A0020703A002059
:10D730001C3A0020D4390020E4390020D0390020E0
:10D74000D01E4FF6F67110FB0133102B35DC08F1BB
:10D7500001080137002202201146E7F7B7F9B84265
:10D7600040F38E81002306AA39460220CDE9063314
:10D77000CDE90833E7F7AAF99DF81930002BE8D175
:10D7800008EB4809A14436F81950FEF781FA30F841
:10D790001930ED1A3CB185EAE572A2EBE5729342CD
:10D7A000B8BF26F81930B74A08EB8803B2F9002051
:10D7B0005B00032A03F11103C2DC424508F10108B2
:10D7C00000F0B6810FFA83F906AA4146AE48F9F790
:10D7D00061FC4A46034602215046E9F7A7FF294665
:10D7E000AA48F9F757FC4A4603465F215046E9F735
:10D7F0009DFFAEE7022A00F0FE81002B7FF442AECF
:10D80000B2F5807F00F03C82B2F5007F7FF43AAE43
:10D81000EB88002B7FF436AE9D4A0A21536B2160C2
:10D8200083F0200343F000535363ECE6984E99488D
:10D83000F9F792FE736B23F000537363ECF748FB28
:10D84000E6F798FD944A0121002311602360D7E692
:10D85000924B022204219248E9F768FF0121904887
:10D86000E9F73EF8002201208E4F1146E7F72EF926
:10D87000042800F3CD8111260025DFF864B2DFF81B
:10D8800064A2DFF864921DE028460A36EBF7B6FD85
:10D89000B7EEC00A01358448B6B229468DED000BBB
:10D8A00057F8043BDBF80020D21A2B46C72A94BF56
:10D8B00052464A46F9F7EEFB4246034604217848B1
:10D8C000E9F734FF002201200FFA86F81146E7F746
:10D8D000FDF8A842D8DC92E60222744B704847F665
:10D8E000FF7511466A4EE9F721FF01216C480127B7
:10D8F000E8F7F6FF00236E4A142104204FF00008D9
:10D90000EAF7AAFB5F4B726B0E201B8812F0020F26
:10D9100068492B44684A18BF0A4628219BB2CDE9C2
:10D920000078FAF7ABF8654B65494E20CDE90078F1
:10D93000726B1B8812F0010F624A2B4418BF0A4613
:10D9400028219BB2FAF79AF85AE602225E4B544815
:10D9500011464F4EE9F7EAFE01215148E8F7C0FFB2
:10D960005A4B142204214E48E9F7E0FE584B1E2280
:10D9700004214B48E9F7DAFE564B28220421484897
:10D98000E9F7D4FE3CE60021434B012221601A60F6
:10D990000BB0BDE8F08F053B022B3FF673ADB2F53F
:10D9A000007F7FF46FAD374EB6F900000028C0F25B
:10D9B0009381032802DD032318463380EBF712FD21
:10D9C0002368062B00F09681072B40F08981B6F979
:10D9D00000202F4E02EB420206EB4202138BC31AC9
:10D9E00048BF01335B10002BB8BF5B42938349E50E
:10D9F000244EAB88328813441BB2002B3380C0F214
:10DA00000481032B7FF73EAD032333803AE5EBF728
:10DA1000F5FCB7EEC07A25B22F4853EC172BF9F777
:10DA200039FB2A46034623211D48E9F77FFEBAF851
:10DA30001860FEF72DF907EB47035B440C3330F811
:10DA40001380104BB3F90030BB4200F0A68049466A
:10DA50002248F9F71FFB2A46034602211048E9F73E
:10DA600065FEA8EB06010948F9F714FB2A460346B0
:10DA70005F210B48E9F75AFE17E6DDE90446BFE5EA
:10DA8000049CBDE58CC00120083A0020003A00202B
:10DA9000A8E70020D83C002048C700203C3A0020DE
:10DAA0007C35012078F30020483A00206C390020B2
:10DAB0007C3900204C390020543900208EC00120D0
:10DAC0005C3900206439002094390020A4390020FA
:10DAD000AC390020BC390020203A0020343A002024
:10DAE0005CBA012058760020C06E00206B88B3F528
:10DAF000807F3FF47DAFB3F5007F7FF4C3ACEA884D
:10DB0000854B9005B3F9003040F1DA80AA8803EB29
:10DB10004303824EC2EB42215B4402EB8101C2EB24
:10DB2000C10236F8131001EB820226F81320A9E493
:10DB30000FFA83F906AA414679481FFA83FBF9F7E1
:10DB4000A9FA4A46034602215046E9F7EFFD294665
:10DB500074485C25F9F79EFA4A4603465F21504611
:10DB6000E9F7E4FD0BF1020250465E2312B25A219E
:10DB7000CDF8089000920195E9F7EEF80BF1040258
:10DB80000BF106035A2112B250461BB201950092C6
:10DB900002935E23E9F7E0F8DBE549466248F9F7CE
:10DBA00079FA2A46034602216048A4B2E9F7BEFD8D
:10DBB000A8EB06015B48F9F76DFA2A4603465F2198
:10DBC0005A48E9F7B3FDA21C02955C2512B25748EA
:10DBD0005E235A2100920195E9F7BEF8221D063412
:10DBE0005E2312B25A2124B2504801950294009249
:10DBF000E9F7B2F859E5494E726B92003DD5013311
:10DC0000002B23607FF73EAC434E0023338039E482
:10DC10000C260025DFF81CA1DFF81C91DFF81C8121
:10DC20001CE028460135EBF7E9FBB7EEC00A2946B0
:10DC30003F488DED000B57F8043BDAF80020D21A6C
:10DC40002B46C72A94BF4A464246F9F723FA314683
:10DC50000246002304200636EAF7FEF900220120DE
:10DC60001146E6F733FFA842DBDCC8E42A4AA9885C
:10DC7000138803EBC123138004E40A232360C2E466
:10DC8000EB88002B7FF4FEAB244A0A21536B216002
:10DC900083F0100343F000535363B4E41F4E726BE0
:10DCA0009100EAD5013B2360FFF7ECBB002117E5AB
:10DCB0000021C8E4194E736B83F0020373638BE495
:10DCC00003EB4303154EA9885B4436F81320521A20
:10DCD00026F81320FFF7D6BB0023184633806DE6E5
:10DCE000B6F900300D4E03EB430306EB43031883F4
:10DCF000FFF7C8BBB6F90020084E02EB420206EB64
:10DD00004202138BC31A48BF01335B10002BB8BF0C
:10DD10005B425383FFF7B6BB8CC00120A8E700200D
:10DD2000EC390020003A00202C3A00207C350120FC
:10DD3000483A00205CBA012058760020C06E0020CE
:10DD4000124B017818681368814203D0104A128878
:10DD50001A80704707290CD80E4918460E4A10B48D
:10DD60000E4C23785DF8044B002B18BF114611F0C0
:10DD7000F3BA094A4FF0010C08491068186081F89D
:10DD800000C09188927999809A717047B8DD00201F
:10DD9000C8700020CC750020D4750020B0C00120D0
:10DDA000012A02D1016000207047022A05D0032A0F
:10DDB000F9D0002AF7D10260F5E70B780370F2E79B
:10DDC000234B70B51A780024224B98B0224D1A606C
:10DDD00004A8224B224E1C60224B17940893CDE9D5
:10DDE0000444CDE90644CDE90944CDE90D44CDE92B
:10DDF0001144CDE91544CDE90B44CDE90F44CDE9FB
:10DE00001344FAF73FFB013429466846224611F0D5
:10DE1000A3FA6846E9F718FF10B1082C3460F2D174
:10DE2000114B05221A60149B1BB112A9032208464C
:10DE30009847109B1BB10EA90322084698470C9BDC
:10DE40001BB10AA903220846984718B070BD00BF4D
:10DE5000ABC00120B8DD0020BC6F0020CCDD00206D
:10DE6000D0DD0020A8C2002048C700202DE9F04FD7
:10DE7000ADF5637D00240DF1B80AE2AD0390534681
:10DE800018465022002114F003FA034600F128013D
:10DE900000F1380250330462AB42C0E9064443E962
:10DEA0000B44C1E9014443E90744C2E9014443F892
:10DEB0000C4CE5D1AD4B18680028C0F20281002659
:10DEC00054460DF1280BDFF8D882324606AD04AF78
:10DED00044E0A74BA7481B78A749B34218BF0146A7
:10DEE00048460B46A54911F037FA98F80030012B47
:10DEF00028BF012301210322C4E9049888F80030D7
:10DF00000023A160E164C4E90031C5E900332E704B
:10DF100004F11803503495E8030087E8030093E800
:10DF2000030085E8030097E8030083E803009449B1
:10DF300054F8303CAB6044F8301C54F82C1CE960B9
:10DF4000904944F82C1C13B12946284698470136BD
:10DF5000864BF6B218688642324614DC90420BEBD0
:10DF60000219029402F10102B3D1421C86490BEB63
:10DF70000010DFF8449211F0EFF998F80030012B0F
:10DF800028BF0123B6E7029B804AA3EB0A03804C1B
:10DF90001B1102FB03F32268002A03F10106C0F201
:10DFA0000D81B24280F29480039B1B88022B00F00B
:10DFB0009580012B28D0774D00232B600398534682
:10DFC000734A3146FAF76AFA10B3CEAC04F138015D
:10DFD000236C0322084603B1984704F12801236B00
:10DFE0000322084603B1984704F11801236A03226B
:10DFF000084603B19847A4F1500354451C46E5D1A7
:10E000000DF5637DBDE8F08F624D2B68002BD5D0F8
:10E010006148E9F7A1FA01215F48E8F761FC0022B5
:10E0200040235D48114600938023E9F747F82923F0
:10E03000226831465046FAF78FFD00220A218023DC
:10E04000554800911146E9F767F800215248E8F772
:10E0500047FC0122514B11464F48E9F767FB01216C
:10E060004D48E8F73DFC2B68FBB9CEAC00E01C4600
:10E0700004F13801236C0322084603B1984704F1E8
:10E080002801236B0322084603B1984704F11801C5
:10E09000236A0322084603B19847A245A4F150031E
:10E0A000E5D10DF5637DBDE8F08F3D483D4A3E4B1F
:10E0B00000783E4900280CBF10461846F9F746FA8A
:10E0C000D3E7334C00262368002B77DB4FF0FF3378
:10E0D0002360039B1B88022B7FF46BAF039B5B8841
:10E0E000B3F5007F7FF467AF2A4D2B68002B68D013
:10E0F0002B4B1F78002F67D00027002238460137AE
:10E100001146EBF7A9F8042FF7D1ECF725FD2368AA
:10E110000AAA02EB03100023C371E9F795FDF0B1E1
:10E1200000F5805C0346804603E0614598460B4657
:10E1300003D21A6899180132F7D10D4FA8EB0002EB
:10E140001B483978F8F7A6FFF9F706FA08F10E0030
:10E15000ECF7E0FA236800203B70EBF733FB154B3C
:10E1600001221A6000232B6052E700BFD0DD00209F
:10E17000ABC00120A8C20020843A0020A03A0020B1
:10E18000B9B8010059B80100BC6F0020CDCCCCCC8F
:10E19000B8DD0020CCDD00207C3501205C3C002077
:10E1A000B0C00120903A0020983A0020683B00203F
:10E1B000F03A002048C70020883A0020002323605E
:10E1C000F2E601232B6023E723680DF1280B4FF4BF
:10E1D00080500BEB0313DF71EBF716F88046002835
:10E1E00066D02368344A1370EBF7ECFA814602904C
:10E1F000206809F10E090BEB0010E9F725FD014637
:10E20000002847D04FF48052404602F03BFAD8F83D
:10E21000003001E058F807305A1C03D01F44B7F50E
:10E22000805FF7D309EB0703B3F5805F28D808EBCD
:10E23000070307F10E00C3F800904044EBF7C2FA61
:10E24000029B834203D01D48F9F786F9BDE620689A
:10E25000414600234FF480520BEB0010E9F714FD08
:10E260000146F8B9EBF7AEFA134B3A461448197861
:10E27000F8F710FFF9F770F94046EAF7C9FF6EE7C3
:10E280004FF48052FF214046002714F001F8434626
:10E290000E20D0E707464FF48052FF21404613F08E
:10E2A000F7FFBFE70748F8F7F5FEF9F755F9E3E799
:10E2B0000548F9F751F988E6ABC00120AC3A0020D7
:10E2C000C03A0020D83A0020B07300202DE9F04F6A
:10E2D000BA4DADF5517D064603F0ACFC2B6806F057
:10E2E0000106184318BF0026002E40F0FA8003F004
:10E2F000A1FC28B9002630460DF5517DBDE8F08F10
:10E30000AF4F4FF47A71384603F0C8FB0028F1D0C4
:10E310004122AC49384610F07DFF87422C6800F05E
:10E32000FC80002C22DDDFF8D082A74ED8F8000058
:10E330003468A04217D2241AA149402CA8BF402417
:10E34000224602F09FF9412200219D4813F0A0FFD0
:10E35000D8F800302344C8F800302B68002B05DDC6
:10E36000D8F800003468A04200F0DE8141229749CD
:10E37000934810F04FFF874200F088804122944973
:10E380008F4810F047FF874200F0AD8191498C48DB
:10E3900014F05EF8002840F05A81CF904EACCE9039
:10E3A0005B21CF9A0EAE4FF001080DF1340A531CD9
:10E3B0000DF13009A1540146C3F308033060FC227B
:10E3C0000FA8C4F8043213F063FF4A465146404692
:10E3D000E9F78CFB0546002800F01281DAF80010FE
:10E3E00000297CD0D9F800200020F4F7C3FDDAF82A
:10E3F00000102B46CDE90110D9F800204FF48071B0
:10E4000030460092744A16F07DF90546D4F80402AD
:10E410002F18B7F5007F54D9C0F5007B5B46BBF1E0
:10E42000000F50D12DB12A4606EB0B01204602F019
:10E4300029F9002208F10108C7F3080740461146F0
:10E44000C4F80472E9F752FBD4F8043200285CD017
:10E450002C22E2540133C3F30803C4F80432D4F885
:10E460000432D4F800229B1AC3F30803402BACD922
:10E47000D4F800024FF47A7100F140032044C3F352
:10E480000803C4F8003203F063FBE8E701250EAE91
:10E490004EAC524F05E0514810F0BCFE874200F0F0
:10E4A00095822246314628460135E9F71FFB3D2279
:10E4B00001460028EFD1012630460DF5517DBDE81B
:10E4C000F08FAB462B4620445A463146049302F067
:10E4D000D9F85D45ADD0049BED1AAAD0A3E7084654
:10E4E00087E73F4C2368002BFFF601AF3D4A4FF40E
:10E4F0007A711068184403F02BFB23684033B3F59E
:10E50000806F80F273822360D5E75D22E25401338D
:10E51000C3F30803C4F80432A1E7002C7FF401AF71
:10E52000314E337843B10022204601341146EAF7D8
:10E5300093FE3378A342F6DC4EACECF70DFBDFF82C
:10E54000BC800DF1300900940EAEFB780DAA49464F
:10E550001B48C8F80030254B3B603346F8F754F9A8
:10E560004E9A0C9928602248F8F794FD8022D8F83A
:10E570000010F8F7D1FF0C9B1A78302A03D15B7892
:10E58000782B00F0D9822868EAF73EFE2C68034613
:10E59000184A402CDFF8608023440B4EA8BF40246B
:10E5A0001060074922463360C8F8000002F06AF89C
:10E5B000D8F800302344C8F80030CEE68CE70020BD
:10E5C0002CF30020E8700020ECEF002040710020C8
:10E5D00048710020807100208871002030F30020F5
:10E5E0004CC900201CE20020D7D20020424C4F42F0
:10E5F000EC70002088E7002004F000207C1B012044
:10E60000D4F80412D4F80032C91A11F4E0710FD111
:10E61000D4F80422531CA154C3F30803C4F80432F1
:10E62000D4F80432D4F800229B1A13F4E07FEFD020
:10E63000D4F800024FF47A71012600F1400320441F
:10E64000C3F30803C4F8003203F082FA53E6A74983
:10E65000A74813F0FDFE0546002800F0A580A54957
:10E66000A34813F0F5FE0546002800F0CA814122B8
:10E67000A1499F4810F0CEFD87427FF41CAF4EACFD
:10E680000025FC224FA82946256013F001FE7B22BD
:10E690009A4BFF2122800DF239101B68984A16F020
:10E6A00031F80DF23912974B1618974A5B6B311BF4
:10E6B0003046C1F5807116F025F80644934A311BA7
:10E6C0003046C1F5807116F01DF80644361B3FF543
:10E6D000F2AE403520464FF47A71403403F038FAF8
:10E6E000B542F6DDE7E6FC1C41228949204610F0E0
:10E6F00091FD844200F0F68041228649204610F0C8
:10E7000089FD844200F0148241228349204610F0A2
:10E7100081FD844200F03D82F8780126FDF7DCFAA5
:10E720007E4B00221A60E6E50AAC7D48002609AB64
:10E7300007AA06A9009400680896F8F765F830461D
:10E74000099A0799F4F716FC23680490834240F075
:10E750005181069E2F21304614F070FD002800F0F4
:10E760001B82F8F745F80EAE04460DF1340A0DF1A0
:10E7700030094B4652460BA920460096F8F744F85C
:10E78000002800F0EB8120F47F60069920F00F0054
:10E7900000F5805B0B9813F05BFE18B92B685B45A6
:10E7A00040F2C4805C44E4E74EAC7B22C4F8040130
:10E7B0000EAEC4F80001D4F80431DFF86CB1E254B5
:10E7C0000133DBB2C4F80431E5F7C2FD7C22814697
:10E7D00029460FA8356013F05BFDDBF800304B4491
:10E7E00099455AD24F464FF4805239460020F4F7EB
:10E7F000C1FBA7EB0903009080214A4A304615F07F
:10E8000081FF0546D4F8040105EB0008B8F5807FC8
:10E8100040F2CC80C0F5807A5346BAF1000F40F048
:10E82000C7802DB12A4606EB0A01204601F02AFFD7
:10E830005FFA88F307F58057C4F80431DBF800303D
:10E84000D4F804214B449F4234BF2C217D21A15494
:10E850000132D2B2C4F80421D4F80421D4F8001152
:10E86000521AD2B2402A16D9D4F800014FF47A7164
:10E8700000F140032044DBB2C4F8003103F068F932
:10E88000D4F80431D4F800219B1ADBB2402BEBD82A
:10E89000DBF800304B449F42A5D3D4F80411D4F8E0
:10E8A0000031C91A11F0C0010ED1D4F80421531C53
:10E8B000A154DBB2C4F80431D4F80431D4F80021F7
:10E8C0009B1A13F0C00FF0D0D4F800014FF47A7106
:10E8D000012600F140032044DBB2C4F8003103F00C
:10E8E00037F908E50120EBF773F915E7C07100204F
:10E8F0002CF30020D471002010A7002064C9002050
:10E9000000720020A8E7002014720020BC710020D3
:10E910004C71002068710020787100204CC90020E3
:10E9200088E70020C871002060E700200746E5F76F
:10E930000FFDA4EB00094EACA14A092127604B460C
:10E9400020464F978DF8407115F0DCFE9D493B46FF
:10E950002A6820460968E9F797F94A460646069963
:10E960009948F8F797FB994B80221968F8F7D4FD7E
:10E97000944F3868EAF74CFC2C22002153A813F07E
:10E9800087FC049B4FF47A712046C4E90136089B4A
:10E990000126E360099B23612B68236003F0D8F80C
:10E9A00000233B60C8F800302B60A4E42B46AA4645
:10E9B000204452463146049301F064FE55453FF42D
:10E9C00037AF049BED1A3FF433AF2BE72368002BDE
:10E9D0003FF471AD002530684FF47A71284440351A
:10E9E00003F0B6F82368AB42F5D864E54FF0FF3387
:10E9F000236080E476484FF0FF364EACF8F7ACFD6C
:10EA0000B6E78F904EAC5B21C4F80001D4F8043116
:10EA10007C220E900EAEE154013301460FA8DBB20A
:10EA2000C4F8043113F034FCEBF774FCD0E9002394
:10EA30009B1A684A1B1102FB03F30493002B4CD072
:10EA40002F46A946DFF89CB1EBF764FC03685A46F1
:10EA500080213B4430465D680833009515F052FE36
:10EA60000546D4F8040105EB0008B8F5807F4DD9C0
:10EA7000C0F5807A5346BAF1000F4BD1554501D00D
:10EA8000EA1A4FD1013D5FFA88F34D45C4F80431CD
:10EA9000D4F804318CBF2C225D22E2540133DBB266
:10EAA000C4F804310BE0D4F800014FF47A7100F19E
:10EAB00040032044DBB2C4F8003103F049F8D4F835
:10EAC0000431D4F800219B1ADBB2402BEBD809F1BA
:10EAD0000109049B30379945B6D1D4F80411D4F814
:10EAE0000031C91A11F0C0017FF4EEAED4F8042150
:10EAF000531CA154DBB2C4F80431D4F80431D4F867
:10EB000000219B1A13F0C00FF0D0DDE6002DB9D024
:10EB1000AA462B46204452463146059301F0B2FDE9
:10EB2000059BABE706EB0A01204601F0ABFDA9E728
:10EB30000020EBF74DF8EFE53368B3F5805F3FF465
:10EB400022AD412200212448012613F0A1FB4FF4FD
:10EB50007A71214802F0FCFFFFF7CDBB0746E5F7CD
:10EB6000F7FB261A4EAC164A092133462760204689
:10EB70004F978DF8407115F0C5FD12493B462A6844
:10EB800020460968E9F780F8324606990646134898
:10EB9000E7E6E5F7EFFBBFE508AB07993046099AD2
:10EBA000E9F772F82268069906460D484EACF8F768
:10EBB00071FA064B80221968F8F7AEFCD8E600BF60
:10EBC0000071002088E70020087100207C1B0120D4
:10EBD00030710020ABAAAAAA2CF300201C710020DF
:10EBE000EC700020E071002090F81CC04160BCF186
:10EBF000020FC26001D18368184700F09FBA00BFBE
:10EC0000F0B4046840F201251E462561A3B121B38A
:10EC100011F8015B013B6566256FAF0707D4154608
:10EC2000013E676F1AB105F8017B2A4604686569E1
:10EC3000ED07F1D5002BEAD16EB10368196F890792
:10EC4000FAD41146013E5B6F002AF5D001F8013B72
:10EC50000A46002EF1D1F0BC704790F83C50D9E73D
:10EC6000324B334930B5D3E911542079C8771A6C47
:10EC700095F804C081F81CC0087752B1B2F5004F76
:10EC800023D32C4911442A4A1964D07682F81BC038
:10EC900030BD19680F24D86C8C6540F20134CA610C
:10ECA0000C614FF47C544C6103210468246883F8A0
:10ECB0003D10214B9C4226D1037F4260022BC26053
:10ECC00026D18368BDE8304018472D68E98B0904D8
:10ECD00022D492B2EA832168EC8BA4B2EC82CC8B72
:10ECE000240405D5CC8BC2F3080204F47E442243ED
:10ECF000CA83CA8B92B2CA8200210D4A1964D076A7
:10ED000082F81BC030BD23461146BDE8304018478D
:10ED1000BDE8304000F012BAE98BC2F3080E92B29F
:10ED200001F47E4141EA0E01E983D4E7ECC50020FD
:10ED300000800E400180FFFF01C70100324B3349C4
:10ED400030B5D3E911542079C8771A6C95F804C00E
:10ED500081F81CC0087752B1B2F5004F23D32C497B
:10ED600011442A4A1964D07682F81BC030BD196854
:10ED70000F24D86C8C6540F20134CA610C614FF4E9
:10ED80007C544C6103210468246883F83D10214BB6
:10ED90009C4226D1037F4260022BC26026D1836849
:10EDA000BDE8304018472D68E98B090422D492B29F
:10EDB000EA832168EC8BA4B2EC82CC8B240405D5C9
:10EDC000CC8BC2F3080204F47E442243CA83CA8B6C
:10EDD00092B2CA8200210D4A1964D07682F81BC013
:10EDE00030BD23461146BDE830401847BDE83040ED
:10EDF00000F0A4B9E98BC2F3080E92B201F47E418F
:10EE000041EA0E01E983D4E73CC6002000800E40B1
:10EE10000180FFFF01C7010043682DE9F04FD3E9EE
:10EE20000041814D4FF0B80A22684FF0020822EAF3
:10EE300001027E492260AA6911407D4A0A43AA6103
:10EE400090F810E07B4A03EB0E0603EB8E0E317C4C
:10EE500002EB01118968C1F800A090F811C003EB22
:10EE60000C0503EB8C0C95F8201002EB011189685E
:10EE7000C1F800A0817C03EB010903EB810199F843
:10EE800030B002EB0B1BDBF808B0CBF800A0D4F8D5
:10EE900000A05F684AEA070AC4F800A0347CDEF8E4
:10EEA00014E002EB04146468C4F800E095F8204014
:10EEB000DCF824C002EB04146468C4F800C0496B99
:10EEC00099F8304002EB041252681160DA6B99F83D
:10EED00038101160DA69317EDB6A116095F82820FC
:10EEE0001A600F220368C3F810809A65C27C002A5A
:10EEF00031D072B6C37CDC0708D54FF0E0214469FD
:10EF0000D1F8802122408262C1F88021990708D57A
:10EF10004FF0E0218469D1F884212240C262C1F817
:10EF200084215A0708D54FF0E021C469D1F888211F
:10EF300022400263C1F888211F0708D54FF0E02165
:10EF4000046AD1F88C2122404263C1F88C21DE068C
:10EF500055D462B60368384C8268A24259D0324A0E
:10EF6000846092693549C2F30116C2F38262344D5E
:10EF700051F826100132B1FBF2F2AA4231D8002238
:10EF8000C260002403211C610724596201211A6414
:10EF90001C661961C37C13B3DD0704D5816A4FF089
:10EFA000E022C2F800119C0704D5C16A4FF0E022AC
:10EFB000C2F80411590704D5016B4FF0E022C2F8E2
:10EFC00008111A0704D5416B4FF0E022C2F80C116A
:10EFD000DB0604D5826B4FF0E023C3F81021BDE8B7
:10EFE000F08F1849A1FB0251090DB2FBF1F2A242C8
:10EFF00088BF0131B1F5817F0DD3134AC0E74FF0CF
:10F00000E022416AD2F890310B408363C2F890311C
:10F010009FE7C268B5E70229B1D902394C0822023C
:10F0200042EA04420A43ABE700C00F40CFFFFFE3D0
:10F0300010000008F88D002000093D005C7C0020D5
:10F04000FF083D0083DE1B43FF7F7F000BB1FFF70E
:10F05000D7BD704730B472B621B9036813B10279D5
:10F060000F2A3BD9244C2188002341FA03F212F0E5
:10F07000010208D00133102BF7D162B600220371D0
:10F08000026030BC70474FF0010C0CFA03FC41EAFF
:10F090000C01218062B619495FFA83FC184C1944AF
:10F0A00080F804C04B01E16F41F0C001E16740F21C
:10F0B000824414490C6081F81AC081F81EC081F89E
:10F0C00018C081F81FC0036030BCC3E90022C3E947
:10F0D0000222C3E90422C3E906227047064C2188B4
:10F0E00041FA02F5ED07BFD5044D1544B3EB451FBA
:10F0F000BAD162B6C5E700BF90C00120807400029B
:10F1000000C00F4000800E4003790F2B11D8094A30
:10F11000937672B60849012290F804C00B8802FA6F
:10F120000CF223EA02030B8062B610220023027164
:10F130000360704700800E4090C00120EFF3108202
:10F1400072B6437F5BB9017F012930B40BD003292C
:10F1500013D00123437702B962B630BC70470AB9B5
:10F1600062B670477047124C2168B1B111494361D2
:10F170000B68086083615861EBE70F4D0F492C68FD
:10F180008CB143610B68836158614FF0E0234FF00D
:10F1900080540860C3F8044DDBE7064B206018601C
:10F1A000C0E90511D5E7C0E905442860EDE700BFD7
:10F1B00054DC002060DC00205CDC002058DC0020F7
:10F1C00070B5EFF3108272B60C4C206880B10C4E13
:10F1D00000254369236073B19D6102B962B68368FB
:10F1E00045779847EFF3108272B620680028F0D177
:10F1F00002B962B670BD3360EFE700BF5CDC00208F
:10F2000058DC0020FFF7DCBF0449054A4968054B7C
:10F210001960136801331360704700BF001000E0ED
:10F220005CBA012058BA012001207047B0F846307E
:10F23000B0F848209BB292B2934202D2013AD01A5F
:10F240007047416B01390A44D01A7047016972B6A0
:10F25000B0F84A20B0F84C3092B29BB29A423CBF10
:10F26000806B1218C86AD31A62B6C0F302601844E1
:10F27000704700BFB0F84A100246B0F84C3089B26F
:10F280009BB2994210B4046914D00133906B116B96
:10F29000984298BF0023994206D85B1A526AD05C04
:10F2A000C0B25DF8044B7047126A5DF8044BD05C45
:10F2B000C0B2704772B6B0F84A0080B2814201D045
:10F2C00062B6E2E7E36A13F0E06F03D14FF0FF307C
:10F2D00062B6E6E7E36901200024116AA2F84A0059
:10F2E000C3F30900DBB2A2F84C404B70F0E700BF5B
:10F2F000B0F84A100246B0F84C3089B29BB299423D
:10F3000030B4046925D00133946B9C4216D9106B3C
:10F310001FFA83FC984217D9106AC05CC0B2956D81
:10F32000A2F84CC045B199421CD3CB1AD16B99427B
:10F3300002D3D36DC5F8883030BC70474FF0000C55
:10F34000106B63469842E7D8181A556A285CC0B219
:10F35000E5E7084672B6B2F84A1089B2884204D08E
:10F3600062B6D0E70C44E31AE0E7E36A13F0E06F1B
:10F3700003D14FF0FF3062B6DEE7E069C0F3090069
:10F38000F9E700BF90F8443043B110B5044603F0EC
:10F390000FF894F84430002BF9D110BD704700BF2E
:10F3A00038B5D0E90453D3E903120968114228D0D3
:10F3B00090F84420044632B102F0FAFF94F8443049
:10F3C000002BF9D1636900210E4AA961207E03EB6D
:10F3D0000010007D02EB0010456805202860657E66
:10F3E00003EB051393F8343002EB0312A36D52685C
:10F3F0001060A4F84A10A4F84C1013B1E26DC3F8E1
:10F40000842038BDF88D002007EE901A9FED9A7A7F
:10F410000421B6EE005AF8EE677A9FED986A41F63D
:10F42000FF7CC7EE275A2DE9F0478E460569012477
:10F4300007EE901AF8EEE77A85EEA77A77EE057A6E
:10F44000FDEEE77A17EE903A6345A8BF6346012BBD
:10F45000B8BF012307EE903AF8EEE76A76EEC76A86
:10F46000C6EE877AF5EEC07AF1EE10FA48BFF1EEFB
:10F47000677AF4EEC67AF1EE10FA03D8B0EE676A56
:10F480008E461C4601312129D2D10021436902F464
:10F490000076A0F84A10B3F85AC08E42A0F84C107B
:10F4A000B3F85860A0F84610A0F8481080F844104F
:10F4B000816BDF68A1EB0606A1EB0C01C0E90F61CF
:10F4C00039681E6941EA0601396014BF0121002133
:10F4D000817640F0AC80017E694E03EB0118DFF8C5
:10F4E000C09198F81470D8F81CA006EB0717B968FB
:10F4F000C1F800907968D8F818700F60BAF1000F61
:10F5000003D0D8F82010CAF80010477ED92103EBA9
:10F51000071898F834C006EB0C1CDCF8087039604A
:10F52000DCF80410D8F838700F60417E03EB01114D
:10F53000CF6B0FB1096C39600EF1FF31BEF1080FCE
:10F540004FEA0161CCBF4FF0000E4FF0010E01F009
:10F55000F85144EA4E4421435C682961597801F12D
:10F5600010030021E960474941F8234041694FF009
:10F57000010E454C02F0030C4F7891F85610434BA6
:10F5800039554FF002174469617803EB511301F0CC
:10F590001F019B000EFA01F11960EF62AB6A43F0A4
:10F5A0008803AB6253073ED44CF4701302F00F0192
:10F5B000042908BF43F0804397062ED5817E43F08F
:10F5C000805300293AD11607AB6103D52B6943F06C
:10F5D00000532B616B69D10623F0805348BF43F081
:10F5E00080536B61D30503D52B6943F400532B6122
:10F5F000A36883B1264E3478002C3AD0611E254D85
:10F60000C9B22B1F05EB810101E0994225D053F8C7
:10F61000042F9042F9D1BDE8F087817E0029D2D035
:10F6200043F0A003CFE71C4B4CEA0303BEE7477E41
:10F630004FF2D901124E03EB07186AE7417E43F0FF
:10F64000A00304EB011191F8341006EB0116B66823
:10F65000316821F440413160B5E7631CDBB20F4AE9
:10F660003370137845F8240043F002031370BDE8AB
:10F67000F0870123074DF2E7001BB74BEC78AD6034
:10F68000F88D002000D4002000E400E0403800386D
:10F69000A2C0012064DC002010003C00D1C0012089
:10F6A00038F00100EFF31380B8B9EFF310834BB9D2
:10F6B000EFF305823AB94FF48073EFF3118050B144
:10F6C000984208D270470F2AF7D9054B9B5CEFF39D
:10F6D00011800028F4D1184670474FF0FF30F1E751
:10F6E000F0E300E070B54369447E03EB041C9CF832
:10F6F00034C08C4508D093F834E08E4530D093F870
:10F7000044E08E4512D070BDDB68A6461B68164CDF
:10F7100004EB011480F819E022B140F6D802A36886
:10F720001A6070BDD922A3681A6070BD4FF0010E37
:10F73000DD681E692D683542E9D0A645E7D00A4C40
:10F7400003EB0E13052604EB0C1CDCF804502E60B2
:10F7500093F834C09D6B04EB0C135B681D60D7E716
:10F760004FF0000EE4E700BFF88D0020036D2DE997
:10F77000F04104460F46066913B1426DC3F8842078
:10F78000A37E2BB172B6B36943F00053B36162B686
:10F79000B4F84650636BADB20135AB424CD84FF074
:10F7A00000084546B4F848309BB29D4219D028E085
:10F7B00073691B0210D5B4F84830626B9BB20133F9
:10F7C0009A4236D99AB2E16A99422DD9E169CB5C65
:10F7D000DBB2F361A4F84820B4F848309BB2AB42E6
:10F7E0000FD1FFF75FFF6369B3F856308342DFDA6A
:10F7F000FF28F1DD02F0DCFDB4F848309BB2AB42EB
:10F80000EFD0E36AAB421AD9FFB2E3695F5572B633
:10F81000012084F84400A4F84680B36943F400034F
:10F82000B36162B6BDE8F0815B1AA16ACB5CDBB262
:10F83000CFE700221346C6E71FFA85F8B2E7ED1AB4
:10F84000FFB2A36A5F55E2E7FFF790BF0269536911
:10F8500013F4401F70B543D0D36A13F0E06FC3F3C5
:10F86000026E3AD0B0F84A50B0F84C60ADB2B6B2C1
:10F8700007E0016A01F803C00EF1FF3313F0FF0E39
:10F880001DD0D1696B1C846BB0F84CC0C1F3090169
:10F890009C4298BF00231FFA8CFC9C45ECD0046B63
:10F8A0005FFA81FC1D469C42A3EB0404E1D8436A45
:10F8B00003F804C00EF1FF3313F0FF0EE1D1ABB239
:10F8C000A0F84A30836D43B1B54254D3AD1B016CEF
:10F8D000A94202D8C16DC3F884105369D90245D436
:10F8E0009669330228D553691D0225D5B0F84650D4
:10F8F000B0F84830ADB29BB206E0C169C95CC9B28C
:10F90000D161D16A4C0512D4AB4238D0446B01337B
:10F91000C16A9C4298BF00239942A3EB0104ECD832
:10F92000816A095DC9B2D161D16A4C05ECD599B241
:10F93000AB42A0F8481025D0710216D553695B027E
:10F9400013D50021036D80F8441013B1416DC3F845
:10F950008810837E2BB172B6936923F000539361B4
:10F9600062B6936923F48003936170BD536943F4D5
:10F9700080135361B4E7816B891B0D44A7E79BB2E9
:10F98000A0F84830936923F400039361936943F42A
:10F9900080039361D0E700BF0148FFF757BF00BF66
:10F9A0009CC60020704700BF704700BF704700BF73
:10F9B000704700BF70B51A4C1A4D2368AB4202D095
:10F9C000194AD16829BBA369AB4202D0164AD16952
:10F9D000C9B9236BAB4202D0134AD16A69B9A36C8F
:10F9E000AB4209D0104AD16B31B101211B680F48DD
:10F9F000D163BDE87040184770BD01211B680C48F9
:10FA0000D1629847EBE701211B680A48D16198470A
:10FA1000DFE701211B6804F10800D1609847D2E7B5
:10FA2000C0D60020E46D00200041084010D700201F
:10FA3000F8D60020E0D6002038B5064CA4F16005C9
:10FA400054F8083C2046183CDB689847AC42F7D194
:10FA500038BD00BF10D7002003682DE9F0410446EF
:10FA600088B01746002B4BD000229A600122DA6042
:10FA7000304D04A8DFF8E0801D4451F8083B2D11FB
:10FA800002935B6805EB45069847F60006F108000F
:10FA900058F806304044DB6801909847264A04A98C
:10FAA000DDE90103029248F806309B689847029B03
:10FAB00004A8DB6898472368032220481F609A60E7
:10FAC0001F4A23791F4C535513785178C0F82842A8
:10FAD0008B4228BF0B469178D2788B4228BF0B46C9
:10FAE000934228BF1346184C4FF0E0224FF080613C
:10FAF000012084F87A30C2F80C1108B0BDE8F0811A
:10FB0000124AD36E43F44053D3660122104B1A605D
:10FB1000104A13460260403298680028A8D010337B
:10FB200093422360F8D100231846236008B0BDE853
:10FB3000F08100BF00BFF7BFE46D002000D40020BB
:10FB400044C70020CDD4010000E400E000C00F4015
:10FB50000040084000410840C0D60020F8B50368C6
:10FB600043B3154C0746154E1C44241104EB4405C1
:10FB7000ED00735905F10800DB6830449847104BDD
:10FB80000021012273513B689960DA60FF230D4A1E
:10FB90001355137850789478834228BF0346D07861
:10FBA000094AA34228BF2346834228BF034682F85E
:10FBB0007A303960F8BD00BF00BFF7BFC0D6002063
:10FBC000E46D002044C7002000E400E010B4064BC0
:10FBD0000020064C064A1C609C611C639C6405491D
:10FBE0005DF8044B02F02ABDC0D60020E46D002071
:10FBF000C0CA002051D50100084602F045BB00BF35
:10FC0000012A70B508BF0A228AB091B34FF0210EC5
:10FC100001E05FFA86FE0EF1FF36B1FBF2F502FB62
:10FC200015145FFA84FC092C0CF137040CF1300C2C
:10FC300098BF5FFA8CF40EF1280C88BFE4B29142B1
:10FC4000EC4429460CF8244CE3D24BB10EF1FF3EB4
:10FC50002D225FFA8EFE0EF128036B4403F8242C4C
:10FC6000036801A9CEF122025B68714498470AB08B
:10FC700070BD30224FF0210E8DF82520E5E700BF42
:10FC80002DE9F0410C46D1B1EAB180468E1800252D
:10FC90000E4F04E002F0F8FAB44205440CD0D8F854
:10FCA000003014F8010B1B68BB42F3D001464046FC
:10FCB0009847B4420544F2D12846BDE8F0810D468C
:10FCC0002846BDE8F0811546F6E700BF11D70100D0
:10FCD000002903DB00230A22FFF792BF49422D23AC
:10FCE0000A22FFF78DBF00BF00B5036883B040F65E
:10FCF0000D2C022201A95B68ADF804C0984703B03F
:10FD00005DF804FB054B022888BF034610B41C684D
:10FD1000184663685DF8044B184700BF8CC6002086
:10FD20005AB90368C9B2074A1B68934200B506D1A5
:10FD300008465DF804EB02F0A7BAFFF761BF5DF873
:10FD400004EB184711D70100B4EE400B70B5F1EE8B
:10FD500010FA05462DED028B86B07CD6B0EEC07B46
:10FD60009FED476BB4EE467BF1EE10FA6BDC9FED36
:10FD7000467BB4EEC70BF1EE10FA5ADC9FED447BE4
:10FD8000B4EEC70BF1EE10FA53D4B5EEC00B0C462F
:10FD9000F1EE10FA5BD40023B6EE007B002C5ED0AF
:10FDA0004FF0000C9FED3C6B0CF1010C27EE067B35
:10FDB0005FFA8CF2A242F7D330EE070B0A222846F4
:10FDC000FCEEC07BB8EE678B17EE901A30EE488BD6
:10FDD000FFF716FF0F2C4FF02E03B2EE046B064612
:10FDE00028BF0F248DF808300DF1090302AA611E07
:10FDF00053FA81F128EE060BFCEEC07BCDED017AC3
:10FE00009DF8043007EE903A3033B8EEE78B02F8F5
:10FE1000013F914230EE488BECD12B68013402A9AE
:10FE200028465B68E2B29847304606B0BDEC028BCC
:10FE300070BD2B6803221A495B6806B0BDEC028BCB
:10FE4000BDE870401847036803221649F4E7B1EE95
:10FE5000400B0123A0E7036803221349ECE730EECF
:10FE6000070B0A222846FCEEC07B17EE901A06B05C
:10FE7000BDEC028BBDE87040FFF7C2BEAFF300805F
:10FE8000FFFFFFFFFFFFEF7F000000E0FFFFEF41FC
:10FE9000000000E0FFFFEFC19A9999999999B93F45
:10FEA000503D00204C3D0020483D0020A249A34B7E
:10FEB00088422DE9F047A24C5E699A69D4F80C801B
:10FEC0001BD9A04B984240F20281C31A9E491B0ADB
:10FED000A1FB031340F22761DB0903EB830303EB70
:10FEE000830303F2E2438B4228BF0B46A3F5487716
:10FEF000964BA3FB0737FF0804E0954FB8428CBF31
:10FF00000E2706278D4908F01F09D1F88030B94522
:10FF100043F0C003C1F880300CD228F01F08A1F5CF
:10FF2000F82148EA0708C1F80C800B68002BFCDABE
:10FF300008F01F0916F0007324D186490C69864920
:10FF4000A14300F0EA8082F4805134464FF480559A
:10FF500014F0605F04D026F060561E43774B5E615C
:10FF600011F4405F07D022F4405274492A438A6159
:10FF70008B6C1A07FCD446F00076704A5661936C7D
:10FF80009B06FCD4754CA04200F2CE804FF0010CD1
:10FF90000146634603FB011203F1010E0CF101055A
:10FFA000A24218D8BEF1080F4FF0010340F08D8037
:10FFB000BCF1040F00F291800A18A24200F2A48062
:10FFC00005FB00F1AC4603F1010E03FB01120CF13D
:10FFD0000105A242E6D90CF1FF318C0286EA8121AB
:10FFE0005F4810445F4A90427FD9DFF8A4A16C2299
:10FFF0005D48584DB0FBFEF0D5F800E0B0FBFCF0DA
:02000004600298
:10000000DFF890C10EEA0C0CD44509D042F400523E
:100010004FF4805CC5F800C02A602A68002AFCDA28
:10002000464A156905F007059D4203D01361936C9C
:10003000DD03FCD411F4E05F09D026F4E05604F4AB
:10004000E0543E4A26435661936C9907FCD44749D5
:10005000474A014491423CD8464BC909A3FB0131B0
:10006000090B4B1E1B0286EA030212F4407F06D0E6
:1000700026F4407603F44073304A334353612F4AE9
:10008000536923F000735361936C9B06FCD43A4B85
:100090004F45A3FB00234FF0FF324FEA9343B0FBE1
:1000A000F1F1B2FBF3F3354A1060354A1160354A7D
:1000B000136008D228F01F08214A48EA0707D760D2
:1000C0001368002BFCDABDE8F087734662E712275D
:1000D00018E74FF440730421C5E70CF1FF312048C5
:1000E00007238C02104486EA8121274ADFF8A8A062
:1000F000A2FB0020020D2548362A38BF362202FB1B
:1001000000F042EA0A0A74E74FEA8C24002386EAE8
:100110008C214FF0010EAC4662E71D4686F0C054BC
:1001200011464FF0C05313E700244FF0010C024674
:1001300031462346E64653E700A4781F00C00F402F
:10014000000008400046C32323B24C001F85EB513A
:1001500000366E0100800D4040300080FFB19F26C8
:10016000808D5B00FF7EF64D00643F4D7FD1F0082F
:100170007F17B42C9F10E50083DE1B43E8C50020E9
:10018000E4C5002054BA0120819F5E16001BB70011
:100190006C2000807F3001800020008000B9704713
:1001A0002DE9F84F01218146214C224D224E54E881
:1001B000003F2A68306844E80013002BF7D11F493C
:1001C0004B684FF47A7BDFF878A01B1A01270BFBF2
:1001D00002F8DAF80020A3FB02325A4594BF90449B
:1001E000D84454E8003F2A68306844E80073002B84
:1001F000F7D14B68DAF800C01B1A0BFB02F2A3FB25
:100200000C3CBCF57A7F94BF624402F57A72A2EB93
:100210000802B2F57A7F06D3B9F1010908F57A78B8
:10022000DFD1BDE8F88F02F0C3F80449D9E700BF79
:1002300060BA01205CBA012058BA0120001000E029
:1002400054BA012030B40F4B4FF0010C0E4D0F4C3F
:1002500053E8002F2868216843E800C2002AF7D13C
:100260000B4B5B680B4A5B1A4FF47A71126801FB07
:1002700000F0A3FB023230BC8A4294BF80184018C1
:10028000704700BF60BA01205CBA012058BA012053
:10029000001000E054BA0120272816D80201104BA4
:1002A00003EB00109B5810B4C2685C68144205D080
:1002B00061B95DF8044BC3F888207047836851B179
:1002C000084A5DF8044B1A60704770475DF8044BAC
:1002D000C3F884207047044A5DF8044B1A607047E5
:1002E000F88D002038F0010038300100272829D887
:1002F000164B0201012903EB00109A5810B4536801
:10030000C4680ED004290CD023EA04035360836828
:10031000A9B1022917D003290CBF0D4A0D4A1A6052
:1003200007E0234301295360836808D040F6380270
:100330001A60436815225DF8044B1A607047382232
:100340001A60F6E77047044A1A60F2E7F88D002059
:10035000383001003800010038F0010030B4124A92
:100360000020124B0121124D124CC2F8F032C2F89B
:10037000F402C2F8B810C2F8A000C2F8A450C2F843
:10038000B0105369DB07FCD551612378DB07F0D44B
:100390001368054943F0010313600B68DB07FCD4C5
:1003A00062B630BC704700BF00802A4005040124BB
:1003B00001000F0000812A40F8B50F46164672B6BC
:1003C000344B40F20641344A9A610222DA6100223B
:1003D000C3F8A020C3F8F012C3F8F422C3F8F8223F
:1003E000C3F8FC224FF47022C3F8A4200122C3F802
:1003F000B02020F01F038219BFF34F8F4FF0E0248D
:10040000C4F85C3F20339A42FAD8BFF34F8FBFF352
:100410006F8F204D6B69DA07FCD501231F49B2B2FB
:1004200020F07F406B6142F47022C5F8F01242F276
:100430000121184CC5F8F412C5F8BC30C5F8A0006D
:10044000C5F8A420C5F8B030154D01E05B0609D40D
:10045000636913F00100F9D041236361BDE8F840FE
:10046000FFF77CBF082E0AD836B1324639463744EA
:100470000646284600F006F940236361E8E7A6F146
:10048000080008263946324637440646284600F01A
:10049000F9F8F1E700802A40F05AF05A32041808BF
:1004A00080812A4010B472B6284B0221284C0022C9
:1004B0009C614FF47024D96140F20641C3F8F012F8
:1004C0000121C3F8F422C3F8F822C3F8FC22C3F8D0
:1004D000A020A2F58052C3F8A4400240C3F8B01097
:1004E000BFF34F8F02F5805102F120034FF0E02C53
:1004F000994234BF0121802102EB41118B42CCF89B
:100500005C2F1A4603F12003F8D1BFF34F8FBFF3DE
:100510006F8F0E4A5369D907FCD501240D490E4B44
:1005200054610340C2F8F0124FF470200749C2F83A
:10053000A030C2F8A400C2F8B0404B69DB07FCD57C
:1005400001235DF8044B4B61FFF708BF00802A4090
:10055000F05AF05A2004180800F0FF00704700BF5E
:10056000272858D80001F0B4344C354D2358AB42FD
:1005700056D049D8B3F1844F4BD0A5F58045AB4256
:1005800040D1304D2044304E304CC4F8B462D0E9F4
:1005900001C4C0684FF0E0264FF00057042AC6F8A7
:1005A00010712FD85E6926EA00065E614FF00506DD
:1005B000CCF80060266846F4803626605C6824EA41
:1005C00000045C60224C54F8224090FAA0F2B2FA87
:1005D00082F245F822106FEA00011DD0DD690F2A72
:1005E00001EA0501D9611DDC52000325D968944058
:1005F00005FA02F221EA02022243DA6098615A699E
:1006000002435A61F0BC7047124DAB42FAD1124D11
:10061000B8E7124DB6E77047DA690243DA61EDE7F1
:100620000F4DAFE7103A032519695200944005FABF
:1006300002F221EA020222431A61DFE7F88D00206C
:1006400000800042E8D00020010D000000D400200E
:100650004C2C002000C00042E8D1002068D00020CF
:1006600068D10020272809D8054B020103EB0010B0
:100670009A58C168536923EA01035361704700BF68
:10068000F88D0020844641EA000313F003036DD186
:10069000403A41D351F8043B40F8043B51F8043B45
:1006A00040F8043B51F8043B40F8043B51F8043B4C
:1006B00040F8043B51F8043B40F8043B51F8043B3C
:1006C00040F8043B51F8043B40F8043B51F8043B2C
:1006D00040F8043B51F8043B40F8043B51F8043B1C
:1006E00040F8043B51F8043B40F8043B51F8043B0C
:1006F00040F8043B51F8043B40F8043B51F8043BFC
:1007000040F8043B51F8043B40F8043B51F8043BEB
:1007100040F8043B403ABDD2303211D351F8043B8B
:1007200040F8043B51F8043B40F8043B51F8043BCB
:1007300040F8043B51F8043B40F8043B103AEDD23A
:100740000C3205D351F8043B40F8043B043AF9D28B
:10075000043208D0D2071CBF11F8013B00F8013B5E
:1007600001D30B8803806046704700BF082A13D36B
:100770008B078DD010F003038AD0C3F10403D21A83
:10078000DB071CBF11F8013B00F8013B80D331F8B7
:10079000023B20F8023B7BE7043AD9D3013A11F837
:1007A000013B00F8013BF9D20B7803704B784370A2
:1007B0008B7883706046704710F0FCBF11F002B870
:1007C00011F000B801F1FF3C70B56646002400E06E
:1007D0000134B0FBF2F502FB1503092B03F1370ED0
:1007E00003F130035FFA8EFE98BF5FFA83FE9042FA
:1007F000284606F801EFEBD2631C0022C818CA5441
:100800007CB162461CF8015F10F8016DA1EB0C038E
:1008100002328CF80060013B521A057023449A4260
:10082000EFDB084670BD00BF00230F2248F2B82C52
:10083000194610B54FF470444FF4806EA0F88C4107
:100840004FF46044A0F88E210A46A0F89031B0F829
:1008500088319BB243F0F003A0F8883101EB4103EB
:10086000013100EB431304299C80A3F806E05A846D
:100870001A865A805A81A3F80EC05A82DA825A83A5
:10088000DA83EBD1B0F888319BB243F00F03A0F8C4
:100890008831B0F888319BB243F47063A0F8883196
:1008A00010BD00BF374B384A996F384841F47F017B
:1008B00070B5996741F20106D3F8801045F6C0552E
:1008C00043F226040A43C3F88020FFF7ADFF00F58A
:1008D0008040FFF7A9FF00F58040FFF7A5FF00F576
:1008E0008040FFF7A1FF0022A0F503104FF00F0E8C
:1008F000114600EB42134FEA421C01329981042A4F
:100900005981A3F80EE09E82DD8020F80C10198238
:100910009C81EED100221E484FF00F0E41F20106DD
:10092000114645F6C05543F2260400EB42134FEA48
:10093000421C01329981042A5981A3F80EE09E825B
:10094000DD8020F80C1019829C81EED10022114824
:100950000F2641F20105114645F6C05443F2260E1A
:1009600000EB42134FEA421C01329981042A59815B
:10097000DE819D82DC8020F80C101982A3F80CE047
:10098000EED170BD00C00F40000003FC00C03D4030
:1009900000001E4000401E4072B6EFF30583524C2B
:1009A000C4F884301EF0040F0CBFEFF30882EFF39D
:1009B00009824FF0E0234D4E4D4DD3F8280DD3F86A
:1009C0002C1DC4E92201D3F8341DD3F8383DC4E905
:1009D00024139369C4F89830D369C4F89C3000F0AC
:1009E000D3F884ED280A01F04FFD0B214FF0FF32C0
:1009F000C4F8A4000B46C4F880103E49301D5A408C
:100A0000202402F00103013C01FB03F383EA5202BC
:100A1000F7D1A84202D073680646EFE7324BC3F81D
:100A2000A820BFF34F8F4FF0E0233049324AC3F87C
:100A3000701FC3F8702FBFF34F8FBFF36F8F2F4A14
:100A400002252F48D36E2F4943F44053D3660560E7
:100A5000D3692D4823F07F0343F04003D3610B6833
:100A600083423DD8264D00214FF0E0234FF0FF3266
:100A700029600126C5F808112449C5F80011C5F8F8
:100A80000861C3F88021C3F88421C3F88821C3F822
:100A90008C21C3F8902101E000F084F9D5F80C31E5
:100AA000002BF9D00134C5F80C614F2CF4D9184B48
:100AB000022018494FF00042C1F840015A63D5F8AE
:100AC0000C313BB9144815490D4A0163D2F80C3179
:100AD000002BFAD04FF0E023114AC3F80C2DFEE7AB
:100AE000FFF7E4F9BEE700BF00FF272080FF2720C3
:100AF000A8FF27202083B8EDA0FF272000C00F40CB
:100B000000400840E8C50020803DCD0B009F240038
:100B100000900D4000002E4000800F40F100AD0B12
:100B20000400FA050A490A6838B108B513180948DB
:100B3000834204D810460B6008BD104670470FF082
:100B400059F80C234FF0FF320360104608BD00BF78
:100B5000BCCA002000002820002070474FF0FF3062
:100B6000704700BF4FF4005300204B60704700BF38
:100B7000012070474FF0FF30704700BF30BFFDE7E6
:100B800030BFFDE7FFF708BF124AD2F880305B079D
:100B9000FBD5D2F880301048C3F30B230F4990EDFA
:100BA000007A07EE903A91ED006AB8EE477A0C4A67
:100BB000F8EEE77A0B4BD2ED006A77EEC77A93ED49
:100BC000007AB8EE477A67EE867A87EEA60A37EEA5
:100BD000400A704700810D4044BA01204CBA012000
:100BE00050BA012048BA0120836BF0B41BB153689E
:100BF00043F40043536072B6446B3CB31A4B22601B
:100C0000D3F8B0410C421DD1184E776804E07468E7
:100C1000E41BB4F5166F0BD2D3F8404144F4804482
:100C2000C3F84041D3F8B851D3F840416404EED53D
:100C30000D4007D10C4CC0E90225D4F8B0310B436C
:100C4000C4F8B031426362B6F0BC7047064DC0E9EB
:100C50000224D5F8B0310B43C5F8B03102634263CA
:100C600062B6F0BC704700BF00002E40001000E0EC
:100C700070B5056B9DB106462A46002403E0126854
:100C80000134012A0CD0536813F08003F7D032638B
:100C90002CB12846B36B2D689847013CF9D170BD43
:100CA000C6E90C33F4E700BF30B4D9B91F4C204B70
:100CB0000021204A01254FF0011099601D60C4E910
:100CC000023180245C60C2F8BC01D2F8B0311A480D
:100CD0002B43C2F8B0310160D2F8B031002BFBD108
:100CE00030BC70470904154B104C012541F08001C0
:100CF0009860104A596000F580511D60D96000F578
:100D00000051A364196100F5405100F5804059611C
:100D100000219861E164D2F8B03143F48033C2F825
:100D2000B031D2F8B031002BFBD1C0E70000002079
:100D300020D7002000002E40B439012040D70020E9
:100D400010B472B60A4C01220A49237802FA00F064
:100D500018432070D1F848311A0605D48022134375
:100D6000C1F84421C1F8483162B65DF8044B7047C0
:100D7000C0C0012000002E40084901220B7802FA71
:100D800000F023EA0000087030B9054AD2F8483173
:100D900023F08003C2F84831704700BFC0C0012073
:100DA00000002E402DE9F04F9C4C83B0D4F84461F4
:100DB000F107C4F844616AD5D4F8AC31002B61D096
:100DC000DFF88482964DDFF878B208F5805ADFF8B4
:100DD0007C92944FC4F8AC31D5E90A20D4F8403164
:100DE00043F40053C4F84031D4F840319B04F5D5A6
:100DF000D4F8403123F40053C4F840314FF00113CC
:100E0000C4F8B431D4F8B43113F00113FAD191B26B
:100E100040F2816CCBF80030614500F2D980B1F529
:100E2000D06F80F06981B1F5817F00F0978140F249
:100E3000AB8040F2023C614500F0BA81B1F5A06F91
:100E400040F0C1807849EB648B600123A9640B609A
:100E500080234B604FF00113C4F8BC31D4F8B0319B
:100E600043F48033C4F8B031D4F8B031002BFBD157
:100E7000130C5B0643F08073C4F85431D4F8AC31E2
:100E8000002BA7D1654AD2F8BC31002B4AD172069B
:100E900016D5624BD3F8AC21C3F8AC21D3F8BC21F2
:100EA000C3F8BC21D3F8B041002CFBD14FF0FF3286
:100EB000C3F8B421D3F8843101F07EF85B4B1C6099
:100EC000F40103D55A4B1B6803B19847B00103D511
:100ED000584B1B6803B19847710708D54F4BD3F89F
:100EE000843113F400731AD0534B01221A704B4B08
:100EF000D3F848311A060FD533060DD54F4A13786B
:100F00002BB1013BDBB21370002B00F04C8203B01D
:100F1000BDE8F04F00F094BC03B0BDE8F08F464A46
:100F20001370E4E74649C2F8BC310868034240F058
:100F300069813E4A14681C40A9D05FEA144810D069
:100F4000374D4FF0010998FAA8F7B7FA87F705EB84
:100F5000C71009FA07F74030FFF78AFE38EA07089A
:100F6000F1D1A4B2002C92D02D4D4FF0010894FA8B
:100F7000A4F7B7FA87F705EBC71008FA07F7FFF7EA
:100F800077FEBC43F3D182E7802900F0AF8082294D
:100F900019D183B210F0780015D103F07F0257F811
:100FA0002210284A1080180600F1C881CB0701D50D
:100FB0000123137002212348FFF776FE5EE7010C40
:100FC000072900F04D814FF00113C4F8C03155E7F7
:100FD00042F2210C6145F2D03AD942F221239942E2
:100FE00070D042F221339942EDD10F4B00229A602A
:100FF000EA640122AB641A6080225A604FF0011348
:10100000C4F8BC31D4F8B03143F48033C4F8B03103
:10101000D4F8B031002BFBD130E700BF00002E40E8
:1010200000000020C0012E4020D70020B839012048
:1010300070C0012074C00120CAC00120D0C00120AE
:10104000B4390120E0B90120AC39012040D700209B
:10105000B1F5086F42D0B1F5106FB4D1C2F3074CAF
:10106000B84AB9494FF0C81082F800C0B74A009397
:10107000C4F8C811C4F8CC01C4F8D001C4F8D41124
:10108000C4F8D82100F09AFF00F0D0FC00F06EFB0D
:10109000AF4A0121009BAA641160802193605160D6
:1010A0004FF00112EB64C4F8BC21D4F8B02142F433
:1010B0008032C4F8B021CBF80030D4F8B031002B26
:1010C000FBD1DBE680B200288FD1A24BC2F30742EE
:1010D0001968A14B1960A14B1A7086E7994B012141
:1010E0009F481B780370FFF7DFFDC7E69C4802218D
:1010F0000380FFF7D9FDC1E69A4B596800293FF4F8
:1011000062AF4FEA124E82B204E019690C33002933
:101110003FF459AFB3F800C0F445F6D1B3F802C0BC
:101120009445F2D14FEA1E22032A00F0D8801A8992
:10113000000C824228BF0246BEF5007F40F0D480FA
:10114000894B8A4918788A4B0092002818BF1946A3
:101150008848FFF797FA874B009ADAE010F0780F8B
:1011600083B27FF430AF03F07F0213F0800F57F8A3
:10117000223014BF23F4803323F0010347F82230D8
:101180000022734BEA649A600122AB641A608022E9
:101190005A604FF00113C4F8BC31D4F8B03143F4B5
:1011A0008033C4F8B031D4F8B031002BFBD165E600
:1011B00010F0780F83B27FF406AF03F07F0213F0D4
:1011C000800F57F8223014BF43F4803343F00103FB
:1011D00047F8223000225E4BEA649A600122AB6439
:1011E0001A6080225A604FF00113C4F8BC31D4F861
:1011F000B03143F48033C4F8B031D4F8B031002BAF
:10120000FBD13BE6002008605B490C88486842F24D
:1012100021018C427FF48DAE80B200287FF489AE2C
:101220005649574C03C9A18086284FEA11412060D6
:10123000A1717FF47EAE72B65248017841F0100180
:101240000170D2F848110D0605D480200143C2F880
:101250004401C2F8481162B64B4A5021117068E649
:10126000EB6001234449C9F80030484B0A60C9F8D3
:101270000430474B4860C9F81030C5F80890C9E9F8
:10128000028AD4F8B02142F00102C4F8B02103F57B
:10129000805203F50053C9F81420C9F81830D4F867
:1012A000B031002BFBD12A4AEB6493600123AA647E
:1012B000136048F2800353604FF00113C4F8BC314F
:1012C000D4F8B03143F48033C4F8B0314FF48033F4
:1012D000CBF80030D4F8B031002BFBD1CEE5000CB8
:1012E0000A78824228BF0246BEF5E06F52D11E4BFB
:1012F0001E4893F800C01E491E4BBCF1000F18BFDA
:10130000014600921846FFF7BDF9072103464170D8
:10131000009A23F01F011344BFF34F8F4FF0E020DA
:10132000C0F8701F20318B42FAD8BFF34F8FBFF344
:101330006F8F10481146FFF7B7FC9FE5C9033FF5D3
:1013400037AE37E6C9C001200200CC00CC00020055
:1013500020D700205CBA01206CC00120C8C0012049
:10136000E0B9012004C30020CAC001206C23006042
:10137000242400608000202020DB0020AC390120E4
:1013800064C00120C0C00120D0C00120800007003F
:10139000AC590120064B1846CDE90023FFF772F93E
:1013A000DDE90023B5E70420FFF7E6FC15F030F98E
:1013B000800020202DE9F0471F46831E042B01D911
:1013C000BDE8F087DFF84C9015460C463C2209EB4F
:1013D000C01806464FEAC01A002108F10400240490
:1013E00010F056FFB5FA85F20123520944EA42741F
:1013F00049F80A40C8F83870C8F80830002FDFD024
:10140000034AB34011680B431360BDE8F08700BF87
:10141000B8390120000000202DE9F0470D46811E5B
:10142000042901D9BDE8F087C701DFF84C90924646
:10143000044640373C2200211E4609EB07082D04D4
:1014400008F1040010F024FFBAFA8AF2520945EAC2
:10145000427249F807200122C8F83860C8F808200D
:10146000002EDFD0034B10341968A2400A431A60E3
:10147000BDE8F087B8390120000000201204816027
:10148000C36101F5405342F0800210B40124426070
:1014900001F50052046001F5805401F58041C460FB
:1014A00081615DF8044BC0E904237047831E0A463E
:1014B000042B00D97047064B00F110014FF0010CCE
:1014C00003EBC0100CFA01F14030FFF78DBB00BFF9
:1014D00000000020831E0A46042B00D9704701211A
:1014E000024B814003EBC010FFF77EBB00000020E1
:1014F00040687047124A134BD2F8200220F07F4018
:10150000984210B584B002D200EB800040000E4C2F
:1015100001A90A22FFF756F901A90023204611F874
:10152000012B01333AB10A2B20F8022FF7D11623F1
:10153000237004B010BD5B00DBB2237004B010BD9B
:1015400000441F4080969800C0D2002000F054BE96
:1015500000F024BE00F088BE00F042BE00F0DEBE07
:1015600000F0B4BE0846114600F0A4BEF8B5144C15
:101570004FF0E025134E4FF4003204EB4024124F9D
:1015800006EB40160346C5F88C2121463A883046C2
:10159000FFF774FF3B882344BFF34F8FC5F85C4FC0
:1015A0002034A342FAD8BFF34F8FBFF36F8F0420CC
:1015B0003146FFF78FFF4FF40033C5F80C31F8BD0B
:1015C0004001202060D7002092C0012042684FF6E1
:1015D000FC71114BC2F30E42C0691B889B1A0B4071
:1015E00017D00E4930B40E4C0E4D227821F8103031
:1015F0000021013225F81010062A94BFD1B20A4604
:10160000217009490C6823440B60084B985430BC86
:101610007047FFF7ABBF00BF92C00120F0B90120B7
:10162000BAC001200CBA0120E8B9012028BA012073
:101630002DE9F04F0123DFF828A1DFF828B183B0AE
:10164000414E9AF80020414D414F8BF8003005EB98
:1016500042153388D7F80080CDE90002002B6DD108
:101660003C4CDFF804912846FFF742FF10F0800061
:101670005DD03B68A3EB0803282B04D9012323701A
:1016800003B0BDE8F08F2378002BF9D199F8003032
:10169000002BF5D000F08CFE3388002BE3D02E4ACF
:1016A0009AF800101288D01A043B2C4C9BB22044AC
:1016B000338000EB4120009E4902C0F8006C93BBD0
:1016C00004F5406428460C442146FFF7D7FEBFF3DB
:1016D0004F8F04F1200204F50073934234BF0123BD
:1016E00010234FF0E02204EB4313C2F8704F203474
:1016F0009C42FAD1BFF34F8FBFF36F8F042029466E
:10170000FFF7D4FE019B02200133032B94BFDBB211
:1017100000238AF80030FFF72FFB00238BF80030FE
:1017200003B0BDE8F08F0220FFF70AFBF5E70A4B94
:101730009AF800101A8820701346B5E7064A0199F6
:101740001288D01AB0E700BF96C00120A0D90020AF
:101750005CBA0120C1C001209AC0012040012020B4
:10176000C3C00120C6C00120C9C00120214B70B5F3
:101770001B78002B3BD04FF400731E461E4980227D
:101780001E4D00240B8000211D482B8010F080FD91
:101790001C4A21461C4B1470C0221C481C8010F0AF
:1017A00077FD1B4A31461B4B042094609C60C2E9C4
:1017B0000044194AC3E900441470184B184A1C70BD
:1017C000184B14602246FFF7F5FD23462246298870
:1017D0000420FFF721FE20460134FFF7C7FE062C48
:1017E000F9D100231049114A0B70137070BD4023CA
:1017F0001E46C3E7CAC0012092C001209AC0012042
:10180000A0D90020C3C0012096C0012060D70020CD
:10181000F0B901200CBA0120BAC00120BDC00120DE
:10182000E8B90120E5F00100C1C00120C6C00120D7
:10183000024B1B780BB1FFF7FBBE7047C9C00120FC
:101840002DE9F843214B1D7815B9214E33880BB98A
:10185000BDE8F883DFF888801E4A98F800701E4CB7
:1018600002EB47191D4A04EB4724128848462146DB
:10187000D21A2B46FFF702FEBFF34F8F04F120026E
:1018800004F50073934234BF012310234FF0E0228C
:1018900004EB4313C2F8704F20349C42FAD1BFF3DB
:1018A0004F8FBFF36F8F013749460420FFF7FEFDCE
:1018B000032F4FF000034FF0020098BFFDB23380BA
:1018C00088F80050BDE8F843FFF756BAC6C00120BB
:1018D00096C00120A0D90020400D20209AC00120F0
:1018E000C3C00120014B186880087047E8B9012087
:1018F000F8B54FF400324FF0E023204CC3F88C21B0
:101900001F4B227819788A422ED0D3B21D4A1E4F1F
:1019100001331E491E4E072B28BF0023D05C37F829
:10192000102001EB40218D580432316892B2043905
:1019300027F810203160174931F81010914207D96B
:101940004FF0E0234FF400322846C3F80C21F8BDD5
:10195000DBB22370FFF70AFE4FF0E0234FF40032B2
:101960002846C3F80C21F8BD00254FF0E0234FF4C2
:1019700000322846C3F80C21F8BD00BFBDC00120CD
:10198000BAC0012028BA01200CBA01204001202051
:10199000E8B90120F0B901200A4A10B41378C469EB
:1019A0000133042B06D8D9B207481170C4545DF82E
:1019B000044B7047002104480B461170C4545DF875
:1019C000044B7047BBC0012030BA012015490346C3
:1019D00001EB801170B5BFF34F8F01F1200001F1D1
:1019E00040044FF0E0228442C2F85C1F01D9C2F8E3
:1019F0005C0FBFF34F8FBFF36F8F0B4C4FF0E025A1
:101A00004FF40036402204EB4314C5F88C612046A5
:101A1000FFF734FD21460620FFF75CFDC5F80C6199
:101A200070BD00BF4015202020D80020002180225A
:101A3000144810B50C4610F02BFC802212482146A9
:101A400010F026FC1149124A23461248147022460F
:101A50000C70402104700520FFF7DEFC22460E4B7F
:101A600040210620FFF7A6FC2046FFF7AFFF01202C
:101A7000FFF7ACFF0220FFF7A9FF0320BDE81040ED
:101A8000FFF7A4BF20DA002020D80020C4C0012026
:101A9000BBC00120BEC00120B1F401002DE9F84F08
:101AA000254DDFF8A8A0254ED5F800809AF8004013
:101AB0003378002B38D081468B46E4B2204F0BE0C0
:101AC0002B68A3EB08035B452BD8BBF1000F28D094
:101AD00000F06EFC33783BB33B789C42F0D001348D
:101AE000042C25D8E3B2174A174D175D8AF8003049
:101AF00005EB871505F140062C4609F11009103554
:101B00000FCCB44249F8100C49F80C1C49F8082CC9
:101B100049F8043CF0D13846FFF758FF4020BDE8B3
:101B2000F88F0020BDE8F88F4FF0FF30BDE8F88F48
:101B300000231C46D7E700BF5CBA0120C9C00120C2
:101B4000BBC0012030BA012040152020BEC00120BA
:101B50002DE9F047DFF8D4A0314F9AF80030314C2E
:101B6000DFF8CC8004EB4314D7F8009098F80030ED
:101B7000002B4ED006460D460AE03B68A3EB090356
:101B8000AB424AD800F014FC98F80030002B40D04B
:101B90002046FFF7ADFC0306EFD4234B06F1400EC1
:101BA0009AF8002003EB821C67463068103656F81E
:101BB0000C1C3D4656F8082C103756F8043C764568
:101BC0000FC5F2D12CF01F030CF14001BFF34F8F72
:101BD0004FF0E022C2F8703F20339942FAD8BFF3A9
:101BE0004F8FBFF36F8F0023614640222046FFF7DF
:101BF00045FC21460520FFF759FC9AF800304020AB
:101C00000133DBB2032B88BF00238AF80030BDE824
:101C1000F0874FF0FF30BDE8F0870020BDE8F08787
:101C20005CBA012020DA002040162020C4C0012028
:101C3000C9C00120064B1B7803F0FF003BB1054AE9
:101C4000054B10781B78C01A18BF0120800170471F
:101C5000C9C00120BBC00120BEC00120F8B5144C92
:101C60004FF0E025134E4FF4003204EB4024124FA6
:101C700006EB40160346C5F88C2121463A883046CB
:101C8000FFF7FCFB3B882344BFF34F8FC5F85C4F45
:101C90002034A342FAD8BFF34F8FBFF36F8F0320D6
:101CA0003146FFF717FC4FF40033C5F80C31F8BD8F
:101CB00040172020A0D8002094C00120244B2DE9FB
:101CC000F0411C884368C569C3F30E43E41A002C35
:101CD00024DD204920480A780078D3B21F4E824282
:101CE0001F4807D010F8038036F81870C7F5007247
:101CF000944218D90133002226F81540082B194EBA
:101D000088BF134626F8152098BFDAB2C554164B83
:101D10000A701A6814441C60BDE8F0812846BDE8CA
:101D2000F041FFF79BBF07EB4820104922462744AC
:101D3000084401EB4521FEF7A5FC0B4A284626F88E
:101D4000187013682344BDE8F0411360FFF786BFA5
:101D500094C00120BCC00120BFC00120FCB90120FB
:101D600038BA012018BA0120ECB901204017202010
:101D70001D4B1A78002A36D102F0FF031B4A127855
:101D80008AB32DE9F0411A4D2A8852B3194EC2F593
:101D90000068194F3278194C07EB421704EBC22444
:101DA000424638462146FFF769FB04EB0802BFF3C1
:101DB0004F8F4FF0E023C3F8704F2034A242FAD87F
:101DC000BFF34F8FBFF36F8F03203946FFF76EFBD2
:101DD00033780133DBB2032B88BF00233370002339
:101DE0002B80BDE8F0817047C7C00120C9C0012029
:101DF00098C00120C5C00120A0DA00204027202083
:101E00002DE9F04F85B0CDE90110002900F0BF8029
:101E10000023604CDFF89881DFF898A15E4F0093B3
:101E200001235E4A23705E4B1978B8F8003002EB4C
:101E30004119002B40F0A7801E461D469B46484690
:101E4000FFF756FB10F0800000F08C80BFF34F8F3F
:101E50009AF8003084F800B005B93E68002B7DD1B7
:101E60003B689B1B782B00F287804E4B1B78002B26
:101E700074D000F09DFA0122B8F8003015462270A7
:101E8000002BDCD0464AC3F5006011781A4600EBFF
:101E9000C120454DC9022844019D954217D20393A4
:101EA000DDE901512A46FEF7EDFB039B4FF040426E
:101EB0005B1BA8F800303D4BC3F88420BFF34F8F65
:101EC000009800232844237005B0BDE8F08F364BFE
:101ED000CD180299FEF7D6FB00234FF40062294685
:101EE0004846FFF7CBFABFF34F8F05F1200205F507
:101EF0000063934234BF012340234FF0E02205EBFF
:101F00004313C2F8705F2035AB42FAD1BFF34F8F55
:101F1000BFF36F8F03204946FFF7C8FA204A1378B2
:101F20000133DBB2032B84BF00231D4A1370B8F8C2
:101F30000030019AD11A009A1A4401910092029A33
:101F40001A4400230292194AA8F80030C2F88430DB
:101F5000BFF34F8F237000297FF462AF009805B064
:101F6000BDE8F08F4FF400620D4B8AF8000019783D
:101F70001346A8F800208AE7012300988AF8003069
:101F800005B0BDE8F08F1A46C3F500607FE7019801
:101F9000E5E700BFC7C001205CBA0120A0DA00203D
:101FA000C5C00120C9C001204027202000002E40CC
:101FB00098C00120C2C00120704700BF2D4B0021F6
:101FC00080222D4870B51B7800242C4D8B422C4E5E
:101FD0000CBF40234FF400732B80338010F058F96E
:101FE000284A2146284B14704FF4807227481C80E1
:101FF00010F04EF9264A1021264B0220C2E9004477
:10200000C2E90244244AC3E900441470234AC3E9E4
:102010000244234B1C70234614602246FFF7FCF950
:102020002246318803201F4BFFF7C4F923460122C3
:1020300029880320FFF7F0F920460134FFF70EFE50
:10204000082CF9D1184B00214A221848184C04607A
:10205000C3F88410C3F88020D3F84821154942F012
:102060008072C3F8482121B1134A137843F0010369
:10207000137070BDCAC00120A0DA00209CC00120EE
:1020800094C00120C5C0012098C00120A0D8002024
:10209000FCB9012018BA0120BCC00120ECB9012014
:1020A000BFC00120D5F7010000002E4070C0012004
:1020B00089F8010000000000D1C001202DE9F04F97
:1020C0004FF0E0234FF40032DFF8C8A083B0C3F82C
:1020D0008C218B469AF8004000294FD08046E4B20C
:1020E0000027DFF8B490264BABEB070225491B789D
:1020F000A34204F101043FD0092C234B404628BFE2
:1021000000241E5D39F816C00CEB462319441F4B02
:1021100033F81650A5EB0C05AA421CD20CEB462C4A
:1021200018491B4C61440192FEF7ACFA216839F85A
:1021300016505846019AA1EB0B012A44394429F85C
:10214000162021604FF0E0234FF40032C3F80C2139
:1021500003B0BDE8F08F2A462F44FEF793FA0C49EE
:10216000E3B230460A68A844521B0A608AF800307D
:10217000FFF774FDBB45B6D83846E3E70846E1E70C
:10218000BCC001204017202038BA0120FCB9012032
:10219000ECB90120BFC0012018BA01200B4B0C4A3A
:1021A00012781978D3B28A420DD0013309480A4A0D
:1021B000092B0A4928BF0023C35C31F8131002EB36
:1021C0004323585C70474FF0FF307047BCC001207C
:1021D000BFC0012038BA01204017202018BA0120C2
:1021E000044B10B51C680CB1204610BD00F0E0F89F
:1021F000204610BDECB901202DE9F84F144E154DC5
:1022000033782A78934221D0DCB2DFF85090DFF89F
:1022100050B0DFF85080104F0134082C5FFA84FA78
:1022200001D90024A24619F80400DBF8003038F880
:10223000102037F81010521A9B1ACBF80030FFF715
:102240000DFD86F800A02B78A342E5D1BDE8F88FFC
:10225000BFC00120BCC0012018BA012038BA01203B
:10226000ECB90120FCB9012000B583B001210DF1CA
:102270000700FFF723FF20B19DF8070003B05DF8CA
:1022800004FB4FF0FF30F9E7094B00B583B01B7832
:102290008DF807003BB101210DF10700FFF7B0FDFC
:1022A00003B05DF804FB03F0FF0003B05DF804FB2E
:1022B000C9C00120044B1B7803F0FF020BB1FFF7EC
:1022C0009FBD1046704700BFC9C001202DE9F041F5
:1022D0000024DFF8448001230D4D27460D4E88F879
:1022E0000030337828462035A34204F1010405D09C
:1022F000FFF7FEF8030658BF07F50067042CF0D17E
:10230000BFF34F8F0023384688F80030BDE8F081D6
:10231000A0DA0020C5C00120C7C001202DE9F84384
:102320001D4B1B7813B11D4D2A880AB9BDE8F883EF
:102330001B4EC2F500691B4933784A461A4C01EB23
:1023400043181A4F04EBC324012340463B70214637
:102350000023FFF793F804EB0902BFF34F8F4FF010
:10236000E023C3F8704F2034A242FAD8BFF34F8F56
:10237000BFF36F8F03204146FFF798F8337801339E
:10238000DBB2032B88BF0023337000232B80BFF305
:102390004F8F3B70BDE8F883C9C0012098C0012071
:1023A000C5C00120A0DA002040272020C7C001209E
:1023B0002DE9F8432D4B1E7866B12D4F3B784BB974
:1023C0000123F1073B7043D4B20726D400233B70AE
:1023D000730701D4BDE8F883264B1A68002AF9D0A8
:1023E000EFF30582002AF5D1EFF3108572B6186875
:1023F000002834D0204C2178002930D101222270CD
:1024000042691A60002A2ED0916105B962B6002592
:102410008368457798472570DCE7DFF8648098F893
:102420000030002BD2D00025DFF858902B4659F809
:1024300023400135236820461B69984710B1636922
:102440009B68984798F80020EBB29A42EFD8BDE716
:10245000FFF7C6FE0028B7D0AFF30080B4E7002D29
:10246000B8D162B6B6E7054B1A60CEE7D1C00120FD
:10247000AFC0012054DC0020A1C0012060DC00209E
:10248000A2C0012064DC0020074A506A936A194602
:102490008446506A936A9942F9D18445F7D1DB0B9F
:1024A00043EA4040704700BF00400D40C0F31501B3
:1024B000800D00224902F0B5084D461C55F8204019
:1024C000C1F1004055F826E0E717A0FB044500FBEA
:1024D0000753CEFB01235800F0BD00BF349E0020FF
:1024E000B5EEC00AF1EE10FA2CD4DFED207A20EE22
:1024F000270AFDEEC07A32D4F8EEE77ADFED1C6AE7
:102500001C4AB7EE007A30EE670A20EE260AFCEE8F
:10251000C07A17EE903AC3F3080307EE903A02EB45
:102520008301F8EE677AD1ED006A70EE677A91ED7B
:10253000010A37EE677A67EE807A27EE260A30EED8
:10254000270A7047DFED0C7AB4EEE70AF1EE10FAD5
:102550000BDADFED067A20EE270AFDEEC07A17EEE1
:10256000903A013B07EE903AC6E7704783F9223E66
:102570000000004430960020CD024CB410F100530E
:1025800048BF00F1204300209A0DF0B4A3EB825322
:10259000094D5B0255F822400132E71755F82260D9
:1025A000C3F10042A2FB044502FB0751C6FB030135
:1025B000F0BC4800704700BF349E0020DFED1C7A5D
:1025C000B5EE007A20EE270A30EE070AB5EEC00A13
:1025D000FDEEC07AF1EE10FA04D517EE903A013B09
:1025E00007EE903AF8EEE77ADFED126A124AB7EE9C
:1025F000007A30EE670A20EE260AFCEEC07A17EE6B
:10260000903AC3F3080307EE903A02EB8301F8EE29
:10261000677AD1ED006A70EE677A91ED010A37EEC4
:10262000677A67EE807A27EE260A30EE270A70472F
:1026300083F9223E000000443096002003460846FD
:1026400019460FF097BE00BF08F04EBA07F074BBF2
:1026500007F0E2BC07F0DCBD09F0AEBC09F078BCC5
:1026600009F0EABC09F018BD08B5042000F0F4F840
:10267000024B034A0349036000F0A2FD207C0020C6
:10268000610202006077002010B582B0019008203E
:1026900000F0E2F80199044600F09AFF044A054967
:1026A000204600F08DFD204600F0EEF800F010F915
:1026B000D90F02003077002010B582B001900820B9
:1026C00000F0CAF80199044600F0C2FF044A054927
:1026D000204600F075FD204600F0D6F800F0F8F82E
:1026E000191002003C770020004870474875002010
:1026F00010B5034B0360044600F0B2F9204610BD4C
:102700000C7C002010B5054B0360044600F0A8F9CE
:102710002046FEF753F8204610BD00BF0C7C002079
:1027200008B5042000F098F8024B034A03490360FF
:1027300000F046FD0C7C00200902020054770020C6
:10274000004870475C75002010B5034B03600446D9
:1027500000F086F9204610BD207C002010B5054B06
:102760000360044600F07CF920460421FEF728F8B7
:10277000204610BD207C002020494B6830B550F821
:10278000085CA0F108045BB304EB050E734527D881
:1027900021D05A6801F1040C32B90FE0516803F1FD
:1027A000040C21B313460A469645F7D304BFDEE96D
:1027B00000215960DCF8003008BFAD181A6899187C
:1027C0008C4211D05B6840F8043CDCF8003040F8E3
:1027D000085C5C6030BD1A685B682A4440F8082CCD
:1027E00040F8043C4C6030BD2A441A6030BD5B6840
:1027F0001A6899188C42E5D1F6E700BF44DC002046
:10280000144900F108034868082B38BF0823F8B1C1
:10281000073323F00703043102E0011D406880B153
:1028200002689342F9D830B4D41A072C0AD9C518D3
:1028300042686A60C450086803600D60083030BCAC
:1028400070477047456802600D60083030BC7047C3
:10285000704700BF44DC002010B500F18004204622
:102860000EF0A8FF034630B18022002118460FF079
:102870000FFD803010BD2046FFF7C2FF0346002841
:10288000F2D100F023FC00BF064A936880389842DA
:1028900005D9D2681344984201D2FFF76DBF0EF0FC
:1028A00091BF00BF44DC002038B5084C4FF41E65D2
:1028B0002846E5600EF07EFFA06020B10023C0E94D
:1028C0000053606038BDE060606038BD44DC0020CB
:1028D0001EB400F08DF81EBC0CF07CF9F0B5027847
:1028E000472A83B00C461D4619D0264E0020336877
:1028F00001909B683046984778B1019B1B68019313
:1029000002272368314620461E6901AA0123B047E9
:1029100010BB0746384603B0F0BD0127F1E7437806
:102920004E2BE2D18378552BDFD1C378432BDCD1FA
:102930000379462B1AD00379432BD6D143792B2B1D
:10294000D3D183792B2BD0D1C379012BCDD808D00B
:1029500050F8206C5830CAE7019B2B60384603B012
:10296000F0BD50F8200C50F8786CC0E743794F2B3D
:10297000E1D18379522BDED1C379002BDBD1024E1A
:102980001846B4E71C7700200877002010B50446ED
:1029900000F07AF8224612F82039472B04D08368D9
:1029A00023BB8260012010BD63784E2BF7D1A37842
:1029B000552BF4D1E378432BF1D12379432BEED17E
:1029C00063792B2BEBD1A3792B2BE8D1E379012B66
:1029D000E5D854F8043C0133012B44F8043CE1D120
:1029E000836844F8083C8260012010BD00F06EFB53
:1029F00008B500F049F8836883B393F82020472A8C
:102A000004D00022826003F1200008BD93F8212049
:102A10004E2AF6D193F82220552AF2D193F823209A
:102A2000432AEED193F82420432AEAD193F82520B3
:102A30002B2AE6D193F826202B2AE2D193F82720DF
:102A4000012ADED8DA69013ADA61002ADBD1996914
:102A5000816000229A6103F1200008BD00F036FB7E
:102A6000704700BF704700BF0048704734750020B2
:102A700010B504210446FDF7A3FE204610BD00BF9B
:102A80000048704750DB00200048704750DB0020B2
:102A9000502870B51DD0844600F00F000C2855D882
:102AA000DFE800F0074426071E545454542A220736
:102AB0001E00104650F8046B4EB10CF07004102C40
:102AC00008BF11460E441CF0800F18BF36681E6008
:102AD00070BDD01C20F0030050F8046B1E6070BD68
:102AE000104650F8086BE7E7104630F9026BE3E751
:102AF000104630F8026BDFE700261046344610F827
:102B0000015B05F07F0E0EFA04FE15F0800F46EA19
:102B10000E0604F10704F2D11F2CCDD86D06CBD5DB
:102B20004FF0FF3505FA04F42643C6E700261046A9
:102B3000344610F8015B05F07F0E0EFA04FE2D06F8
:102B400046EA0E0604F10704F3D4B5E7FEF718F8D9
:102B5000FF2808B5034619D003F07002302A084652
:102B600016D005D8202A09D1BDE808400CF015BAC6
:102B7000402A09D1BDE808400CF0FCB902D813F096
:102B8000600F03D0FDF7FCFF502AFBD1002008BDE9
:102B9000BDE808400CF0FEB9F8B50C4615460646EF
:102BA00008B10CF0E7F9286014F8017BFF2F28D159
:102BB0006860204610F8013BFF2B32D01023002420
:102BC0002B75224610F8011B01F07F039340090684
:102BD00044EA030402F10702F4D40444EC6010F860
:102BE000013B6B750024224610F8011B01F07F03A6
:102BF00093401C430B0602F10702F5D404442C61F8
:102C0000F8BD31463846FFF7A3FF224601462B1D8B
:102C10003846FFF73DFF0446204610F8013BFF2BE6
:102C2000CCD12B750024D9E72DE9F04F00F0030437
:102C300093B00023012C08930F46904613D0022C2A
:102C400008D1414638460CF07FF940B9082013B04E
:102C5000BDE8F08F002C00F09380FDF791FF092074
:102C600013B0BDE8F08F0DF1300A10F00804CDF874
:102C700000A000F09A8044F0020202920C910C2213
:102C8000194640460BF0FAFB40460CF079F98346B2
:102C90000028D6D0524601464046FFF77DFF414608
:102CA00005469DF84400FFF753FF0DF12C09002362
:102CB0000E901946CDF800900F2240460BF0B8FB5D
:102CC0000B9B23F001035E1E109B9D4280F0BD8094
:102CD0009DF8454000212046FFF73AFF2A4601466D
:102CE00009AB2046FFF7D4FE9DF84550044600216D
:102CF0002846FFF72DFF224601460AAB2846FFF77C
:102D0000C7FE9DF84550044600212846FFF720FFE6
:102D1000224601464B462846FFF7BAFE00240546E8
:102D2000224615F8011B01F07F0393401C430B065C
:102D300002F10702F5D40C9B099A1344B34217D948
:102D4000029BD8072DD50024039400231946CDF803
:102D5000009040460D22089D0BF06AFB039B3B63ED
:102D60000B9BC7F82CB0C7E9095406203B626EE7FD
:102D70000A9A1344B34272D8109BAB42A8D8DFE73B
:102D800002073FF55EAF012302930DF1300A0023E5
:102D9000CDF800A00C22194640460C970BF06EFBB4
:102DA00072E7190758D500F091F90D6A23460D22F4
:102DB000214640460BF03CFB0C9B9D4202D0022377
:102DC0000293E4E7234621460C22CDF800A04046BA
:102DD0000C970BF053FB3A6B0392D7E90A43002A96
:102DE0003AD09B460DF12C09002C54DB032500231F
:102DF0001A461946CDF8009040460B970BF03EFB63
:102E0000002319460122CDF8009040460B940BF0A8
:102E100035FB002319460F22CDF8009040460BF0F9
:102E200007FB0B9A0399CDF8009002F001020A43C8
:102E300000230B9240460F2219460BF01FFB022D78
:102E400024D0072013B0BDE8F08F029BDE073FF5CA
:102E50007AAF029B1B07A6D4384606F0A7FC0B9B53
:102E6000002B3FF4EEAE0D9A13440393002C36D1A1
:102E7000002B3FF4E6AE029BDD073FF5E2AE029B7E
:102E80001A0740F1168100240225B0E73846FFF703
:102E90007DFD0720DBE66FF040431B1B1E465246BC
:102EA00059464046FFF778FE9DF844004146FFF73B
:102EB0004FFE0E9005460F9850F8263000EB860026
:102EC00033B10246002352F8041F01330029FAD11E
:102ED000C7E90A35042378633B63032587E7109E1F
:102EE000039B013C2644002B3FF4ABAE029B002E1B
:102EF00000F0D78013F00803049300F0C980472343
:102F00003B704E237B705523BB704323FB704623DD
:102F10003B714F237B715223BB710023FB71002354
:102F2000CDF818B0CDF814809B46CDF81CA0002435
:102F3000224616F8011B01F07F039340080644EA7D
:102F4000030402F10702F4D41F2A05D8490603D569
:102F5000012393405B421C43002530462A4610F86B
:102F6000011B01F07F0393401D430B0602F1070292
:102F7000F5D41F2A05D84B0603D5012393405B42A5
:102F80001D43002C34D036DC17B1049B002B4FD0EE
:102F90006FF0404A0F9BAAEB040A53F82A30B3B1F2
:102FA000002D6AD02E44C2E7A3005B420F9A0E990F
:102FB0001A444B46FFF76CFD0B9941B1002FEFD03F
:102FC00008AB00223846FFF789FC0028E8D0029BB6
:102FD000DDF81CA0DB07DDE9058B3FF5B6AE049BF1
:102FE000002B3FF401AF002CBFF600AF00F07CF8DF
:102FF0004FF0010BD4E79DF84400FF2831D000F0DA
:103000000703042B3FF629AE01A252F823F000BFBC
:10301000C10A020073070200430B0200C10A02004A
:103020003D0B0200E3005B42C0E763005B42BDE78B
:103030006FF0404A0F9B089A0B92AAEB040A03EB2D
:103040008A0853F82A1019B90DE058F8041F51B135
:1030500041444B4600223846FFF740FC0028F4D09C
:103060009EE70023A2E7029BD8075646DDE9058BC1
:10307000DDF81CA03FF569AE11E75B46DDF8148072
:10308000002B3FF4DEAD029BD9073FF5DAADFAE63F
:10309000FB79012B0CBF57F8203C07F1580308932C
:1030A0003DE7DA073FF5CDAD029B13F008047FF44E
:1030B000EAAE02259BE606F0FBFB74E608B5804706
:1030C000FDF75EFD06F0F4FBFDF75AFD08B5034B76
:1030D0001868BFF35B8FFFF7F1FF00BF3CC700200C
:1030E00008B58047FFF7F2FF08B5034B1868BFF338
:1030F0005B8FFFF7F5FF00BF40C70020024B186849
:10310000BFF35B8F704700BF3CC70020024B1868BD
:10311000BFF35B8F704700BF40C7002000B5012898
:1031200083B01DD8BFF35B8FA1F1280353E8002FB4
:10313000013A43E800200028F8D1BFF35B8F62B961
:1031400051F81C3C01F1580013B1019098470198C7
:1031500003B05DF804EBFFF797BB03B05DF804FB29
:1031600051F8140CFFF7AAFF38B5002540E91E12EC
:1031700040F8805C0446FFF7C9FF44F8700CFFF785
:10318000BDFF43222B23472104F8552C04F8542C6F
:1031900004F8533C04F8523C4E22552304F8581CC2
:1031A00004F8515C054904F8572C04F8563C44F8DF
:1031B0006C0C44F8501CA4F1800038BD350C0200A2
:1031C00010B582B0CDE900210446FFF75DFC03464F
:1031D0004068009A0199013058602046FFF7C4FF0B
:1031E0000446012344F8283B20460BF0E1FC20462E
:1031F00006F05EFBFFF76AFF10B5FFF745FCD0E96C
:1032000000420132426064B194F82020472A0AD07B
:1032100000220260203420460BF0EEFC204606F02F
:1032200047FBFFF753FF94F821204E2AF0D194F882
:103230002220552AECD194F82320432AE8D194F88F
:103240002420432AE4D194F825202B2AE0D194F8B5
:1032500026202B2ADCD194F82720012AD8D86269AD
:1032600052426261D6E700BF10B5034B03600446CB
:1032700000F056FA204610BD247A002010B5054B08
:103280000360044600F04CFA20460C21FDF798FA42
:10329000204610BD247A002070B582B00446069EF8
:1032A00096420D4609D0A06804680696246A29460D
:1032B000A44602B0BDE870406047194601920093F1
:1032C00000F060F8DDE900320028ECD0062002B002
:1032D00070BD00BF2DE9F04F0C4681B01946DDE905
:1032E0000A69DDE90C879B460546924600F04AF8DC
:1032F00080B9464522D0A86821460468CDE90C87EC
:10330000CDE90A69E4695B465246A44601B0BDE8CE
:10331000F04F6047002C3E6087F804A009DB26448C
:10332000B0450CBF06260126BE71002001B0BDE8E5
:10333000F08F0234F9D10123BB71F6E749462846E4
:1033400000F020F80028D6D087F805A0EDE700BFF0
:103350002DE9F04106460F4614461D4600F01AFAC4
:1033600048B9B068016822468C692B463946A446A4
:10337000BDE8F0416047BDE8F08100BF704700BF85
:1033800000207047814211D008B5406803782A2B8D
:103390000AD049680B782A2B08BF01310FF058F882
:1033A000B0FA80F0400908BD002008BD0120704738
:1033B00070B53B4B1A7882B0002A41D101241C70B1
:1033C00006F0FAFA002831D04468364D23782A2BCB
:1033D00008BF013400224FF0FF30114601AB0190CD
:1033E000204606F063F92B683022DB68064601218F
:1033F0002D480CF0EFFB019B93B12B682046D96858
:103400000BF09EFF2B682948DB68022201210CF09B
:10341000E1FB019B13B930460EF0D4F9FFF7ECFE47
:103420002B683046D9680BF08BFFEBE71D4B20482B
:103430001B682D22DB6821460CF0CCFBFDF7A0FBBE
:10344000184B1C481B681D22DB6801210CF0C2FBD5
:10345000FDF796FB01290C4619D106F029FA0368FD
:103460009B6898472B682146DB6804460B2212486C
:103470000CF0B0FB2B682046D9680BF061FF2B687D
:103480000A20D9680BF0E6FE06F050FAD6E706F0FF
:103490000FFA06F04BFAD1E706F048FAFFF718FAF0
:1034A000B6C001204CD00020C0740020F47400206D
:1034B000F8740020A0740020287500204068704730
:1034C00010B543680C4A0D490446A3F10C00904224
:1034D00082B0216005D12046FFF7C2FA204602B033
:1034E00010BD53F8042C511E002A43F8041CF2DCD2
:1034F00001A900F0F3F8EEE7F01C0120D07B0020DA
:1035000010B543680C4A0D490446A3F10C009042E3
:1035100082B0216005D12046FFF7A2FA204602B012
:1035200010BD53F8042C511E002A43F8041CF2DC91
:1035300001A900F0D3F8EEE7F01C0120D07B0020B9
:1035400010B543680E4A0F490446A3F10C0090429F
:1035500082B0216008D12046FFF782FA2046FDF7AD
:103560002DF9204602B010BD53F8042C511E002A3C
:1035700043F8041CEFDC01A900F0B0F8EBE700BF52
:10358000F01C0120D07B002010B543680E4A0F4983
:103590000446A3F10C00904282B0216008D120467D
:1035A000FFF75EFA2046FDF709F9204602B010BD8C
:1035B00053F8042C511E002A43F8041CEFDC01A927
:1035C00000F08CF8EBE700BFF01C0120D07B00205E
:1035D000F0B51B4B036083B0044649B308460D4663
:1035E00011F022F80746A8B101AA002100F03AF82C
:1035F000012F064600F10C0311D0184629463A4621
:10360000FDF740F803460F4A96420BD1204663600F
:1036100003B0F0BD0C4B6360204603B0F0BD2A78C8
:103620000273F0E70022B26037603E443273EDE788
:103630000648FFF729F82046FFF712FAFFF748F986
:10364000D07B0020F01C0120FC1C01208475002090
:1036500010B50446FFF7BCFF014B2360204610BDA8
:10366000E47B00201B4B984210B530D888420446BA
:103670001CD94A00904238BF144604F11D02B2F52D
:10368000805F04F10D0018D98C4216D9C2F30B02E9
:1036900004F58054A41A9C4228BF1C4604F10D0076
:1036A000FDF78AF80022C0E9014210BD00F11D03B8
:1036B000B3F5805F00F10D0001D9002805DBFDF7AF
:1036C0007BF80022C0E9014210BDFEF7CDFF0248A1
:1036D000FEF7F2FFFCFFFF3F6C750020FDF76EB8B0
:1036E00070B5036884B000249E69039410231546C6
:1036F0000293CDE900446B461268B0479DF8043050
:1037000003F00603062B03BF009B2B60012020461D
:1037100004B070BD0098904214BF0120062070478D
:1037200010B5034B03600446FFF728FE204610BD8A
:10373000F879002010B5054B03600446FFF71EFE24
:1037400020460821FDF73CF8204610BDF8790020FE
:103750002DE9F041069F0899099E8F420446904644
:103760001D460CD029462046FFF70CFE20B1012350
:10377000376086F80480B3710020BDE8F0810799B6
:10378000FFF700FE0028EDD086F805800020BDE898
:10379000F08100BF38B515461C46FFF7F3FD00B9B0
:1037A00038BD082206232560E260237138BD00BFC2
:1037B0002DE9F041064617461D460C46FFF7E2FD8F
:1037C00048B9032D07D823683A46314620465B693D
:1037D000BDE8F0411847BDE8F08100BF312970B560
:1037E000864645D828292AD80A2920D9A1F10B0CC8
:1037F000324C5FFA8CFC012000FA0CF00440002CE3
:103800004DD0D2B1DEE90540844216DADEF8105020
:1038100004EB840C05EB8C0001340026C0E9016642
:10382000CEF8144005F82C10C0E9032370BD04291C
:1038300030D9A1F109000128E3D9002070BDA1F120
:1038400029000828F9D801A454F820F01D1302001B
:10385000B1130200AD13020053130200AD130200B6
:103860001D1302001D1302001B130200B1130200FE
:10387000A1F13400C0B21D28DFD8114C4FF0010C6B
:103880000CFA00FC0CEA0404002CBAD10D480CEA36
:10389000000070B1002AD0D0002BB3D1CDE710F4D6
:1038A0007F1FAFD1084C0440002CC6D0002AF3D1B2
:1038B000C3E71CF0505CC0D0A4E700BFFE1F802F00
:1038C0000711C701F82E000A01004000F0B5C268D8
:1038D00011786E29864625D03039CBB2092B2BD8EA
:1038E0000026164D00206FF0004402E0B0EBD30F2D
:1038F00015DC0132CEF80C201378303B5FFA83FCE4
:1039000000EB800001EB4000BCF1090F1946A4EB6D
:103910000303A5FB0373E9D906B14042F0BD4FF0A4
:10392000FF30F0BD531CC36051783039CAB2092A48
:1039300002D81A460126D4E70020F0BDCDCCCCCC6D
:1039400010B5044629B9C3681A786AB15A1CC26016
:10395000197868290CD0762906D12046FFF7B6FFE2
:10396000E3681A785F2A01D0002010BD0133E360BC
:103970002046FFF7ABFFE3681A785F2AF4D10133E2
:10398000E360012010BD00BF10B4C3680A46197877
:10399000522910D04F2903D010465DF8044B7047D0
:1039A000C46A202103340133C462C3605DF8044B50
:1039B0000023FFF713BFC46A1F210234F3E700BFDF
:1039C000002966D038B505460C46A368012B39DCC2
:1039D000D5F81C01B0F5806F03F1010332DC2278C9
:1039E000A360531E502B2DD8DFE803F03131314C4A
:1039F0002C2C2D2D313131313131313131313131C9
:103A00003131312C31313131313131313131424289
:103A100031312C313131312931313131312C2D31AC
:103A2000313131313131313131313131312C2C3190
:103A3000292929292C313131313131313100E468E2
:103A4000002CC2D138BD2469002CBED1FAE7E16850
:103A5000431CC5F81C312846FFF7B2FF21692846F0
:103A6000FFF7AEFFD5F81C31013BC5F81C3138BD5E
:103A7000E1680B78052BEBD1D5F838310133C5F867
:103A80003831E5E7D5F84431E1680133C5F8443110
:103A9000DEE77047034648B1002304E0C2682AB15C
:103AA0000069013310B102782F2AF7D01846704709
:103AB000C3681A785F2A01D00120704710B55A1CDC
:103AC000C2605A785F2A044604D0FFF7FFFEC04365
:103AD000C00F10BD0233C360FFF7F8FE002809DBFA
:103AE000092805DDE3681A785F2A03D10133E36012
:103AF000012010BD002010BD20B909E039B10069D6
:103B0000013930B103782F2BF8D000207047C068FE
:103B100070477047F0B514465268A5684B1C1344B3
:103B2000AB4283B00E46074611D8E5686DB96368AD
:103B30002068324618443946FCF7A4FDD4E9003227
:103B400033449D5463683344636003B0F0BDE2685E
:103B5000002AFAD155B16D00AB42FCD82068294645
:103B60000FF042FC38B12060A560DEE7022B4FF079
:103B70000205F0D8F2E7019020680DF023FE019BCA
:103B80000122C4E90033C4E90232DEE70378722B74
:103B900007D0562B05D04B2B03D0442B03D000204D
:103BA000704701207047407800F0DF034F2BF8D0BA
:103BB000773801288CBF002001207047D0F80031F1
:103BC000FF2B70B504460D4606D05A1CC4F80021E0
:103BD000E55484F8045170BD0026194680F8FF6052
:103BE000D0E942329847D4F8283101221344C4F86E
:103BF00028313346C4F80021E55484F8045170BDDF
:103C0000D0F810319BB1CA685B68002A1B6909DBD8
:103C100023B907E042B11B69013A1BB119782F297A
:103C2000F8D0002318467047DB6818467047012219
:103C3000C0F81821F6E700BF002940D02DE9F04177
:103C4000DFF884801F4F05460C4601262378082B99
:103C500013D8082B1ED8DFE803F00D1D1D1D1D27EE
:103C60000D232300172B15D9183BDBB227FA03F3DA
:103C7000DB070FD50020BDE8F0812C2BF2D9323BB9
:103C8000DBB21B2B06D806FA03F212EA080FF1D1B9
:103C9000012B05D0E1682846FFF7CEFF0028EAD1C6
:103CA0002469002CD2D1E5E721462846FFF7A8FF7A
:103CB0000028DFD003782F2BDCD1BDE8F081002075
:103CC000704700BF018010000100E30C2DE9F041B6
:103CD000044608460D4610F0A7FC40B3013DD4F859
:103CE00000112F184FF0000809E00B46BD4201F10A
:103CF0000101C4F80011E65484F8046117D0FF29CB
:103D000015F8016FF1D1D4E9423284F8FF802046E2
:103D10009847D4F8283101210B44C4F828310023F6
:103D2000BD42C4F80011E65484F80461E7D1BDE84F
:103D3000F08100BF38B5C3681A78542A24D15A1CC0
:103D4000C2605A785F2A044620D06E2A1CD0FFF742
:103D5000BDFD411C18D4E3681A785F2A14D10133E1
:103D6000D4E905208242E3600EDA236902EB820C7B
:103D700003EB8C0001320025C0E901556261052288
:103D800003F82C20C16038BD002038BD023300216B
:103D9000E6E700BF2DE9F04188B00A4604461A491B
:103DA00001A80BF0D9FA01A810F03EFC40B301AD18
:103DB000D4F800112F184FF0000809E00B46BD425F
:103DC00001F10101C4F80011E65484F8046117D030
:103DD000FF2915F8016BF1D1D4E9423284F8FF8054
:103DE00020469847D4F8283101210B44C4F82831E3
:103DF0000023BD42C4F80011E65484F80461E7D101
:103E000008B0BDE8F08100BF0C6F002070B504461B
:103E1000FFF75CFD051E46DDE66863689B1B9D425F
:103E20003EDCA26873195207E36004D5725D242A50
:103E300004BF0133E360092D22DD2A490822304600
:103E40000EF05AF930B9337A2E2B2ED05F2B2CD0AE
:103E5000242B2AD0D4E90532934221DA206903EBDE
:103E6000830200EB820001330022C0E9012263617A
:103E700000230370C0E90133C0E90365A06270BD8F
:103E8000D4E9053293420BDA206903EB830200EB9D
:103E9000820001330022C0E901226361002EE7D1D4
:103EA0000020A06270BD002070BD737A4E2BD1D16E
:103EB000E26A6369A1691632521B8B42E262EFDA51
:103EC000226903EB830081000133636102EB800010
:103ED0000023C0E901335354034A1523C0E90323E7
:103EE000DFE700BFBC8D0020C88D00202DE9F04128
:103EF000C3681A78532A31D15A1CC2605A780446D2
:103F0000A2B39A1CC2605A785F2A44D0A2F130034F
:103F1000D8B2092826D800210DE0303B99421DD89F
:103F2000E06802781946451C1AB1E56002785F2AFC
:103F30003BD0A2F13003D8B2092801EBC103A2F1B2
:103F4000410C02EB8303E8D9BCF1190F06D801EB51
:103F5000C10302EB8303373B9942E1D90025284690
:103F6000BDE8F081A2F141001928D4D9A36803F07B
:103F70000803002B14BF0125002500D1B9B93F4B20
:103F8000742103F1A80001E013F81C1F914215D021
:103F90008342F9D1E2E70023226A9A42DED9E2693C
:103FA00052F823502846BDE8F0810133F4E7E36876
:103FB0001B78433B012B98BF0D46E0E75E69002E5E
:103FC00054D0D4E905208242D3F8188053DA276907
:103FD00002EB820C07EB8C014FF0000EC1E901EE01
:103FE00001324FF0180E626107F82CE0C1E9036856
:103FF000A162002D37D0D3E90371E36A82420B44FA
:10400000E36236DA236902EB820003EB80050132BA
:104010000026C5E901666261182203F82020C5E97F
:104020000371E3681A78422A99D1A66A0133E360E2
:104030002046FFF7EBFE2A4603464D212046FFF7B8
:10404000CDFBE3681A78422A0546EFD0A662002825
:1040500084D0D4E90832934280DAE1695A1C41F8ED
:10406000230022627BE7D3E90171C6E7D4E905208A
:10407000BFE70025D5E70021BAE700BF38A600203A
:104080002DE9F043C26883B004461046FFF77EFD79
:10409000002866D113785A2B31D82F2B5CD9303BAE
:1040A0002A2B59D8DFE813F08C008C008C008C0090
:1040B0008C008C008C008C008C008C005800580008
:1040C00058005800580058005800D6015800D90030
:1040D000ED005800E70060015800580058005800F3
:1040E000580018028C00CB00BD005800AF009501AD
:1040F0006E01BE0158005800580058008C00613B0A
:104100005FFA83FCBCF1190F26D8C44D012101FAD6
:104110000CF10D40EDB1C24903EB830301EB8301C8
:10412000D4E90535AB4280F2C583266903EB830CE5
:1041300006EB8C050133C5E901006361272306F80E
:104140002C30E960E36A496801320B44E260E362C3
:1041500003E0BCF1140F48D00025284603B0BDE8A9
:10416000F083002201A9204601F0B4FA0546002898
:10417000F2D0E3681B78462B20461ED0FFF780FF65
:1041800028600028E8D003781F3B012B05D8019A4E
:10419000C368C2602A6801922B60019D002DDBD0AC
:1041A000D4E908329342D7DAE1695A1C284641F82B
:1041B0002350226203B0BDE8F08300F0FDFBDFE78F
:1041C000204601F06BFD05460190002DC4D0D4E9D6
:1041D00008329342C0DAE16941F82350019D5A1C2C
:1041E0002846226203B0BDE8F0830132E260204637
:1041F000FFF70CFE2B46024628212046FFF7EEFA79
:1042000005460190E1E70132E2602046FFF738FF02
:104210000023024623212046FFF7E0FA05460190DD
:10422000D3E70132E2602046FFF72AFF002302466F
:1042300022212046FFF7D2FA05460190C5E7013258
:10424000E2602046FFF71CFF00230246242120469F
:10425000FFF7C4FA05460190B7E70132E260204655
:10426000FFF70EFF0023024625212046FFF7B6FA8E
:1042700005460190A9E7204600F09EFB0546019007
:10428000A3E7531CE3605378002B3FF465AF931C06
:10429000E3605378463B302B3FF65EAF01A151F807
:1042A00023F000BF5D200200711C0200711C02009F
:1042B000711C0200711C0200711C0200711C0200C2
:1042C000711C0200711C0200711C0200711C0200B2
:1042D000711C0200711C0200711C020021200200EE
:1042E000711C0200711C0200711C0200711C020092
:1042F000711C0200711C0200711C0200711C020082
:10430000711C0200711C0200711C0200711C020071
:10431000F5200200711C0200C9200200E322020005
:10432000B322020051210200711C0200212102006F
:1043300083220200711C0200711C0200711C020029
:10434000711C020053220200711C02003B22020079
:10435000711C0200711C02000B22020021200200CD
:10436000DB210200812102000132E2602046FFF7DA
:1043700087FE0023024626212046FFF72FFA054636
:10438000019022E72046FFF7D5FCE66801903378DC
:10439000492B05467FF419AF636B002B40F0578221
:1043A00000283FF4D9AED4E908218A42BFF6D4AE42
:1043B000E16941F82200013222623278493A012A49
:1043C00005D80136E660204600F00CFE03462A467A
:1043D0001CE05378A3F13002092A05D95F2B03D0E2
:1043E000413B192B00F2268200212046FFF77EFD7B
:1043F000E36801901A78492A05467FF4AEAE01338E
:10440000E360204600F0EEFD2A46034604212046E4
:10441000FFF7E4F905460190D7E600BFFF7BEC0308
:10442000448300200132E2602046FFF7EFFCE3689E
:1044300001901A78492A054600F0E1812046FFF7ED
:104440001FFE2B46024621212046FFF7C7F90546ED
:104450000190BAE6551CE56053785F2B00F0CD81E2
:10446000303B092B00F2D8812B469C460133E36098
:10447000197830390929F8D9D4E905108142ACEB13
:104480000202BFF669AE276901EB810007EB8006E7
:104490004FEA800E002001318242C6E901006161CD
:1044A0007FF75AAEC6E9010007F80E00C6E90352CD
:1044B0009CF801201D465F2A7FF44EAE0135E56071
:1044C0002046FFF7DDFD324603462A212046FFF74E
:1044D00085F90546019078E60132E2602046FFF753
:1044E000CFFD054600283FF437AE2046FFF7C8FD54
:1044F000034600283FF430AE2A462B212046FFF722
:104500006DF90546019060E60123256B2363204683
:1045100000F030FE25630246002344212046FFF7C9
:104520005DF90546019000283FF416AEE3681A785D
:10453000002A3FF411AE5A1CE2601B78452B7FF431
:104540000BAE44E6D4E905318B4280F2B581216996
:1045500003EB830001EB800501330026C5E901660A
:1045600063612C2301F8203093780195303BDBB256
:10457000092B94BF012333462B8202D82046FFF734
:10458000A5F92046FFF77CFDE86000283FF4E4AD84
:104590002046FFF79BF9E268137813B1531CE360E0
:1045A0001378A3F17303B3FA83F35B096B82D4E549
:1045B000D4E905329342BFF6CFAD2269C04903EB7F
:1045C0008305A8000133636102EB85050023C5E97B
:1045D000013313540E23C5E90313BEE5D4E90532B4
:1045E0009342BFF6B9AD2269B64903EB8305A80033
:1045F0000133636102EB85050023C5E901331354E0
:104600000423C5E90313A8E5D4E90532934280F2F7
:104610006B81226903EB830102EB810501330020EA
:10462000C5E901006361272302F82130E36AA64A45
:10463000EA600433E36290E5D4E90532934280F204
:104640005381226903EB830102EB810501330020D2
:10465000C5E901006361272302F82130E36A9B4A20
:10466000EA600933E36278E593785F2B00F0148108
:10467000D4E905329342BFF66FAD226903EB8301A3
:1046800002EB810501330020C5E90100636143238A
:1046900002F821302046FFF719F9E860E3681A783C
:1046A0005F2A7FF459AD0133E3602046FFF7E8FC51
:1046B0002A4603462D212046FFF790F80546019033
:1046C00083E5D4E90532934280F20E81226903EB3F
:1046D000830102EB810501330020C5E9010063611C
:1046E000272302F82130E36A794AEA600733E3625C
:1046F00033E5D4E90532934280F2F680226903EB78
:10470000830102EB810501330020C5E901006361EB
:10471000272302F82130E36A6E4AEA600833E36235
:104720001BE52046FFF7ACFC002302464C21204647
:10473000FFF754F80546019047E5D4E90532934266
:1047400080F2D280226903EB830102EB8105013301
:104750000020C5E901006361272302F82130E36AE4
:104760005D4AEA601133E362F7E4D4E9053293422B
:1047700080F2BA80226903EB830102EB81050133E9
:104780000020C5E901006361272302F82130E36AB4
:10479000524AEA600833E362DFE4D4E90532934227
:1047A00080F2A280226903EB830102EB81050133D1
:1047B0000020C5E901006361272302F82130E36A84
:1047C000474AEA600A33E362C7E4D4E90532934218
:1047D00080F28A80226903EB830102EB81050133B9
:1047E0000020C5E901006361272302F82130E36A54
:1047F0003C4AEA600933E362AFE400265EE6013337
:10480000E360204600F0EEFB2A46034604212046E2
:10481000FEF7E4FF054611E60123256B23632046DE
:1048200000F0A8FC2563064600283FF495ACE56837
:104830002A7840E6204601F031FA0546019000282A
:104840003FF48AAC0378182B7FF4C1AC85E4731C69
:10485000E3602046D4F81490D4F82080E76A00F092
:10486000C1FBE3681B78492B06D0E660C4F81490BE
:10487000C4F82080E762A8E4002D3FF46DACD4E9D1
:1048800008139942BFF668ACE26942F82150013141
:1048900003462A462162B9E503320123256BE26013
:1048A0002363204600F066FC2563054600287FF45C
:1048B000F5AE51E4C368FFDE00231B70FFDE00BFCE
:1048C000E88D0020E08D0020888500204C850020A8
:1048D0009C850020B0850020D8850020C48500205C
:1048E00074850020608500200023DB68FFDE00BFA8
:1048F00030B5C26883B0002301931378002B34D005
:10490000044601AD4F2B0CD009D82E2B01D0452BDE
:104910000AD1019848B30369CBB103B030BD522B23
:1049200002D15378452BF4D02046FFF7A9FB02466D
:1049300000232E212046C2B1FEF750FF2860A0B10F
:10494000E268137800F11005002BDBD1E1E7C268C3
:1049500011782729E1D1D268117C0929DDD1E16ADA
:104960005268891AE162C360D7E7002003B030BD06
:1049700070B5C3681A784A2A05461AD081B128460C
:10498000FFF77EFB044690B12846FFF7B1FF0346D0
:1049900068B1224628462921BDE87040FEF71EBFB7
:1049A00028460C46FFF7A4FF03460028F1D100205B
:1049B00070BD0133C360E2E710B50446806810F4AF
:1049C00080200BD1E26BB2F5006F06D8511CE36872
:1049D000E1631978462907D0E26310BDE3681A78CD
:1049E000462A01D0002010BD5A1CE2605A78592A8C
:1049F00004BF0233E36001212046FFF7B9FF0146FF
:104A00002046FEF7C1FFE3681A78452A04BF013348
:104A1000E360A36818BF00205B03DED4E26B013AB9
:104A2000DAE700BFF8B5C3681F78064677BB4FF0DA
:104A3000000E3D4D482100228B1A03EBD37302EB8D
:104A40006303180105EB031C2C582078B84206D0EC
:104A500094BF5A1C19468A42EED10020F8BD6078F6
:104A60007045F5D1D6E905329342F6DA326903EBA7
:104A7000830102EB810001330024C0E9014473612A
:104A8000322302F82130C0F80CC0F8BD5A1CC260B5
:104A900093F801E01F78BEF1000F02D1762FC8D045
:104AA000C5E79A1CC260762F93F801E01FD1AEF1E2
:104AB0003004E3B2092BBCD8FFF7A8F9D6E90531D9
:104AC0008B420246C9DA376903EB830107EB8100A9
:104AD00001330025C0E9015589007361002ABCD06B
:104AE0003323C0E901557B54C0E90342F8BD632F6D
:104AF0009FD1BEF1760F9CD1D0E90C34B3FA83F389
:104B00005B094363FFF7BCFA736B024633B10023C2
:104B100035213046FEF762FE7463F8BD342130461D
:104B2000FEF75CFEF8E700BFEC850020F8B5C3682F
:104B30001A78A2F130010929044665D9552A6CD0AA
:104B400038D8442A0FD94C2A0AD10133C360FFF761
:104B50005DF9054620B12046FEF7AAFF00283BD1AB
:104B600000252846F8BD422AFAD9816A41B1087861
:104B7000002840F09180E26A08690244E2621A78F3
:104B8000432A00F0C880442A40F084805A78303AA2
:104B9000052AE5D801A050F822F000BFBF27020087
:104BA00017280200052802007926020011280200B9
:104BB0000B280200A2F161011929D1D86F2A056BD7
:104BC00000F0A0802046FFF72DFF2563054618B1B1
:104BD0000378322B00F0C680E3681A78422AC0D1ED
:104BE000A66A0133E3602046FFF710F92A46034620
:104BF0004D212046FEF7F2FDE3681A78422A054669
:104C0000EFD0A6622846F8BDFFF700F9E3681A78EE
:104C10000546422AE4D02846F8BD5A786C2A00F0AE
:104C2000C180742A9CD1591CC1605A78742A37D12A
:104C30009A1CC2609A785F2A00F008816E2A8FD091
:104C4000FEF744FE0130E36800F1FD801A785F2A28
:104C500020D10133D4E905218A42E36080F200814A
:104C6000266902EB820706EB870501320021C5E9C0
:104C700001116261492206F82720E860D4E9082082
:104C8000824280F2EA80E16941F8225001322262D8
:104C90001A78BEE70025BCE718287FF471AF6AE7F1
:104CA0000B460025B5E74FF0010ED4E905209F1C07
:104CB0008242E76080F2C280D4F810C002EB82002A
:104CC0000CEB800501320026C5E9016680006261B7
:104CD000002900F0B380C5E9016608220CF8002025
:104CE00085F80CE029619A783B4692E74FF0030E75
:104CF000DBE74FF0050ED8E74FF0040ED5E74FF095
:104D0000020ED2E75A786E2A7FF45CAF023300229B
:104D1000C360026356E75A78492A7FD0A2F1310076
:104D200004283FF61DAF303A0233D6B2E360D4E92F
:104D30000532934280F28680276903EB830207EBFA
:104D4000820501330020C5E901009200636100295A
:104D500078D00723C5E90100BB54E3682E732961AD
:104D60001A7856E7C268E36A9168126807330B4401
:104D7000E36213786C2B7FF42FAF5378692B7FF4A9
:104D80002BAF9378002B7FF427AF2046FFF73EF838
:104D90002A46034637212046FEF720FDE3680546F4
:104DA0001A7836E7591CC1605A786C2A7FF478AFBC
:104DB0000233C360FFF79CFDE3680646002842D03B
:104DC0001A78452A7FF466AF5A1CE2605A785F2A47
:104DD00049D06E2A3FF4C4AE2046FEF777FD01307D
:104DE000E36830D41A785F2A7FF454AF01336269E4
:104DF000A169E3608A4233DA216902EB820701EBA1
:104E0000870501324FF0000CC5E901CC62614722F1
:104E100001F82720C5E903601A78FAE6591CE16019
:104E20009A78A2F13100042813D80333303AE360B2
:104E30002046D6B2FFF724F9A16A78E79A780025D0
:104E40003B46E6E6E3681A780025E2E603330020F5
:104E500000E75A7800250B46DBE61A780D46D8E6BF
:104E60001A780025D5E602330020C0E7F8B5C268FD
:104E700013784C2B32D1531CC36051785F29044600
:104E800051D05A2913D15A1CE2605B78472B43D08A
:104E9000542B41D00021204601F04EF8E3681A78E7
:104EA0000646452A1AD10133E3603046F8BDFFF7C4
:104EB000E7F8064690B10378272B12D0E268157800
:104EC0006E2D23D03D21452D59D0134603E0E360DC
:104ED0001D78452D2FD00133002DF8D10026304606
:104EE000F8BDC3681A7C1AB1E26A5968521AE262C4
:104EF000254918680DF0ACFA0028DFD1E268157872
:104F0000452D3ED06E2D01D03D21DEE7531CE360E0
:104F100055783E211A46D6E7204600F085FCE36826
:104F200006461A78BDE7931CC36092785A2A18BFC8
:104F30000026B6D1A7E79D1AD4E9050398421CDAEA
:104F4000D4F810E000EB80070EEB87034FEA870CE4
:104F500000270130BD42C3E9017760610DDDC3E97F
:104F600001770EF80C70C3E9032532462046FEF7A0
:104F700035FCE36806461A7893E70023F5E7002539
:104F8000DAE70132E260AAE77C8A002038B5C2681D
:104F900013784C2B20D0044608D8493B012B16D857
:104FA0000132BDE83840C26000F01CB8582B0ED169
:104FB00001320123056BC260036300F0DBF8E36894
:104FC00025631A78452A0BD10133E36038BD2046AA
:104FD000BDE83840FFF754B8BDE83840FFF746BF9A
:104FE000002038BD70B5C368866A1A78452A82B039
:104FF00004461FD00023019301AD09E0FEF7EEFB4C
:10500000286000F1100560B1E3681A78452A0BD0DA
:105010002046FFF7BBFF024600232F212046002A2F
:10502000ECD1002002B070BD0198A6620133E360AC
:1050300002B070BD5A1C0023C2602F211A4602B074
:10504000BDE87040FEF7CABBF8B5C268147894B3E7
:1050500006460F460025A4F130034A2B2BD8DFE883
:1050600003F02D2D2D2D2D2D2D2D2D2D2A2A2A2AE3
:105070002A2A2A2A2A2D772B2A2A2A682A2A2D5FC9
:105080002A2A2A2A2A534B2D2A2A2A2A2A2A2A2A33
:105090002A2A2A2D2D2D2D2D2D2D2D2D2D2D2D2D49
:1050A0002D2D2D2D2D2D2D2D2D2D2D2D2D00F2685D
:1050B0001478002CCFD100252846F8BD3046FFF7E4
:1050C00035FD0346002D4ED10546532CEFD0F26836
:1050D0001478452CF0D0002FEBD0002DEBD0D6E982
:1050E00008318B42E7DAF16941F82350013333622A
:1050F0001478002CAFD1DEE73046FEF71BFE0346E6
:10510000002D30D11D46E2E701213046FEF7EEFECC
:10511000034645BBF26814781D46002C9BD1CAE7B4
:10512000002DC8D0531CF36054781A46002C92D13D
:10513000C1E7002DBFD00132F2603046FFF752FFC9
:10514000042103462A463046FEF748FB0546BCE7E5
:10515000537803F0DF03542B304606D0FFF7E6FC0C
:105160000346002DCED00121ECE7FEF789FF034670
:10517000C6E700BFC26813784C2B00F08980542B1F
:1051800000F08880F0B5732B83B004465AD0662BAC
:1051900028D0A3F1300109290CD82046FFF7C6FC1E
:1051A0000546002870D0E3681A78492A74D028464A
:1051B00003B0F0BD6F2B61D0692B7BD153786C2B82
:1051C00047D10232E2600025117800295CD0537883
:1051D000002B59D04521204600F042FA2A460346CA
:1051E000312161E05378702B33D1931CC3609378E5
:1051F000542B00F048815F2B00F086806E2B43D04B
:10520000FEF764FB411C3FD4E3681A785F2A3BD168
:105210006FF0004201339142E36035D00230D4E9AF
:105220000532934230DA226903EB830102EB8105F8
:1052300001330026C5E901666361062302F82130C7
:10524000E860B4E75378722B00F0F880702B00F020
:1052500012812046FFF7E6FB0546A8B10378322B02
:1052600035D0342B00F09B810ED8332B0CD1C36882
:10527000032B09D8DFE803F06DCE080853786E2BB6
:10528000E7D10232C26088E70025284603B0F0BDAE
:10529000FFF7ECBDFEF74EBD0133E3602046FFF79C
:1052A000A1FE2A4603460421204603B0BDE8F04093
:1052B000FEF794BA742B40F0B28053786C2BC8D1AF
:1052C0000232E260FEF7DCFEE26805467CE7C16878
:1052D000E36A8A680E68023A1344E3623378732BF8
:1052E0000BD17278742A08D1B27832B92046FEF711
:1052F000C7FE2A4603463721D6E7CF68032FC3D817
:10530000DFE807F02706542B0332C260012086E74E
:105310003278702A00F0C0806D2A00F0BD8000272E
:10532000732B40F0B4807378502B40F0B080B3788A
:10533000002B40F0AC802046FFF754FE03462FB10F
:105340001A4639212046FEF749FA03462A463721F4
:10535000AAE700232A463621A6E7712B40F0C48035
:105360007278752A40F0C080B278002A40F0BC8084
:105370002046FFF7FFFE06462046FFF7FBFE0746E6
:105380002046FFF7F7FE034600283FF47DAF3A467C
:105390003C212046FEF722FA324603463B212046B6
:1053A000FEF71CFA2A4603463A217DE7EB681B68A4
:1053B0005A78632A00F00E813378662B00F033812F
:1053C000642B40F027817378692B40F02381B378F8
:1053D000002B40F01F812046FFF7A8FB07463378DB
:1053E000632B40F0B48072786C2A40F0B080B278C1
:1053F000002A40F0AC804521204600F031F90246F9
:10540000134639213A462046FEF7E8F92A46034674
:10541000382149E72046FFF7ADFE034696E7752B96
:105420007FF417AF0132C260FEF7F0FC0190204616
:10543000FFF7D8FD019A03463F2135E7931C816BA6
:10544000C360937831B1552B4AD8422B32D8303BC8
:10545000092B36D92046FEF713FE05462046FFF7F6
:1054600065FBE36819784929024600F0A5801346D8
:1054700001212A4618E70232C260FFF77BFE0023B3
:1054800002464C2110E70332C2600020C7E62046E6
:10549000FFF770FE034652E7717891427FF43FAF09
:1054A000E26811785F297FF43BAF0132E260337824
:1054B000002735E7684A433BDBB222FA03F3DB07F8
:1054C000C8D54FF0FF33A36300212046FFF7BCFD92
:1054D000E3681A78452A0546C0D10133E360BDE789
:1054E000613B192BB6D8ECE7642B06D17378582BA7
:1054F00003D1B378002B3FF43BAF3378662B00F039
:1055000097806E2B7FF4C0AE7378772B02D0612B1F
:105510007FF4BAAE5F21204600F0A2F8064620468E
:10552000FEF7AEFDE3681A78452A074600F0908042
:10553000702A00F08180692A7FF4A6AE5B786C2B1C
:105540007FF4A2AE2046FFF715FE03461FE7642B4B
:1055500053D17278742A50D1B278002A4DD1E368C1
:105560001A78672A5BD0732A02D15B78722B4CD0F1
:105570002046FFF7DBFAE3681978492902467FF4F1
:105580003FAF0133E36020460192FFF72BFD019A04
:10559000034604212046FEF721F9024630E7E3687E
:1055A0001A785F2A7FF436AF0133E3604521204645
:1055B00000F056F80346C9E60133E3602046019245
:1055C000FFF710FD019A034604212046FEF706F975
:1055D00002464CE71B78732B0AD0633BDBB20F2BE0
:1055E0003FF6EAAE1D4A52F82330002B3FF4E4AEFA
:1055F0002046FEF745FD0746F1E6702B05D173788E
:10560000742B02D1B378002BA9D02046FFF7B2FD4E
:105610000246F5E62046FFF7ADFD0746DFE65B787C
:10562000732BA5D1F1E72046FFF7FCF90746D6E634
:105630002046FFF7F7F99EE65A78692A7FF424AEF0
:105640000233E3604521204600F00AF803469EE657
:105650000133E36000239AE601020400042C0020D9
:105660002DE9F041C2680E46117882B00023B142A4
:105670000446019324D0D0F8308001AD012709E021
:10568000FEF7ACF8286000F1100578B1E3681A78ED
:10569000B2420FD027632046FFF76CFD024600237D
:1056A0002E212046C4F83080002AE9D1002002B023
:1056B000BDE8F08101980133E36002B0BDE8F081FC
:1056C0000132C2602E211A4602B0BDE8F041FEF759
:1056D00085B800BF2DE9F04F0F46C168B2F100094F
:1056E00083B00A78044615BF4FF01E0A4FF01B0A1C
:1056F0004FF01D084FF01A0814BF1C2619263D460E
:105700004FF0010B1BE0562A33D04B2A37D04B7891
:1057100053B38B1CE3604B78782B4FD06F2B34D175
:10572000E36A0933E3625021002300222046FEF79A
:1057300055F82860C0B1E1680A7800F10C05084608
:10574000FEF724FA00283FD04B1C722AE360DAD11E
:10575000E36A0933E3623146002300222046FEF764
:105760003DF828600028E6D10025284603B0BDE8B2
:10577000F08FE36A0933E36241460023D5E7E36A29
:105780000633E36251460023CFE74F2B38D1E36A5B
:105790000933E3622046236BC4F830B00193FFF76E
:1057A000E9FC019B236303460028DDD0E268117801
:1057B0004529D9D10132E2605021B6E7E36A1133BD
:1057C000E3624E210023B0E7B9F1000FCDD1462AA4
:1057D000CBD1BD42C9D01D201E211C2204E0192BB3
:1057E0000CD00C37BD42C0D03F683B781A2B03D099
:1057F0001B2BF4D13970F4E73870F2E73A70F0E718
:10580000772BB1D1E36A0633E3622046FFF770F8E5
:1058100003460028A8D0E26811784529A4D10132B6
:10582000E260512181E700BF2DE9F041C16AC36800
:1058300001F11402C2621A78542A82B0044675D06B
:10584000472A28D15A1CC2605A7822B39A1CC260D7
:105850005A78562A23D8402A1DD9413A152A1AD8EF
:10586000DFE812F01D0119001900190019001900D4
:105870001900190019001900190019001900190060
:10588000190019001900FF001900E9001900DE00D5
:10589000E3680233E360002002B0BDE8F081722AC1
:1058A000F9D1FEF713F80128F5DDE3681A78002A2C
:1058B000F1D05E1CE6601B785F2BECD10022451E08
:1058C00017464FF042083378002BE4D0242B40F0E9
:1058D0009F817378532B00F0BF815F2B00F0BA815A
:1058E000242BD8D11946D4E905039842D0DA266989
:1058F00000EB800C06EB8C030130C3E9017760619B
:1059000006F82C80E668D960023D0236E660002A7F
:1059100000F09E8141212046FDF760FF02460028ED
:10592000B9D0002DCFDC002340217EE05A1CC2609C
:105930005A78002AAFD09A1CC2605B78413B352B65
:10594000A9D801A252F823F027360200AF33020093
:10595000F3350200AF330200AF33020033360200EA
:10596000AF330200973602001137020005370200FC
:10597000AF330200AF330200AF330200AF33020097
:10598000AF330200AF330200AF330200AF33020087
:105990001D370200A3360200AF330200B336020007
:1059A000C3360200AF330200AF330200AF33020050
:1059B000AF330200AF330200AF330200AF33020057
:1059C000AF330200AF330200AF330200AF33020047
:1059D000CF360200AF330200AF330200AF33020014
:1059E000AF3302003F360200AF330200AF33020094
:1059F000AF330200AF330200AF330200AF33020017
:105A0000AF330200AF330200AF330200AF33020006
:105A1000AF330200AF330200AF3302006B36020037
:105A200000F03CF9002302461321204602B0BDE8F5
:105A3000F041FDF7D3BE9A78002A00F00F81DA1CFE
:105A4000C2609A78DB786E2A3AD0472B02D0542B6A
:105A500040F004812046FFF7E7FE024600234A217A
:105A6000E3E700F01BF9D4E905139942024680F2FE
:105A7000FF800190206901EB810600EB8605002381
:105A8000C5E9013301314323616100F82630204626
:105A9000FDF71CFF019AE8602B461621C5E79B78AD
:105AA000472B01D0542B06D12046FFF7BDFE0246FE
:105AB00000231721B9E7002100F03EFA0246F7E77C
:105AC000472B00F0E180542B00F0DE80002100F035
:105AD00033FA024600234B21A7E7FEF7D1FA054629
:105AE0002046FDF7F3FE0028FFF6D5AEE3681A78EE
:105AF0005F2A7FF4D0AE0133E3602046FEF7C0FAA0
:105B0000E16A0531E16202462B460B218DE7FFF782
:105B10003DFA00230246302187E7FEF7B1FA002361
:105B200002460E2181E76821FDF70AFF00283FF4B5
:105B3000B2AEE3681B78472B00F0A180542B00F035
:105B40009E800021204600F0F7F9024600230F2135
:105B50006BE77621FDF7F4FE00283FF49CAEE36886
:105B60001B78472B00F08680542B00F083800021A7
:105B7000204600F0E1F902460023102155E700F02D
:105B80008DF80023024614214FE70A31C162FEF767
:105B900077FA002302460A2147E70F31C162FEF778
:105BA0006FFA0023024609213FE700F077F800234F
:105BB0000246152139E70021FDF7C2FE00283FF417
:105BC0006AAE00212046FDF7BBFE00283FF463AE1D
:105BD000E3681B78472B5CD0542B5AD00021204619
:105BE00000F0AAF90246002311211EE7FEF748FA49
:105BF00000230246122118E7FEF742FA002302466C
:105C00000C2112E7FEF73CFA002302460D210CE7B7
:105C1000B446002104E01CF8013F23B1242B02D03C
:105C20000131A942F7DBD4E9053083421CDA20694F
:105C300003EB830C0133636100EB8C03C3E9017751
:105C400000F82C70C3E90361E6686D1A0E445DE646
:105C50001A4666E62E2146E62F2144E6002120461C
:105C600000F06AF90246F9E6E3680B44E36012E6E5
:105C7000002511E72046FFF7D7FD02467CE72046C6
:105C8000FFF7D2FD024661E72046FFF7CDFD024651
:105C900020E72046FFF7C8FD0246A4E7F0B5C2683A
:105CA00013784E3B83B004460C2B08D8DFE803F092
:105CB0003107070707170712070707075500FEF701
:105CC00035FFE3681A78492A054600F0D280284655
:105CD00003B0F0BD03B0BDE8F040FEF727BF537836
:105CE000742B00F08E800021FEF700F9E3681A782B
:105CF000492A0546EBD10133E3602046FFF772F9EC
:105D000003462A460421204603B0BDE8F040FDF7D3
:105D100065BD0132C26001A90122FFF7DBFC054627
:105D2000002800F0B78000212046FDF72DFE01215C
:105D300006462046FFF788F92860002800F0AA8070
:105D400016B1019BF3600196E3681A78452A40F08A
:105D5000A1800133019DE360B9E7531CC360537810
:105D6000472B02D0542B40F099802046FFF75CFD72
:105D70000546002D00F08E80E3681A78452A40F031
:105D800089805A1CE2605A78732A00F0AD80642A38
:105D900000F089802046FFF781FF034628B3027890
:105DA000472A22D0492A20D01F464FF0FF362046EE
:105DB000FDF77EFE00286DD0731C08BF3B4614D053
:105DC000D4E905239A4280F2B080216902EB820077
:105DD00001EB800301324FF0000CC3E901CC62619A
:105DE000482201F82020C3E903762A78032A05D146
:105DF0002A691178292904BF0021D1602A4602218D
:105E000081E7D0E9053102328B42C26080F288809E
:105E1000026903EB8305A9000133436102EB8505A9
:105E20000023C5E901335354414A0323C5E9032341
:105E30002046FEF77BFE2A46034601212046FDF759
:105E4000CDFCE26AE3680332E2621A78492A054629
:105E50007FF43DAFF0B1D4E908218A421ADAE16952
:105E600041F82200013222621A78493A012A0FD8F9
:105E700041E778B1D4E908218A420BDAE16941F8B7
:105E80002200013222621A78493A012A7FF633AFA2
:105E9000002336E70025284603B0F0BD002100F0BE
:105EA0004BF8054665E79A1CE2609A785F2A39D07C
:105EB0006E2AEFD02046FDF709FD461CEAD4E368C0
:105EC0001A785F2AE6D10133E3602046FFF7E6FE49
:105ED000074600283FF474AF3B78472B3FF470AF80
:105EE000492B3FF46DAF62E70233E3602046FDF7D4
:105EF000DFFD0028CED0D4E905239A4215DA2169C6
:105F000002EB820398000132626101EB83030022FD
:105F1000C3E901220A5407490E22C3E9031264E7C8
:105F2000002585E703330026CEE700235DE700BFA9
:105F3000B88A0020A88A002070B505460E46FFF7F3
:105F4000ADFE00B304460EB3AB68DB071ED4237866
:105F50004E2BA3F11C01A3F150023AD037D80429EB
:105F600037D9022B10D123696BB11A784E2AA2F1CE
:105F70001C00A2F1500102D03DD8042804D8DB68EF
:105F80002361002BF1D10024204670BDEB681B7803
:105F9000002BF9D0452BF7D021460B78042B2DD0C0
:105FA0001ED8022B1AD109690029F6D12846FEF71E
:105FB000DFFC0028E7D016B92378022B32D0034645
:105FC000224628460321BDE87040FDF707BC012AA0
:105FD000DAD8E468BBE71C3B042B08D90021E5E7CD
:105FE0004E2BA3F1500202D0F5D9012AF6D8C96888
:105FF0000029D2D1DAE70129C6D8C0E7CB685BB166
:106000001978082901F1FF3208D80629E6D8012AB3
:1060100002D81B69002BF3D10121C7E7353918BF1E
:106020000121C3E70378292B08BFC660C7E700BF7B
:106030002DE9F04F044695B0002A66D0D0F81851EB
:10604000002D65D117781646512F5ED8DFE817F07E
:106050005C091B011B01EE049808DE024A0497004C
:106060008B00F908D208A603B80191016A0147071D
:106070002007F906E307BC0795076E077F03230493
:10608000F8039900990099006300630063006300BE
:10609000630063006300C500C500630063008709F7
:1060A0008300C8048D06AF006B06AF00E600E60073
:1060B000580334030A0331085D000A0863064606E4
:1060C000EB055D0020095D005D002A012A015504F1
:1060D0005E085808BA0478044F05C4059D05760586
:1060E0005D00A4027D0256020A02DF016300CD03B7
:1060F00063006300D4F824110029C1F22584FDF760
:10610000FBFC0246002841F01F840123C4F818312B
:1061100015B0BDE8F08F0022D4F814310493D4F800
:106120001031079304ABC4F814310023059606938D
:10613000002A01F0E6871121204601F0F3FF069BBB
:10614000002B01F0E982049BC4F81431002DDFD04C
:10615000C4F81081DCE7F2681121204615B0BDE8D3
:10616000F04F01F0DFBFD0F80011FF2901F05F858B
:106170004A1C7E23C4F80021635484F80431326938
:10618000EAE7D0F814C1BCF1000F0ED0634699685D
:1061900041B95A681278A2F11900022801F2EF847D
:1061A0009742D8D01B68002BF1D1F2682BE0D0E9E0
:1061B000443104AAC0F814210022CDE90416069245
:1061C00011213269079301F0ADFF069B002B01F00E
:1061D000C384049BC4F814319AE7D268D0F82051E4
:1061E0001378002D41F07083052B01F0D285104605
:1061F000232B01F0D8829F4201F0D582242B01F09D
:106200000A86D4F814C1D4F81031079304ABC4F84B
:1062100014310023CDE904C606938CE7D26812B18D
:10622000112101F07FFF3369002B3FF471AFD4F8E7
:106230000051FD2D01F2A784DFF884832C2708F19B
:10624000010A4FF0000929460BE00B460131D04509
:10625000C4F80011E75484F8047101F0648218F85E
:10626000017FFF29F1D1D4F80831D4F80C2184F84A
:10627000FF9020469847D4F828310133C4F82831DC
:1062800001210023E3E7D268112101F04BFFC74948
:106290002046FDF71BFD37693B78482B01F08B80CA
:1062A0003A4659E7D2681378272B41F05A83D368CE
:1062B0001D7C062D01F27D82002D41F01C85D4F855
:1062C0000011FF2901F0F0844B1CC4F80031282391
:1062D00063542046112184F8043101F023FFD4F8DF
:1062E0000011FF2901F0F7844B1CC4F80031292369
:1062F000635484F8043133783E2B01F0E684082D92
:106300007FF43DAF5B212046FDF758FC1121326937
:10631000204601F007FF5D21204615B0BDE8F04F93
:10632000FDF74CBCA24FD0F8001107F10F097425FE
:106330004FF000080BE00B4601314F45C4F8001147
:10634000E55484F804513FF406AF17F8015FFF29C4
:10635000F1D1D4F80831D4F80C2184F8FF8020461C
:106360009847D4F828310133C4F82831012100239B
:10637000E3E7904FD0F8001107F1110974254FF0B1
:1063800000080BE00B460131B945C4F80011E55493
:1063900084F804513FF4DFAE17F8015FFF29F1D113
:1063A000D4F80831D4F80C2184F8FF8020469847AF
:1063B000D4F828310133C4F8283101210023E3E760
:1063C0007D4FD0F8001107F10C0974254FF000083B
:1063D0000BE00B4601314F45C4F80011E55484F839
:1063E00004513FF4B8AE17F8015FFF29F1D1D4F89A
:1063F0000831D4F80C2184F8FF8020469847D4F85F
:1064000028310133C4F8283101210023E3E76B4F21
:10641000D268112101F086FE07F10409D4F80011B9
:106420005B254FF000080BE00B460131B945C4F87D
:106430000011E55484F8045100F0F38717F8015F68
:10644000FF29F1D1D4F80831D4F80C2184F8FF8069
:1064500020469847D4F828310133C4F82831012167
:106460000023E3E7D2F80CA05146FDF7E5FB4FF01F
:10647000000810B901F020BDC84603782F2B08F1A1
:10648000010941F08781C368002B01F08381006915
:106490000028F1D103E001354D45BFF639AEC4F80F
:1064A000245152461121204601F03CFEA845F2DD60
:1064B000434FD4F8001107F1010B2C260AE00B46DC
:1064C0000131BB45C4F80011E65484F80461E2D000
:1064D00017F8016FFF29F2D14FF00002D4F808310C
:1064E00084F8FF202046D4F80C219847D4F82831AE
:1064F0000133C4F8283101210023E2E7314FD0F8FD
:10650000001107F119096E254FF000080BE00B464A
:106510000131B945C4F80011E55484F804513FF441
:106520001AAE17F8015FFF29F1D1D4F80831D4F879
:106530000C2184F8FF8020469847D4F82831013395
:10654000C4F8283101210023E3E71F4FD0F80011E0
:1065500007F1150974254FF000080BE00B460131D7
:10656000B945C4F80011E55484F804513FF4F3AD83
:1065700017F8015FFF29F1D1D4F80831D4F80C21C4
:1065800084F8FF8020469847D4F828310133C4F8B6
:10659000283101210023E3E70C4FD0F8001107F167
:1065A0000D097B254FF000081EE000BFC48A0020C3
:1065B000648B0020508B0020408B0020BC8A002080
:1065C000648C0020308C0020348C00202C8D002026
:1065D0000B4601314F45C4F80011E55484F80451CD
:1065E00000F0398717F8015FFF29F1D1D4F808319D
:1065F000D4F80C2184F8FF8020469847D4F828313D
:106600000133C4F8283101210023E3E7D0F8203119
:10661000002B01F08E81D34FD0F8001107F104094F
:1066200061254FF000080BE00B460131B945C4F875
:106630000011E55484F8045101F04A8117F8015F14
:10664000FF29F1D1D4F80831D4F80C2184F8FF8067
:1066500020469847D4F828310133C4F82831012165
:106660000023E3E7D768C04ED7F80880D0F80011C0
:1066700006F1070A6F254FF000090BE00B460131C8
:10668000B245C4F80011E55484F8045100F026879F
:1066900016F8015FFF29F1D1D4F80831D4F80C21A4
:1066A00084F8FF9020469847D4F828310133C4F885
:1066B000283101210023E3E7D2E9032512B111219A
:1066C00001F030FDD4F80011FF2901F06D824A1C61
:1066D0007B23C4F80021204663542A46112184F804
:1066E000043101F01FFDD4F80011FF2900F0E68607
:1066F0004A1C7D23C4F80021635484F8043107E563
:106700009A4FD0F8001107F11D0974254FF00008C9
:106710000BE00B460131B945C4F80011E55484F88B
:1067200004513FF418AD17F8015FFF29F1D1D4F8F7
:106730000831D4F80C2184F8FF8020469847D4F81B
:1067400028310133C4F8283101210023E3E7884FC1
:10675000D0F8001107F1140972254FF000080BE082
:106760000B460131B945C4F80011E55484F80451D1
:1067700000F0F48617F8015FFF29F1D1D4F8083151
:10678000D4F80C2184F8FF8020469847D4F82831AB
:106790000133C4F8283101210023E3E7754FD0F815
:1067A000001107F1170963254FF000080BE00B46B5
:1067B00001314F45C4F80011E55484F8045100F04C
:1067C0007C8717F8015FFF29F1D1D4F80831D4F89C
:1067D0000C2184F8FF8020469847D4F828310133F3
:1067E000C4F8283101210023E3E7634FD268112167
:1067F00001F098FC07F10709D4F8001120254FF0AB
:1068000000080BE00B460131B945C4F80011E5540E
:1068100084F8045100F0058617F8015FFF29F1D1D3
:10682000D4F80831D4F80C2184F8FF80204698472A
:10683000D4F828310133C4F8283101210023E3E7DB
:10684000D2E90353002B3FF463AC2B44D0F8001182
:10685000013D5F1E4FF0000809E00B460131AF42D9
:10686000C4F80011E65484F804613FF451ACFF29E8
:1068700015F8016FF1D1D4F80831D4F80C2184F85F
:10688000FF8020469847D4F828310133C4F82831D6
:1068900001210023E3E7394FD0F8001107F1100977
:1068A00068254FF000080BE00B460131B945C4F8EC
:1068B0000011E55484F804513FF44DAC17F8015F22
:1068C000FF29F1D1D4F80831D4F80C2184F8FF80E5
:1068D00020469847D4F828310133C4F828310121E3
:1068E0000023E3E7D568002D40F0A1872449204626
:1068F00015B0BDE8F04FFDF7E9B91121D26801F0FC
:1069000011FCD4F80011FF2901F06E814A1C2823E4
:10691000C4F80021635484F80431326911212046FF
:1069200001F000FCD4F80011FF2901F02C804A1C72
:106930002923C4F80021635484F80431FFF7E8BB2D
:10694000D268104904A808F007FD04A80DF06CFEF9
:1069500000283FF4DDAB04ADD4F800112F184FF040
:1069600000081BE0DC8A0020688C0020E48A0020FC
:10697000048C00201C8B00203C8D00201C8C0020EF
:10698000CC8C00200C6F00200B460131AF42C4F8C4
:106990000011E65484F804613FF4BAABFF2915F8FE
:1069A000016BF1D1D4F80831D4F80C2184F8FF80C0
:1069B00020469847D4F828310133C4F82831012102
:1069C0000023E3E7D0F80011157BFF2901F01E81B9
:1069D0004B1CC4F80031655484F80451FFF798BB90
:1069E000D268CAB1D0F8141104ABC0F81431002336
:1069F000CDE9041606931121D0F81031079301F068
:106A000091FB069B049AC4F81421002B7FF480AB01
:106A100020212046FDF7D2F8D4F814313246112156
:106A2000204615B0BDE8F04F01F0C6BED768D0F8DB
:106A300014910022C0F81421002F3FF466AB0DF131
:106A40001008D0F810C1434611469646C3E9002706
:106A5000C3E902EC3A784E2A9A46A2F11C0BA2F145
:106A6000500001F1010500F0888600F2ED84BBF1D1
:106A7000040F40F28286022AC4F8143114D13F690F
:106A80003A78482A01F0508208EB01114FF0000AD1
:106A90004E2AA2F15003A2F11C0000F0878700F2F9
:106AA0008287042840F28287042A04D1CDE902C7F4
:106AB00002ABC4F8103132691121204601F032FBDB
:106AC0003B78042B02D1029BC4F8103108EB051867
:106AD000202758F8086C013D002E00F03B86A8F1F5
:106AE0001008002DF5D1C4F81491FFF711BBAB4F7E
:106AF000D0F8001107F1090964254FF000080BE0F8
:106B00000B4601314F45C4F80011E55484F8045197
:106B100000F0FF8517F8015FFF29F1D1D4F80831A3
:106B2000D4F80C2184F8FF8020469847D4F8283107
:106B30000133C4F8283101210023E3E7984FD0F84E
:106B4000001107F107097B254FF000080BE00B4609
:106B500001314F45C4F80011E55484F8045100F0A8
:106B6000468517F8015FFF29F1D1D4F80831D4F830
:106B70000C2184F8FF8020469847D4F8283101334F
:106B8000C4F8283101210023E3E7864FD0F8001133
:106B900007F11B0967254FF000080BE00B46013198
:106BA000B945C4F80011E55484F804513FF4D3AA60
:106BB00017F8015FFF29F1D1D4F80831D4F80C217E
:106BC00084F8FF8020469847D4F828310133C4F870
:106BD000283101210023E3E7734FD0F8001107F1BA
:106BE0001C0967254FF000080BE00B460131B94541
:106BF000C4F80011E55484F804513FF4ACAA17F826
:106C0000015FFF29F1D1D4F80831D4F80C2184F8C0
:106C1000FF8020469847D4F828310133C4F8283142
:106C200001210023E3E713691B78392B7FF46DAA58
:106C3000D268D3681B685978632901F08180324695
:106C40001121204602F016FB00287FF461AA32468B
:106C50001121204602F038FC00287FF459AAF3687D
:106C60001A78322A01F0DD81DB68504918680BF090
:106C7000EFFB336920B9DA681178032901F000824B
:106C8000DA681121204602F087FAF5684849EB6876
:106C90001F6838460BF0DCFB002801F0E181434916
:106CA00038460BF0D5FB002841F0F88133691121FB
:106CB0001A69204602F070FAF3681A78322A7FF4D3
:106CC00027AADB689A68012A7FF422AA5B681B78EE
:106CD0003E2B7FF41DAA2921FFF71EBBD2E90375C5
:106CE0003B78322B00F0B186342B41F00D82282105
:106CF000FCF764FF20461121FA6801F013FA2921FC
:106D00002046FCF75BFF2A461121204615B0BDE85E
:106D1000F04F02F041BAD2681121204615B0BDE80B
:106D2000F04F02F03DB8B2F91230002B40F01B8753
:106D3000F268204BD16899420FD01121204601F012
:106D4000F1F9D4F80011FF2901F0BE8020234A1C7C
:106D5000C4F80021635484F80431B6F91080B8F106
:106D6000000F00F040851449C1E5D0F814C1D0F8F7
:106D7000103107930DF110080023E146CDF810C043
:106D8000C0F8148105920693BCF1000F01F03D811B
:106D900001276546BE469446464628E0BC8C002046
:106DA0001C8D0020FC8C0020DC8C0020848C0020BA
:106DB000888C0020E4830020548C0020AB68A3B9A9
:106DC000032F3FF6A2A914AB03EB071B95E80F00B6
:106DD000ABF1400A8AE80F004BF8406C08EB07164D
:106DE000C4F814610137C5F808E02D6825B16B6857
:106DF0001B78193B022BE1D9DCF810201121204629
:106E0000664601F08FF9069BC4F81491002B7FF4BD
:106E10007FA9012F0CD008EB071858F80C2C013F64
:106E20001121204601F0ACF9012FA8F11008F4D18E
:106E3000D4F8143132461121204601F0CDFEFFF77F
:106E400067B9C64FD0F8001107F1190963254FF053
:106E500000080BE00B460131B945C4F80011E554B8
:106E600084F804513FF477A917F8015FFF29F1D1A5
:106E7000D4F80831D4F80C2184F8FF8020469847D4
:106E8000D4F828310133C4F8283101210023E3E785
:106E9000B34FD0F8001107F1100976254FF0000824
:106EA0000BE00B460131B945C4F80011E55484F8F4
:106EB00004513FF450A917F8015FFF29F1D1D4F82C
:106EC0000831D4F80C2184F8FF8020469847D4F884
:106ED00028310133C4F8283101210023E3E7A14F11
:106EE000D0F8001107F114096E254FF000080BE0EF
:106EF0000B460131B945C4F80011E55484F804513A
:106F00003FF429A917F8015FFF29F1D1D4F808311E
:106F1000D4F80C2184F8FF8020469847D4F8283113
:106F20000133C4F8283101210023E3E78E4FD0F864
:106F3000001107F1180954254FF000080BE00B462B
:106F40000131B945C4F80011E55484F804513FF407
:106F500002A917F8015FFF29F1D1D4F80831D4F85C
:106F60000C2184F8FF8020469847D4F8283101335B
:106F7000C4F8283101210023E3E77C4FD0F8001149
:106F800007F1150954254FF000080BE00B460131BD
:106F9000B945C4F80011E55484F804513FF4DBA866
:106FA00017F8015FFF29F1D1D4F80831D4F80C218A
:106FB00084F8FF8020469847D4F828310133C4F87C
:106FC000283101210023E3E7694FD0F8001107F1D0
:106FD000120967254FF000080BE00B460131B94557
:106FE000C4F80011E55484F804513FF4B4A817F82C
:106FF000015FFF29F1D1D4F80831D4F80C2184F8CD
:10700000FF8020469847D4F828310133C4F828314E
:1070100001210023E3E7574FD0F8001107F10E09D3
:107020006A254FF000080BE00B460131B945C4F862
:107030000011E55484F804513FF48DA817F8015F5E
:10704000FF29F1D1D4F80831D4F80C2184F8FF805D
:1070500020469847D4F828310133C4F8283101215B
:107060000023E3E7444FD0F8001107F108096F252A
:107070004FF000080BE00B460131B945C4F8001190
:10708000E55484F8045100F0958217F8015FFF2958
:10709000F1D1D4F80831D4F80C2184F8FF802046CF
:1070A0009847D4F828310133C4F82831012100234E
:1070B000E3E7314FD0F8001107F108096F254FF0D1
:1070C00000080BE00B460131B945C4F80011E55446
:1070D00084F804513FF453A817F8015FFF29F1D158
:1070E000D4F80831D4F80C2184F8FF802046984762
:1070F000D4F828310133C4F8283101210023E3E713
:10710000D268112101F00EF8FFF739B81B4FD0F803
:10711000001107F10D096A254FF000080BE00B463E
:107120000131B945C4F80011E55484F804513FF425
:1071300012A817F8015FFF29F1D1D4F80831D4F86B
:107140000C2184F8FF8020469847D4F82831013379
:10715000C4F8283101210023E3E700BF908B002011
:107160007C8B0020788B0020E88B0020D08B0020C7
:10717000BC8B0020AC8B0020748C0020AC8C0020D9
:107180000023D0F81481D0F84871C4F848211121A7
:10719000C0F81431D26800F0C5FF94F804313C2BDC
:1071A00000F07C85D4F80011FF2900F067854B1CA6
:1071B000C4F800313C23635484F80431326911214E
:1071C000204600F0AFFF94F804313E2B00F05085CC
:1071D000D4F80011FF2900F03B854B1CC4F80031A6
:1071E0003E23635484F80431C4F81481C4F8487110
:1071F000FEF78EBFC44FD0F8001107F107095625DE
:107200004FF000080BE00B4601314F45C4F8001168
:10721000E55484F804513EF49EAF17F8015FFF294E
:10722000F1D1D4F80831D4F80C2184F8FF8020463D
:107230009847D4F828310133C4F8283101210023BC
:10724000E3E7B24FD0F8001107F10A0976254FF0B5
:1072500000080BE00B460131B945C4F80011E554B4
:1072600084F804513EF477AF17F8015FFF29F1D19C
:10727000D4F80831D4F80C2184F8FF8020469847D0
:10728000D4F828310133C4F8283101210023E3E781
:1072900013691A783B2A7EF438AF1B691B783C2BA4
:1072A0007EF433AF3246112101F0E4FF00287EF472
:1072B0002FAF32461121204602F006F900287EF455
:1072C00027AFD6E90383D3E90363D8F80C209049AC
:1072D0001068D3E903750BF0BBF8002840F0E58691
:1072E00032462046112101F057FF42462046112127
:1072F00001F056FD20463A46112101F04DFF854927
:107300002046FCF7E3FCFEE4D2E90353002B3EF4F5
:10731000FFAE2B44D0F80011013D5F1E4FF0000876
:1073200009E00B460131AF42C4F80011E65484F87D
:1073300004613EF4EDAEFF2915F8016FF1D1D4F8E8
:107340000831D4F80C2184F8FF8020469847D4F8FF
:1073500028310133C4F8283101210023E3E7D26842
:10736000D2E90053002B3EF4D3AE2B44D0F80011E9
:10737000013D5F1E4FF0000809E00B460131AF42AE
:10738000C4F80011E65484F804613EF4C1AEFF294C
:1073900015F8016FF1D1D4F80831D4F80C2184F834
:1073A000FF8020469847D4F828310133C4F82831AB
:1073B00001210023E3E758492046FCF787FC3A699E
:1073C0005649013204A807F0C7FF04A80DF02CF9B4
:1073D000002800F0FB8304ADD4F8001105EB000990
:1073E0004FF0000809E00B460131A945C4F800112F
:1073F000E65484F8046100F0E983FF2915F8016B75
:10740000F1D1D4F80831D4F80C2184F8FF8020465B
:107410009847D4F828310133C4F8283101210023DA
:10742000E3E711213269204600F07CFED4F8001118
:10743000FF2900F099824A1C5D23C4F8002163549F
:1074400084F80431FEF764BE012840F29681C4F846
:107450001431FFF730BBF2683049013204A807F05D
:107460007BFF04A80DF0E0F818B304ADD4F80011C8
:107470002F184FF0000808E00B460131AF42C4F866
:107480000011E65484F8046115D0FF2915F8016B4A
:10749000F2D1D4F80831D4F80C2184F8FF802046CA
:1074A0009847D4F828310133C4F82831012100234A
:1074B000E4E7D4F80011FF297FF41AA90025D4E9E4
:1074C000423284F8FF5020469847D4F828310122F0
:1074D0001344C4F828312946FFF70BB97D682B788F
:1074E000613B192B40F22D8308F1FF37EB5D202B18
:1074F00018BF4746002F3EF40BAE013DD4F80011F3
:107500002F444FF0000815E0108B0020048B002062
:107510008C8C0020908C0020C88A00200C6F0020EA
:107520000B460131AF42C4F80011E65484F80461FF
:107530003EF4EEADFF2915F8016FF1D1D4F8083112
:10754000D4F80C2184F8FF8020469847D4F82831DD
:107550000133C4F8283101210023E3E7CC4F32691D
:107560001121204600F0DEFD07F10409D4F80011D6
:1075700020254FF000080BE00B460131B945C4F857
:107580000011E55484F804513EF4E5AD17F8015FAD
:10759000FF29F1D1D4F80831D4F80C2184F8FF8008
:1075A00020469847D4F828310133C4F82831012106
:1075B0000023E3E7D4F8483133B1D4F81011049133
:1075C00004AAC4F810210593F2681378042B00F084
:1075D00007821121204600F0A5FDD4F84831002B88
:1075E0003EF496AD049BC4F81031FEF791BDD4F87B
:1075F0002031F268A74F0133C4F820311121204611
:1076000000F090FDD4F82031D4F80011013BC4F80B
:10761000203107F1010929254FF000080AE00B4647
:1076200001314F45C4F80011E55484F8045113D0DA
:1076300017F8015FFF29F2D1D4F80831D4F80C21F2
:1076400084F8FF8020469847D4F828310133C4F8E5
:10765000283101210023E4E732698F49013204A86F
:1076600007F07AFE04A80CF0DFFF00283FF421AFFA
:1076700004ADD4F800112F184FF0000809E00B46B4
:107680000131BD42C4F80011E65484F804613FF4AE
:1076900012AFFF2915F8016BF1D1D4F80831D4F8F5
:1076A0000C2184F8FF8020469847D4F82831013314
:1076B000C4F8283101210023E3E7784FF268112153
:1076C000204600F02FFD07F10309D4F800112D2505
:1076D0004FF000080BE00B460131B945C4F800112A
:1076E000E55484F804513EF44AAD17F8015FFF29D0
:1076F000F1D1D4F80831D4F80C2184F8FF80204669
:107700009847D4F828310133C4F8283101210023E7
:10771000E3E7F268FFF702B932461121204600F094
:107720002FFDFEF710BD3269D4F828610D462046C2
:10773000112100F0F7FCD4F82831B3427EF4E8AC14
:10774000D4F800319D427EF4E3AC023DC4F8005110
:10775000FEF7DEBCD4F80011FF2900F05F834B1C5C
:10776000C4F8003158F80C2C6754204684F8047192
:10777000112100F005FDFFF7B2B9FF685246002F56
:1077800000F0AC84042D03F1100300F0F1812946D0
:10779000FFF75CB9B8F1000F3EF4BAACC14608F18E
:1077A000FF38FEF77CBED4F814C1C2680646FEF767
:1077B0002ABD072D7EF483AD3369197800297EF444
:1077C0007EAD196901297EF47AAD3D2F7EF477AD47
:1077D000DB681B78302B00F09D84312B7EF46FAD7D
:1077E0002F49FFF784B82F4ED4F80011771D5F257D
:1077F0000BE00B460131B742C4F80011E55484F8A0
:1078000004513EF485AC16F8015FFF29F1D1D4F89C
:107810000831D4F80C2184F8FF8020469847D4F82A
:1078200028310133C4F8283101210023E3E71E4940
:10783000FCF74CFA18492A4604A807F08DFD04A865
:107840000CF0F2FE90B304ADD4F800112F184FF0F5
:10785000000808E00B460131BD42C4F80011E654AF
:1078600084F8046124D0FF2915F8016BF2D1D4F813
:107870000831D4F80C2184F8FF8020469847D4F8CA
:1078800028310133C4F8283101210023E4E700BF87
:10789000FC8B0020288D00200C6F0020388B0020EE
:1078A000A48C00205C8C0020D48C0020D4F8001123
:1078B000FF2900F0F3827D234A1CC4F800216354A1
:1078C00084F80431FEF724BC10460025FEF790BC76
:1078D000F268C249013204A807F03EFD04A80CF08A
:1078E000A3FE00283EF414AC04ADD4F800112F1808
:1078F0004FF0000809E00B460131BD42C4F8001109
:10790000E65484F804613EF403ACFF2915F8016BDA
:10791000F1D1D4F80831D4F80C2184F8FF80204646
:107920009847D4F828310133C4F8283101210023C5
:10793000E3E71146FCF764F9024600283EF4E5ABA4
:1079400003782F2B3EF4D6ABD4F810512B68C4F833
:1079500010311121204600F0E5FBC4F81051FEF76C
:10796000D7BB0025FEF7ABBC0025D4E9423284F832
:10797000FF5020469847D4F8283101221344C4F818
:107980002831294658E50025D4E9423284F8FF50D1
:1079900020469847D4F8283101221344C4F82831EE
:1079A0002946FEF7C5BF012B3FF685A8042D3EF4FE
:1079B000ACAB8E4601F1100B0FC98BE80F00CEE97E
:1079C000017AFF68CEF810E00135CEF80CC05946B8
:1079D000C4F814B1002F3EF498AB3A78FFF758B8CA
:1079E000D2681121204600F09DFBD4F8483113B134
:1079F000049BC4F8103194F804313C2B00F0BE8293
:107A0000D4F80011FF2900F0A9824A1C3C23C4F8D5
:107A10000021635484F80431F36811211A69204667
:107A200000F080FB94F804313E2B00F09282D4F8F1
:107A30000011FF2900F07F823E234A1CC4F8002178
:107A4000635484F80431FEF763BBFB681E68337827
:107A5000612B40F092807278642A40F08E80B27878
:107A6000002A40F08A802A78032A00F08C82392A82
:107A700000F09482732B11D172785A2A35D1B278E2
:107A80009ABB29462046FCF7D7F8FCF703F80146D5
:107A9000204615B0BDE8F04FFCF77CB93A461121FD
:107AA000204601F07DF93378672B07D17278732A6D
:107AB00004D1B27812B92A46FEF74EBB732B7FF47D
:107AC00022A97378742B7FF41EA9B378002B7FF45E
:107AD0001AA928212046FCF771F811212A462046D0
:107AE00000F020FB2921FEF717BC732BD6D1737849
:107AF000502BD3D1B378002BD0D11E4604E00136F1
:107B00002D69002D00F09A812B782F2B40F0968163
:107B1000EB68002B00F092811A784C2AEFD1D968DB
:107B20002046FCF789F8034648B1002304E0C26808
:107B30002AB10069013310B102782F2AF7D01E4410
:107B4000DEE7FF2900F0D1814B1CC4F8003120236F
:107B5000635484F80431C7E432461121204600F012
:107B60000FFBFEF736BB1E49FCF7B0F8FFF7E0B895
:107B70000123C4E945A3FEF7CBBA2A7877E7F26878
:107B80000D46FEF740BB002767552946D4E942322F
:107B900020469847D4F82831C4F800710133C4F85E
:107BA00028313D46FEF748BB0026D4F80831D4F80A
:107BB0000C2184F8FF6020469847D4F82831012230
:107BC0001344C4F828313146FEF782BD05492046EA
:107BD000FCF77CF8FF683A46FEF7BEBA0C6F00204F
:107BE0004C8C0020D88A00200025D4F80831D4F825
:107BF0000C2184F8FF5020469847D4F82831012200
:107C00001344C4F828312946FEF781BE0026D0F877
:107C10000831D0F80C2180F8FF609847D4F828216B
:107C200001231A44C4F828213146FEF7D2BE0025AC
:107C3000D0F80831D0F80C2180F8FF509847D4F8DC
:107C4000283101221344C4F828312946FEF791BA9D
:107C50000025D4E9423284F8FF5020469847D4F8F2
:107C600028310133C4F8283129460123FFF7B6BA79
:107C700020212046FBF7A2FFFFF7AABA0025D4E98E
:107C8000423284F8FF5020469847D4F82831013317
:107C9000C4F8283129460123FFF78ABA202120465B
:107CA000FBF78CFFFFF77EBA0027D4E9423284F855
:107CB000FF7020469847D4F82831F2680133C4F8A1
:107CC000283139460123FEF700BB2D212046FBF762
:107CD00075FFFEF714BB0027D4E9423284F8FF7029
:107CE00020469847D4F828310133C4F82831394662
:107CF0000123FEF7FABA33691B78002B7EF4DFAA62
:107D00003E2F00F0F681326911212046023D00F03D
:107D100009FA042D3EF6FCA9DFE805F00F0C090670
:107D20000300C849FEF7E3BDC749FEF7E0BDC749F8
:107D3000FEF7DDBD6C21FEF7EFBA7521FEF7ECBA58
:107D40001B78732B0AD0633BDBB20F2B3EF677AF69
:107D5000BF4951F82330002B3EF471AF112120466A
:107D600001F01EF83C212046FBF728FF3369112162
:107D7000DA68204600F0D6F9B6492046FBF7A6FFA0
:107D8000336911211A69204600F0CCF92921FEF748
:107D9000C3BAD0F834C1BCF1000F40F30781D0F86A
:107DA00030E12B46704604E0634500F1080000F026
:107DB000FD805EF833108A4203F10103F4D1D4F858
:107DC0002CC16346BCF1000F04D19DE05B68002B21
:107DD00000F09A801968914203D0B142F6D19C45D7
:107DE000F4D0114620460192FBF70AFF019A0028C1
:107DF0003EF48BA903782F2B7EF4FAA9D4F8241132
:107E00000029FEF6FEA9FBF777FE002800F06A8144
:107E10000378FEF7EDB9C268FEF77EB9D4F80831F1
:107E2000D4F80C2184F8FF6020469847D4F8283114
:107E30000133C4F828313146012391E486493246A2
:107E400004A807F089FA04A80CF0EEFB00283EF421
:107E50005FA904ADD4F800112F184FF0000809E015
:107E60000B460131AF42C4F80011E65484F80461B6
:107E70003EF44EA9FF2915F8016BF1D1D4F8083171
:107E8000D4F80C2184F8FF8020469847D4F8283194
:107E90000133C4F8283101210023E3E70025D4E9A8
:107EA000423284F8FF5020469847D4F828310133F5
:107EB0002946C4F82831FEE411212046524601F03B
:107EC0006BF96649FEF713BD0025D4F80831D4F8E4
:107ED0000C2184F8FF5020469847D4F8283101330C
:107EE0002946C4F82831FEF731BF0026D4E94232D2
:107EF00084F8FF6020469847D4F828317D68013324
:107F0000C4F8283131461FE64368D4F81081C4F81C
:107F10001031114620460192FBF772FE019A0028AB
:107F200000F0E380012565E7FF68002F3EF4EDA82F
:107F30003A78FEF7A9BD0025D4E9423284F8FF5013
:107F400020469847D4F8283101332946C4F828310F
:107F500072E520212046FBF731FE68E50025D4F8C4
:107F60000831D4F80C2184F8FF5020469847D4F803
:107F7000283101332946C4F8283146E5202120461E
:107F8000FBF71CFE3CE5EA68117801297FF472AD2D
:107F900029690978292908BF15466BE5EA68112186
:107FA000204601F0F9F83A46FEF7B6BED4F838316B
:107FB00063457EF7AAA8D4F83011D4F810E101EB9C
:107FC000CC030CF10100C4F83401043341F83C2027
:107FD000BEF1000F00F09280D4E95009944610E001
:107FE000D4F83C11DEF8042001EBC0010130C4F8E4
:107FF00040014A601960DEF800E00B46BEF1000F58
:108000007BD08145ECDCFEF780B81269112100F0CD
:1080100089F8069BC4F81491002B3EF409AFFEF7D3
:1080200077B8DA68916801297EF41EAE526812783A
:108030003E2A7EF419AE28212046FBF7BFFDF368E7
:10804000FEF712BEA08C002028BF00209C8C0020D0
:10805000042C0020808C00200C6F0020C88C002095
:1080600020465B21FBF7AAFD336920461A691121DE
:1080700000F058F85D212046FBF7A0FDFEF71CBE7E
:108080001369D2681B78292B1CBF0123C4F818314F
:108090001121204601F080F8FEF7F7BD2A46112194
:1080A000204600F07DFEFEF701BE1C492046FBF78E
:1080B0000DFEF36843B111212046324601F06CF801
:1080C00020212046FBF77AFD3A461121204600F098
:1080D00029F8002D7EF417AEFEF71AB8C4F8143153
:1080E000FEF713B8002D3EF410A8C4F81081FEF777
:1080F0000CB82D21FBF762FD05E6624600211960F0
:108100006FE6F268FEF717B83A46112100F048FE14
:10811000FEF7F9BD0249FEF7EABB00BF948C0020D0
:10812000D494002030B5054683B01AB35368012BB0
:1081300014461FDCD0F81C11B1F5806F1ADC013336
:1081400053600131D0F82C31C0F81C11C0F82CD18B
:108150001121CDE90023FDF76BFF6268D5F81C31D2
:108160000199C5F82C11013A013B6260C5F81C3138
:1081700003B030BD0123C5F8183103B030BD00BFD6
:108180002DE9F8431378033B154604464E2B50D88F
:10819000DFE813F01C014F004F004F004F004F006D
:1081A0004F004F004F004F004F004F004F004F0057
:1081B0004F004F004F004F004F004F004F004F0047
:1081C00055007C00A30055007C00A300EF00FC00DC
:1081D000090187022201300155017B014F004F0048
:1081E0004F004F00A1014F00D1014F004F004F0041
:1081F0004F004F004F004F004F004F004F004F0007
:108200004F004F004F004F004F004F004F004F00F6
:108210004F004F004F004F004F004F004F004F00E6
:108220004F004F004F004F004F00F8014F00340245
:10823000C8002A461121BDE8F843FFF773BFD64EA8
:10824000D0F8001106F1080720254FF000080BE0D8
:108250000B460131BE42C4F80011E55484F80451C4
:1082600000F0C68016F8015FFF29F1D1D4F808317B
:10827000D4F80C2184F8FF8020469847D4F82831A0
:108280000133C4F8283101210023E3E7C34ED0F8BD
:10829000001106F1080720254FF000080BE00B46FF
:1082A0000131B742C4F80011E55484F8045100F0DC
:1082B0009F8016F8015FFF29F1D1D4F80831D4F876
:1082C0000C2184F8FF8020469847D4F828310133E8
:1082D000C4F8283101210023E3E7B14ED0F80011A2
:1082E000771D20254FF000080AE00B460131B74208
:1082F000C4F80011E55484F8045179D016F8015FF0
:10830000FF29F2D1D4F80831D4F80C2184F8FF8089
:1083100020469847D4F828310133C4F82831012188
:108320000023E4E79F4FD0F8001107F1050920264C
:108330004FF000080BE00B460131B945C4F80011BD
:10834000E65484F8046100F07F8117F8016FFF297B
:10835000F1D1D4F80831D4F80C2184F8FF802046FC
:108360009847D4F828310133C4F82831012100237B
:10837000E3E7D0F80031FF2B00F0D0812022591C18
:10838000C0F80011C25480F8042127E0D0F8003171
:10839000FF2B00F0B481591C2022C4F80011E254D4
:1083A00084F8042128E0D0F80011FF2900F097811B
:1083B0004A1C2023C4F80021635484F804312A693C
:1083C00020461121BDE8F843FFF7ACBEEA68112151
:1083D000BDE8F843FFF7A6BED0F80011FF2900F072
:1083E000BC814A1C2623C4F80021635484F804315C
:1083F000BDE8F883D0F800116B4D26266F1C4FF0B6
:1084000000080AE00B460131BD42C4F80011E654F1
:1084100084F80461ECD015F8016FFF29F2D1D4F88B
:108420000831D4F80C2184F8FF8020469847D4F80E
:1084300028310133C4F8283101210023E4E75B4EE1
:10844000D0F8001106F1080720254FF000080AE0D7
:108450000B460131B742C4F80011E55484F80451C9
:10846000C6D016F8015FFF29F2D1D4F80831D4F84C
:108470000C2184F8FF8020469847D4F82831013336
:10848000C4F8283101210023E4E7494ED0F8001157
:1084900006F10A0720254FF000080AE00B460131DB
:1084A000B742C4F80011E55484F80451A0D016F87E
:1084B000015FFF29F2D1D4F80831D4F80C2184F8F7
:1084C000FF8020469847D4F828310133C4F828317A
:1084D00001210023E4E790F80431282B40F0D580F7
:1084E000344EEA6811212046FFF71CFEB71CD4F871
:1084F00000113A254FF000080BE00B460131B7425E
:10850000C4F80011E55484F804513FF471AF16F833
:10851000015FFF29F1D1D4F80831D4F80C2184F897
:10852000FF8020469847D4F828310133C4F8283119
:1085300001210023E3E7204FD0F8001107F10909DA
:1085400020264FF000080BE00B4601314F45C4F8E0
:108550000011E65484F8046100F0858017F8016F7B
:10856000FF29F1D1D4F80831D4F80C2184F8FF8028
:1085700020469847D4F828310133C4F82831012126
:108580000023E3E70D4ED0F8001106F11007202577
:108590004FF0000820E000BF488D0020548D0020DF
:1085A000608D0020888D0020908D0020948D00200B
:1085B000A08D0020AC8D0020B08D0020688D0020A3
:1085C0000B460131B742C4F80011E55484F8045158
:1085D0003FF40EAF16F8015FFF29F1D1D4F808314E
:1085E000D4F80C2184F8FF8020469847D4F828312D
:1085F0000133C4F8283101210023E3E76D4FD0F89F
:10860000001107F1080920264FF000080AE00B4688
:108610000131B945C4F80011E65484F8046113D05F
:1086200017F8016FFF29F2D1D4F80831D4F80C21E2
:1086300084F8FF8020469847D4F828310133C4F8E5
:10864000283101210023E4E72A69002A3FF4D0AE53
:10865000FF2932D0481C2823C4F80001635411219B
:1086600084F8043101E0EA6811212046FFF75AFD41
:10867000D4F80011FF2961D04A1C2923C4F8002135
:10868000635484F80431BDE8F883D0F80011FF2961
:1086900072D04A1C2023C4F80021635484F80431AA
:1086A0001EE7D0F80011FF2976D04A1C2A23C4F80F
:1086B0000021635484F804319AE60026D4F8083186
:1086C000D4F80C2184F8FF6020469847D4F828316C
:1086D0002A690133C4F8283101203146BBE700265E
:1086E000D0F80831D0F80C2180F8FF609847D4F812
:1086F000283101221344C4F82831314659E60025B7
:10870000194680F8FF50D0E942329847D4F8283112
:1087100001210B44C4F828312B463DE60021D0E965
:10872000425280F8FF101946A847D4F82831202279
:108730000133C4F828312270012152E60025D4E922
:10874000423284F8FF5020469847D4F8283101225D
:108750001344C4F8283129468FE70025D4E9423272
:1087600084F8FF5020469847D4F82831012213445A
:10877000C4F82831294635E60026D0F80831D0F86B
:108780000C2180F8FF609847D4F828310122134467
:10879000C4F8283131467DE70025D0E9423280F81F
:1087A000FF509847D4F8283101221344C4F82831E7
:1087B00029467BE77C8D00202DE9F84304461646C8
:1087C0001D469BB1714F01209A687AB95A68117899
:1087D0001939C9B2122900FA01F204D83A4235D146
:1087E00012F4606F74D11B68002BEDD10023D4F814
:1087F0001471C4F814312A461121204600F0C8F83B
:10880000D4F80031FF2B4BD02822591CC4F800119A
:10881000E25484F8042132692AB111212046FFF77D
:1088200081FCD4F80011FF2976D04B1C2922C4F812
:10883000003120466254012384F8042111212A4684
:1088400000F0A6F8C4F81471BDE8F88394F8043178
:10885000202B45D1D4F80011FF294ED04B1C4FF0EE
:108860002808C4F8003104F801804FF00009D4F85A
:10887000147184F804811121C4F814914B462A46DE
:10888000204600F085F8D4F80011FF2953D04B1C86
:108890002922FF2BC4F80031625484F80421B3D19B
:1088A0001946002384F8FF302046D4E94232984725
:1088B000D4F828310133C4F828312823237084F8F0
:1088C000043132690121C4F80011002AA5D1ACE7B6
:1088D00094F8043103F0FD02282ABBD0202BB9D034
:1088E000D4F80031FF2B3ED0591C2022FF29C4F8B8
:1088F0000011E25484F80421B0D10027D4E94232B7
:1089000084F8FF7020469847D4F828310133C4F822
:10891000283139460123A2E70026D4E9423284F8FF
:10892000FF6020469847D4F828310133C4F8283135
:10893000314601237AE7D4E9423284F8FF90204699
:10894000984742F62903238084F80481D4F828311B
:10895000326901330221C4F82831C4F80011002A19
:108960007FF45BAF61E70022194684F8FF20D4F85A
:108970000871D4F80C212046B847D4F828312022B9
:108980000133C4F828312270012167E70731040060
:10899000002A00F0C2802DE9F047054688B01E4647
:1089A00014460127D5F81821CAB9A2680ABB626823
:1089B0001178BEB1E368D5F81081A7602929C5F800
:1089C000103124D02A292CD0022934D01121284654
:1089D000FFF7D6FB2468C5F81081002CE2D108B05F
:1089E000BDE8F0874E2904D007D8A1F11C03042B61
:1089F000E0D82468002CD5D1F1E750390129F8D905
:108A0000E368D5F81081A760C5F81031DEE7236868
:108A100011212846FFF7D0FEC5F8108108B0BDE847
:108A2000F08723681121284600F0D6F8C5F8108198
:108A300008B0BDE8F087644ED5F81471D2684FF0E5
:108A400000091121C5F814912846FFF76BFB06F1C8
:108A5000010AC5F81471D5F800113A270AE00B464F
:108A600001315645C5F80011EF5485F8047113D053
:108A700016F8017FFF29F2D1D5F80831D5F80C217D
:108A800085F8FF9028469847D5F828310133C5F876
:108A9000283101210023E4E763681C692378482B0F
:108AA00017D04E2BA3F15002A3F11C010ED00BD80E
:108AB00004290BD9224611212846FFF733FBC5F8BC
:108AC000108108B0BDE8F087012AF3D8E468237864
:108AD000E7E73E4F7B2607F10C0A4FF000090AE05A
:108AE0000B4601315745C5F80011EE5485F8046175
:108AF00014D017F8016FFF29F2D1D5F80831D5F855
:108B00000C2185F8FF9028469847D5F82831013385
:108B1000C5F8283101210023E4E7704722692C4978
:108B2000013201A806F018FC01A80BF07DFD20B36E
:108B300001AED5F8001106EB000A4FF0000908E07D
:108B40000B4601315645C5F80011EF5485F8047104
:108B500015D0FF2916F8017BF2D1D5F80831D5F8E8
:108B60000C2185F8FF9028469847D5F82831013325
:108B7000C5F8283101210023E4E7D5F80011154F8D
:108B80007D2607F1020A4FF000090AE00B46013189
:108B90005745C5F80011EE5485F8046196D017F8D2
:108BA000016FFF29F2D1D5F80831D5F80C2185F8ED
:108BB000FF9028469847D5F828310133C5F8283169
:108BC00001210023E4E700BFC48A0020C88A0020F6
:108BD0000C6F0020D88A00202DE9F0470446174684
:108BE00053B11E469D687DB31B68002BFAD13246F7
:108BF00011212046FFF7CCFED4F80031FF2B00F006
:108C00009D80591C2022FF29C4F80011E25484F8E9
:108C1000042127D05B224B1CC4F80031625484F835
:108C20000421FA682AB111212046FFF77BFAD4F813
:108C30000031FF2B2FD0591C5D22C4F80011E254E3
:108C400084F80421BDE8F0875B681B782A2B32D1B9
:108C500011212B4632462046FFF79AFED4F8001128
:108C6000FF29D7D10022D4F8083184F8FF2020460C
:108C7000D4F80C2198475B22D4F82831227084F86C
:108C80000421FA68591C0123C4F82811C4F80031E2
:108C9000002AC8D1CFE70025194684F8FF50D4E94F
:108CA000423220469847D4F8283101210B44C4F8B9
:108CB00028312B46C0E7DFF8E480D4F800114FF0EC
:108CC000200908F1010A0CE00B46D04501F1010131
:108CD000C4F8001104F8039084F804911AD018F82D
:108CE000019FFF29F0D1D4F80831D4F80C2184F881
:108CF000FF5020469847D4F828310133C4F8283172
:108D000000230121D045C4F8001104F8039084F831
:108D10000491E4D11121002332462046FFF738FEAA
:108D2000D4F80011FF2926D04B1C2922FF2BC4F8B0
:108D30000031625484F804217FF463AF00221946A5
:108D400084F8FF20D4F80851D4F80C212046A84715
:108D5000D4F828315B2245F62031218084F80421A3
:108D6000FA680133C4F828310223C4F80031002A1C
:108D70007FF459AF5FE70022D4F8083184F8FF2070
:108D80002046D4F80C219847D4F828312922013301
:108D9000C4F828312270012333E700BFC48C0020BF
:108DA0001178322902D01121FFF7BCB9D3682DE91F
:108DB000F041D3E9015767B32F44D0F800110446BE
:108DC000013D013F4FF0000809E00B46BD4201F1B3
:108DD0000101C4F80011E65484F8046119D0FF2998
:108DE00015F8016FF1D1D4F80831D4F80C2184F8CA
:108DF000FF8020469847D4F828310133C4F8283141
:108E000000230121BD42C4F80011E65484F8046136
:108E1000E5D1BDE8F08100BF2DE9F04F2DED028BCB
:108E2000E7B0037800AF5F2BC7E90021054600F0EB
:108E30004481A9490822284606F062F9002800F07A
:108E400007814FF000090123B9F1020F7B640CBFC9
:108E500045234623A9F1020A08EE103A5FFA8AFA7E
:108E600028460BF0E1FB2B1842000021C7E9035311
:108E7000B2F5006F4FF01103C7E90535C7E90812D5
:108E8000C7E90B10C7E90D11C7E90F11B96400F26A
:108E90001B818300E84600EB80000733A8EBC0008D
:108EA000854623F007036E46B9F1010FADEB030DC4
:108EB000FE61C7F828D040D0BAF1010F35D8EB7A5F
:108EC00005F10B045F2BBC6103D12B7B5A2B00F007
:108ED000B080002A40F3AB8020460BF0A5FB0023B6
:108EE0000122C6E901333A62002800F0A080C6E9F9
:108EF000034033700023324618EE101A07F10C00BD
:108F0000FAF76CFC064620460BF08EFB2318BB617B
:108F1000235C13B9002E40F0E1807B6C013340F0FC
:108F2000C38000237B64C5469AE707F10C00FBF77A
:108F3000A7F8BB6906461B78EBE72B785F2BECD1D3
:108F40006B786A1C5A2BBA61E7D1AB78AA1C472B05
:108F5000BA6100F09B80542B00F09880494607F1DD
:108F60000C00FCF7E9FF7B69DB07064640F19780C0
:108F7000BA6913782E2BCCD1334616461A4673782D
:108F8000A3F1610119294FF0000B45D95F2B43D0A4
:108F9000303B092B00F2FD80317834462E2912D166
:108FA0006378303B092B0ED8A378A3F13001A01CC5
:108FB0000929044605D814F8013FA3F13001092915
:108FC000F9D92E2BECD0D7E908139942BC61A4EB58
:108FD000060067DAD7F81CC001EB810E0CEB8E039C
:108FE00001310028C3E901BB39625BDDC3E901BB84
:108FF0000CF82EB0C3E903604F2107F10C00FAF71B
:10900000EDFB23782E2B024640F0C1802646737874
:10901000A3F161011929B9D8B31C1C4613F8011B2F
:10902000A1F161001928F8D95F29F6D0B6E700262A
:1090300060E76B7B05F10D02472BBA6107F10C006D
:1090400001D0542B1DD1FCF7EFFBBC69064651E75C
:109050002B7A2E2B04D05F2B02D0242B7FF4F1AE81
:109060006B7A442B02D0492B7FF4EBAEAA7A5F2AAD
:109070007FF4E7AE492B0CBF4FF002094FF0030914
:10908000E1E6FCF759FFBC69064633E707F10C003F
:10909000FCF7CAFB7B69DB0706463FF569AFBB6996
:1090A0001B7836E70023A7E7002007F5CE77C546F3
:1090B000BD46BDEC028BBDE8F08F43785A2B7FF4A0
:1090C000B8AE4FF00109BEE6084607F5CE77BD46BB
:1090D000BDEC028BBDE8F08FBC8D002007F14C0485
:1090E0007A68C4F8082131463A68C4F80C21204651
:1090F000C4E94433C4E94933C4E94633C4E94D33D0
:10910000C4E950337B60C4F8003184F80431C4F8FA
:109110002031C4F82C31FAF753FCD4F81C217B68B9
:10912000B2F5006F01DAC4F81C31D4F83811D4F864
:109130004431012901FB03F33246B8BF01216E46D9
:10914000A6EBC101012B8D46C4F844316846B8BF77
:109150000123A0EBC3039D460025C4F8301120462F
:109160001121C4F83CD1C4F84851FEF7DBFFD4F814
:109170000011D4F8083165542046D4F80C21B546C6
:109180009847D4F81801B0FA80F040098DE70646F8
:10919000BFE6164683E700BF70B51378012B82B097
:1091A0001546044603D9312B01D0062B38D10126B0
:1091B0006B68012B22DCD4F81C21B2F5806F1DDC1A
:1091C000013301326B601121D4F82C31C4F81C2119
:1091D000C4F82CD12A46204601930095FCF728FFBD
:1091E0006A68D4F81C310199C4F82C11013A013B8A
:1091F0006A60C4F81C3136B102B070BD0123C4F8F6
:109200001831002EF8D1D4F80011FF2915D04A1CCE
:109210002923C4F80021635484F8043102B070BDDE
:10922000D0F80011FF2916D04A1C2823C4F80021C9
:109230000026635484F80431BAE7D4E9423284F852
:10924000FF6020469847D4F8283101221344C4F81F
:1092500028313146DCE70026D0E9423280F8FF6051
:109260009847D4F8283101221344C4F828313146F4
:10927000DBE700BF2DE9F84FD368DB681B6819787E
:10928000662978D11269D0F82471D2E9038A9AF854
:1092900000203C2A4FF0FF3208BFDAE903A9C0F8EA
:1092A00024215B7818BF4FF000096C2B044600F0B6
:1092B000A28063D84C2B01D0522B57D1D4F8001187
:1092C000FF2900F0EB804B1CC4F8003128236354C5
:1092D000524684F8043111212046784EFFF75CFF96
:1092E000112142462046FFF75BFD06F1020BD4F840
:1092F00000112E254FF0000A0BE00B465E4501F1F0
:109300000101C4F80011E55484F8045119D016F88D
:10931000015FFF29F1D1D4F80831D4F80C2184F889
:10932000FFA020469847D4F828310133C4F82831EB
:10933000002301215E45C4F80011E55484F804516E
:10934000E5D1424611212046FFF72AFD4A46112168
:109350002046FFF721FFD4F80011FF297FD04A1CD7
:109360002923C4F80021635484F80431C4F824711B
:109370000120BDE8F88F0020BDE8F88F722BF5D1F1
:10938000D0F80011FF297BD04B1CC4F800312823F2
:109390006354524684F8043111212046484EFFF7A9
:1093A000FBFE424611212046FFF7FAFC06F10309B5
:1093B000D4F800112E254FF000080AE00B460131C9
:1093C0004E45C4F80011E55484F80451CED016F887
:1093D000015FFF29F2D1D4F80831D4F80C2184F8C8
:1093E000FF8020469847D4F828310133C4F828314B
:1093F00001210023E4E7334DD0F80011282605F1C0
:10940000030B4FF000090BE00B46AB4501F10101E6
:10941000C4F80011E65484F8046119D015F8016FFE
:10942000FF29F1D1D4F80831D4F80C2184F8FF9049
:1094300020469847D4F828310133C4F82831002356
:109440000121AB45C4F80011E65484F80461E5D16C
:10945000424611212046FFF7A3FC524677E700253C
:10946000D4F80831D4F80C2184F8FF5020469847EE
:10947000D4F8283101221344C4F8283129466FE773
:109480000025D0E9423280F8FF509847D4F82831BF
:109490000133C4F828312946012376E70025D4E9B1
:1094A000423284F8FF5020469847D4F828310133DF
:1094B000C4F828312946012306E700BFC88C0020E4
:1094C000A08A0020988A0020137803F0FD03382B2F
:1094D00001D000207047D3682DE9F047DB681F6892
:1094E0003B78642B02D00020BDE8F0877B78692BA5
:1094F000044611D003F0DF03582BF4D1D0F800114B
:109500001369FF29D3E9035600F08E804B1CC4F881
:1095100000315B2363540CE0D0F800111369FF297C
:10952000D3E9035600F0B1804B1CC4F800312E2360
:10953000635484F804312A4611212046FEF7F2FDD7
:109540007B78582B3AD0692B0BD0D4F80011FF2927
:1095500000F08A804A1C5D23C4F80021635484F81B
:109560000431337803F0FD03382B12D0D4F8001106
:10957000FF2968D04A1C3D23C4F8002120466354CB
:109580003246112184F80431FFF706FE0120BDE8C0
:10959000F087F368DB681B681A78642AE6D15B7889
:1095A000692B03D003F0DF03582BDFD1204632466E
:1095B0001121FEF7B7FD0120BDE8F087DFF8E88054
:1095C000D4F8001108F1040A20254FF000090BE03F
:1095D0000B46C24501F10101C4F80011E55484F8BD
:1095E000045119D018F8015FFF29F1D1D4F80831DE
:1095F000D4F80C2184F8FF9020469847D4F82831FD
:109600000133C4F8283100230121C245C4F80011F8
:10961000E55484F80451E5D1F26811212046FEF7A3
:1096200081FD36697B788EE74FF00008D4E942323D
:1096300084F8FF809847D4F828310133C4F82831E2
:109640004146012363E70025D4F80831D4F80C2102
:1096500084F8FF5020469847D4F82831012213445B
:10966000C4F82831294686E70025D4F80831D4F813
:109670000C2184F8FF5020469847D4F82831012265
:109680001344C4F82831294665E74FF00008D4E9AF
:10969000423284F8FF809847D4F828310133C4F867
:1096A00028314146012340E7908A00202DE9F0410E
:1096B0001E4684B0002840D00C46154609B1002A49
:1096C0003BD0002329496A46CDE90033CDE9023376
:1096D000FFF7A2FB002839D0039B009FD3B9DDF828
:1096E0000880002F3CD02CB338460AF09DFF2B6831
:1096F000984219D23946421C2046F6F7C3FF384635
:1097000008F060F827460EB100233360384604B0F5
:10971000BDE8F0814FF00108002FE4D18EB14FF089
:10972000FF3333600027F1E7204608F04BF8C5F817
:109730000080E8E7002DFAD1E5E716B16FF00203EB
:1097400033600027384604B0BDE8F081009808F087
:1097500039F8002EF5D06FF0010333600027D5E70C
:10976000002EEED0B8F1010FD9D0F4E72D1602008B
:109770000378472B01D00020704743784E2BFAD155
:109780008378552BF7D1C378432BF4D10379432B3E
:10979000F1D143792B2BEED183792B2BEBD1C079EF
:1097A00001288CBF00200120704700BF10B530B1E8
:1097B000044600F07DF82046FFF7DAFF08B9F9F714
:1097C00085FC54F8140CF9F779FC00BF2DE9F04F33
:1097D00085B00246FFF7CCFF38B152E90674D2E9F2
:1097E0000C85D2F828A0002605E00446074601268D
:1097F000054680468246104600F05AF80EB1F9F749
:1098000073FC3846F9F76CFC00F052F80EB1F9F72A
:109810005DFCF9F735F90768DFF890B097F8273065
:10982000012B0CBF3B6807F17803029328F0030378
:10983000019320374FF00009CA4520DDD5F800809C
:10984000B8F1000F00D0A84402AB002241463846D0
:10985000F9F744F808B1F9F7CFFCD8F800300390D5
:1098600003AA40465946D3F810800123C047019B04
:10987000002818BF064609F101091D44DCE746B17E
:109880000420F8F7E9FF074B074A08490360F9F796
:1098900097FC2046F9F712FC00F048F800F046F873
:1098A000F9F716F8F87B00207D05020048770020C4
:1098B00038B50446F9F7E8F82246056812F8203969
:1098C000472B03D085BB0260284638BD63784E2BFA
:1098D000F8D1A378552BF5D1E378432BF2D1237936
:1098E000432BEFD163792B2BECD1A3792B2BE9D12F
:1098F000E379012BE6D854F80C3C002B11DB013343
:1099000044F80C3C4368013B4360954218BF44F85F
:10991000105C656A18BF0260204604F081FD28468D
:1099200038BDC3F10103EBE7F9F7D0FB08B5F9F750
:10993000A7F803687BB393F82020472A07D00022BA
:10994000026003F12000BDE8084004F06BBD93F80D
:1099500021204E2AF3D193F82220552AEFD193F8F3
:109960002320432AEBD193F82420432AE7D193F80C
:1099700025202B2AE3D193F826202B2ADFD193F838
:109980002720012ADBD85A69002A05DB013A08D0D2
:10999000511C0ED05A6108BD0132FBD1196901601A
:1099A000F8E71A69026003F12000BDE8084004F0FE
:1099B00039BDF9F78BFB00BF08B5F9F765F800680A
:1099C00030B190F82730012B04BF00687838006868
:1099D00008BD00BF08B52DED028BB0EE408A02F045
:1099E000D9FBB4EE488AF1EE10FA0FD6B5EEC08A74
:1099F000F1EE10FA0AD8B5EE408AF1EE10FA08D16D
:109A000006F0F8F822239FED090A0360BDEC028BF3
:109A100008BD06F0EFF8BDEC028B034621221A6068
:109A20000348BDE8084000F023BF00BF000080FFEE
:109A3000A8C2002008B52DED028BF0EE408A01F09F
:109A40006FFAB0EE408A01F0F5FB20B1B0EE480AA3
:109A5000BDEC028B08BDB0EE680A01F0EBFB0028FC
:109A6000F4D006F0C7F89FED088ADFED087AF5EE2E
:109A7000C08AF1EE10FA38FE278AB0EE480ABDEC33
:109A8000028B2223036008BD0000807F000080FF5E
:109A900008B52DED028BB0EE408A01F0C7FBB4EEA5
:109AA000488AF1EE10FA06D6DFED098AB4EEE88AAC
:109AB000F1EE10FA02D4BDEC028B08BD06F09AF864
:109AC00088EEA80ABDEC028B2123036008BD00BF0D
:109AD0000000000010EE103A114A23F000439342B8
:109AE00018DDB3F1FF4F02DB30EE400A704700B5DE
:109AF00083B0684602F0AEFB400000F00200DDEDEE
:109B0000010A9DED000AC0F1010001F0CFF803B099
:109B10005DF804FBDFED030A012001F0C7B800BFC8
:109B2000DA0F493F0000000030B52DED028B83B005
:109B30008DED010A019C24F00043B3F1FF4F10DBCF
:109B4000324B002C93ED007AD3ED007A39DBF0EE46
:109B5000406A87EE260A30EE270A03B0BDEC028B7E
:109B600030BD2B4A93420FDD284A2A4B92ED000A62
:109B7000D3ED007A30EE670A002CB8BFB1EE400A90
:109B800003B0BDEC028B30BDB3F1105F23DBB3F14A
:109B90007E5F214D29DB01F041FBD5ED007A20EEFF
:109BA000270A01F09FFC194BD3ED007AD5ED006A2E
:109BB00095ED007A37EE000A86EE807A37EEC70A16
:109BC000DAE7DDED016A87EE260A30EE670A03B0B8
:109BD000BDEC028B30BD0D4BDDED017A93ED000A3B
:109BE00030EE270A20EE270AB7E795ED008A01F04C
:109BF00015FB28EE400A01F075FC95ED007A37EE72
:109C0000007AF1EE407A87EE870AB5E768D2002045
:109C1000FFFFAF4188D200208CD2002010EE102A26
:109C2000C2F3C7537F3B162B22F0004130DC002BE0
:109C300010EE100A18DB194919410A4227D0DFED4E
:109C4000187A70EE277AF5EEC07AF1EE10FA1EDD82
:109C5000002A04DD4FF4000242FA03F3184420EA1C
:109C6000010300EE103A7047DFED0D7A70EE277AAF
:109C7000F5EEC07AF1EE10FA09DD002A05DBF7EE09
:109C8000007A002900FE270A70479FED060A7047F8
:109C9000B1F1FF4FFBD330EE000A7047FFFF7F00AA
:109CA000CAF249710000008010EE102AC2F3C753B7
:109CB0007F3B162B22F000412ADC002B10EE100A0D
:109CC00018DB194919410A4221D0DFED187A70EEEC
:109CD000277AF5EEC07AF1EE10FA18DD002A04DAE0
:109CE0004FF4000242FA03F3184420EA010300EEA5
:109CF000103A7047DFED0D7A70EE277AF5EEC07AF4
:109D0000F1EE10FA03DD002A08DB9FED090A704727
:109D1000B1F1FF4FFBD330EE000A7047FFEE007A3F
:109D2000002900FE270A7047FFFF7F00CAF2497131
:109D3000000000000000000070B410EE902A6FF4E4
:109D40007273C2F30A55EB183E2B85B044D8664BAC
:109D500093ED026B93ED007BB0EE461BA7EE001B6C
:109D600011EE100A31EE461B00F07F0293ED064B18
:109D7000921893ED043B02F10F0103EBC20292ED46
:109D80001C7BA3EE010BA4EE010B03EBC10293EDD0
:109D90000A5B20EE001B30EE077B93ED082B93ED62
:109DA0000E6BA5EE002B21EE015B93ED0C4BA2EEAA
:109DB000017B53F831405668A6EE004B00210A198A
:109DC00006EB4033A5EE047BEDB143EC102BA7EE80
:109DD000000B05B070BC7047002B56DBB5F5816FEA
:109DE0002DD910EE101A002012F5801F08BF8142F5
:109DF00068D040F2FF74A54247D082425EDB05B0D6
:109E000070BC00F0B9B8884244DAB7EE004B03F1F9
:109E10007F5101F50011104641EC160B27EE067B31
:109E200036EE070BB4EEC40BF1EE10FA09D49FED39
:109E3000287B20EE070B05B070BC00F0CDB80025E4
:109E400085E730EE043B36EE406B34EE435B36EE96
:109E5000076B35EE007B37EE067B37EE037B37EE84
:109E6000447BB5EE407BF1EE10FA24D09FED180B49
:109E700027EE000B9FED166B8DED006B9DED007BCB
:109E800027EE067B8DED027BD5E7B7EE007B30EE4B
:109E9000070B9EE703F140419FED0F6B01F5700149
:109EA000104641EC100BA7EE000B20EE060B05B0A0
:109EB00070BC00F09DB89FED0A0BDBE705B070BCED
:109EC00000F052B89FED060B83E700BFAFF30080B0
:109ED0000000000000001000000000000000007FF3
:109EE00000000000000000000805002010EE103AFD
:109EF000C3F3C7527F3A162A10EE101A09DC002A63
:109F0000A5BF084B134103F000430B4000EE103A8D
:109F10007047802A06BF07EE903A37EEA70A00EE98
:109F2000103A7047000080FF10B582B08DED000B35
:109F3000044605F05FFE9DED000B046002B010BD0D
:109F400082B058B1B1EE407B8DED007B9DED007B82
:109F5000222020EE070B02B0FFF7E6BFB0EE407BF9
:109F6000F2E700BF000000009FED010BFFF7E8BF24
:109F700000000000000000109FED010BFFF7E0BFA4
:109F8000000000000000007082B00028B7EE006BF7
:109F9000BFEE007B06FE077B8DED007B9DED000B89
:109FA0009FED037B222080EE070B02B0FFF7BCBFC2
:109FB0000000000000000000B4EE400BF1EE10FACB
:109FC00030EE407B87EE076BB0EE460B02D62120C9
:109FD000FFF7AABF704700BFB5EE400BF1EE10FAD5
:109FE00000D070472220FFF79FBF00BF0000000095
:109FF0009FED076BB0EEC07BB4EE467BF1EE10FA3E
:10A0000000DC70472220FFF78FBF00BFAFF3008056
:10A01000FFFFFFFFFFFFEF7F70B553EC102B784C75
:10A0200003F1404C4FF0FF350CF5901C954274EB5A
:10A030000C042DED068B10EE100A1E4652D24FEA8C
:10A04000134EAEF1100547F6DF74A54200F29F8073
:10A05000BFEE008B06F1404303F5D013C3F3463245
:10A060004FEA135C1B1507EE903A664B03EB0214A4
:10A0700093ED006B94ED261B4FEA0C5C93ED0C4BBB
:10A08000B8EEE79B93ED025BA6EE091B93ED042B64
:10A0900093ED083B93ED067B94ED240B93ED0A6B57
:10A0A000021EA6EB0C0343EC1A2BAAEE008BA4EEC7
:10A0B000086BA3EE087B28EE084BA6EE047B38EE77
:10A0C000016B31EE460B30EE080B28EE048BA5EE4B
:10A0D000090BA2EE040BA8EE070B30EE060BBDEC4D
:10A0E000068B70BD484CA34208BF002A79D0B7EE5A
:10A0F000001B30EE411B434921EE01AB91ED123BB9
:10A1000091ED184B91ED107B91ED166BA3EE017B59
:10A11000A4EE016B91ED1E3B91ED1C4B91ED0E8B6E
:10A12000A3EE014B9FED309B91ED145B91ED200B65
:10A13000A5EE0A7BB0EE415B91ED1A2BA0EE0A4B27
:10A14000A1EE095B91ED223BA1EE495BA2EE0A6B09
:10A15000B0EE410B21EE0AABA3EE0A4BA4EE0A6B64
:10A1600025EE054BA6EE0A7BA4EE080B31EE456BFF
:10A1700031EE055B28EE066B31EE401BA4EE081BAA
:10A18000A6EE051BA7EE0A1B30EE010BA7E79418FD
:10A1900043EB03052C431DD01C4CA34208BF002AEF
:10A1A0009DD01EF4004F0DD147F6F07131EA0E013B
:10A1B00008D09FED0F7B20EE077B51EC170BA1F130
:10A1C000507645E7BDEC068B43EC102BBDE87040A4
:10A1D000FFF7F2BEBDEC068B0120BDE87040FFF733
:10A1E000D3BE9FED050B7AE7000000000000A04100
:10A1F00000000000000030430000000000000000EC
:10A20000FF080300980E00200000F03F0000F07FE0
:10A210002DE9F04F5BEC10AB2DED0A8B4FEA1B5C88
:10A2200011EE90EA0CF1FF3640F2FD70864210EE1E
:10A23000101A11EE103A89B05A4665464FEA1E547C
:10A2400000F2C680C4F30A06A6F2BE367F2E98BF7F
:10A25000002000F2BD80BFEE000BE14CE14B144446
:10A26000C4F3463503EB451693ED006B93ED027B8B
:10A2700096ED128B96ED189B96ED162B260D241558
:10A2800005EE904A360593ED0C4BB8EEE55B951B59
:10A29000A5EE062BA5EE079B93ED04AB93ED105BAB
:10A2A00093ED08BB93ED067B93ED0A6B93ED0E3BAC
:10A2B0000C1E45EC1C4BACEE080BA0EE053BA0EED3
:10A2C000046B20EE0A5B30EE024B20EE058BA0EE15
:10A2D0000B7BA8EE036B32EE442BA8EE067B32EE2E
:10A2E000002BB0EE483B39EE022B95EE003B34EEEE
:10A2F000085B20EE080B34EE454B32EE036B34EE78
:10A30000084B36EE046BA0EE076B35EE064B21EEE4
:10A31000048B18EE902AB0EE487BC2F30A556FF416
:10A320007273EB183E2B91EE047B35EE445B35EEF9
:10A33000065BA1EE057B00F29380AB4B93ED024BE5
:10A3400093ED005BB0EE441B93ED042BA8EE051BD0
:10A3500093ED066B11EE101A31EE441B01F07F02F3
:10A3600093ED0E4BA1EE028BA1EE068B93ED0C6BE1
:10A3700037EE087B27EE072B921802F10F0403EB50
:10A38000C202A7EE046B92ED1C4B03EBC40293EDEB
:10A390000A3B93ED085B53F834605768A7EE035B04
:10A3A0004018002422EE023B37EE047BA219A2EEF5
:10A3B000057B07EB4033A3EE067B002D5FD043EC1B
:10A3C000102BA7EE000B09B0BDEC0A8BBDE8F08F97
:10A3D000D8184EEB0E09461E37466FF0010849F1BA
:10A3E000FF36B8456FF4001777EB0606C0F0208102
:10A3F000481842EB0209461E374669F10006B84587
:10A400006FF4001777EB0606C0F03981002A6ADB8B
:10A410000020C4F30A06A6F2BE337F2B40F2FF777A
:10A420004FD9724B00209A4208BF814200F0FD8054
:10A4300040F2BD35AE4240F29180012972EB030338
:10A4400034BF01230023BC428CBF00240124A3425B
:10A450000ED109B0BDEC0A8BBDE8F04FFFF784BD0B
:10A46000002BC0F2CE80B5F5816F75D9002AF0DBE4
:10A4700009B0BDEC0A8BBDE8F04FFFF77DBDA142EE
:10A4800080F21381B7EE003B03F17F5101F500111B
:10A49000104641EC150B27EE057B35EE076BB0EE51
:10A4A000C64BB4EEC34BF1EE10FA61D49FED480BEE
:10A4B00026EE000B09B0BDEC0A8BBDE8F04FFFF7AC
:10A4C0008BBD002D7FF4C7AE9FED437B4BEC16ABED
:10A4D00026EE077B53EC172B23F0004217EE101AE1
:10A4E000A2F15072B7E6C4F30A0640F2FE3086428B
:10A4F0007EDD40F23340864200F3FA80801BA0F1FB
:10A5000020054FF0FF374FF0FF39874009FA05F972
:10A51000C0F12008019547EA09054FF0FF3727FAF7
:10A5200008F945EA0905874023EA07072EEA0505E9
:10A530003D435DD1019DC3400EFA08F843EA08038C
:10A540002EFA05FE43EA0E0303F00103980422F0FD
:10A550000042CCF30A055EE70025EEE6884293410F
:10A56000B7EE000B34BF31EE000B30EE410B2AE7A3
:10A57000B5EEC06BF1EE10FA35EE465BBFEE004B68
:10A5800035EE075B58BFB0EE434B36EE043B34EE7E
:10A59000437B37EE067B37EE057B37EE037B37EEEA
:10A5A000446BB5EE406BF1EE10FA04D12A4601F08F
:10A5B000004343EC162B9FED065B8DED045B9DED98
:10A5C000047B27EE057B8DED067B6FE7AFF3008004
:10A5D00000000000000010000000000000003043F8
:10A5E000AB6A19C038190020080500200000F03FB0
:10A5F0004BEC10AB09B0BDEC0A8BBDE8F04FFFF798
:10A60000DBBCB7EE000B38EE000B00283FF4DBAEEE
:10A61000B1EE400BD7E64918594B82F400224FF0B7
:10A6200000005241884293415DD3B7EE000BCAE669
:10A6300050EA0904EFD0534C0025A24208BFA942BA
:10A6400047D04918504B52418D4273EB02044AD314
:10A65000994508BFA84246D103F100439A4208BF7A
:10A66000A942E2D09A426FEA0E0E34BF00220122C4
:10A670004FEADE7E724577D09FED3D0BA3E64BECB3
:10A6800017AB002A27EE070B34DB002250EA09093A
:10A690005DD1BEF1000FBFF696AE104609B0BDEC1D
:10A6A0000A8BBDE8F04FFFF76FBC03F140419FED0F
:10A6B000326B01F57001104641EC100BA7EE000B58
:10A6C00020EE060B09B0BDEC0A8BBDE8F04FFFF79A
:10A6D0008FBCDB182A4A8EF4002E4EEB0E0E9D42E4
:10A6E00072EB0E02A1D24BEC17AB37EE010B6AE610
:10A6F00000202CE7C4F30A02A2F2FF313429C4D8A7
:10A70000C2F586624FF0FF31A2F11D05033201FA56
:10A7100005F701FA02F4C2F120063C4321FA06F7DC
:10A720003C43914023EA01012EEA04042143ACD1C9
:10A7300023FA02F20EFA06F632432EFA05F52A4300
:10A7400012F00102A2D0B1EE400B01229EE7BEF151
:10A75000000FBFF638AEB7EE006B86EE007B8DEDD6
:10A76000027B9DED020B2EE621EE010B2BE600BFD6
:10A770000000000000000000000000000000007F5A
:10A780000000F0FF0000F03F0000E0FF10EE103A84
:10A7900040F22A41C3F30A528A42B7EEC03A32D895
:10A7A000B7EE000B2D4B93ED4A2B93ED481BB0EE0B
:10A7B000417BA2EE037B17EE100A37EE417B00F0DF
:10A7C0001F0203EBC20130B492EE037B93ED4C4BBE
:10A7D00053F832404D6893ED4E6B93ED505BA4EE11
:10A7E000076B27EE074B00210A1905EBC033A5EED6
:10A7F000070B43EC172BA6EE040B30BC20EE070B27
:10A80000B7EEC00B704713F5000F20D0B2F5FF6F05
:10A810001AD2DFED137AB4EEE70AF1EE10FA10DC8B
:10A82000DFED107AB4EEE70AF1EE10FA12D4DFEDA4
:10A830000E7AB4EEE70AF1EE10FAB1D5002001F07D
:10A840001BBB002001F01EBB30EE000A70479FEDDD
:10A85000070A7047002001F009BB00BFC0030020B9
:10A860001772B142B4F1CFC2CF8ECEC20000000049
:10A870009FED010A704700BF0000C07F10EE103A44
:10A88000C3F30A52B2F5866FB7EEC07A2ED2B7EE96
:10A89000000B2A4B93ED402B32EE073B13EE100AD0
:10A8A00033EE423B00F01F0203EBC20130B437EE3F
:10A8B000437B93ED424B53F832404D6893ED446B2C
:10A8C00093ED465BA4EE076B27EE074B00210A19B8
:10A8D00005EBC033A5EE070B43EC172BA6EE040BDC
:10A8E00030BC20EE070BB7EEC00B704713F5000F1E
:10A8F0001ED0B2F5FF6F18D2B5EEC00AF1EE10FA15
:10A9000010DCDFED0F6AB4EEE60AF1EE10FA12D9B0
:10A91000DFED0C6AB4EEE60AF1EE10FAB7D50020CE
:10A9200001F0AABA002001F0ADBA30EE000A70477B
:10A930009FED050A7047002001F098BAC00300207F
:10A94000000016C3000015C30000000010EE103A0E
:10A95000B3F17E5F10EE102A38D0A3F50001B1F1FB
:10A96000FE4F36D2BFEE000B02F14043264903F5FD
:10A970004D03C3F3C34001EB001091ED404B91ED4B
:10A98000445B91ED467B91ED426BD90DC90590ED8D
:10A99000002B521A03EE902A90ED021BDB15B7EE46
:10A9A000E33AA2EE030B03EE903A20EE002BA5EE65
:10A9B000007BB8EEE33BA6EE027BA3EE041B30EE79
:10A9C000010BA2EE070BB7EEC00B70479FED0F0A0D
:10A9D0007047590014D0B3F1FF4F14D0002B0BDB9C
:10A9E000B1F17F4F08D2DFED0A7A60EE277A17EED9
:10A9F000903AA3F13862B5E700EE103A01F05ABA86
:10AA0000012001F045BA704728170020000000001F
:10AA10000000004B10EE103AB3F17E5F3ED0A3F57C
:10AA20000001B1F1FE4F10EE102A3AD2BFEE002B1A
:10AA300002F14043284903F54D03C3F3C34001EB42
:10AA4000001091ED424B91ED447B91ED406B91ED07
:10AA5000465BD90DC9052DED028B90ED021B90EDE3
:10AA6000008B521ADB1500EE103A03EE902AB8EE76
:10AA7000C00BB7EEE33A30EE010BA8EE032BBDECB2
:10AA8000028B22EE023BA4EE027BA5EE020BA6EEA9
:10AA9000037BA3EE070BB7EEC00B70479FED0F0AC9
:10AAA0007047590014D0B3F1FF4F14D0002B0BDBCB
:10AAB000B1F17F4F08D2DFED0A7A60EE277A17EE08
:10AAC000903AA3F13862B1E700EE103A01F0F2B922
:10AAD000012001F0DDB97047780D00200000000072
:10AAE0000000004B00000000B0EE407B17EE903AF3
:10AAF0001B4A23F0004393421BDD1A4A934202DDB6
:10AB000030EE400B704700B585B0684600F0A0FB02
:10AB100000F0030001289DED021B9DED000B0CD001
:10AB2000022812D070B1012000F0A2F905B05DF842
:10AB300004FB9FED091B00F017B800F099F9B1EE86
:10AB4000400BF3E700F010F8F0E700F00DF8B1EE7D
:10AB5000400BEBE7AFF300800000000000000000B6
:10AB6000FB21E93FFFFFEF7F10EE903A23F0004317
:10AB7000B3F1795F2DED028B2EDAFDEEC07B17EE7F
:10AB8000903A002B65D020EE004B9FED358B9FED6A
:10AB9000362B9FED373BA4EE082B9FED375BA4EEE1
:10ABA000023B9FED376BA4EE035B9FED377BA4EE7A
:10ABB000056BA4EE067B24EE077B21EE401BB6EE70
:10ABC000006BA4EE071BB7EE000B94EE061BBDEC6A
:10ABD000028B30EE410B70479FED218B20EE004B36
:10ABE0009FED212B9FED223BA4EE082B9FED225BD6
:10ABF000A2EE043B9FED226BA3EE045B9FED227B54
:10AC0000A5EE046B224AA6EE047B934227EE047B5A
:10AC1000D3DD204A934217DCB7EE006B0020A3F58A
:10AC2000001141EC150B36EE456B21EE401BB6EEE4
:10AC3000003BA4EE071B94EE035BBDEC028B35EEEC
:10AC4000410B36EE400B7047B6EE076BB5EE025B7C
:10AC5000EBE7B7EE000BBDEC028B7047AFF3008063
:10AC6000D43888BEE9FAA8BDC4B1B4BD9EEE213E79
:10AC7000AD529C804F7E92BE9015CB19A001FA3E3A
:10AC80007751C1166CC156BF4C5555555555A53F0A
:10AC90003233D33F0000E93F51EC100B10EE102A85
:10ACA00021F0004343EC102B704700BF08B510EEB5
:10ACB000103A23F00042B2F1465FF0EE407A0FDA2C
:10ACC000BDEEC07A17EE101AF9B9431C134300F019
:10ACD0009F80012803D0BFEE007A87EE270A08BDC7
:10ACE00050498A4211DB9FED507ADFED506A002B0C
:10ACF000BCBFF1EE600AF1EE407A77EE677A36EE8D
:10AD0000E07ADFED4B0A77EE277A67EEA76ADFED90
:10AD1000494ADFED495A9FED495A9FED496A414939
:10AD200026EEA67A8A42E7EE245AA7EE056ADFED00
:10AD3000454A9FED455AE5EE874AA6EE075ADFEDF4
:10AD4000435A9FED436AE4EE875AA5EE076ADFEDAA
:10AD5000414A9FED415AE5EE874AA6EE075A9FED1C
:10AD60003F6ADFED3F5AA4EE876AE5EE075AB0EE80
:10AD7000467AA5EEA67A27EEA65AB0EE606AA7EE4E
:10AD8000056ADFED384AE6EE260AE5EE240A37EEDC
:10AD9000A00A1FDA0128A2D0BFEE007AC7EE006A2F
:10ADA000314B10EE102A1A4006EE102A16EE902AA9
:10ADB00076EE677A134000EE103AB7EE007A70EE46
:10ADC000E70AF0EE477AE6EE007AE0EE807AA7EE48
:10ADD000A60A08BD07EE100AB8EEC77A60EE006A50
:10ADE00030EE070A9B1786EE806A03F00203C3F178
:10ADF0000103F0EE005A36EE606A06EE903A77EE06
:10AE0000C67AF8EEE66AA7EEE57A26EE870A08BD6E
:10AE100000F004FAB7EE007AF0EE407A87EE270AE7
:10AE200008BD00BF40A12C3FDA0F493F6821223303
:10AE3000000000005FAE9BB745F4A3388453D937B8
:10AE40007AC09538C8261A3AB937813916696B3BEA
:10AE500048DEBE3AA427B33C1F37113C8988083E20
:10AE6000D10D5D3DABAAAA3E00F0FFFF000000003F
:10AE700010EE903A23F00043B3F1795F04DAFDEE6F
:10AE8000C07B17EE903A5BB320EE007B9FED162B54
:10AE90009FED173B9FED184BA7EE023B9FED185B14
:10AEA000A3EE074B9FED186BA4EE075BA5EE076BB7
:10AEB00020EE075B30B99FED164BA7EE064BA4EED4
:10AEC000050B70479FED144B26EE456BB6EE003B2D
:10AED000A1EE036B96EE071BA5EE041B30EE410BB3
:10AEE000704700BFAFF300807CD5CF5A3AD9E53D1B
:10AEF000EB9C2B8AE6E55ABE7DFEB157E31DC73EAB
:10AF0000D561C119A0012ABFA6F810111111813F06
:10AF1000495555555555C5BF495555555555C53FC5
:10AF200010B510EE103A23F00044B4F1FF4F2DEDB0
:10AF3000028B39DA324AF6EE008ABEEE007A002B36
:10AF400028FE878A94420CDD2E4B9C4245DD2E4B19
:10AF50009C4249DD9FED2D7A20EE070ABDEC028B65
:10AF600010BDB4F1465F24DA9FED287A30EE077AFF
:10AF7000F7EE006AB4EEE67AF1EE10FAEEDC00F0DD
:10AF80004DF900F0AFFAB7EE007A20EE006A30EE2D
:10AF9000077AF0EE006AC6EE077AD0EE267A27EE40
:10AFA000880ABDEC028B10BDBDEC028B30EE000AAE
:10AFB00010BD00F033F900F095FAB4F17E5FE2DBEA
:10AFC000B7EE007A30EE077AC0EE077A77EE807A35
:10AFD00027EE880ABDEC028B10BD00F01FF9FFF7C9
:10AFE000D5FB20EE080AB9E700F018F920EE280A90
:10AFF000FFF7CCFB28EE007A27EE000AAEE700BF91
:10B00000FFFFAF411772B142FCD4B242C2BDF07C27
:10B0100001F052BF08B52DED028BB0EE408A01F071
:10B02000F1FFB4EE488AF1EE10FAF0EE408A0AD64B
:10B03000B0EE480A00F0F2F8DFED0B7AB4EEE70A62
:10B04000F1EE10FA04DCB0EE680ABDEC028B08BD2C
:10B05000DFED068A04F0CEFDB0EE680ABDEC028B8F
:10B060002223036008BD00BFFCD4B2420000807FF1
:10B0700038B510EE105A25F00044B4F1A14FF0EEAF
:10B08000407A0ADBB4F1FF4F58DCDFED517A9FEDD7
:10B09000517A002D37FE870A38BD4F4B9C425CDC4D
:10B0A000B4F1445F4DDB4FF0FF3327EEA76ADFEDCD
:10B0B0004B6ADFED4B5ADFED4B4A9FED4B5A9FED4C
:10B0C0004B4A26EE067A5A1CE7EE265ADFED486A0E
:10B0D000A5EE875AE7EE246ADFED465ADFED464AD1
:10B0E000E6EE875AA5EE074A9FED445ADFED446A23
:10B0F000A5EE875AE4EE074ADFED425AE4EE876A8E
:10B10000E5EE075A66EE866A65EE875A3AD03E4A01
:10B1100002EB830276EEA56A92ED007A3B4A96EE48
:10B12000A77A02EB8303002DD3ED006A77EE677AEE
:10B1300036EEE70AB0DAB1EE400A38BD30EE000A6A
:10B1400038BD9FED337A30EE077AF7EE006AB4EE41
:10B15000E67AF1EE10FAA6DD38BD00F05FF82D4B6F
:10B160009C4216DCA3F5D0039C4227DCF0EE007A6B
:10B17000BFEE007AA0EE277A002330EE270AC7EE52
:10B18000007A92E776EEA56AE6EEE77AB0EE670A15
:10B1900038BD214B9C420BDCF7EE087AB7EE007A03
:10B1A000A0EE277A022330EE670AC0EE077A7CE72A
:10B1B000BFEE007AC7EE007A032376E7F7EE007A57
:10B1C00030EE677A30EE270A0123C7EE007A6CE78B
:10B1D000DB0FC93FDB0FC9BFFFFFDF3ED769853CEF
:10B1E00059DA4B3D21A215BD356B883D6E2EBA3D17
:10B1F0006BF16EBD95879DBD2549123E388EE3BD2E
:10B20000ABAAAA3ECDCC4CBE148300200483002000
:10B21000CAF24971FFFF973FFFFF1B4010EE103A43
:10B2200023F0004300EE103A704700BFB1EEC00AB1
:10B23000704700BF82B08DED010A019820F00040F8
:10B24000B0F1FF4FACBF0020012002B0704700BF3B
:10B2500070B553EC102B9C4923F000458D4288B00B
:10B2600004466ADD99498D421E461BDC002B9FED8A
:10B27000867B40F3EB8030EE477BA1F51B21A1F5E7
:10B28000F0618D426AD09FED826B012037EE465B04
:10B2900037EE457B84ED005B37EE467B84ED027B29
:10B2A00008B070BD8A498D4260DD8A498D424DDC0F
:10B2B0002A1510EE100AA2F21642A5EB025141EC3B
:10B2C000170B9FED755BBDEEC76BB8EEC66B37EE27
:10B2D000467B27EE057BFDEEC74B8DED026BB8EE8E
:10B2E000E46B37EE467B27EE057BB5EE407BF1EE57
:10B2F00010FA8DED046B8DED067B40F0968014EE18
:10B30000903A002B0CBF01230223734901910221C3
:10B31000009102A8214601F063F9002EC0DA94EDF5
:10B32000006B94ED027BB1EE466BB1EE477B84ED92
:10B33000006B84ED027B4042B2E700200021C4E9AB
:10B340000201002084ED000B08B070BD30EE407BA0
:10B35000002084ED027B84ED007BA1E79FED505B34
:10B360009FED516B37EE457B01208FE7FFF794FC93
:10B37000B6EE007B9FED4E5BA0EE057BFDEEC77B3E
:10B380009FED413B17EE900A9FED416B1F28B8EEF1
:10B39000E75BB1EE454BA5EE430B25EE067B1CDCCF
:10B3A0004E4B421E53F82230AB4216D030EE476B64
:10B3B00084ED006B30EE460B30EE470B002E84ED33
:10B3C000020BBFF66DAFB1EE466BB1EE400B84EDF4
:10B3D000006B84ED020B404262E730EE476B16EEE5
:10B3E000903AC3F30A53C3EB1553102B4FEA25527F
:10B3F000DEDDB0EE403B9FED2A6B9FED2B2BA4EEE4
:10B40000063B30EE437BA4EE067B95EE027B33EEEB
:10B41000476B16EE903AC3F30A53D21A312A06DC70
:10B42000B0EE430B84ED006BC4E703236DE79FEDA3
:10B43000226BB0EE430B9FED222BA4EE060B33EEF6
:10B44000407BA4EE067B95EE027BAFE7244930EE0D
:10B45000077B8D420ED09FED0E6B4FF0FF3037EE25
:10B46000065B37EE457B84ED005B37EE067B84EDB3
:10B47000027B15E79FED0A5B9FED0B6B37EE057BBB
:10B480004FF0FF30EBE700BF00004054FB21F93FD5
:10B490003163621A61B4D03D0000000000007041C9
:10B4A0000000601A61B4D03D7370032E8A19A33B6B
:10B4B00083C8C96D305FE43F0000002E8A19A33BAA
:10B4C000C14920259A837B39FB21E93F7BD9024082
:10B4D000FB213941FFFFEF7FB4BA002078930020B1
:10B4E000FB21F93F10EE102A894922F000438B42DC
:10B4F0002AD9B3F1FF4F7ED800F0D680002AC0F2DF
:10B500008A80844A934200F2F0809FED837A20EE95
:10B51000077AF6EE007A77EE877A9FED806ADFEDA4
:10B52000806AFDEEE77AB8EEE77A17EE903AF0EE31
:10B53000407AE7EE467A27EE267A37EEC70A77EEAC
:10B54000C07A77EEC77A07E076498B4256D8B3F1D6
:10B550004C5FC0F082800023B6EE003A20EE034A32
:10B56000DFED716A9FED716ADFED714A9FED715AEF
:10B5700020EE047AF7EE003AA7EE266ADFED6E6A57
:10B58000E6EE074AB0EE086AE4EE876AF1EE085A82
:10B59000A6EE875AF0EE636AE5EE076AA4EE666AE5
:10B5A000E0EE465A36EEC66AC6EE256A66EE876A51
:10B5B000002B4DD076EEE76A5A1CD6EE807A77EEF5
:10B5C000C77A63D0012B51D05A1C392A33D8162B95
:10B5D00070DC4FF080721A41C2F17E5207EE102AE1
:10B5E00077EEC07A77EE677A17EE902A02EBC353B4
:10B5F00000EE103A704730EE000A70474F498B4218
:10B6000079D8002ADFED457A47DB9FED457A70EE69
:10B61000677A012391E7DFED4A7A70EE277AF5EE3B
:10B62000C07AF1EE10FA63D49FED3B7AFEEE007A19
:10B6300020EE077A6FE777EEC07A73EEE77A17EEBF
:10B64000902A02EBC35307EE903A37EEE30A7047B5
:10B6500090EE267A30EE470A7047DFED3A7A70EEC8
:10B66000277A77EEE77A30EE670A7047BDEE007A08
:10B67000B4EEC70AF1EE10FA2ED530EE033AB8EE6A
:10B68000000A77EEC37A27EE800A704770EE677A79
:10B69000BEEE000AA7EE830A70479FED2B7A70EE8C
:10B6A000277A4FF0FF3348E7FFEE007A002A20FEAA
:10B6B000270A7047C3F17F02D20507EE102A77EE02
:10B6C000877A70EE677A77EEA37A17EE902A02EB0C
:10B6D000C35300EE103A704770EE677AB0EE007A0E
:10B6E000E7EE873AB0EE630A7047002000F0CABB6D
:10B6F000BFEE000A70479FED087AF6EE007AFEEE84
:10B70000006A002A20EE077A67FEA67A03E700BFE8
:10B7100043B895411772B1423BAAB83F8071313F9F
:10B72000D1F717371872B13EBBED57B4547E863649
:10B73000CD70A6B8898808BD010DD03A9115853F16
:10B740006042A20DCAF24971D1F717B7000000009C
:10B7500030B410EE103A2DED028BA3F5000110EE7F
:10B76000902AB1F1FE4F10EE104A82B04FEA42012A
:10B770007CD201F1FF3C6FF08070844580F0F7804F
:10B78000002004F1404303F54D03C3F3C342DB0D36
:10B79000DB05E11ADB1507EE903AB14B03EB021221
:10B7A00092ED003B04EE101AB7EEE06AB7EEC44A21
:10B7B000BFEE000BA3EE040B93ED443B20EE001B09
:10B7C00093ED464B93ED402BA0EE034B93ED425B84
:10B7D00093ED483BA0EE025B21EE012B92ED028B34
:10B7E000B8EEE77B37EE087BA0EE037BA1EE047B8F
:10B7F000A5EE027B26EE077B17EE903A48F2BF01DA
:10B80000C3F3CF338B4250D2B7EE000B954B93ED81
:10B81000402B37EE023B13EE102A33EE423B02F090
:10B820001F01821803EBC10093ED424B37EE437BBF
:10B8300053F83140456893ED446B93ED465BA7EEBA
:10B84000046B27EE074B0023181905EBC231A7EE56
:10B85000050B41EC170BA6EE040B20EE070BB7EE21
:10B86000C00B02B0BDEC028B30BC70474D1E6FF0B8
:10B870008070854280F0CE8059004D1E854280F058
:10B880009280002B55DB0020B4F5000FBFF479AF98
:10B89000DFED757A07EE103A67EE277A17EE904AD9
:10B8A00024F00044A4F138646BE79FED656BB4EEBF
:10B8B000C67BF1EE10FA15DC9FED636BB4EEC67B30
:10B8C000F1EE10FA20DD4FF04C5388B10193DDED1D
:10B8D000016ABFEE006A76EE666AF4EE466AF1EE41
:10B8E00010FA11D002B0BDEC028B30BC00F0CABA25
:10B8F0000093DDED006AB7EE006A76EE866AF4EE3C
:10B90000466AF1EE10FAEDD19FED516BB4EEC67BB5
:10B91000F1EE10FA57D99FED506BB4EEC67BF1EE05
:10B9200010FA7FF571AF02B0BDEC028B30BC00F0B5
:10B93000A3BAC2F3C7517E2911DD962954DC012038
:10B94000C1F1960100FA01F1481E104207D11142DF
:10B9500014BF01200020000424F0004494E700EE0E
:10B96000103A02B0BDEC028B30BC00F0A3BA002943
:10B9700052D0B3F17E5F2CD06400B4F17F4F2ED84B
:10B98000B1F17F4F2BD1B4F1FE4F4BD0B4F1FE4F4C
:10B990006FEA020234BF00240124D20F94424CD03B
:10B9A0009FED320A5DE7002B20EE000A1EDB00202F
:10B9B00000293AD1002ABFF654AF02B0BDEC028B89
:10B9C00030BC00F065BA02B0BDEC028B30BC00F0B8
:10B9D0004DBA82F48002520012F5000F22D907EE10
:10B9E000903A37EEA00A3CE70020B5E7C2F3C75310
:10B9F000A3F17F001728DAD8C3F19600012303FAD8
:10BA000000F0441E1442D2D11040D1D0B1EE400A11
:10BA10001846CDE70029AFD184F48002520012F518
:10BA2000000FDCD8B7EE000A1BE7002ABFF619AFFB
:10BA3000F7EE007A87EE800A13E720EEA00A10E7FF
:10BA400071D5D1FFFFFF5F40E2AAA3FFFFFF5F4078
:10BA50000000000000C062C00000000000A062C042
:10BA600080290020C00300200000004B00000000DF
:10BA700030B510EE104AC4F30A53B3F57D7FB7EE2C
:10BA8000C06A83B01BD226EE065BB3F5667F6ED329
:10BA900026EE052B25EE021B734B93ED1A3B93ED1F
:10BAA000187B93ED164BA5EE037BA2EE046BB0EE74
:10BAB000460BA7EE010BB7EEC00B03B030BD40F252
:10BAC0002E4293425ED8684991ED087B26EE077BB3
:10BAD000FDEEC77B91ED0A5B17EE903A03F500038C
:10BAE0001B1613F0020F07EE903A01F1700208BF27
:10BAF0000A46D807B8EEE77BA7EE456B26EE067B35
:10BB00001BD403F0030301EBC30192ED1A4B91ED3B
:10BB1000002B92ED185B26EE026B92ED163BA7EE22
:10BB2000045B26EE074B27EE047BA4EE036BA5EE29
:10BB3000076BB7EEC60B03B030BD92ED142B27EEAA
:10BB4000075B92ED126B92ED0E3BA7EE026B92ED4E
:10BB50000C0B92ED104BA7EE030B27EE057BA5EE29
:10BB6000040BA6EE070BB7EEC00B03B030BD220DE1
:10BB700012F4FF6FDFD1B7EEC55B00EE104A8DED1A
:10BB8000015AD8E7B3F5FF6F4BD2384BC4F3836249
:10BB900003EB820053F822200569C4F31603C4F3B3
:10BBA000C25143F400038B40016A03FB02F2A3FB82
:10BBB0000110E3FB050202F100518D0F01F040413D
:10BBC000511A02F047FA2A4B9FED257B05EBD474FE
:10BBD00041EC160B14F0020FA3F1700208BF1346DC
:10BBE000E90726EE077B27EE076B1FD404F003045A
:10BBF00002EBC40293ED1A4B92ED002B93ED185B10
:10BC000027EE027B93ED163BA6EE045B27EE064B78
:10BC100026EE046BA4EE037BA5EE067BB7EEC70B06
:10BC200089E703B0BDE8304000F044B993ED142B30
:10BC300026EE065B93ED127B93ED0E3BA6EE027BA8
:10BC400093ED0C0B93ED104BA6EE030B26EE056B5C
:10BC5000A5EE040BA7EE060BB7EEC00B6BE700BF1B
:10BC6000182D4454FB21193CA82A00209C7F002059
:10BC7000182B00200000000038B510EE104AC4F365
:10BC80000A53B3F57D7FB7EEC07A1ED227EE077B4D
:10BC9000B3F5667F6FD327EE071B634B93ED142B31
:10BCA00093ED125B93ED0E3BA7EE025B93ED0C0B55
:10BCB00093ED104BA7EE030B27EE017BA1EE040BD7
:10BCC000A5EE070BB7EEC00B38BD40F22E429342F3
:10BCD00054D8554991ED086B27EE066BFDEEC66B07
:10BCE00091ED0A5B16EE903A03F500031B1613F074
:10BCF000020F06EE903A01F1700208BF0A46D8071B
:10BD0000B8EEE66BA6EE457B27EE076B1AD503F07F
:10BD1000030301EBC30191ED002B92ED1A4B92ED61
:10BD2000185B92ED163BA6EE045B27EE027B27EE36
:10BD3000064B26EE046BA4EE037BA5EE067BB7EE66
:10BD4000C70B38BD92ED142B92ED127B92ED0E3B9A
:10BD500092ED0C0B92ED104B26EE065BA6EE027BED
:10BD6000A6EE030B26EE056BA5EE040BA7EE060B65
:10BD7000B7EEC00B38BDB7EE000A38BDB3F5FF6FA4
:10BD80003DD22A4BC4F3836203EB820053F8222096
:10BD90000569C4F31603C4F3C25143F400038B4096
:10BDA000016A03FB02F2A3FB0110E3FB050202F1AF
:10BDB00000518D0F01F04041511A02F04BF91C4B1C
:10BDC0009FED177B05EBD47441EC160B14F0020FBA
:10BDD000A3F1700208BF1346E90726EE077B27EEA2
:10BDE000076B10D504F0030402EBC40292ED002BA4
:10BDF00093ED1A4B93ED185B93ED163B93E7BDE87B
:10BE0000384000F057B893ED142B93ED127B93ED6F
:10BE10000E3B93ED0C0B93ED104B9DE7AFF30080C1
:10BE2000182D4454FB21193CA82A00209C7F002097
:10BE3000182B002010B582B08DED010A044603F0E6
:10BE4000D9FE9DED010A046002B010BD30B1F1EEE3
:10BE5000407A27EE800A2220FFF7ECBFF0EE407A0E
:10BE600027EE800A2220FFF7E5BF00BF9FED010A01
:10BE7000FFF7ECBF000000109FED010AFFF7E6BFDF
:10BE80000000201A9FED010AFFF7E0BF00000070DC
:10BE90009FED070AFFEE007AB7EE007A00284FF018
:10BEA000220047FE277A87EE800AFFF7C3BF00BF54
:10BEB0000000000070EE407AB4EE400A87EEA77AE8
:10BEC000F1EE10FAB0EE470A02D62120FFF7B2BF1A
:10BED000704700BF0000000030B482B08DED000B51
:10BEE000019A194C22F000430021A342016021DC99
:10BEF000009C1C431ED0154C144054B99FED107B80
:10BF000020EE077B8DED007B019A6FF0350122F06A
:10BF1000004322F0FF42DDE9004522F4E00242F056
:10BF20007F551B1545F40015A3F2FE33CDE90045FE
:10BF30000B4403609DED000B02B030BC704700BFA6
:10BF40000000000000005043FFFFEF7F0000F07F83
:10BF500008B52DED048BB0EE409B01F0BDFAB0EEBC
:10BF6000408B00F0A7FA20B1B0EE480BBDEC048B7B
:10BF700008BDB0EE490B00F09DFA0028F4D003F0A4
:10BF800039FEB5EEC09B9FED088B9FED097BF1EE6E
:10BF900010FA38FE078BB0EE480BBDEC048B222361
:10BFA000036008BDAFF30080000000000000F07FD8
:10BFB000000000000000F0FFB0EE407B17EE903A6A
:10BFC0001B4A23F0004393421CDD1A4A934202DDD0
:10BFD00030EE400B704700B585B06846FFF738F982
:10BFE00000F0030001289DED021B9DED000B0ED01B
:10BFF000022813D070B1FEF7B7FDB1EE400B05B0CB
:10C000005DF804FB9FED081B0020FEF731BFFEF733
:10C01000ABFDF4E70120FEF72BFFF0E70120FEF770
:10C0200027FFB1EE400BEAE700000000000000002F
:10C03000FB21E93FFFFFEF7FB0EE407B17EE903A28
:10C04000134A23F00043934218DD124A934202DD63
:10C0500030EE400B704700B585B06846FFF7F8F842
:10C06000400000F002009DED021B9DED000BC0F1B1
:10C07000010000F0FDFD05B05DF804FB9FED021B23
:10C08000012000F0F5BD00BF00000000000000002E
:10C09000FB21E93FFFFFEF7F30B52DED028B83B031
:10C0A0008DED000B019C354A24F00043934210DDD6
:10C0B000334B002C93ED006B93ED007B39DBB0EE3E
:10C0C000405B86EE050B30EE070B03B0BDEC028B38
:10C0D00030BD2C4A93420FDD294A2B4B92ED000BC9
:10C0E00093ED007B30EE470B002CB8BFB1EE400B58
:10C0F00003B0BDEC028B30BDB3F1725F23DB234A8A
:10C10000234D934229DDFEF7C7FD95ED007B20EE20
:10C11000070B00F0E5FF1A4B93ED007B95ED005BFC
:10C1200095ED006B36EE000B85EE006B37EE460B9F
:10C13000DAE79DED005B86EE050B30EE470B03B0B2
:10C14000BDEC028B30BD0E4B9DED007B93ED000BE3
:10C1500030EE070B20EE070BB7E795ED008BFEF7EF
:10C160009BFD28EE400B00F0BBFF95ED007BB1EE90
:10C17000406B37EE007B86EE070BB5E7FFFFEF7FE6
:10C18000C8C50020FFFF3540D0C50020FFFFEF3FAE
:10C19000D8C5002008B510EE103A33F000422DED5E
:10C1A000028B2BD0002B32DBB3F1FF4F41DAB3F51A
:10C1B000000F35DB0021DA157F3A0A44D10FC1F1B7
:10C1C0007F0102EBD272C3F3160307EE902A43EA13
:10C1D000C15300EE103AB8EEE78AFEF7B7FBDFED89
:10C1E000177A9FED177A20EE270ADFED167AA8EE70
:10C1F000070AA8EE270ABDEC028B08BDBDEC028B36
:10C200009FED117ADFED117A87EE270A08BDBDECAC
:10C21000028B70EE407A9FED0D7A87EE870A08BD9B
:10C22000DFED0B7A60EE277A6FF0180117EE903A87
:10C23000C1E7BDEC028B30EE000A08BDD95BDE3EE3
:10C24000DB27543580209A3E000000CC000000001F
:10C250000000004C70B510EE103A884A23F00044FC
:10C26000944286B0054670DD854A944210EE106A0D
:10C2700022DC002BDFED837A834A24F00F04B0EE3A
:10C28000407A40F3E280944270EE677A09BFDFEDB6
:10C290007F6A9FED7F7A9FED7F7A77EEE67A0120C5
:10C2A00077EEC76A77EEE67AC5ED006A77EEC77A71
:10C2B000C5ED017A06B070BD774A944254DDB4F101
:10C2C000FF4F49DAE215863AA4EBC25307EE903AE3
:10C2D000BDEEE77ADFED716AB8EEC77A77EEC77A1E
:10C2E0008DED037A67EEA67ABDEEE77AB8EEC77AEF
:10C2F00077EEC77A8DED047A67EEA67AF5EE407A8E
:10C30000F1EE10FACDED057A40F08E80B5EE407A70
:10C31000F1EE10FA14BF02230123614901910221B9
:10C32000009103A8294601F069F9002EC2DA95EDC3
:10C33000007AD5ED017AB1EE477AF1EE677A85EDB4
:10C34000007AC5ED017A4042B4E7002285ED000A8B
:10C350004260002006B070BD70EE407A0020C5ED4E
:10C36000017AC5ED007AA5E7FEF758FF9FED4D7AFB
:10C370009FED446AF6EE007AE0EE077A9FED447A8C
:10C38000FDEEE77A17EE900AF8EEE76A1F28A6EEB0
:10C39000C60A66EE877AB1EE666A1EDC424A411E24
:10C3A00024F0FF0352F82120934216D030EE677A32
:10C3B00085ED007A30EE470A002E30EE670A85EDF3
:10C3C000010ABFF677AFB1EE477AB1EE400A85EDCC
:10C3D000007A85ED010A40426CE730EE677AE2159B
:10C3E00017EE103AC3F3C753C3EBD453082BDFDD6A
:10C3F0009FED267A9FED275AF0EE405AE6EE075A57
:10C4000070EE657AE6EE077AD6EE857A35EEE77A53
:10C4100017EE103AC3F3C753D21A192A06DCB0EE4E
:10C42000650A85ED007AC5E7032376E79FED1F7A5D
:10C430009FED1F5AB0EE650AA6EE070A75EEC07AA8
:10C44000E6EE077AD6EE857AB0E7944270EE277A68
:10C4500009BFDFED0E6A9FED0E7A9FED0E7A77EE43
:10C46000A67A4FF0FF3077EE876A77EEE67AC5ED71
:10C47000006A77EE877AC5ED017A1BE7D80F493F4E
:10C48000E3CB1640800FC93FD00FC93F004435377A
:10C490004344353708A3852E800F4943000080436D
:10C4A000BCBB002084F9223FF893002000A3852E16
:10C4B00032318D2482B08DED000B019840F00040A8
:10C4C00000F58010C00F02B0704700BF00000000F0
:10C4D00053EC102B10B4C3F30A54194674BB23F069
:10C4E0000041114327D09FED307B3B4920EE077B75
:10C4F000884253EC172B43DBC3F30A541946363CEE
:10C500004CF2503C604522DC204440F2FE74A042D4
:10C510001DDC002829DC10F1350F38DB21F0FF414C
:10C52000363021F4E0019FED227B41EA005343ECD9
:10C53000102B20EE070B5DF8044B704740F2FF7C98
:10C540006445DDD130EE000B5DF8044B70479FED84
:10C550001A7B9FED1B5BB0EE470B002B5DF8044B85
:10C5600027FE057B27EE000B704721F0FF4121F4E9
:10C57000E00141EA005343EC102B5DF8044B704797
:10C580009FED110B5DF8044B27EE000B70479FEDFC
:10C590000E7B9FED0F5BB0EE470B002B27FE057B5C
:10C5A00027EE000BC7E700BF00000000000050436B
:10C5B000000000000000903C9C7500883CE4377E41
:10C5C0009C7500883CE437FE59F3F8C21F6EA50144
:10C5D00059F3F8C21F6EA581B03CFFFF00000000B8
:10C5E0002DE9F04F2DED088BADF5157D1C4604931C
:10C5F0000791AB4BA69912F1140F53F821508246C4
:10C6000004F1FF38C0F29982A649D31E81FB0301D1
:10C61000DB17C3EBA10303930133A3EB8303DB001D
:10C62000D3180693039B15EB0801A3EB08031AD458
:10C6300001319FED956BA79819441CAA0AE050F8A8
:10C64000234007EE904A0133B8EEE77B8B42A2EC21
:10C65000027B08D0002BF2DAB0EE467B01338B422E
:10C66000A2EC027BF6D1002DC0F2C982049B1CAA69
:10C6700002EBC3046CAE4FEAC30C4046EF180AEB62
:10C68000C301B8F1000F9FED807B09DB22465346C2
:10C69000B3EC025B32ED026B8B42A5EE067BF7D169
:10C6A0000130B842A6EC027B04F10804E9D108AFDE
:10C6B00007EB85039FED769B9FED778B043BDDF8C1
:10C6C00018B005930AEB0C0407EB85096CAE2946FC
:10C6D000019594AB03EBC103002913ED280B16DD84
:10C6E00006EBC1033A4620EE097B33ED025BB0EE68
:10C6F000406BBDEEC77BB342B8EEC77BA7EE486B7D
:10C70000BDEEC66B37EE050BA2EC016AEBD15846C5
:10C710000291FFF7DDFEB0EE40ABB4EE000B2AEE67
:10C72000000B00F051FEB2EE007BA0EE47ABBDEE79
:10C73000CABBBBF1000FB8EECB7B02993AEE47AB18
:10C7400074DD01F1FF3ECBF1180357F82E2042FAB9
:10C7500003FC0CFA03F3D21ACBF117001BEE103ACC
:10C7600042FA00F56344002D47F82E200BEE103AF4
:10C7700064DCB5EE40ABF1EE10FA40F0C480019BF2
:10C7800001F1FF3E73450DDC4FEA810C07EB81039D
:10C79000002053F8042D4B4540EA0200F9D100284F
:10C7A00040F0F280019B013B57F82330002B40F012
:10C7B000E680059B012553F8042D0135002AFAD0A7
:10C7C00001F1010E0D447046049B1944039B03EBD9
:10C7D0000E0C0CF1804CA79B0CF1FF3C03EB8C0C76
:10C7E0001CAB06EBCE0E03EBC1019CED017AB8EE5B
:10C7F000C77BB8F1000F81ED007B0CF1040C0A46F9
:10C800009FED216B01F1080109DB534601E032ED98
:10C81000027BB3EC025BA342A5EE076BF7D10130BC
:10C82000A842AEEC026BE0DD294652E740F09D8065
:10C830004B1E57F82350ED15002D9ADD1BEE103AD4
:10C84000002903F101030BEE103A40F38C813A68A2
:10C85000002A40F0828001292DD03B46012053F868
:10C86000042F002A7CD0431CC2F18072994247F801
:10C8700020201FDD57F8232007EB810C07EB8303F3
:10C880006FF07F4011E000BF0000000000000000DA
:10C89000000000000000703E000000000000704139
:10C8A0001C930020ABAAAA2A1A68821A43F8042B08
:10C8B0006345F9D10122BBF1000F0DDDBBF1010F82
:10C8C00000F03381BBF1020F06D1481E57F820302B
:10C8D000C3F3150347F82030022D7FF44AAFB7EEBB
:10C8E000000B30EE4AAB002A3FF443AF58460291AA
:10C8F000FFF7EEFD3AEE40ABB5EE40ABF1EE10FACD
:10C9000002993FF43CAF069CB0EE4A0B6042A84649
:10C910008B46019DFFF7DCFD9FEDC16BB4EEC60BAE
:10C92000F1EE10FAC0F247819FEDBF7B20EE077B4E
:10C93000BDEEC77B0BF10102B8EEC75BA5EE460B5F
:10C94000BDEEC00B183410EE103A47F82B3017EE3E
:10C95000103A069447F822302AE00123002083E7AA
:10C96000013088427FF47BAFA5E7B6EE007BB4EEE2
:10C97000C7ABF1EE10FA80F2E5800025F9E601F18F
:10C98000010E704675461FE7069BA3F1180157F884
:10C990002E300691A8467246019D4BB9ACF10403B6
:10C9A0003B4453F8040D013A18390028F9D0069198
:10C9B0000698B7EE000B0192FFF78AFD019A002A54
:10C9C000C0F221819FED986B02F1010C6CA907EB7D
:10C9D0008C034FEACC0E01EBCC0133ED017ABB4264
:10C9E000B8EEC77B27EE007B20EE060B21ED027B25
:10C9F000F3D19FED8F4BAEF108036CA9CE18002444
:10CA000044AF002D9FED8C7B10DBB0EE446B8C4867
:10CA10003146002303E09C4208DBB0EC026BB1EC32
:10CA2000025B01339D42A5EE067BF4DA07EBC403FB
:10CA3000944283ED007B4FEAC40104F10103A6F1A7
:10CA4000080601D01C46DCE7A69B022B1DDC002B50
:10CA500000F38B800FD19FED787BBE443EED026BDF
:10CA6000774537EE067BF9D143460BB1B1EE477BF4
:10CA7000079B83ED007B1BEE103A03F007000DF5DA
:10CA8000157DBDEC088BBDE8F08FA69B032BF2D182
:10CA9000002A00F0E38002F1005307EBC20030ED02
:10CAA000026BB0EE475B874237EE067B36EE476B94
:10CAB00080ED007B36EE056B80ED026BEFD1012A35
:10CAC00040F3CC80394491ED006BDA0046A907EBC6
:10CAD000C30333ED027BB0EE465B994236EE076B43
:10CAE00037EE467B83ED006B37EE057B83ED027BF3
:10CAF000EFD19FED517B02F108033B4407F1100297
:10CB000033ED026B9A4237EE067BF9D14346002B98
:10CB100059D1D7E90001D7E90223079C84ED047BB2
:10CB2000C4E90001C4E90223A5E7481E57F82030F4
:10CB3000C3F3160347F82030CEE600216FF0170349
:10CB400003916DE51BEE103A002903F101030BEE92
:10CB5000103AC8BF02253FF77AAEB7EE007B37EE3A
:10CB60004AAB022505E60022A5E69FED337B07EBE5
:10CB7000CC0C3CED026B674537EE067BF9D14346A2
:10CB800097ED006B8BBB079B002A83ED007B36EE95
:10CB9000477B0CDD46A90123B1EC026B01339A42BD
:10CBA00037EE067BF8DA43460BB1B1EE477B079BC5
:10CBB00083ED027B5FE7BDEEC00B5A4610EE103AE4
:10CBC00047F82B30F4E697ED005BB1EE477B97ED2D
:10CBD000026BB1EE455B079BB1EE466B83ED005BEC
:10CBE00083ED026B83ED047B45E7079BB1EE475B6A
:10CBF000002A83ED005B36EE477BCBDCD5E7049B58
:10CC00004FEAC30C53E5A69B022B1BDC002B21DC57
:10CC10007FF431AF9FED087B26E700BFAFF30080C4
:10CC20000000000000007041000000000000703EA5
:10CC300000000040FB21F93F000000000000000060
:10CC400088030020A69B032B7FF415AF9FED067B86
:10CC500044AF5BE79FED047B44AF90E79FED027B21
:10CC600054E700BFAFF300800000000000000000A8
:10CC700038B5B0EE407B17EE903A8D4923F0004274
:10CC80008A422DED108B2DDCFDEEC06B16EE901A56
:10CC9000F1BB10EE104A431C2343134300F0BC8049
:10CCA000012800F0968030EE016BBFEE005BBDEC1A
:10CCB000108B85EE064B55EC164BB7EE006B53EC24
:10CCC000142B0C460A4643EC102B45EC154BA5EEF5
:10CCD000006B35EE477B31EE477BA7EE006BA6EE8F
:10CCE000040B38BD73498A4212DD9FED515B002B66
:10CCF0009FED516BB8BFB1EE411B35EE415B9FED2F
:10CD0000501BB8BFB1EE407B36EE477B35EE077B5C
:10CD10009FED4DAB27EE075B25EE056B9FED4C8B32
:10CD20009FED4D2BA6EE0A8B9FED4D4BA8EE062BEB
:10CD30009FED4DCBA2EE064B9FED4DEBA4EE06CB47
:10CD4000B0EE414B9FED4C9BACEE06EB9FED4C0BD8
:10CD50009FED4D3BA6EE090B9FED4DBBA0EE063BB4
:10CD60009FED4DDBA3EE06BB9FED4DFBABEE06DB6F
:10CD70005049ADEE06FB27EE056BAFEE05EBAEEED0
:10CD8000064BA4EE051B9FED485B8A42A6EE051BF1
:10CD900037EE010B20DC01281BD0BFEE006B86EEC6
:10CDA000004B51EC100BB7EE005B53EC142B002042
:10CDB000024643EC102B41EC160B36EE473BB0EE2F
:10CDC000457B31EE431BA6EE007BA1EE007BA7EE78
:10CDD000040BBDEC108B38BD9B17BDEC108B20EE07
:10CDE000004B06EE900A03F00203C3F10103B8EE14
:10CDF000E63B06EE903A30EE030BB8EEE66B84EEBF
:10CE0000005BB0EE004B35EE415B37EE457BA7EEA5
:10CE1000443B26EE030B38BDFDF73EFFB7EE006B3B
:10CE2000B0EE407B86EE070BD3E700BFAFF3008088
:10CE3000075C143326A6813C182D4454FB21E93F9E
:10CE40000000000000000000735360DBCB75F3BEF0
:10CE5000A69237A0887E143F0165F2F2D844433F82
:10CE6000280356C9226D6D3F37D60684F464963F79
:10CE70007AFE10111111C13FD47ABF74702AFB3EA3
:10CE8000E9A7F0320FB8123F68108D1AF726303F2D
:10CE90001583E0FEC8DB573F93846EE9E326823FAB
:10CEA000FE41B31BBAA1AB3F635555555555D53F10
:10CEB000FFFF2F3E2794E53F10B582B0CDED010A6C
:10CEC000019B23F00042B2F1FF4FF0EE407A30DCDC
:10CED00010EE100A20F00041B1F1FF4F29DCB3F150
:10CEE0007E5F40D09C1704F0020444EAD07431B352
:10CEF00072B3B2F1FF4F3ED0B1F1FF4F28D0891A83
:10CF0000B1F1F45F4FEAE15232DA002B40DA3C3201
:10CF10003EDA9FED330A012C4CD0022C41D064B193
:10CF20009FED307ADFED307A30EE070A30EE670A97
:10CF300003E09DED017A37EE270A02B010BD022C06
:10CF40000ED09FED2A7A032C07FE000A02B010BD16
:10CF50009FED270ADFED277A002820FE270AECE75D
:10CF60009FED210AE9E702B0BDE81040FEF780B866
:10CF70009FED1F0ACFE7B1F1FF4F04F1FF3420D03E
:10CF8000022C26D81C4B03EB840393ED000AD4E754
:10CF90009DED017A87EE870AFEF740F9FEF768F803
:10CFA000B9E79FED107ADFED107A30EE070A37EE21
:10CFB000C00AC2E710EE103A03F1004300EE103A47
:10CFC000BBE7022C08D80D4B03EB840393ED000A5A
:10CFD000B3E79FED030AB0E79FED090AADE700BF95
:10CFE000000000002EBDBB33DB0F4940DB0F49C002
:10CFF000DB0FC93FDB0FC9BF6C2C0020602C002069
:10D00000DB0F493F10B52DED028B82B08DED010A8B
:10D01000019C24F00044B4F1FF4F24DA2C4B9C42D5
:10D0200010DD2C4B9C423DDD2B4B9C4247DD2B4BB6
:10D030009C422ADD002002B0BDEC028BBDE810400E
:10D04000FEF720BFFEF7EAF8FEF74CFAF7EE006AAB
:10D05000B4F1105FB0EE407A30EE260A09DA02B081
:10D06000BDEC028B10BD20EE000A02B0BDEC028BBD
:10D0700010BD70EE007A27EE077A87EE276A36EE4B
:10D08000260A02B0BDEC028B10BDFEF7C7F8B6EE63
:10D09000008A20EE080AFDF779FB20EE088A28EEC8
:10D0A000000ADCE7FEF7BAF8FDF770FBB6EE007A8F
:10D0B000C7EE007AE0EE077AB0EE670ACFE7FEF738
:10D0C000ADF8FDF763FBF6EE007A20EE270AC6E71F
:10D0D0001772B13EFFFFAF411772B142FCD4B242AA
:10D0E00010EE902AB24922F000438B422DED088BBE
:10D0F00040F28880AF498B4277D8002AC0F2C280C4
:10D10000B6EE007B9FED926B20EE066B9FED924B8F
:10D1100037EE067B9FED92BBFDEEC77BB8EEE76B6B
:10D1200017EE901A26EE0BBBB0EE407BA6EE447BCA
:10D1300037EE4B0B37EE407B37EE4BBB9FED8AABA8
:10D14000B6EE009BB7EE007B9FED891B20EE098BAE
:10D15000B0EE085B9FED882B20EE086BA6EE0A1B55
:10D160009FED873BA1EE062B9FED874BA2EE063B82
:10D17000A3EE064BB0EE473BA4EE063BB1EE084BE8
:10D18000A8EE435B33EE453BA0EE454B83EE045BDC
:10D1900025EE065B00293DD035EE4B5B95EE00BBDE
:10D1A0004B1C3BEE46BB00F09880012900F08580C7
:10D1B0004B1C392B57D8132900F396803BEE40BB0C
:10D1C0004FF400100841C0F17F53002203F54013D3
:10D1D00043EC172B37EE4B7B17EE900A53EC172BD3
:10D1E00000EB015343EC102B18E073498B4226D916
:10D1F00010EE101AC2F313030B4300F08B8030EED5
:10D20000000B0BE06D498B420BD86D4A934249D914
:10D21000002193E790EE056B30EE460BBDEC088BDA
:10D22000704768498B4200F28780002A9FED4A7B55
:10D2300012DB30EE477B9FED4ABB012178E79FED83
:10D24000547BB4EEC70BF1EE10FA7FF756AFBDEC8E
:10D25000088B0020FCF790BE9FED4FBB30EE077BA4
:10D260004FF0FF3164E73BEE40BB37EE4BBB1BEEAC
:10D27000900A53EC1B2B00EB015343EC102B30EEC8
:10D28000470BCBE79FED467B30EE077BB5EEC07BCF
:10D29000F1EE10FA4DD4BEEE007B9FED2D6B20EE2B
:10D2A000066B33E79FED407BBDEC088B30EE077BD0
:10D2B00037EE477B30EE470B7047BDEE006BB4EEA8
:10D2C000C60BF1EE10FA2BD530EE099BB8EE000B31
:10D2D0003BEE49BB2BEE000BA0E730EE4BBBBEEEA6
:10D2E000000BABEE090B99E7C1F57F700330030526
:10D2F000002243EC162B3BEE06BB30EE4BBB3BEE65
:10D3000007BB1BEE900A53EC1B2B00EB015343ECC5
:10D31000102B83E7002ABFEE007B20FE070B7DE782
:10D3200030EE4BBBB0EE006BABEE067BB0EE470BC6
:10D3300074E7BFEE000B71E79FED056BB6EE007B67
:10D34000BEEE005B002A20EE066B27FE057BDDE6C5
:10D35000FE822B654715F73F0000E0FE422EE63FB8
:10D36000763C7935EF39EA3D2DC3096EB7FD8ABEAB
:10D370003952E686CACFD03EB7DBAA9E19CE14BF7B
:10D380008555FE19A0015A3FF41011111111A1BFCA
:10D39000EF39FAFE422E8640763C7935EF39EABD08
:10D3A00059F3F8C21F6EA5019C7500883CE4377ED6
:10D3B00079684340412E8640FFFFEF7F422ED63FE3
:10D3C000FFFF8F3CB1A2F03F10B582B08DED000B96
:10D3D00001990098C1F30A52A2F2FF33132B84463D
:10D3E00031DC002B21DB3A4A1A4101EA02040443F2
:10D3F0008E462DD09FED347B9DED006B36EE077B86
:10D40000B5EEC07BF1EE10FA09DD002904DA4FF425
:10D41000801141FA03F39E442EEA020100200B46DC
:10D42000024643EC102B02B010BD9FED277B30EE7F
:10D43000077BB5EEC07BF1EE10FAF0DD002928DBAA
:10D4400000200146EBE7332B06DDB3F5806F1BD0E0
:10D450009DED000B02B010BDA2F213424FF0FF3E53
:10D460002EFA02F21042F3D09FED177B9DED006B78
:10D4700036EE077BB5EEC07BF1EE10FACFDD00296A
:10D4800013DB2CEA0200CAE79DED007B37EE070BA9
:10D49000E0E721F0004101430E4B00294FF000006E
:10D4A0000CBF4FF000411946B9E7142B09D00124F5
:10D4B000C3F1340304FA03F39C44604588BF09199F
:10D4C000DFE70131DDE700BF9C7500883CE4377E73
:10D4D000FFFF0F000000F0BF10B5B0EE407B17EE6D
:10D4E000903A3F4A23F0004494422DED028B3CDCFD
:10D4F000B6EE005BBEEE008B3A4A002B25FE088B91
:10D5000094420FDD384B9C425CDD384B9C4236DD4B
:10D5100001339C422ED09FED300B27EE000BBDEC6B
:10D52000028B10BD324B9C4238DCB7EE005B9FEDA6
:10D530002A6B30EE066BB4EEC56BF1EE10FAEEDC42
:10D54000FDF7AAFBFFF7CCFD20EE004BB7EE006B1A
:10D55000B0EE005B30EE066B84EE067B90EE057B52
:10D5600027EE080BBDEC028B10BDBDEC028B30EE3C
:10D57000000B10BD1F4B10EE102A9A42CBD8B0EE14
:10D58000470BFDF789FBB6EE007B20EE070BFCF79F
:10D59000D3FB28EE008B28EE000BC0E7FDF77CFBE9
:10D5A000FFF79EFD144B9C42CEDDB7EE006B30EED4
:10D5B000066B80EE067B37EE000B20EE080BBDEC11
:10D5C000028B10BDFDF768FBFCF7B6FB20EE080BE5
:10D5D000A5E700BFAFF300803374AC3C1F7BAC7F8A
:10D5E000FFFFEF7FFFFF3540412E8640CD33864061
:10D5F000FFFF2F3E7DF8B98FFFFFEF3F2DE9F04F82
:10D600002DED048BDBB01C4603930691A04B68996B
:10D61000089253F82150111D824604F1FF38C0F2E0
:10D620009882D31E48BF131DDB1002930133DB0029
:10D630000793DDE907239B1A0593029B15EB08016D
:10D64000A3EB080316D401319FED927A699819442F
:10D650001EAA002BA4BF50F8234007EE904A03F106
:10D660000103ACBFF8EEE77AF0EE477A8B42E2ECCA
:10D67000017AEED1002DC0F2DB82039B1EAA02EBE1
:10D68000830446AE4FEA830C4046EF180AEB830151
:10D69000B8F1000FDFED7F7A09DB22465346F3EC49
:10D6A000016A32ED017A8B42E6EE877AF7D10130DA
:10D6B000B842E6EC017A04F10404E9D10AAF07EBC1
:10D6C0008503043B9FED759ADFED738A05980493FB
:10D6D0000AEB0C0407EB850946AE00955AAB03EB49
:10D6E0008503002D13ED140A4FEA850B16DD06EBBA
:10D6F00085033A4660EE097AB0EE407AFDEEE77AAD
:10D7000073ED016AF8EEE77AB342A7EEE87A37EEF6
:10D71000A60ABDEEC77AA2EC017AEBD1019000F027
:10D7200099FAB0EE408AB4EE000A28EE000AFCF73F
:10D73000BBFAF2EE007AA0EE678A01980028FDEEAF
:10D74000C89AF8EEE97A38EE678A76DD05F1FF3E91
:10D75000C0F1080357F82E2042FA03FC0CFA03F339
:10D76000D31AC0F1070119EE902A47F82E300B4169
:10D770006244002B09EE902A67DCB5EE408AF1EE98
:10D7800010FA40F0BE80009A05F1FF3B5A450EDCCE
:10D790004FEA850C07EB850200219E4652F8043DB6
:10D7A0004A4541EA0301F9D1002940F0F180009B8C
:10D7B000013B57F82330002B40F0E680049B4FF0EC
:10D7C000010C53F8042D0CF1010C002AF9D06B1C4C
:10D7D000AC449E460299039A01EB030B0BF1804B7C
:10D7E00069992A440BF1FF3B06EB83051EAB01EB65
:10D7F0008B0B03EB8201DBED017A9FED267AF8EECD
:10D80000E77AB8F1000F0BF1040BC1ED007A0A467C
:10D8100001F1040109DB534601E072ED017AF3ECFA
:10D82000016AA342A6EEA77AF7D10EF1010EE645F2
:10D83000A5EC017ADFDD654650E740F09B806B1E6A
:10D8400057F82330DB11002B97DD19EE902A002DBD
:10D8500002F1010209EE902A40F391813968002912
:10D860007ED1012D26D03A464FF0010C52F8041F0C
:10D87000002979D00CF10102C1F58071954247F879
:10D880002C1016DD57F82210BB4407EB82020AE089
:10D890002C93002000000000000080430000803B2B
:10D8A0000000C93F1168C1F1FF0142F8041B5A454D
:10D8B000F8D1012100280CDD012800F04181022867
:10D8C00007D105F1FF3C57F82C2002F03F0247F842
:10D8D0002C20022B7FF451AFB7EE000A30EE488ABD
:10D8E00000293FF44AAF0993019000F0B3F938EEF4
:10D8F000408A099B0198B5EE408AF1EE10FA3FF498
:10D9000042AF9846DDE90732B0EE480A981A019511
:10D91000009D00F09FF91FED207A019BB4EEC70A2D
:10D92000F1EE10FAC0F255815FED247A059A60EEAF
:10D93000277A0832FDEEE77A0592F8EEE77A03F1EE
:10D94000010BA7EEC70AFDEEE77ABDEEC00A10EEA6
:10D95000102A47F8232017EE903A47F82B302BE097
:10D9600001224FF0000C87E70CF1010CAC457FF46D
:10D970007DAF9FE7F6EE007AB4EEE78AF1EE10FA9B
:10D9800080F2EC800023F8E66B1C9E469C4621E763
:10D99000059B009DA3F1080257F82B300592F04635
:10D9A00053B9ACF104033B4453F8041D0BF1FF3BA6
:10D9B000083A0029F8D005920598B7EE000A00F061
:10D9C00049F9BBF1000FC0F229810BF1010646AA0B
:10D9D0001FED4E7A4FEA860C07EB860302EB8602B8
:10D9E00073ED017AF8EEE77ABB4267EE807A20EEBB
:10D9F000070A62ED017AF3D1ACF1040346AA002DC7
:10DA00001FED596A02EB03044FF0000022DB8F493F
:10DA1000DFED8F7AB0EE467A2246002303E098428B
:10DA200008DBB1EC017AF2EC016A01339D42E6EECB
:10DA3000877AF4DA5AAB03EB8003584543ED287A32
:10DA40004FEA800100F10102A4F1040405D0002D89
:10DA50001046DCDADFED7E7AECE7689A022A1DDCFC
:10DA6000002A00F38E8010D132ABDFED797A9C442E
:10DA70003CED017A634577EE877AF9D143460BB1E5
:10DA8000F1EE677A069BC3ED007A19EE903A03F047
:10DA900007005BB0BDEC048BBDE8F08F689A032AE9
:10DAA000F3D1BBF1000F00F0CB8032A813ED287A40
:10DAB00000EB8B020BF1804372ED017AF0EE476AC6
:10DAC00037EE277A904277EEC77A82ED007A77EECA
:10DAD000A67AC2ED017AEFD1BBF1010F40F3B0801D
:10DAE00001F5B4720DEB020111ED287A9A0033A909
:10DAF00000EB830373ED017AF0EE476A37EE277A85
:10DB0000994277EEC77A83ED007A77EEA67AC3ED75
:10DB1000017AEFD1131DDFED4E7A0344083033ED67
:10DB2000017A984277EE877AF9D14346002B58D193
:10DB30000699329A339B0A604B60C1ED027AA4E7E2
:10DB400005F1FF3C57F82C2002F07F0247F82C200B
:10DB5000BFE608230793002302936AE519EE903A83
:10DB6000002D03F1010309EE903AC8BF02233FF7ED
:10DB700075AEF7EE007A37EEC88A0223FDE5002184
:10DB800098E632ABDFED327A03EB860636ED017AAA
:10DB9000B34277EE877AF9D143469DED327A93BB53
:10DBA000069BBBF1000FC3ED007A77EE677A0CDDC0
:10DBB00033AA0123B2EC017A01339B4577EE877AD1
:10DBC000F8DA43460BB1F1EE677A069BC3ED017AB2
:10DBD0005BE7BDEEC00A9B4610EE102A47F82320F3
:10DBE000EAE6DDED326A9DED337A069BF1EE666A78
:10DBF000B1EE477AF1EE677AC3ED006A83ED017A00
:10DC0000C3ED027A41E7069BF1EE676ABBF1000FB4
:10DC100077EE677AC3ED006ACADCD4E7689B022B13
:10DC20000ADC002B0FDC7FF430AFDFED097A25E74B
:10DC3000039B4FEA830C41E5689B032B7FF425AFE0
:10DC4000DFED037A71E7DFED027AA5E7C42D00204E
:10DC50000000000010EE103A33F0004110EE102AE0
:10DC600027D0B1F1FF4F21D213F0FF4F22D1DFEDCA
:10DC70002B7A2B4A60EE277A904217EE903A33DBEC
:10DC80004CF2503CC3F3C751604517EE902AA1F106
:10DC9000190115DDDFED237ADFED236AB0EE677A37
:10DCA000002B67FEA67A27EE870A704730EE000A3F
:10DCB000704770474CF2503C60454FEAD151E9DC67
:10DCC0000144FE29E6DC002915DC11F1160F19DBF1
:10DCD000193122F0FF4242EAC15207EE902A9FED2D
:10DCE000130A27EE800A7047DFED117A07EE103A2B
:10DCF00027EE270A704722F0FF4242EAC15300EEA6
:10DD0000103A7047DFED0A7ADFED0A6AB0EE677A03
:10DD1000002B67FEA67A27EE870A70470000004CAA
:10DD2000B03CFFFFCAF24971CAF249F1000000336A
:10DD30006042A20D6042A28D81F0004102E000BF6E
:10DD400083F0004330B54FEA41044FEA430594EABB
:10DD5000050F08BF90EA020F1FBF54EA000C55EAF6
:10DD6000020C7FEA645C7FEA655C00F0E2804FEAC7
:10DD70005454D4EB5555B8BF6D420CDD2C4480EAA9
:10DD8000020281EA030382EA000083EA010180EAD9
:10DD9000020281EA0303362D88BF30BD11F0004F27
:10DDA0004FEA01314FF4801C4CEA113102D040425D
:10DDB00061EB410113F0004F4FEA03334CEA133398
:10DDC00002D0524263EB430394EA050F00F0A780B0
:10DDD000A4F10104D5F1200E0DDB02FA0EFC22FAAB
:10DDE00005F2801841F1000103FA0EF2801843FA9F
:10DDF00005F359410EE0A5F120050EF1200E012A90
:10DE000003FA0EFC28BF4CF0020C43FA05F3C018CD
:10DE100051EBE37101F0004507D54FF0000EDCF146
:10DE2000000C7EEB00006EEB0101B1F5801F1BD3EF
:10DE3000B1F5001F0CD349085FEA30004FEA3C0CF3
:10DE400004F101044FEA445212F5800F80F09A80E9
:10DE5000BCF1004F08BF5FEA500C50F1000041EBED
:10DE6000045141EA050130BD5FEA4C0C404141EBF1
:10DE70000101013C28BFB1F5801FE9D291F0000FEC
:10DE800004BF01460020B1FA81F308BF2033A3F19B
:10DE90000B03B3F120020CDA0C3208DD02F1140C92
:10DEA000C2F10C0201FA0CF021FA02F10CE002F1CD
:10DEB0001402D8BFC2F1200C01FA02F120FA0CFCC6
:10DEC000DCBF41EA0C019040E41AA2BF01EB04510F
:10DED000294330BD6FEA04041F3C1CDA0C340EDC0D
:10DEE00004F11404C4F1200220FA04F001FA02F350
:10DEF00040EA030021FA04F345EA030130BDC4F10E
:10DF00000C04C4F1200220FA02F001FA04F340EA02
:10DF10000300294630BD21FA04F0294630BD94F0B3
:10DF2000000F83F4801306BF81F480110134013D9A
:10DF30004EE77FEA645C18BF7FEA655C29D094EA0B
:10DF4000050F08BF90EA020F05D054EA000C04BF89
:10DF50001946104630BD91EA030F1EBF0021002074
:10DF600030BD5FEA545C05D14000494128BF41F013
:10DF7000004130BD14F580043CBF01F5801130BD77
:10DF800001F0004545F0FE4141F470014FF0000002
:10DF900030BD7FEA645C1ABF194610467FEA655CB3
:10DFA0001CBF0B46024650EA013406BF52EA033555
:10DFB00091EA030F41F4002130BD00BF90F0000F43
:10DFC00004BF0021704730B54FF4806404F132047F
:10DFD0004FF000054FF0000150E700BF90F0000F38
:10DFE00004BF0021704730B54FF4806404F132045F
:10DFF00010F0004548BF40424FF000013EE700BF2F
:10E0000042004FEAE2014FEA31014FEA02701FBFBE
:10E0100012F07F4393F07F4F81F06051704732F0F0
:10E020007F4208BF704793F07F4F04BF41F4002147
:10E03000704730B54FF4607401F0004521F00041A5
:10E040001CE700BF50EA010208BF704730B54FF02F
:10E0500000050AE050EA010208BF704730B511F030
:10E06000004502D5404261EB41014FF4806404F168
:10E0700032045FEA915C3FF4D8AE4FF003025FEAEE
:10E08000DC0C18BF03325FEADC0C18BF033202EB72
:10E09000DC02C2F1200300FA03FC20FA02F001FACC
:10E0A00003FE40EA0E0021FA02F11444BDE600BF6F
:10E0B00003685A004CBF43F0004323F00043184468
:10E0C000704700BF2DE9F84329B34F1E044615469B
:10E0D0003E464FF0000808EB060101EBD1714910F4
:10E0E00004EBC1094846FFF7E3FF0346C8000830C8
:10E0F0008F42204409D0AB4209D8FFF7D9FF01383D
:10E10000A8420AD201F10108E5E7AB4205D98845EA
:10E1100001D04E1EDFE74FF000094846BDE8F88306
:10E12000012807D0022807D0044B00280CBF18464E
:10E1300000207047024870470248704709C3020038
:10E1400011C3020019C3020030B5224B83B004464C
:10E150008D1E43B301A92846AFF30080F0B10199A9
:10E160002A46FFF7AFFF0146C0B1FFF7A1FF4B689A
:10E17000A064012B2BD0002B01F1040025DBFFF75D
:10E1800097FF002323650368E064002B12DBFFF791
:10E190008FFF03460020236103B030BD0023092018
:10E1A000236103B030BD0C4B0C49C91AC910184685
:10E1B0000191D5E7C3F30360FFF7B2FF031E0CBF65
:10E1C00009200020236103B030BD0123DAE70023DA
:10E1D0000520E0E70000000054410300484403002C
:10E1E0000368DA0710B5044606D49B0700F148001F
:10E1F00009D500F075FC2368590709D51A070ED513
:10E20000DB0613D510BD00F063FC23685907F5D475
:10E2100004F1D00000F06CFC23681A07F0D404F578
:10E22000A87000F06DFC2368DB06EBD404F5E87001
:10E23000BDE8104000F0A8BC0346006800B11844D7
:10E24000704700BF704700BF70B504460E46316C82
:10E250002046FFF779FF054688B9326C6261236971
:10E2600032462146012098470828F0D0072806D1D9
:10E270002846316CFFF7E6FF301D00F01DFCF2F779
:10E280007FFC00BF2DE9F0470D1DD0F80C80D0F8C1
:10E290001890074614460FCDADF5727D0DF10C0CAC
:10E2A000ACE80F000FCDACE80F000FCDACE80F00CD
:10E2B00095E80F0002AE4FF0000E8CE80F00C6F894
:10E2C00000E020E0336C7B614FF4F07231467AA8B5
:10E2D000F2F7D8F93B697AAA394650469847889BA5
:10E2E00073642146CDE9006905463B463A46012064
:10E2F000C0470446E0B94FF4F0727AA93046F2F70D
:10E30000C1F9082D1AD1316C3846FFF71DFF0934C9
:10E310005FFA84FA05460028D4D0B36B73643A469A
:10E32000CDE900693B464AF010010120C04700B129
:10E33000092528460DF5727DBDE8F087072DF7D138
:10E340002046316CFFF77EFF03A800F0B5FB00BF4D
:10E35000F0B5CB6B0B6401F1040C0E460546BCE82E
:10E360000F00F9B001AC0FC4BCE80F000FC4BCE84B
:10E370000F000FC49CE80F004FF0FF3784E80F0038
:10E38000009706E02B696A46294698470828044604
:10E3900008D110992846FFF7D7FE0028F2D00920AF
:10E3A00079B0F0BD6846FFF71BFF062CF7D1314668
:10E3B0002846FFF749FF00BFC160D96B826119642D
:10E3C00000221946FFF75EBF70B5C66843690B644B
:10E3D000AEB903690A4604460D4601460220984735
:10E3E000072805D008280FD129462046FFF72CFF23
:10E3F0003046296CFFF726FF281D00F05DFB012247
:10E40000FFF740FFF2F7BCFBF2F7BAFBC26822B19C
:10E41000CA6B0A640022FFF735BFFFF799BF00BF40
:10E42000704700BF836801460BB101201847704751
:10E43000012912D009D873B90F2A0CD800EB820237
:10E4400018465368009A136070470339012994BF36
:10E45000012002207047022070470846704700BF25
:10E4600000B585B00A46002303A900911946FFF7BD
:10E47000DFFF039805B05DF804FB00BF012912D04F
:10E4800009D873B90F2A0CD8009900EB82020968E9
:10E490005160184670470339012994BF01200220BA
:10E4A0007047022070470846704700BF10B584B01F
:10E4B000002303AC039200940A461946FFF7DEFFDF
:10E4C00004B010BD70B5D36B136402F1040C0546A3
:10E4D0000C46BCE80F00ADF50E7D0DF15C0EAEE80C
:10E4E0000F00BCE80F00AEE80F00BCE80F00AEE87C
:10E4F0000F009CE80F004FF0FF368EE80F001696D5
:10E5000010E0FFF7D3FF214616A8A847034616AA36
:10E510006946082083B9049B9847052806460CD015
:10E52000092809D026996846FFF70EFE03466A4679
:10E530000C2116A8002BE4D0092616A8FFF750FEE0
:10E5400030460DF50E7D70BD2DE9F04FCC6C89B0D5
:10E550001E4654F8043B06940D46174600F0030887
:10E56000002E79D01A0C8DF81D201B04D2B2059311
:10E5700004EB820402238DF81C302B6DB8F1020FDE
:10E5800008BFAC6B13F001030CD005A9384600F0AE
:10E5900095FB18B9082009B0BDE8F08F092009B033
:10E5A000BDE8F08FD4F800A0BAF1000FEDD00193D0
:10E5B00000F008030293022E4AD0B4F800A0B4F889
:10E5C00002900434AB6C29F0010B0F2138469B44B8
:10E5D000FFF746FF834539D82AF001025A448242A8
:10E5E00094BF002201224FEA490303F002030AF01C
:10E5F000010A43EA0A03012B4BD0022B32D0002B35
:10E60000CCD1B8F1000F02D0002A40F0CD80043404
:10E61000D4F800A0BAF1000FCDD105A9384600F01A
:10E620004DFB0028BAD1019B002BB3D00F213846F7
:10E63000FFF716FF0E2102463846FFF737FF384630
:10E640006A4A0F21FFF732FF0720A8E70022CAE736
:10E65000D4F804900834B5E71B0205938DF81D60CB
:10E66000032388E7D4F8009029F0004BB8F1000F9D
:10E6700046D12AB1029B002B5BD0BBF1000F73D0B7
:10E68000B9F1000F00DA04340BF1010B04EB8B0439
:10E69000BEE7B8F1000F19D1B2B161682268881CD9
:10E6A0004FEAD2723FF47AAF05F158030131049377
:10E6B00000F08E80201DFFF7BFFD04AB0146284609
:10E6C000F4F70CF9002859D10834A1E70D21384698
:10E6D000D5F82090FFF7C4FE8145F5D1AB6A9C4286
:10E6E000F2D12046FFF7E4FC0F2102463846FFF73F
:10E6F000DDFE38462A460021FFF7D8FE07204EE708
:10E700000D213846D5F820A0FFF7AAFE8245B7D1E3
:10E71000AB6A9C42B4D104230022C5E90B23E31861
:10E72000C5F828B06B632368002B59DB01230193E4
:10E73000AAE7994605F15803CDF80C8004F1040AC4
:10E74000B0461E460EE050460496FFF775FD0022C7
:10E75000014604AB284609F101090AF1040AF4F75D
:10E76000BDF8D8B9D945EED10D213846FFF778FE6E
:10E77000049B2862C5E90934062010E781460D2173
:10E780003846FFF76DFEB9F1020F04BF2B46049A1D
:10E79000286214BF049B43F82C2FEBE74646D4F8BD
:10E7A0000090DDF80C806BE72046FFF781FC043415
:10E7B0000246AC6328461446F4F7E8F800283FF414
:10E7C000EDAE384622460F21FFF770FE0720E6E641
:10E7D0000D2138460193FFF743FE019B2862C9E7EC
:10E7E0000BF1010004EB80007CE700BFE572020042
:10E7F0000023FFF7A9BE00BF0123FFF7A5BE00BF9E
:10E800000223FFF7A1BE00BF2DE9F0430646C3B0C7
:10E8100091461C46042900F29B80DFE801F07B56FC
:10E82000992E0300002C40F09380102A00F2908073
:10E830000368DC0600F1F38020AF384600F0AEF943
:10E84000B46B394600234FF0010C0CFA03F212EAC4
:10E85000090F204603F1010303D050F8042B0A608E
:10E860000446042B01F10401EFD13846B46300F0F3
:10E870008BF9002043B0BDE8F083032C68D194B23B
:10E8800004EB1243102B4FEA124961D803681D07AD
:10E8900000F1CD8020AF384600F054F9B26B07EBA1
:10E8A000C90154B10B46D01A01EBC401E4001D5854
:10E8B00043F8045B8B42FAD122443846B26300F03D
:10E8C0001FF9002043B0BDE8F083012C4FEA124845
:10E8D0001FFA82F938D0052C3AD108EB0903202B16
:10E8E00036D8B8F10F0F76D9B9F1000F40F0838018
:10E8F0000F2B0BD83368D80708D5304623F0010317
:10E9000043F0020340F8483B00F0EEF8002043B02B
:10E91000BDE8F083E4B9876B23461FFA82FC01202F
:10E92000341D00FA03F212EA0C0F394604D051F8F4
:10E93000042B44F823200F460133102BF1D119F496
:10E940000050E3D1B76304E008EB0903102B03D9AF
:10E95000022043B0BDE8F083B8F10F0FF8D8336858
:10E96000DA0706D5304623F0030340F8483B00F0B1
:10E97000B3F820AF38464D4600F0AEF8B26B002D2C
:10E980005ED04FF0000907EBC80102EBC503043964
:10E9900052F8040B41F8040F9A42F9D1B9F1000F73
:10E9A00054D06F464146102938BF102107EBC101F2
:10E9B000843903EBC90253F8045B41F8045F9A42BF
:10E9C000F9D1012C3BD0B8F10F0FB26358D93846BA
:10E9D00000F08EF89AE7102B54D93268D707A3F1CC
:10E9E000100909D522F00103304643F0020340F834
:10E9F000483B00F079F83268530739D4B8F10F0F6B
:10EA000002D820A800F070F86F463846C8F110050B
:10EA100000F072F8002DB26B28DD20AFB3E723F0D1
:10EA20001003036000F5E87000F0B8F804E723F085
:10EA30000803036000F5A87000F084F82AE720AF0F
:10EA40000432B263384600F043F85FE7012CF7D098
:10EA5000B8F10F0FB2633FF659AF384600F040F8F7
:10EA6000B9F1000F3FF452AF6F46B0E7134699E794
:10EA7000304622F0040240F8D02B00F03DF8BDE70C
:10EA800020AFEAE73368D90708D523F00103304601
:10EA900043F0020340F8483B00F026F820AF384628
:10EAA0004D4600F021F8B26B002D7FF46AAF384676
:10EAB00000F016F82AE700BF00F1340191E83800B1
:10EAC0009C46A6464CF8045D90E8FF0FE54600BD65
:10EAD00090EC210B704700BF80EC210B704700BF0A
:10EAE00090EC200B704700BF80EC200B704700BFFC
:10EAF000D0EC200B704700BFC0EC200B704700BF6C
:10EB0000F0EC0201F0EC0211F0EC0221F0EC023129
:10EB1000F0EC0241F0EC0251F0EC0261F0EC027119
:10EB2000F0EC0281F0EC0291F0EC02A1F0EC02B109
:10EB3000F0EC02C1F0EC02D1F0EC02E1F0EC02F1F9
:10EB4000704700BFE0EC0201E0EC0211E0EC0221B2
:10EB5000E0EC0231E0EC0241E0EC0251E0EC026159
:10EB6000E0EC0271E0EC0281E0EC0291E0EC02A149
:10EB7000E0EC02B1E0EC02C1E0EC02D1E0EC02E139
:10EB8000E0EC02F1704700BFB0FC0181B0FC0191E4
:10EB9000B0FC01A1B0FC01B1704700BFA0FC018135
:10EBA000A0FC0191A0FC01A1A0FC01B1704700BF35
:10EBB000EC4600B52DE900502DE9FF1F4FF0000392
:10EBC0002DE90C0001A9FFF7C3FBDDF840E012B00E
:10EBD000704700BFEC4600B52DE900502DE9FF1F3E
:10EBE0004FF000032DE90C0001A9FFF7EDFBDDF864
:10EBF00040E012B0704700BFEC4600B52DE9005070
:10EC00002DE9FF1F4FF000032DE90C0001A9FFF7CC
:10EC1000FDFBDDF840E012B0704700BFEC4600B5E8
:10EC20002DE900502DE9FF1F4FF000032DE90C00E6
:10EC300001ABFFF7C1FBDDF840E012B0704700BF49
:10EC4000EC4600B52DE900502DE9FF1F4FF0000301
:10EC50002DE90C0001AAFFF735FCDDF840E012B009
:10EC6000704700BF027A03467AB9427AA2B141687E
:10EC7000013A10B44272086803220C1D1A72020293
:10EC80005C60000E10BC1A6070470068013A1A728E
:10EC900002021A60000E7047B020704700B585B0C0
:10ECA000002303AA009219460C22FFF7C1FB039828
:10ECB00005B05DF804FB00BFFFF7F0BF2DE9F0439E
:10ECC00085B007460E464FF0000803AD3046FFF70B
:10ECD000C9FFB028044600F0CB80030640D500F001
:10ECE000F003802B56D0B02B7DD01CD8902B00F099
:10ECF0009380A02B13D1C34303F007034FF47F622B
:10ED00001A41010702F47F624FF0000348BF42F44A
:10ED1000804219463846FFF777FD0028D6D00920F3
:10ED200005B0BDE8F083C02B4BD1C62800F0898028
:10ED3000C72800F0A28000F0F803C02B00F0BC80D0
:10ED4000C82800F0BF80C928E9D13046FFF78AFF04
:10ED5000020300F00F0002F470220130024339E098
:10ED60008300DBB203F104090023194600950D224C
:10ED70003846FFF75DFB039B60064CBFA3EB09031E
:10ED80004B440393002300950D2219463846FFF7A4
:10ED900075FB9BE704023046FFF764FF2043B0F5A4
:10EDA000004FBCD004010023A2B219463846FFF739
:10EDB0002BFD0028B3D114F4004F18BF4FF0010809
:10EDC00084E700F0F803D02BA9D100F0070201324C
:10EDD00042F40022052301213846FFF715FD0028E3
:10EDE0003FF474AF9BE7B12837D0B22800F087809A
:10EDF000B32856D000F0FC03B42B90D000F00702EB
:10EE0000013242F40022012319463846FFF7FCFC88
:10EE100000283FF45BAF82E700F00D030D2B3FF4B9
:10EE20007EAF002300F00F02194600953846FFF729
:10EE3000FFFA002300950D2219463846FFF71EFB06
:10EE400044E73046FFF70EFF020300F00F0002F424
:10EE50007022013002430323D6E73046FFF702FF5A
:10EE6000024600283FF45BAF10F0F003CCD056E729
:10EE7000B8F1000F32D0002052E73046FFF7F2FE23
:10EE8000024600283FF44BAF10F0F00F7FF447AF7D
:10EE9000002304213846FFF7B7FC00283FF416AFE3
:10EEA0003DE73046FFF7DEFE020300F00F0002F4FC
:10EEB000702201300243A6E700F00F02013242F453
:10EEC0002022C8E73046FFF7CDFE00F0F00200F048
:10EED0000F031032013343EA02327BE703AC4346AF
:10EEE0000E22414600943846FFF7A2FA00944346AA
:10EEF0000F2241463846FFF7C1FA404610E700238B
:10EF00000D22194600953846FFF792FA3046FFF772
:10EF1000A9FE0206039C4FF002090CD500F07F0009
:10EF200000FA09F0044430460394FFF79BFE030601
:10EF300009F10709F2D400F07F0303FA09F304F59D
:10EF4000017423441DE700BF10B5C26C536884B040
:10EF50004FF0030C08321C0208461B0E01A9019455
:10EF600002928DF80CC08DF80D30FFF7A7FE04B0AB
:10EF700010BD00BF08B5FFF79FFE806C08BD00BF45
:10EF800008B5FFF799FEC06CC379023300EB83002C
:10EF900008BD00BF08B5F1F7F3FD08B5FFF7FAFFAC
:10EFA000012B2DE9F84F40D0242B98463DD84C4DED
:10EFB0008E4676461EF801BB15F80B4014F0080487
:10EFC000F7D1BBF12D0F72D0BBF12B0F08BF9EF80C
:10EFD00000B06FF0004908BF06F1020E002B42D0CE
:10EFE000102B57D0B9FBF8F700252E4608FB179ACF
:10EFF00005E033D008FB06C601251EF801BBABF1C6
:10F00000300CBCF1090F06D9ABF1410CBCF1190F62
:10F0100012D8ABF1370C634517DDB5F1FF3FECD0EB
:10F02000B742E6D24FF0FF35E7E700F0E3FD1623E5
:10F0300003600020BDE8F88FABF1610CBCF1190F43
:10F0400003D8ABF1570C6345E7DC6B1C27D08CB9B8
:10F050000AB1A5BB11603046BDE8F88FE245C9DAB8
:10F060004FF0FF35C9E7BBF1300F05D04FF00A086C
:10F070004346B7E77642EBE79EF8003003F0DF0344
:10F08000582B21D14FF010089EF801B043460EF1E5
:10F09000020EA7E7BBF1300F1AD09846A2E7222351
:10F0A000036072B10EF1FF314E461160D3E79EF856
:10F0B00000B04FF0004906F1020E01248EE7B14680
:10F0C000F0E74E463046C7E74FF00808434689E769
:10F0D0009EF8005005F0DF05582DD3D0984681E703
:10F0E0007580002010B4054C8446134620685DF8F6
:10F0F000044B0A466146FFF753BF00BF4CD00020C7
:10F10000002A3ED040EA01039B0730B584462FD148
:10F11000032A2DD90B4608E0043A8446194625D027
:10F120001EF0803F22D1032A22D90468194653F8E1
:10F13000045BA4F1013EAC4284462EEA040E00F1C9
:10F140000400E9D09CF800000C78A0421BD1E646F0
:10F1500068B11EF8010F11F8014FA2EB0E03A04297
:10F1600003F1FF330FD11CEB0303F1D1002030BDBD
:10F170009CF800000C78844205D1012AF6D0E646BE
:10F18000E6E710467047001B30BD00BF40EA0103B0
:10F190009B0730B501D1032A0FD8844601F1FF3E09
:10F1A00007E01EF8011F03F8011B541EC1B19C4665
:10F1B00022466346002AF4D130BD0B4684461946E8
:10F1C00053F8045BA5F1013424EA050414F0803FF0
:10F1D000E4D1043A032A4CF8045B1946EFD8DDE782
:10F1E0009444002CE8D003F8011B6345FBD130BDEB
:10F1F00071B1034600EB010C01E0634506D01A46ED
:10F20000013311780029F8D1101A7047181A704785
:10F210000846704730B5144683B00A460546214675
:10F2200010460192FFF7E4FF8442019A034601D899
:10F23000115C59B92146284602F0BCFE044628B1AB
:10F24000421B0021284605F087F900B10024204622
:10F2500003B030BD30B5174B1D680C4683B0014676
:10F260000DB16B6BFBB1636EDB0702D4A38998050C
:10F2700013D52246284603F085FB636EDA07054660
:10F2800002D4A3899B0502D5284603B030BDA06DEA
:10F2900003F0C6F8284603B030BDA06D019103F01D
:10F2A000BDF80199E5E70190284605F029F9019993
:10F2B000D9E700BF4CD0002030B587B005460846DE
:10F2C0001446019105F0B0F901AA0123CDE902022B
:10F2D000059004930DB16B6B6BB3636E13F0010F6C
:10F2E000B4F90C309AB201D198051DD5910406D419
:10F2F000626E43F4005322F40052A381626603AAB3
:10F300002846214600F096FA636EDA07054602D4D5
:10F31000A3899B0502D5284607B030BDA06D03F038
:10F320007FF8284607B030BDA06D03F077F8B4F938
:10F330000C309AB2DAE7284605F0E2F8CDE700BFD4
:10F3400010B4044C03460A4620685DF8044B194685
:10F35000FFF7B2BF4CD000200EB410B59DB06FF0D7
:10F3600000411FABCDE906010491094953F8042B74
:10F370000290084C0868019302A9059400F040FC33
:10F38000029B00221A701DB0BDE8104003B0704708
:10F390004CD000200802FFFF024A126801235032BD
:10F3A00000F002B84CD00020F0B4074610B33E463F
:10F3B0008C4616F8010B01E0A04216D01CF8014B58
:10F3C000002CF9D1D8B116F8015B0C4601E0002BF6
:10F3D000F9D014F8013B9D42F9D14DB1002306F854
:10F3E000013C16603846F0BC70475BB13746DEE73B
:10F3F0002E46F6E71768002FD9D13846F3E7F0BC60
:10F4000010607047166038463B70ECE701292DE923
:10F41000F0415BD94FF00108C64600244FF0FF359C
:10F42000434608E0A3EB05081C464FF0010E04EB31
:10F430000E038B4210D200EB0E0CC75C1CF805606B
:10F44000B742EFD332D04FF001082546C6464444B8
:10F4500004EB0E038B42EED30127C2F80080BE46B8
:10F4600000244FF0FF363B4607E09F1B1C464FF041
:10F47000010E04EB0E038B4210D200EB060C10F8C9
:10F4800003801CF80EC0E045EFD817D001272646B0
:10F49000BE463C4404EB0E038B42EED30136681C9F
:10F4A000864201D317603046BDE8F081C6450ABFE9
:10F4B00074440EF1010E4FF0010EB8E7BE450ABFCD
:10F4C00074440EF1010E4FF0010ED2E70127002621
:10F4D000E8E700BF2DE9F04F9246ADF21C4D05AABA
:10F4E00081460F46504619461D46FFF78FFF1346CB
:10F4F00083460DF2144243F8045F9342FBD1002D82
:10F5000000F0DF806C1E06AE0AF1FF320AEB040049
:10F51000009612F8011FAB1A013B5344824246F891
:10F520002130F6D105995A465144504602F0E4FD87
:10F5300000286FD10BF1FF330393CBF10103804619
:10F540000646019309EB060E009A1EF8043052F8A5
:10F550002330DBB1B8F1000F03D0059A9A4200D9ED
:10F56000AB1A1E444FF000087B1B9E42EAD909EB00
:10F57000070045F40061FFF73BFE07447B1B9E42FA
:10F58000E0D900200DF21C4DBDE8F08FC3455B466D
:10F5900038BF4346A34210D2591EF21851444A4480
:10F5A00002E00133A34208D212F8010B11F801CF97
:10F5B0008445F6D0019A1644D3E7C345039B7ED910
:10F5C00006EB0B024A440AEB0B01029602E04345AC
:10F5D00015D0034612F8010D11F8016D864203F1B2
:10F5E000010C03F1FF30F2D0029E634608F10108DE
:10F5F00098450AD8059B1E44A5EB0308B4E743468B
:10F6000008F101089845029EF4D970460DF21C4D90
:10F61000BDE8F08FA5EB0B035B4538BF5B460133BC
:10F6200005930BF1FF330193CBF101030026029305
:10F6300045F4006809EB0601009A0B5D52F823308F
:10F640006BB11E447B1BB342F4D209EB0700414669
:10F65000FFF7CEFD07447B1BB342EBD291E7A345F6
:10F6600014D2019B0BEB06020AEB030C4A445B46E7
:10F6700002E00133A34209D212F8010B1CF801EF9A
:10F680008645F6D0029A16441E44DBE7BBF1000F14
:10F6900010D00BEB060048440AEB0B0201E0534587
:10F6A00008D012F801ED10F801CDE6451346F6D06A
:10F6B000059BC6E708460DF21C4DBDE8F08F5B4682
:10F6C00094E706AB4FF0FF3400932BE72DE9F041B0
:10F6D0000D46097890B00446002954D06A78002A73
:10F6E00000F08380AB78002B51D0E8782E6800289A
:10F6F00000F082802B79002B57D0284604F094FF2D
:10F70000064640F400712046FFF772FD86425BD842
:10F71000FE2E00F28680801B27184022711C68464E
:10F7200002F0B6FD7EB16A1E5FFA86FC901912F8EF
:10F73000013F03F03F0340336B44A91A6144824206
:10F7400003F8401CF3D1013CA35D03F03F034033B9
:10F750006B4413F8403C1C44A74203D239E04444B4
:10F76000A74236D314F806C00CF03F0C0CF140034E
:10F770000DEB030C2046324629461CF8408C02F063
:10F78000BBFC0028EBD1204610B0BDE8F08100782A
:10F7900042EA014200E00C4640EA0343611C98B192
:10F7A0009A426078F7D1013CEDE7227862B131BA34
:10F7B00001E099421ED042EA0323204614F8012FAB
:10F7C000002AF6D1994215D00024204610B0BDE899
:10F7D000F081BB5DB819002BF6D04FF40061FFF744
:10F7E00007FD0744BC42AED9EEE710B0BDE8F041DA
:10F7F00003F024BDC41EC6E7120442EA016242EAD5
:10F8000003232178024600E02C4641EA0200651CF1
:10F8100002020029D8D0B3EB002F6178F4D1023C6A
:10F82000B1E7014633462A46204610B0BDE8F04114
:10F83000FFF750BE9368002B00F085802DE9F04F54
:10F84000B1F90C300C461907804683B0174698B2C0
:10F8500025D523691BB310F002033D682DD04FF06E
:10F86000000ADFF8C0B25646B9465E4533465246F6
:10F8700028BF5B464046002E52D0E169676AB84710
:10F88000002856DDD9F808301B1A8244361AC9F808
:10F890000830002BE9D1002003B0BDE8F08F2146ED
:10F8A000404602F03FFF002840F03881B4F90C30A8
:10F8B0003D6898B210F00203D1D110F0010944D193
:10F8C0004E46009746B38205D4F808B040F18580D3
:10F8D000B3455A4600F2B48010F4906F40F0C180F6
:10F8E00020680192494602F037FCA368019AA3EB15
:10F8F0000B012368A1601344B24623600026009ADE
:10F900009368A3EB0A03D1449360002BC3D0B4F9EE
:10F910000C0080B2002ED6D1D5E900960835D1E78B
:10F92000D5E900A60835A0E72146404604F028FDA9
:10F9300088B3B4F90C3043F040034FF0FF30A3819B
:10F9400003B0BDE8F08F002070471E46BA469946C6
:10F95000184600951F4666B3002832D04A46D4E9BF
:10F9600004132068A568B24228BF3246884204D9F1
:10F9700005EB030B5A4500F3A780934264DCE16971
:10F98000656A3A464046A847B0F1000BD1DDB9EBB5
:10F990000B09C9D00120DAF80830A3EB0B035F4450
:10F9A000A6EB0B06CAF80830002B3FF474AF002E0C
:10F9B000D2D1009A5668134608320092002EF8D031
:10F9C0001F6832460A21384604F0C6FD002800F0C0
:10F9D0009C800130A0EB0709C0E7206823699842AA
:10F9E00016D86269B24213D86FF00043B34228BF01
:10F9F0003346E16993FBF2F3676A02FB03F3404687
:10FA00004A46B847B0F1000A93DDA6EB0A0676E74E
:10FA1000B345DA4628BFB2465246494602F09CFB3F
:10FA2000A3682268A3EB0A035244A3602260002B60
:10FA3000EBD12146404604F0A3FC0028E5D078E74E
:10FA40002068B34632464CE73946019202F084FB07
:10FA5000019AA3689B1AA36023681344236093460A
:10FA600095E723682169A3EB010B636903EB430A64
:10FA70000AEBDA7A0BF101034FEA6A0A3344534581
:10FA8000524684BF9A46524643052CD511464046FD
:10FA900001F0A0FE00283BD05A4621690190F0F702
:10FAA000F1FDA289019B22F4906242F08002A281C2
:10FAB00003EB0B002361AAEB0B03C4F814A0A360B3
:10FAC0002060B34632460CE739465A4602F044FB02
:10FAD00023685B4423602146404604F051FC002823
:10FAE0003FF455AF25E7404604F050FE034600289A
:10FAF000DED12169404605F085F8B4F90C300C22BE
:10FB000023F08003C8F8002015E7721C914626E711
:10FB10000C22B4F90C30C8F800200CE74FF0FF308D
:10FB2000BAE600BF00FCFF7F2DE9F04186B002FB82
:10FB300003F71D4601AB039301230C9C01919046F2
:10FB4000029705970493064610B1436B002B3DD0F6
:10FB5000636E13F0010FB4F90C309AB201D199051C
:10FB60002DD5920406D443F40053A381636E23F48D
:10FB700000536366304603AA2146FFF75BFE636EBF
:10FB800078B1DA0706D5059BFF1AB7FBF8F006B087
:10FB9000BDE8F081A3899B05F5D4A06D02F040FC7F
:10FBA000F1E7D80707D4A389990504D4A06D02F022
:10FBB00037FC2846EBE7284606B0BDE8F081A06D8B
:10FBC00002F02CFCB4F90C309AB2CAE704F098FCAD
:10FBD000BEE700BF10B5064C82B084460093206893
:10FBE00013460A466146FFF79FFF02B010BD00BFF3
:10FBF0004CD00020014B1868704700BF4CD000204B
:10FC00002DE9F04F2DED088BD1B00C460BEE101AFC
:10FC100090460893834602F00BFC03681293184643
:10FC200004F002FD20AF109008220021384602F0B7
:10FC30002FFBA3891B0603D52369002B00F05587F2
:10FC400000239FED838B9FED849BCDE92533CDE988
:10FC50001333CDE9153327AA0E93249292461193BC
:10FC600004934446A1467E4BD3F8E45002F0DAFBFD
:10FC70004A4603461CA900975846A847002800F0AA
:10FC8000B080C0F2A6801C9A252A034601D0994470
:10FC9000E9E7B9EB0405064640F0A78000234FF0E2
:10FCA000FF328DF867309846069309F1010999F8FB
:10FCB000003003922B25202609F10109A3F120022F
:10FCC0005A2A00F2CF80DFE812F0E802CD00CD0022
:10FCD000E302CD00CD00CD006A00CD00CD000502CD
:10FCE0008402CD001002C902CD00BD025B005B00A2
:10FCF0005B005B005B005B005B005B005B00CD00BA
:10FD0000CD00CD00CD00CD00CD00CD005301CD0004
:10FD100083011A02530153015301CD00CD00CD00E0
:10FD2000CD001502CD00CD009602CD00CD00CD0056
:10FD3000AB01CD00AA02CD00CD00E306CD00CD0081
:10FD4000CD00CD00CD00CD00CD00CD005301CD00C4
:10FD50008301DE015301530153017702DE017F006D
:10FD6000CD008902CD005F02E0062F027F00CD00AA
:10FD7000AB017C00B806CD00CD00BD06CD007C00F7
:10FD8000A3F13002002119F8013B01EB810102EBE4
:10FD90004101A3F13002092AF5D906918EE75846B0
:10FDA00002F046FB43681593184604F03DFC16909C
:10FDB000584602F03DFB83681393169B002B40F0DE
:10FDC0002D8699F8003077E799F8003048F0200840
:10FDD00072E708220021384602F05AFA01239944BA
:10FDE00041E7B9EB0405064611D0269B2B44269328
:10FDF000259B0133072BCAE9004525931CDC0AF13A
:10FE0000080A049B2B440493002E7FF447AF269BE3
:10FE1000002B41F00B821BEE103AB3F90C3013F0BB
:10FE2000400F049B18BF4FF0FF330493049851B068
:10FE3000BDEC088BBDE8F08F1BEE101A24AA5846C3
:10FE400005F0C2F80028E6D10DF19C0AD9E700BF01
:10FE50000000000000000000FFFFFFFFFFFFEF7F3A
:10FE6000C4CA00200B93002BD1D00021CDE90C1186
:10FE70008DF8DC3001238DF867100293079105930C
:10FE800003910F9137AC18F00203099302D0029B43
:10FE90000233029318F084030A9305D1069B029A59
:10FEA0009D1A002D00F36983269A89B125990DF1D9
:10FEB000670001310132CAF8000007294FF0010044
:10FEC00026922591CAF8040000F3A2830AF1080AD9
:10FED000099B83B1259B1AA901330232CAF800108D
:10FEE000072B4FF0020126922593CAF8041000F365
:10FEF000A3830AF1080A0A9B802B00F06C82039B03
:10FF000005995D1A002D00F3A58218F4807F40F05A
:10FF10000D82059BCAF804301A44259BCAF800409C
:10FF20000133072B2692259300F31B830AF1080A5D
:10FF300018F0040F05D0069B02995C1A002C00F300
:10FF40008883049B069902988142ACBF5B181B18FA
:10FF50000493002A40F0B08200232593079B1BB135
:10FF60000799584604F04EFE0DF19C0A4C4679E67E
:10FF70000B93089B073323F00703B3EC028BB0EE1F
:10FF8000C87BB4EE497BF1EE10FA089340F3E984A4
:10FF9000B5EEC08BF1EE10FA01F159809DF86710B3
:10FFA000AB4CAC4B28F080080B9A472AC8BF1C46C4
:10FFB0000023CDE90C3303220793029205920393A9
:10FFC0000F9300293FF45FAF029B013302935AE77E
:10FFD000432B0B9303D018F0100F00F05D85089DA4
:10FFE0000822002122A837AC02F052F922AB55F8C2
:10FFF000042B2146584602F0C3F90346013305900D
:02000004600397
:1000000001F0EE82059B089523EAE3730293002139
:10001000CDE90C118DF86710079103910F9132E72C
:100020000B93089B1A4600238DF86730134653F84C
:10003000044B0893002C00F048850B9B532B00F0D9
:10004000EC8618F010030C9340F0E786039B5D1CD0
:1000500001F0E5800C991A46204604F07DFA0790DD
:10006000002801F02883079B1A1B05920C9B039321
:1000700022EAE2720F930D93079373239DF86710A2
:1000800002920B939DE718F0200F0B93089B3DD035
:10009000073323F007031A4611465B6851F8082B13
:1000A00008911946002BC0F20C84039B013300F029
:1000B0009E8228F0800052EA0103029040F099826B
:1000C000039B002B40F09A82804600230393059304
:1000D00050AC06E1089B53F8042B0692002A80F2EC
:1000E0001984069A08935242069299F8003048F013
:1000F0000408E1E599F8003048F00808DCE548F02C
:10010000100818F0200F0B93089BC1D118F0100FA6
:1001100040F00B8418F0400F00F0038433F9042BF7
:100120000893D1170B46BDE7089B48F002020292E4
:1001300053F8042B089347F63003ADF86830782065
:10014000454B1193002102230B900020039C8DF856
:100150006700601C00F0AD80029820F0800852EA31
:10016000010040F0A480002C40F0AE86002BACD102
:10017000029B13F00103059300F0D18330238DF827
:100180003F310DF23F14ACE018F0200F40F0D48363
:1001900018F0100F40F09F8618F0400F40F097873E
:1001A00018F4007F00F09786089B049953F8042BFD
:1001B000089311704C4655E599F80030682B03BF41
:1001C00099F8013048F4007809F1010948F0400835
:1001D00072E599F800308DF867506DE599F80030B8
:1001E0006C2B03BF99F8013048F0200809F1010990
:1001F00048F0100860E50B9348F0100818F0200153
:1002000000F05183089B073323F00703596853F824
:10021000082B089328F480630293002395E70B933F
:1002200048F010030293029B13F0200100F0298391
:10023000089B073323F00703596853F8082B0893EA
:10024000012382E799F8003048F0800834E500BFC8
:10025000E48100204C3D0020EC810020494611F84B
:10026000013B2A2B01F04982A3F13002092A894679
:1002700098BF002101F2448119F8013B01EB810193
:1002800002EB4101A3F13002092AF5D9039115E5EA
:1002900099F8003048F001080EE59DF86730002B12
:1002A0007FF48FAD99F800308DF8676004E5CDF8E4
:1002B0000880012B00F09D81022B50AC20D11198B9
:1002C00002F00F031209C35C04F8013D42EA017217
:1002D000090952EA0103F3D150AB1B1BDDF808807A
:1002E0000593059A03989DF8671082424FF000032A
:1002F000B8BF0246CDE90C33079302920F9360E634
:1003000002F00703D20842EA4172C908303352EAC8
:100310000105204604F8013DF2D1029AD10700F10F
:100320004D8250AB1B1B90460593DAE70B9B652B68
:1003300040F3D480B5EE408BF1EE10FA40F0C1816D
:10034000259BBA49CAF80010013301320121072B5D
:1003500026922593CAF8041000F351850AF1080A81
:100360001B9B0E998B4280F2D082109B12991A44EB
:10037000CAE90013259B26920133072B259300F32E
:1003800097830AF1080A0E9B5C1E002C7FF7D0AD04
:10039000102C259B40F36E851BEE106A102505E09E
:1003A0000AF1080A103C102C40F364850133A0497F
:1003B0001032072BCAE90015CDE92532F0DD24AA59
:1003C0003146584604F000FE00287ED1DDE9253292
:1003D0000DF19C0AE6E7069B02995D1A002D7FF756
:1003E0008EAD102D259B21DD099410261BEE104AA1
:1003F00004E0103D102D0AF1080A16DD01338C4986
:100400001032072BCAE90016CDE92532F1DD24AA06
:10041000214658460DF19C0A04F0D6FD002854D11F
:10042000103D102DDDE92532E8DC099C8049CAF831
:10043000045001332A44072BCDE92532CAF80010B5
:1004400000F32685039B05995D1A002D0AF1080A21
:100450007FF75BAD102D259B1FDD514610261BEE4F
:1004600010AA04E0103D102D01F1080114DD013344
:100470006F481032072BC1E90006CDE92532F1DDC6
:1004800024AA5146584604F09FFDF0B9103D102DA6
:10049000DDE9253227A9EADC8A4601336449CAF836
:1004A00004502A44072BCDE92532CAF8001000F386
:1004B000DA810AF1080A28E51BEE101A24AA584628
:1004C00004F082FD00283FF447AD079B002B3FF46A
:1004D000A2AC0799584604F095FB9CE40E9B012BB7
:1004E00040F37A81259BCAF8004001330132012193
:1004F000072B26922593CAF8041000F3F8810AF11D
:10050000080A1099129801330A44072BCAE900011E
:10051000CDE9253200F3DD810AF1080AB5EE408B02
:10052000F1EE10FA00F077810E99013301390134B0
:100530000A44072BCAF800402593CAF804102692F3
:1005400000F35B810AF1080A1499CAF80410013318
:100550000A44072B1EA9CDE92532CAF800107FF7FF
:10056000E5AC1BEE101A24AA584604F02DFD002815
:10057000ABD1269A0DF19C0ADAE4102DDDE92512A3
:100580002C4E24DD179410231BEE104A084604E07D
:10059000103D102D0AF1080A17DD0130103207282E
:1005A000CAE90063CDE92502F2DD24AA21465846B6
:1005B0000DF19C0A04F008FD002886D1103D102D95
:1005C000DDE925024FF01003E7DC179C01460131FD
:1005D0002A440729CDE92512CAF80060CAF8045058
:1005E00000F3BD839DF867100AF1080A5DE4CDF8B9
:1005F00008800A2A71F1000380F04583303201231C
:10060000DDF808808DF83F2105930DF23F1468E670
:100610001BEE101A24AA584604F0D6FC00287FF4DA
:1006200054AF269A0DF19C0A52E400BFC06E002020
:1006300088C30020248300201BEE101A24AA5846E9
:1006400004F0C2FC00287FF440AF269A0DF19C0A0A
:1006500051E4102C259BBE4E1FDD1BEE108A102589
:1006600004E0103C102C0AF1080A16DD01331032A8
:10067000072BCAE90065CDE92532F2DD24AA4146FF
:1006800058460DF19C0A04F09FFC00287FF41DAF32
:10069000103C102CDDE92532E8DC01332244072B25
:1006A000CAE90064CDE925327FF74BAC1BEE101A86
:1006B00024AA584604F088FC00287FF406AF269A46
:1006C0003FE41B99002940F35A830C9E0E9B9E42E7
:1006D000A8BF1E46002E0BDD259B01333244072B9D
:1006E000CAE900462692259300F389860AF1080A92
:1006F0000C9D002EA8BFAD1B002D00F303820C9BA8
:1007000018F4806F2344059340F01F821B9B0E99C1
:100710008B4203DB18F0010F00F0CF841099129880
:100720000A44CAE900012599269201310729259139
:1007300000F3A5860AF1080A0E996518CC1A059BE4
:10074000ED1AA542A8BF2546002D0DDDCAF80030E0
:10075000259BCAF8045001332A44072B269225937F
:1007600000F3BB860AF1080A002DA8BF641B002C09
:100770007FF7DEAB102C259B40F37C831BEE106AC9
:10078000102505E00AF1080A103C102C40F3728392
:10079000013370491032072BCAE90015CDE9253223
:1007A000F0DD24AA3146584604F00EFC00287FF400
:1007B0008CAEDDE925320DF19C0AE5E7302B3FF4E4
:1007C0008BAD3023023804F8013C50AB1B1ADDF826
:1007D00008800593044684E518F0010F7FF482AE8B
:1007E000259BCAF80040013301320121072B2692D4
:1007F0002593CAF804107FF7A5AE1BEE101A24AAA1
:10080000584604F0E1FB00287FF45FAEDDE92532B5
:100810000DF19C0A98E60E994C1E002C7FF794AEC1
:10082000102C40F361831BEE106A102505E00AF1DD
:10083000080A103C102C40F357830133454910320D
:10084000072BCAE90015CDE92532F0DD24AA31468F
:10085000584604F0B9FB00287FF437AEDDE92532B5
:100860000DF19C0AE5E71BEE101A24AA584604F085
:10087000ABFB00287FF429AE269A0DF19C0AFFF706
:1008800044BB029B13F0100340F0C180029A12F0A7
:10089000400200F07A83089850F8042B089019461B
:1008A00092B2012351E418F0100355D118F0400220
:1008B00000F05D83089850F8042B0890194692B216
:1008C000A8E4524261EB4101CDF808802D200123BC
:1008D0003CE41BEE101A24AA584604F075FB0028CD
:1008E0007FF4F3ADDDE925320DF19C0A16E61BEE2F
:1008F000101A24AA584604F067FB00287FF4E5ADDF
:10090000DDE925320DF19C0AFBE518F0010F3FF4FB
:100910000FAB2AE5089399F80030FFF7CDB950AC3A
:10092000DFE418F4007F40F0DB8353F8042B0893D6
:10093000D1170B46FFF7B6BB089B049853F8041B6E
:100940000893C217C1E900024C46FFF78BB900BFFC
:100950002483002088C30020089B53F8042B0893AD
:1009600058E4B4EE488BF1EE10FA80F194860B9BBC
:10097000612B00F05285412B00F0C085039B0133B1
:100980000B9B23F0200500F08084472D04D1039BAE
:10099000002B08BF0123039318EE903A002B48F474
:1009A00080724646C0F21886B0EE48AB00239046EF
:1009B000099307930B9B413B252B00F29883DFE8BB
:1009C00013F06F0496039603960368046C04960371
:1009D000960396039603960396039603960396034F
:1009E000960396039603960396039603960396033F
:1009F000960396039603960396039603960396032F
:100A00009603960396039603960368046C04089B6A
:100A100053F8042B08930123FFF797BB139B002B7C
:100A20003FF4CFA9139B1B78002B3FF4CAA999F878
:100A3000003048F48068FFF73FB90B93CDF8088089
:100A4000FFF7F1BB0B939A4B119318F0200100F0C4
:100A50000581089B073323F00703596853F8082BD7
:100A6000089318F0010F0AD052EA010307D00B9B3C
:100A70008DF86930302348F002088DF8683028F48A
:100A8000806302930223FFF760BB0B93FFF7B6BBB3
:100A90000B93884B1193D8E7089B012153F8042B43
:100AA00002918DF8DC200893059137ACFFF7AFBABF
:100AB0001BEE101A24AA584604F086FA00287FF488
:100AC00004AD269A0DF19C0A5DE4039B0794062B66
:100AD000224628BF062303942146CDE90C22764CFA
:100AE000029305930F92FFF76CBA4021584600F02D
:100AF00071FE20602061002800F00F8640236361B2
:100B0000FFF79EB8102D259B40F35D8251461026BD
:100B10001BEE10AA04E00831103D102D40F3528264
:100B2000013366481032072BC1E90006CDE92532B2
:100B3000F1DD24AA5146584604F046FA00287FF415
:100B4000C4ACDDE9253227A9E6E70E9BCDF8249059
:100B5000E31803930D9BCDF82880139E059DDDF8C7
:100B60005890DDF83C800B941BEE101A5046002B79
:100B700034D0B8F1000F35D10D9B013B013E0D93F0
:100B8000159BC0E90039259B01334A44072B269267
:100B900025936CDC0830039B96F800C05B1B634513
:100BA000A8BF6346002B9A460CDD259C01341A44ED
:100BB000072CC0E900532692259400F3778196F81C
:100BC00000C00830BAF1000FACBFACEB0A046446B9
:100BD000002C0ADC65440D9B002BCAD1B8F1000F34
:100BE00000F0AC8308F1FF38CAE7102CDDF894C0A0
:100BF00024DD05954FF0100A63460D4604E0103CD5
:100C0000102C00F1080016DD01332C491032072B9F
:100C1000C0E9001ACDE92532F1DD24AA294658465B
:100C200004F0D2F900287FF450AC103C102CDDE920
:100C3000253227A8E8DC2946059D9C460CF10103D6
:100C400022444460072B1D4C0460CDE9253200F39B
:100C5000C68396F800C008306544BCE718F010035E
:100C600000F0C280089B53F8042B0893F9E624AAED
:100C70005846059104F0A8F900287FF426AC269A7E
:100C8000059927A887E70298CDF81CA050AC00F47E
:100C9000806000250AEE10BA094BDDF84CA0CDF8B3
:100CA0001490A3464FF00508AC46044610E000BF80
:100CB000EC810020008200201482002088C30020E4
:100CC000CDCCCCCC0A2A71F1000136D34A4631464C
:100CD000501840F10000A3FB005626F0030505EB79
:100CE0009605401B151A4FF0CC3661F1000E06FB3D
:100CF00005F6A5FB039503FB0E6609F0010E2E44D5
:100D0000AEFB085E2D184FEA590930350BF8015C2F
:100D100049EAC6790CF1010C0BF1FF3B7608002C77
:100D2000D0D09AF800008445CCD1BCF1FF0FC9D0D7
:100D30000A2A71F1000180F08F815C4650AB1B1BC9
:100D4000DDF81490CDF84CA01AEE10BADDF81CA016
:100D5000DDF80880CDF838C00593FFF7C2BA1BEE66
:100D6000101A24AA584604F02FF900287FF4ADABDE
:100D70009DF86710269A0DF19C0AFFF796B8259BFF
:100D8000BE48CAF80000013301320120072B269229
:100D90002593CAF8040000F377810AF1080A0029B4
:100DA00040F0AF800E9908F001030B433FF4C0A858
:100DB000109B12991A44CAE90013259B269201330D
:100DC000072B259300F352820AF1080A0E99CAF8FC
:100DD000004001330A44072BCDE92532CAF804103C
:100DE0007FF7A4A8FFF7BDBB18F0400200F0DD803C
:100DF000089850F8042B0890194692B231E61BEE81
:100E0000101A24AA584604F0DFF800287FF45DABDE
:100E1000269A0DF19C0AFFF7A3BA22AE0822002100
:100E200030461D9401F034FA039B5A1C00F0DB801D
:100E30000025CDF80890CDF81C809946A8460CE016
:100E400037A9584601F09CFA431C404400F0C8837F
:100E5000484508DC00F0188480461D9A52593346F4
:100E60000435002AECD1CDF81480DDF80890DDF8C7
:100E70001C80C5E001338249CAF804402244072B94
:100E8000CAF80010CDE925327FF750A8FFF769BBFB
:100E90001BEE101A24AA584604F096F800287FF496
:100EA00014AB269A0DF19C0AFFF729B824AA5846DC
:100EB000059104F089F800287FF407AB96F800C08C
:100EC000269A059927A87DE6012BCDF808807FF4A6
:100ED000F3A9FFF793BB089B049953F8042B4C46E6
:100EE00011600893FEF7BEBE01336549CAF804409D
:100EF0002244072BCDE92532CAF800107FF722AB38
:100F00007BE4109B12981A44CAE90003259B2692A1
:100F10000133072B259300F3A9810AF1080A002960
:100F2000BFF654AF4D42103180F20F831BEE101A02
:100F3000102605E00AF1080A103D102D40F3058344
:100F400001334F481032072BCAE90006CDE925329C
:100F5000F0DD24AA5846039104F036F800287FF407
:100F6000B4AADDE9253203990DF19C0AE4E7089B58
:100F700018F400711ABF114653F8042B53F8042BD0
:100F8000089318BFD2B2FFF745B9029B13F4007162
:100F9000089B1ABF114653F8042B53F8042B0893EF
:100FA00018BFD2B20123FFF7D0B8089B18F4007124
:100FB0001ABF114653F8042B53F8042B089318BF9B
:100FC000D2B24EE58A4601332D49CAF804502A446C
:100FD000072BCDE92532CAF8001000F339810AF158
:100FE000080AFFF78CBB0023194600961DAA584635
:100FF00002F006FA03460133059000F0F1821D94D9
:10100000059B002B4ED0632B00F318810023079320
:1010100037AC08220021304601F03AF9059D0096D0
:101020002B461DAA2146584602F0EAF9854240F0B7
:101030007C83059A0023A35422EAE272CDE90C33A3
:101040009DF86710039302920F93FEF7BABF2D210C
:101050008DF86710FEF7A4BF169B1599ABEB030B39
:101060001A465846FEF792F89AF80120054B0AB145
:101070000AF1010A4FF0000C28E600BFC06E002004
:1010800088C30020CDCCCCCC1BEE101A24AA584625
:1010900003F09AFF00287FF418AA1B99269A0DF1F5
:1010A0009C0A7CE6059B9DF867100F93CDE90233FF
:1010B000CDE90C330793FEF784BF0E9905986518A8
:1010C0002D1ACC1AA542A8BF2546FFF74DBB089B99
:1010D000049953F8042B089311804C46FEF7C2BDC7
:1010E00013F9042B0893D1170B46FEF7DBBF039AC5
:1010F000022122AB01931DAB009358461BABB0EE0F
:101100004A0B029202F01CFA472D029A044600F0A4
:101110006181462D104405D12378302B00F06F8279
:101120001B9A1044B5EE40ABF1EE10FA40F0468148
:1011300003461B1B0E93472D00F01081462D00F037
:10114000B5811B9B0C930C9B412D03F1FF331B932B
:1011500000F0E5819DF82C200021002BB8BF0C9BEE
:101160008DF87820BABFC3F101032D222B22092B61
:101170008DF8792040F3DA810DF18F05DFF81CC47A
:101180002A4610468CFB0321DA17C2EBA10202EBC0
:101190008201A3EB4101303100F8011C194663299B
:1011A000134600F1FF32ECDC3033D9B2831E9D428E
:1011B00002F8011C40F28B8213460DF17A0201E025
:1011C00013F8011B02F8011B9D42F9D10DF19103A7
:1011D0000DF17A021B1A13441EAA9B1A14930E9B3C
:1011E000149A012B1A44059240F30382059B109A2E
:1011F0001344059326F48063059A43F48078002312
:10120000CDE90C3322EAE2720F930292099B002B84
:1012100040F0B1809DF867100393FEF7D2BE2046E0
:1012200003F002FA02460590FEF720BF1BEE101AEB
:1012300024AA584603F0C8FEFEF7EDBD591C5846D7
:1012400000F0C8FA0446002800F0CA810790E0E6E2
:101250001BEE101A24AA584603F0B6FE00287FF4AD
:1012600034A9269A0DF19C0AFFF749BA1BEE101A11
:1012700024AA584603F0A8FE00287FF426A9DDE939
:1012800025321B990DF19C0A49E606230393FFF7CB
:1012900083BB039B02215A1C2BE7039A032128E7F7
:1012A0001BA8B0EE4A0BFAF717FEB4EE007B20EE57
:1012B000070BB5EE400BF1EE10FA01D101231B93A1
:1012C000B348039BB3EE005B013B224604E0B5EE5E
:1012D000400BF1EE10FA13D020EE050BFDEEC07BB3
:1012E000B3F1FF3F17EE901A415CB8EEE76B9446FE
:1012F00030EE460B02F8011B194603F1FF33E6D12D
:10130000B6EE006BB4EEC60BF1EE10FA00F34881B6
:10131000B4EE460BF1EE10FA04D117EE903ADB076B
:1013200000F13E81002906DB4B1C1344302102F8FA
:10133000011B9342FBD1131B0E93FCE60B9C0E9BEF
:10134000DDF82490DDF828801396E3189D422946A5
:1013500028BF194682460591FFF7D8B91B9B0C930D
:10136000DA1C02DB039A93420CDD0B9B023B0B93CE
:1013700023F02005E7E62D2100238DF86710039365
:10138000FEF722BE0C9B0E9A9342C0F2BD80F0077E
:101390000C9B40F13281109A13440593710503D5DB
:1013A0000C9B002B00F33581059B23EAE37302932A
:1013B00067230B9300230F930D9327E7229B834210
:1013C000BFF4B7AE30215A1C22921970229B98426A
:1013D000F9D8AEE6F30700F1A780229BA9E624AA7C
:1013E0005846059103F0F0FD00287FF46EA896F8AA
:1013F00000C0269A059927A86544FFF7ECBB1BEEB1
:10140000101A24AA584603F0DFFD00287FF45DA8D7
:10141000269A0DF19C0AFFF76BB978238DF8693095
:1014200030238DF86830039B632B48F0020600F3ED
:10143000A6800023079337AC18EE903A002B48F4AF
:1014400081782BDBB0EE48AB0B9B23F0200500230B
:1014500009930B9B612B7FF4ADAAB0EE4A0B1BA83E
:10146000FAF73AFDB4EE007B20EE070BB5EE400B29
:10147000F1EE10FA01D101231B93464821E71BEE40
:10148000101A24AA584603F09FFD00287FF41DA8D7
:101490001B9B269A0DF19C0AFFF74EB90B9B23F07C
:1014A00020052D230993B1EE48ABD2E71B9A0C928D
:1014B000002A06F0010340F30D8103990B4340F02D
:1014C000CF800C9B059366230B93720500F1A380DC
:1014D000059B23EAE37302936CE71BEE101A24AA20
:1014E000584603F071FD00287EF4EFAF1B9C0E9B65
:1014F000269A1C1B0DF19C0AFFF736B958238DE77D
:1015000000220392FEF7DABB0E9B109A9A180C9BEE
:101510000592002B40F3AB8067230B93D5E70B9A22
:101520000F32D2B2012118E6A018FBE5002940F0E5
:10153000A88030228DF87A200DF17B02303302F83A
:10154000013B1EABD31A149349E601331249CAF882
:1015500004502A44072BCDE92532CAF800107FF742
:1015600033AC1BEE101A24AA584603F02DFD0028B8
:101570007EF4ABAFDDE925320DF19C0A26E4591C5F
:10158000584600F027F9044650B3079054E700BFCF
:1015900000820020EC81002088C300206766666618
:1015A000CDF888C012F8011C90F80FC061451346B1
:1015B0000AD14FF0300E03F801EC229B591E229104
:1015C00013F8011C8C45F6D0392916BF0131817AF8
:1015D000C9B203F8011CAEE600239046079360E70A
:1015E0001BEE102AB2F90C3043F040039381FEF752
:1015F00016BCF5077FF5FEADF8E50593CEE6B5EE32
:1016000040ABF1EE10FA3FF48BADC2F101021B9238
:1016100087E567230B9313990B78FF2B79D000256F
:101620000C9A284603E001300131FF2B08D0934289
:1016300006DAD21A4B78002BF5D10B780135F4E796
:101640000C9213910D900F950F9A0D9B16991344C0
:10165000059A01FB0323059323EAE3730293D5E57F
:10166000109BD3181944662305910B932DE7C3F102
:1016700001031A4422EAE2730293672305920B9353
:1016800098E60DF17A0259E7039BDDF80890DDF842
:101690001C800593B4E418EE903A002BB4BF2D21C2
:1016A0009DF86710254C264BB8BF8DF8671028F0C1
:1016B0008008FEF779BC039B0293059373239DF882
:1016C000671003900F900D900B93FEF77ABC0223E6
:1016D000149384E5039A134305D1012366220293F0
:1016E0000B92059366E6109B01331A4422EAE273DB
:1016F0000293662305920B935CE6089A99F80130F1
:10170000894652F8041B089241EAE1710391FEF701
:10171000D3BA00230F930D9396E70C23CBF8003038
:101720004FF0FF330493FEF781BB1BEE102A938921
:1017300043F040039381FEF7C8BE00BFE88100205C
:10174000483D002010B51A4C002924689AB02ADBC5
:10175000009004904FF40270ADF80C0013D00139E2
:101760004FF6FF7002910591ADF80E0069462046D4
:10177000FEF746FA421C01DA8B232360009B00220D
:101780001A701AB010BD4FF6FF7002910591ADF8B6
:101790000E0069462046FEF733FA431C01DA8B231C
:1017A00023601AB010BD8B2323604FF0FF30F8E7A1
:1017B0004CD00020024B0146186800F00BB800BF67
:1017C0004CD00020024B0146186803F01BBA00BF42
:1017D0004CD000202DE9F04F01F10B06162E83B0FE
:1017E000044624D8102900F2BA8001F05FF91026CF
:1017F00018220220B54F3A44A2F1080153688B42E7
:1018000000F0BA805A68D96822F003021A449D6831
:10181000E9608D60516841F001012046516003F19B
:10182000080501F049F9284603B0BDE8F08F36F00D
:10183000070600F19480B14200F2918001F036F980
:10184000B6F5FC7FC0F09A81730A00F08F80042BFC
:1018500000F26F81B30903F1390003F1380CC300C2
:101860009A4F3B44A3F108055B689D4206D10CE00A
:10187000002980F22781DB689D4206D05A6822F059
:101880000302911B0F29F3DD60463D69DFF850C26A
:1018900065457CD06A6822F00302931B0F2B00F38E
:1018A0007B81002BC7E904CC80F26C81B2F5007F0C
:1018B00080F01A81D308796801334FEA521E012261
:1018C00002FA0EF20A4357F833E0C5F808E007EBD6
:1018D000C3010839E9607A6047F83350CEF80C50FC
:1018E000831001219940914257D8114206D120F02E
:1018F00003004900114200F10400FAD007EBC009CF
:101900004D468646D5F80C80454508D11DE1002B93
:1019100080F22481D8F80C80454500F01681D8F873
:10192000042022F00302931B0F2BF0DD2046D8E9A0
:10193000025408EB060146F00106C8F80460EC60AA
:10194000A56043F00104C7E90411C1E902CC4C6071
:1019500048F8023001F0B0F808F1080502E00C2365
:1019600023600025284603B0BDE8F08F4FF40073D4
:1019700040204FF03F0C73E7D3689A4208BF023013
:101980007FF440AF3D69DFF858C1654582D17A6880
:101990008310012199409142A7D9BD686B6823F05B
:1019A00003094E4503D8A9EB06030F2B7ADCDFF8B9
:1019B00034B1474BDBF800201B680132334405EBA0
:1019C000090A00F0338103F580530F3323F47F6855
:1019D00028F00F084146204603F0AAFA411C0246AF
:1019E00000F0F380824500F2EE803A4B19684144E2
:1019F0001960084600F04E81DBF8001001930131B8
:101A00001BBFA2EB0A010918CBF80020196012F0E5
:101A1000070B00F01781CBF108010A44CBF5805188
:101A200090440831A1EB0801C1F30B0A514620464E
:101A3000009203F07DFA421CDDE9002300F04F81A3
:101A4000801A00EB0A081968BA6048F00100514496
:101A5000BD425060196000F02981B9F10F0F40F2CA
:101A600027816868A9F10C0C2CF0070C00F001002C
:101A700040EA0C0068604FF0050E05EB0C00BCF16D
:101A80000F0FC0E901EE00F2328150681546124B8B
:101A90001A688A4238BF1960104B1A688A4238BFE8
:101AA000196094E0AA1943F0010346F001066E6044
:101AB0002046BA60536000F0FFFF0835284603B0A7
:101AC000BDE8F08FD9681A44A1E600BF30CC0020F1
:101AD000B833012088330120B0330120B433012012
:101AE00038CC002038D00020B2F5206F4FEA5223C6
:101AF00063D3142B00F2B78003F15C01C9005B33A0
:101B000007EB010E7958AEF1080E8E4500F091807A
:101B10004B6823F00303934202D989688E45F7D1BD
:101B2000D1F80CE07A68C5E9021ECEF80850CD6005
:101B3000D6E6142B59D9542B00F29D80330B03F1B8
:101B40006F0003F16E0CC3008AE60EF1010E1EF069
:101B5000030F05F108057FF4D5AE51E04244454638
:101B60005368D8F80C1043F00103536055F8083F50
:101B70002046D9608B6000F09FFFF3E6F00806F185
:101B8000080237E62A442046536843F001035360B5
:101B9000083500F091FFE5E6A919204646F0010658
:101BA00043F001046E60C7E90411C1E902CC4C6046
:101BB000AB5000F081FF0835D4E6930903F13901F9
:101BC000C90038339CE7BD425FD0BD68686820F02B
:101BD00003084645A8EB060302D80F2B3FF762AF78
:101BE000204600F069FF0025BCE603F15C0003F12C
:101BF0005B0CC30034E659F808394B4540F0968039
:101C000010F0030F00F1FF30F5D17B6823EA0103E8
:101C10007B60490099423FF6C0AE19B9BDE6490064
:101C20000EF1040E1942FAD0704667E603F110086F
:101C3000D0E69A104FF001087B6808FA02F21A43C6
:101C40007A6070E702EB08014942C1F30B0A514682
:101C50002046009203F06CF9431CDDE900237FF479
:101C6000EFAEDA46EFE6542B25D8130B03F16F01E4
:101C7000C9006E3344E7B3F5AA7F25D8F30B03F10F
:101C8000780003F1770CC300EAE5294B186840445B
:101C90001860B1E6CAF30B0CBCF1000F7FF4ACAED8
:101CA000BD68C84448F001006860F0E61546EEE6FD
:101CB0000123536094E7B3F5AA7F23D8D30B03F134
:101CC0007801C90077331BE740F25452934223D87E
:101CD000B30C03F17D0003F17C0CC300C0E5ABF154
:101CE000080BD844A8EB02084FF0000AABE605F158
:101CF00008012046009302F085FFBD68009B6868DC
:101D00001968C4E640F254518B420BD8930C03F18E
:101D10007D01C9007C33F3E64FF47E737F204FF0E2
:101D20007E0C9DE54FF47E717E23E9E67B6870E7CB
:101D30008833012001292DE9F0415BD94FF00108DA
:101D4000C64600244FF0FF35434608E0A3EB0508E4
:101D50001C464FF0010E04EB0E038B4210D200EB39
:101D60000E0CC75C1CF80560B742EFD332D04FF0C1
:101D700001082546C646444404EB0E038B42EED3CD
:101D80000127C2F80080BE4600244FF0FF363B46D4
:101D900007E09F1B1C464FF0010E04EB0E038B4225
:101DA00010D200EB060C10F803801CF80EC0E045C2
:101DB000EFD817D001272646BE463C4404EB0E035D
:101DC0008B42EED30136681C864201D31760304641
:101DD000BDE8F081C6450ABF74440EF1010E4FF014
:101DE000010EB8E7BE450ABF74440EF1010E4FF074
:101DF000010ED2E701270026E8E700BF2DE9F04FEA
:101E00001646ADF2244D07AA07468A4630461946C3
:101E10001D46FFF78FFF134681460DF21C4243F823
:101E2000045F9342FBD1002D00F0BC806C1E721E3B
:101E300030190DF1200812F8011FAB1A013B334491
:101E4000824248F82130F6D107994A46314430465B
:101E500000F052F900285CD1079B0293EB1A02466E
:101E60000393034609F1FF30AAEB05010590C9F180
:101E7000010004908B4601960AE022B1DDE90202DE
:101E8000884288BF11460B449B454FF000023BD36C
:101E9000F818015D58F821100029EED19145494606
:101EA00038BF1146A14211D2019D4E1E2E445D182D
:101EB0003D4402E00131A14208D215F801CB16F8E9
:101EC00001EFE645F6D0049A1344DCE79145059905
:101ED0006DD9019E03EB09053D444E4402E0914259
:101EE0005ED0614615F801CD16F801EDE64501F129
:101EF000010A01F1FF3CF2D00132524505D8029AA5
:101F000013449B45039AC3D200200DF2244DBDE833
:101F1000F08FAAEB050AA5EB09054D4538BF4D46E4
:101F200000226B1CB8180293C9F101030193035DF1
:101F300058F8233009F1FF3B43B11A445245E3D826
:101F4000B818035D58F82330002BF6D1A14513D201
:101F500009EB0201394406EB0B054B4602E0013365
:101F6000A34209D211F801CB15F801EFE645F6D0EE
:101F700001990A441A44E1E7B9F1000FC5D009EB11
:101F800002053D4406EB090101E0B342BDD011F862
:101F900001ED15F801CDE6450B46F6D0029BCCE7E6
:101FA0009246A9E74FF0FF340DF120084CE7CA46EE
:101FB000A2E700BF2DE9F0470446C0B0002B69D06E
:101FC000012B0D4690461F4600F087808B425DD85E
:101FD000CD1A022B00EB050660D0B3F5807F00F22E
:101FE000838000214FF4807268465D1E00F050F936
:101FF00040460121024643781278A3EBC203DBB2CC
:1020000001300DF8031001318D42F3D808EB0703BE
:102010004FF0000A13F8022C18F80530A3EBC203A6
:10202000DBB21DF803900DF80350A5EB0909B4428B
:1020300001D92BE063B92C44A64214F8013C94F872
:1020400000C0ACEBC30C5FFA8CFC1DF80C30F1D275
:102050009D42A4EB0304EAD80F2D07D9042208EB14
:102060000A0104EB0A0000F047F860B92A4641462D
:10207000204600F041F868B1BAF1030F8CBFAAF115
:10208000040AA7F1050A4C44B442D4D9002040B058
:10209000BDE8F087204640B0BDE8F087137855785A
:1020A000017845EA0345034613F8012F9E4242EAB0
:1020B00001421ED39542EDD0013601E09542E6D0B3
:1020C000184613F8011FB34241EA0242F6D1954285
:1020D00008BF06F1FF30D9D1D9E711782A4640B0C0
:1020E000BDE8F04702F038BA40B0BDE8F047FFF76E
:1020F00085BE1E46EBE700BF032A70B514D940EA3F
:1021000001039B0722D104460B46194620460E6860
:102110000568B54204F1040403F1040316D1043A3E
:10212000032A20461946F0D8541E9AB1421E01399E
:1021300001E0C3180CD012F801EF11F801CFE64509
:10214000A4EB0203F5D0AEEB0C0070BD541EEDE71E
:10215000184670BD104670BD88420DD98B18834259
:102160000AD900EB020CBAB1624613F801CD02F8AD
:1021700001CD9942F9D170470F2A0ED8034602F1DA
:10218000FF3C4AB10CF1010C013B8C4411F8012BCE
:1021900003F8012F6145F9D1704740EA01039B071D
:1021A00050D1A2F1100370B501F1200C23F00F05FE
:1021B00001F1100E00F11004AC441B095EF8105C34
:1021C00044F8105C5EF80C5C44F80C5C5EF8085C4B
:1021D00044F8085C5EF8045C44F8045C0EF1100EF0
:1021E000E64504F11004E9D1013312F00C0F01EBC4
:1021F000031102F00F0400EB031327D0043C24F07A
:1022000003064FEA940C1E441C1F8E465EF8045BC6
:1022100044F8045FB442F9D10CF1010402F0030266
:1022200003EB840301EB840102F1FF3C4AB10CF1A2
:10223000010C013B8C4411F8012B03F8012F61457F
:10224000F9D170BD02F1FF3C03469BE72246EBE764
:1022500000B50B4C25681446EE681A4685B0034657
:102260000D464CB107490095CDE9011430460649A9
:1022700002F0F6FDEEF784FC04490C46F3E700BFDC
:102280004CD000206C7D00207C7D0020A8C2002066
:10229000830730B548D0541E002A3FD0CAB2034647
:1022A00001E0013C3AD303F8012B9D07F9D1032C3F
:1022B0002DD9CDB245EA05250F2C45EA054536D97D
:1022C000A4F1100222F00F0C03F1200EE6444FEAB5
:1022D000121C03F1100242E9045542E90255103282
:1022E0007245F8D10CF1010214F00C0F03EB02124D
:1022F00004F00F0C13D0ACF1040323F003030433F8
:10230000134442F8045B9342FBD10CF003042CB15C
:10231000C9B21C4403F8011B9C42FBD130BD64468A
:102320001346002CF4D1F9E703461446BFE71A46DA
:10233000A446E0E7830710B5044610D10268A2F175
:10234000013323EA020313F0803F08D150F8042F31
:10235000A2F1013323EA020313F0803FF6D00378A1
:102360001BB110F8013F002BFBD100F0ADFA204665
:1023700010BD00BF13460A460146022003F03EBFCF
:1023800070B5054684B05BB11C4669B10E4B28465A
:10239000D3F8E0602346B047431C0FD004B070BDB3
:1023A00000F582740029F1D1074A2346D2F8E06093
:1023B00028460A4601A9B047431CEFD100228A23D0
:1023C00022602B6004B070BDC4CA002070B50D4EF1
:1023D0000D4D761BB61006D0002455F8043B013491
:1023E0009847A642F9D1094E094D761B04F01CF915
:1023F000B61006D0002455F8043B01349847A64295
:10240000F9D170BD102300601023006038230060F4
:1024100010230060704700BF704700BF704700BFC7
:10242000704700BF014B93F828017047C4CA0020D1
:1024300000487047B4CB00200000000000000000FE
:102440000000000000000000A2EB0300704700BF86
:1024500002780B78012A28BF9A42F5D16DE904452C
:1024600040EA0104CDE902676FF0000C4FEA4472C4
:1024700012B380EA010414F0070F6AD100F00704D8
:1024800020F0070004F0030521F007014FEAC5051D
:10249000F0E8042314F0040FF1E804670CFA05F4E3
:1024A00062EA040266EA04060AD063EA04036246AA
:1024B00067EA0407664603E0F0E80423F1E80467EE
:1024C00082FA4CF582EA0604A4FA8CF46CBB83FA17
:1024D0004CF583EA0705A5FA8CF595B950E9022376
:1024E00051E9026782FA4CF582EA0604A4FA8CF4F8
:1024F00083FA4CF583EA0705A5FA8CF52543DBD072
:102500009CB92DBAB5FA85F424F0070427FA04F132
:10251000DDE9026723FA04F303F0FF0001F0FF0195
:10252000FDE80445A0EB0100704724BAB4FA84F436
:1025300024F0070426FA04F1DDE9026722FA04F226
:1025400002F0FF0001F0FF01FDE80445A0EB0100EF
:10255000704714F0030F3CD110F0030428D150F859
:10256000082B51F8083B82FA4CF582EA0305A5FADC
:102570008CF55DB950F8042C51F8043C82FA4CF506
:1025800082EA0305A5FA8CF5002DE8D02DBAB5FA3C
:1025900085F424F0070423FA04F122FA04F202F08D
:1025A000FF0001F0FF01FDE80445A0EB01007047CA
:1025B0004FEAC40420F0030050F8082B21F0030177
:1025C00051F8083B0CFA04F462EA040263EA0403DB
:1025D000C9E710F003041AD0A1EB040120F00300B6
:1025E000E40750F8042B06D00FD28B785FFAA2F4E0
:1025F000E41A06D12BB1CB785FFAB2F4E41A00D119
:102600001BB920465DF8104B704701F1040150F8EA
:10261000042BCC0721F0030151F8043B48D824D205
:1026200022F07F4482FA4CF594EA1325A5FA8CF542
:102630000AD165B951F8043B84EA0204B4EB036F94
:102640000ED150F8042BEBE74FEA132355E035F099
:102650007F454DD10878FDE80445C0F10000704782
:102660004FEA126203F0FF0347E002EA1C4482FAD9
:102670004CF594EA1345A5FA8CF50AD165B951F8E1
:10268000043B84EA0204B4EB034F0CD150F8042B52
:10269000EBE74FEA134330E015EA1C4528D10B88DD
:1026A0004FEA124229E04FEA124203EA1C4324E0B7
:1026B00002F0FF0482FA4CF594EA1365A5FA8CF552
:1026C0000AD165B951F8043B84EA0204B4EB032F44
:1026D00009D150F8042BEBE74FEA13630DE015F036
:1026E000FF0F05D10B684FEA122223F07F4304E06D
:1026F0004FF00000FDE80445704712BA1BBA82FA99
:102700004CF482EA0304A4FA8CF5B5FA85F402FAD3
:1027100004F203FA04F34FEA1260FDE80445A0EB6B
:102720001360704738B5314B1B6805460C4613B132
:102730005A6B002A4ED0B4F90C3018079AB21CD547
:10274000216929B312F0010007D00020A060606960
:102750004042A06139B1002038BD950758BF60697B
:10276000A0600029F7D1120658BF0846F4D543F0FF
:102770004003A3814FF0FF3038BDD1062ED552075C
:1027800014D4216943F00803A3819AB20029D9D156
:1027900002F42070B0F5007FD4D02146284600F026
:1027A00027F8B4F90C3021699AB2CBE7216B51B10B
:1027B00004F14002914204D0284602F023FAB4F911
:1027C0000C300022226321690022C4E9001223F0A8
:1027D0002403D7E7184601F093FEACE7092243F043
:1027E00040032A604FF0FF30A38138BD4CD0002059
:1027F0002DE9F0418B890C46990796B008D504F174
:1028000043030122C4E90432236016B0BDE8F0811D
:10281000B4F90E100029064625DB6A4602F0F8FAE4
:1028200000281FDB019D05F47045A5F50055B5FA9C
:1028300085F54FF480686D094FF4006741463046D6
:10284000FEF7C8FFE0B1B4F90C30C4F8148043F0CF
:10285000800320602061A38135BB3B43A38116B078
:10286000BDE8F081A38913F0800519D04FF040082E
:102870000025414630462F46FEF7ACFF0028E2D146
:10288000B4F90C309A05C0D423F0030304F14302D9
:1028900043F002030121C4E90421A3812260B4E7CB
:1028A0004FF480682F46C9E7B4F90E10304602F0A5
:1028B000C5FA10B9B4F90C30CFE7A38923F00303AC
:1028C00043F001031BB2C8E780EA0102844612F01C
:1028D000030F4FD111F0030F32D14DF8044D11F019
:1028E000040F51F8043B0BD0A3F101329A4312F0CC
:1028F000803F04BF4CF8043B51F8043B16D100BFA5
:1029000051F8044BA3F101329A4312F0803FA4F135
:1029100001320BD14CF8043BA24312F0803F04BFBC
:1029200051F8043B4CF8044BEAD023460CF8013B29
:1029300013F0FF0F4FEA3323F8D15DF8044B7047D3
:1029400011F0010F06D011F8012B0CF8012B002A11
:1029500008BF704711F0020FBFD031F8022B12F000
:10296000FF0F16BF2CF8022B8CF8002012F47F4FBB
:10297000B3D1704711F8012B0CF8012B002AF9D1C3
:10298000704700BF70B50E461446054610B1436B44
:10299000002B2FD0636ED80702D4A389990520D5C8
:1029A000A368013B002BA36019DAA26993420FDBF5
:1029B000F0B20A280CD023685A1C226005461E700B
:1029C000636EDA0702D4A3899B050ED5284670BD35
:1029D00028462246314603F0B9FB0546F0E7F0B23F
:1029E000E9E7A06DFFF71AFDDAE7A06DFFF718FD24
:1029F000284670BD01F084FDCCE700BF70B50546E8
:102A000088B008460C4601F00FFE234E6A6B059015
:102A100001214318CDE9066104A80221049403931F
:102A2000AC6801900291002A31D0636E13F0010F5F
:102A3000B4F90C309AB201D1980521D5910406D48D
:102A4000626E43F4005322F40052A381626628466A
:102A500001AA2146FCF7EEFE636E002814BF4FF07A
:102A6000FF350A25DA0702D4A3899B0502D528463B
:102A700008B070BDA06DFFF7D3FC284608B070BD4C
:102A8000A06DFFF7CBFCB4F90C309AB2D6E728461C
:102A900001F036FDC9E700BF60C10020024B0146CE
:102AA0001868FFF7ABBF00BF4CD000200148FFF70C
:102AB000B5BC00BF803301200148FFF7B1BC00BFA7
:102AC00080330120436C70B505460C464BB153F87A
:102AD000240080B1026843F824200023C0E90333B6
:102AE00070BD2122042100F043FC034668640028E5
:102AF000EDD1002070BD012101FA04F6721D920093
:102B0000284600F035FC0028F3D0C0E90146E4E790
:102B100031B1436C4A6853F82200086043F8221030
:102B2000704700BF2DE9F0410E6980460F461D46F3
:102B300001F1140E0020DEF800108CB202FB0453E9
:102B4000090C4FEA134C02FB01CC01309CB204EBA0
:102B50000C4486424EF8044B4FEA1C45EBDC3DB179
:102B6000BB68B34207DD07EB860301365D613E615A
:102B70003846BDE8F081796840460131FFF7A2FF91
:102B80000446B0B13A69023207F10C0192000C30F0
:102B9000EDF778FDD8F844307A6853F822103960A0
:102BA00043F82270274607EB860301365D613E61DC
:102BB000DEE7034B03482246BA21FFF749FB00BF7B
:102BC000FC7F002010800020030C1B04D3B90004FC
:102BD000102310F07F4F04BF0002083310F0704F35
:102BE00004BF0001043310F0404F04BF80000233E3
:102BF000002805DB10F0804F03F1010308BF2023FC
:102C0000184670470023E4E7036813F0070208D072
:102C1000D9071FD49A0722D55B080360012210460A
:102C2000704799B209B91B0C1022D9B209B9083200
:102C30001B0A190704BF1B090432990704BF9B082C
:102C40000232D90703D45B0802F1010205D0036008
:102C5000104670470022104670472022DFE79B088D
:102C6000022203601046704738B5436C04460D4697
:102C70004BB15868B0B102685A6000220123C0E924
:102C80000435C26038BD2122042100F071FB0346E7
:102C900060640028EDD1094B0948002240F245113B
:102CA000FFF7D6FA1C220121204600F061FB002824
:102CB000F1D001220223C0E90123DEE7FC7F0020DE
:102CC000108000202DE9F04F0E691569AE4285B0E5
:102CD0008846144605DB2A46234635460C461646EA
:102CE0009846A3686168AF19BB42B8BF0131FFF7CE
:102CF000E9FE0190002800F08780019B03F1140990
:102D000009EB870AD14505D24B46002243F8042B34
:102D10009A45FBD808F1140808EB860B04F114035C
:102D2000D8451A4603EB85055FD22B1B153B23F0D4
:102D3000030304331534A54238BF0423CDE902A7A9
:102D4000AC461F46924605E0090C29D1C34509F15E
:102D5000040948D958F8041B8DB2002DF4D056460A
:102D60004C46002356F8041B22681FFA81FE90B2DD
:102D7000090C05FB0E00120C034405FB012202EBBB
:102D800013429BB243EA0243B44544F8043B4FEA82
:102D90001243E7D849F8073058F8041C090CD5D07D
:102DA000D9F8003050461A464C4600260588120CC9
:102DB00001FB052216449BB243EA064344F8043B58
:102DC00050F8045B22682D0C93B201FB053303EB32
:102DD000164384454FEA1346E8D8C34549F80730FF
:102DE00009F10409B6D8DDE902A7002F02DC05E0ED
:102DF000013F03D05AF8043D002BF9D0019B18463F
:102E00001F6105B0BDE8F08F034B0448019A4FF4F1
:102E1000B171FFF71DFA00BFFC7F00201080002079
:102E200012F003032DE9F0411446064632D10D4657
:102E3000A41020D0D6F84080B8F1000F33D0E307BB
:102E40004FF0000707D4641015D0D8F80000A8B1DF
:102E50008046E307F7D5424629463046FFF732FF62
:102E6000B5B16968736C641053F821202A6043F887
:102E700021500546E9D12846BDE8F0814246414649
:102E80003046FFF71FFFC8F8000007608046E0E704
:102E90000546D8E7013B0F4A52F823200023FFF7ED
:102EA00041FE0546C4E701213046FFF70BFE804690
:102EB00040B1012340F27122C0E9043200233064A2
:102EC0000360BCE7044B0548424640F24511FFF75A
:102ED000BFF900BF38950020FC7F00201080002043
:102EE0002DE9F0470D4614462F69AB68496807EB9A
:102EF00062177E1C9E4280464FEA621904DD5B0029
:102F00009E4201F10101FADC4046FFF7DBFD8446F9
:102F1000002852D0B9F1000F00F114020EDD09F1C2
:102F200005014FEA810E134600EB8101002043F8B2
:102F3000040B8B42FBD1AEF114031A44296905F14D
:102F4000140314F01F0E03EB81012ED0CEF12009E3
:102F500010464FF0000A1C6804FA0EF444EA0A0412
:102F600040F8044B53F8044B994224FA09FAF2D87A
:102F70004B1B153B23F00303043305F1150081427D
:102F800038BF0423BAF1000F18BF374642F803A038
:102F9000D8F844306A68CCF8107053F822102960D1
:102FA000604643F82250BDE8F087043A53F8040B1A
:102FB00042F8040F9942F9D8EAE7034B0348624606
:102FC0004FF4EF71FFF744F9FC7F002010800020E0
:102FD0000B6984460069C01A16D10CF1140C143127
:102FE0000CEB830210B401EB830301E0944508D29B
:102FF00052F8044D53F8041D8C42F7D005D24FF01F
:10300000FF305DF8044B7047704701205DF8044BBA
:10301000704700BF2DE9F84F0F691369FF1A002FA1
:103020000E4690467FD101F11405143202EB830263
:1030300005EB830301E09D4278D253F8041D52F85A
:10304000044DA142F7D069D37168FFF73BFD81467B
:10305000002877D03569D8F81020C76008F1140E21
:1030600006F1140009F1140A06F110010EEB8202B8
:1030700000EB850756464FF0000C5EF8044B51F804
:1030800004BFA3B21CFA8BFCACEB03034FEA144C55
:10309000CCEB1B4C0CEB234C9BB243EA0C4372452C
:1030A00046F8043B4FEA2C4CE7D8A2EB080115394F
:1030B00008F11508424521F0030404F1040438BF67
:1030C0000424204421F0030238BF002287425244E6
:1030D000544418D92646014651F8043B1CFA83FC97
:1030E0004FEA2C4202EB13421FFA8CFC4CEA0243DB
:1030F0008F4246F8043B4FEA224CEDD8013F3F1A7D
:1031000027F00307E21923B952F8043D013D002BD3
:10311000FAD0C9F810504846BDE8F88F3346012769
:103120004646984690E7F9DB00278DE70021FFF738
:10313000C9FC814668B101220023C9E9042348463D
:10314000BDE8F88F064B07484A4640F24521FFF795
:103150007FF8034B03484A4640F23721FFF778F8DF
:10316000FC7F0020108000202DE9F043884683B0CA
:10317000012157EC106B1546FFF7A4FC044600280C
:1031800051D0C7F30A59C7F31303B9F1000F01D0A7
:1031900043F48013002E019318D101A8FFF734FDEA
:1031A000019A6261012200F120032261B9F1000F4E
:1031B00025D0A9F2334909EB03022046C3F13503B8
:1031C000C8F800202B6003B0BDE8F0836846009685
:1031D000FFF71AFD034610B3DDE90002C3F1200139
:1031E00002FA01F10143DA4061610192002AA26111
:1031F00014BF022201222261B9F1000FD9D1A3F23A
:103200003243C8F8003004EB82031869FFF7DCFC96
:10321000C0EB421320462B6003B0BDE8F083009A58
:103220006261019AE2E7034B0348224640F20F3104
:10323000FFF70EF8FC7F00201080002011F0FF0146
:10324000034644D0820732D110B5046841EA012E0A
:103250004EEA0E4E8EEA0402A2F1013323EA020383
:10326000A4F1013222EA0402134313F0803F0FD18C
:1032700050F8044F84EA0E0CA4F10133ACF1013292
:1032800023EA040322EA0C02134313F0803FEFD039
:10329000037823B936E010F8013F002B32D0994271
:1032A000F9D110BD8A4211D09A071846CCD01846E1
:1032B00013F8012B002AF5D11046704799071846DC
:1032C00007D0184601330278002AF7D170478207E9
:1032D000F7D10268A2F1013323EA020313F0803F21
:1032E00008D150F8042FA2F1013323EA020313F0AE
:1032F000803FF6D00378002BE8D010F8013F002B78
:10330000FBD17047184610BD10B4044C03460A4662
:1033100020685DF8044B194600F02AB84CD0002014
:10332000024B1B680022C3E9260270474CD00020E4
:103330000C4B0D4819680D4AD1F8983010B4D1F8EB
:103340009C4003FB00F002FB0400A3FB02320133AC
:1033500040EB0200C1E926305DF8044B20F000404C
:10336000704700BF4CD000202DF451582D7F954C54
:1033700038B5A1FB02148CBBFEF72CFA0546E0B170
:1033800050F8042C22F00302043A242A17D8132AF6
:103390001AD91B2AC0E900441DD9242A14BF00F100
:1033A000100200F118024FF00003C0E9024404BF0C
:1033B00004614461C2E900339360284638BD214668
:1033C000FEF766FF284638BD02460023C2E90033F7
:1033D0009360284638BD00F10802F6E7FCF70AFCC6
:1033E0000C2300250360E8E710B4044C03460A46AA
:1033F00020685DF8044B194601F0C8B94CD0002094
:1034000010B582B0049CCDE900344FF0FF3303F0D7
:1034100037F802B010BD00BF2DE9F04F03690C6909
:10342000A34283B0C0F28780013C01F11405A300E0
:1034300000F11408009355F8243058F82420013383
:1034400081469A4208EB840005EB84070190B2FBA9
:10345000F3F63BD34FF0000CAE464046E2466346DF
:103460005EF804BB02681FFA8BFC06FB0C334FEAC4
:10347000134C4FEA1B4B06FB0BCC9BB2AAEB03038E
:103480001FFA8CFA13FA82F3CAEB124202EB2342C0
:103490009BB243EA0243774540F8043B4FEA224A95
:1034A0004FEA1C43DCD2009B58F8033073B9019BF0
:1034B000043B984504D307E0984504F1FF3403D258
:1034C00053F80429002AF7D0C9F810404846FFF7FE
:1034D0007FFD00282BDB01364146002355F8040B05
:1034E000D1F800C082B29A1A030C12FA8CF2C3EB24
:1034F0001C4303EB224392B242EA0342AF4241F83B
:10350000042B4FEA2343E9D258F8242008EB840324
:103510006AB9043B984504D307E0984504F1FF34A9
:1035200003D253F80429002AF7D0C9F810403046D6
:1035300003B0BDE8F08F002003B0BDE8F08F00BFFE
:103540002DE9F04F2DED028B8FB08DED020B019127
:10355000816B1A9D059357EC106B0446934641B15D
:10356000C26B4A60012393408B60FFF7D1FA0023BE
:10357000A363B7F10008B4BF012300232B60BE4B47
:10358000BCBF28F00048CDF80C8033EA080300F0F7
:103590009F809DED028BB5EE408BF1EE10FA11D1BC
:1035A000059A012313601B9B002B00F03F82B34B55
:1035B0001B9A1360013B009300980FB0BDEC028B87
:1035C000BDE8F08F0CAA0DA92046B0EE480BFFF71E
:1035D000CBFD5FEA1853054640F09280DDE90C13FD
:1035E0000B4403F23242202A40F3FA82C2F1400235
:1035F00008FA02F803F21242D64048EA060207EE41
:10360000102AB8EE477B581E17EE906A53EC172B22
:103610004FF0010AA6F1F8739FED913B9FED927B6D
:103620009FED935B06EE900A43EC122BB8EEE64B4F
:10363000B7EE086B32EE466BA6EE037BA4EE057B7D
:10364000FDEEC76BB5EEC07BF1EE10FA16EE907A88
:1036500008D5B8EEE66BB4EE476BF1EE10FA18BF82
:1036600007F1FF37162F00F24581854B03EBC703A7
:1036700093ED007BB4EEC78BF1EE10FA57D5091A23
:103680000023B1F1010807F1FF370A9300F13981F6
:1036900000230693002F52DA069B0497DB1B069348
:1036A0007B420893019B092B4FF000074ED8052B56
:1036B00040F39D82043B01930026019B9A1E032A3E
:1036C00000F22581DFE812F0AA03A7039D037E0321
:1036D000059AC8F3130842F20F7358EA06081360FC
:1036E0001ED11B9B002B00F09185664B0093083385
:1036F0001B9A009813600FB0BDEC028BBDE8F08FF1
:1037000018EE906AC6F31306A3F2FF3053EC182BA1
:1037100046F07F530C994FF0000A43F440137BE7C7
:103720001B9B002B40F03B83574B009344E7091A47
:103730000023B1F101080A9300F1E380069300230E
:103740000893019B0497092BB844B0D900230126A4
:10375000019307964FF0FF399B460021E163CDF8B6
:103760002C902046FFF7AEF90090002800F040852D
:10377000009BA363B9F10E0F00F2DC80002E00F075
:10378000D980049B002B40F3DE833D4A03F00F01F8
:1037900002EBC10292ED007B1A11DB0540F182833E
:1037A0003A4991ED086B02F00F02032088EE065BA8
:1037B0005AB13649D60704D591ED006B013027EE9A
:1037C000067B521001F10801F4D185EE076B0A9BCC
:1037D0003BB1B7EE007BB4EEC76BF1EE10FA00F12F
:1037E000AE8407EE900AB8EEE75BB1EE0C7BA5EE77
:1037F000067B17EE902A51EC170BA2F15071B9F12C
:10380000000F00F08883049E4A46079B002B00F0BF
:103810004784B6EE003B1A4BFDEEC64B03EBC20CE1
:10382000B8EEE47B36EE477B1CED026B83EE065B65
:1038300041EC160B14EE900A35EE465B0099B4EE9F
:10384000C75B3030F1EE10FA01F8010B00F3AC84E5
:10385000B7EE002BB2EE044B4FF0000C31E000BF8E
:1038600061436F63A787D23FB3C8608B288AC63F86
:10387000FB799F501344D33F0000F07FC16E0020BE
:1038800070180020788100208481002048180020D2
:103890000CF1010C94454DDA27EE047B25EE045B18
:1038A000FDEEC76B16EE903AB8EEE63B303337EEDE
:1038B000437BB4EEC57BF1EE10FA01F8013B00F159
:1038C000738432EE476BB4EEC56BF1EE10FADFD5C0
:1038D000009A049602E08A4200F05084894611F86A
:1038E000013D392BF7D00133DBB20B70049B013360
:1038F000049355E1091A0123B1F101080A937FF5F8
:10390000C7AEC1F1010306934FF00008C2E60026DE
:10391000E66331462046FFF7D5F80090002800F016
:103920006784009BA3634FF0FF330B9399460123F9
:10393000B34607930D9A002A55DB04990E2952DCF1
:10394000B74BBBF1000F03EBC10393ED006B15DA2E
:10395000B9F1000F12DC40F0F282B1EE047B26EEEA
:10396000077BB4EEC78BF1EE10FACA464E4600F262
:103970006D82DDF800806FEA0B0B70E288EE067B4B
:10398000BDEEC77B009917EE103AB9F1010F03F1B4
:103990003003B8EEC75B01F8013BA5EE468B00F0A3
:1039A0003483B2EE044B012311E088EE067BBDEEBA
:1039B000C77B013317EE102A4B4502F13002B8EEF7
:1039C000C75B01F8012BA5EE468B00F01E8328EEA5
:1039D000048BB5EE408BF1EE10FAE6D1049B013377
:1039E00004938946DCE0079B43B3019B012B40F322
:1039F0007682089B09F1FF3A534580F23F82089B8B
:103A0000CDF820A0AAEB030217444FF0000AB9F149
:103A1000000FC0F22583069B09934B44C8440693CC
:103A200001212046FFF720F906460CE07D4B00936C
:103A300000980FB0BDEC028BBDE8F08F069BDDF85F
:103A400020A0079E0993099B6BB1B8F1000F0ADD16
:103A5000434506991A46A8BF4246891A9B1A069101
:103A60000993A8EB0208089B63B1079B002B00F0A9
:103A7000A782BAF1000F00F30482089BB3EB0A029D
:103A800040F0FF8201212046FFF7EEF8002F82462A
:103A900000F3AF80019B012B40F387810023089343
:103AA0000120002F40F0B180404410F01F0000F0D2
:103AB0007A81C0F12002042A00F3888040F0F68168
:103AC000069B002B05DD29461A462046FFF708FA1B
:103AD0000546B8F1000F05DD514642462046FFF786
:103AE000FFF982460A9B002B40F03F81B9F1000F9D
:103AF00040F32581079B002B40F0A380049B0133FA
:103B00000493DDF80080012707E0294600230A22FC
:103B10002046FFF707F80137054651462846FFF7CC
:103B20007BFCB94500F1300008F8010BEDDCB9F180
:103B3000000F009ACCBFCB464FF0010B03469344D5
:103B400000272946012220460193FFF7C9F9514673
:103B50000546FFF73DFA002840F3AF811BF8013C12
:103B6000009A0BF1FF3B04E05A4500F0B1811BF8CD
:103B7000013D392B0BF10109F6D001338BF80030F0
:103B800051462046FEF7C4FF56B12FB1B74203D0CD
:103B900039462046FEF7BCFF31462046FEF7B8FF07
:103BA00029462046FEF7B4FF002389F80030DDE9FE
:103BB00004231A601B9B002B3FF4FEAC0098C3F853
:103BC00000900FB0BDEC028BBDE8F08FC0F11C007F
:103BD000069B03440693099B0344099380446FE7C3
:103BE000C2F1200206FA02F207EE102A09E50126C8
:103BF00063E501463A462046FFF712F9019B012B87
:103C0000824640F3C58100230893DAF810200AEBBE
:103C100082021069FEF7D8FFC0F1200044E700BF20
:103C200070180020C06E0020314600230A22204672
:103C3000FEF778FF0B9B002B064640F3CE820497DD
:103C40009946099B002B05DD31461A462046FFF7B1
:103C500047F90646089B002B40F0EB81B046029BDB
:103C6000009F03F001027B1E4B440893019B0A92C4
:103C70001343099351462846FFF7CEFB314683464E
:103C80002846FFF7A5F94246514681462046FFF7F0
:103C9000C1F9C26801460BF13003002A42D1CDE9D7
:103CA00006032846FFF794F9069902902046FEF78E
:103CB0002FFF029A079B1AB90999002900F07E820A
:103CC000B9F1000FC0F28381019949EA01090A990B
:103CD00051EA090900F07B81002A00F3C681089AA5
:103CE0003B7007F101099742CB4600F0C481294699
:103CF00000230A222046FEF715FF464505463146B9
:103D00004FF000034FF00A02204612D0FEF70AFFE0
:103D10004146064600230A222046FEF703FF4F468F
:103D20008046A7E720460293FEF7F2FE029B01229F
:103D3000C6E7FEF7F7FE4F46064680469AE7019B28
:103D4000022B71DC079B002B7FF47BAF049B514659
:103D5000013328460493FFF75FFBDDF800B000F164
:103D600030030BF8013B0027EBE651462846FFF7EE
:103D70002FF90028BFF6BAAE294600230A222046B2
:103D8000FEF7D0FE049B5F1E079B0546002B7FF4C9
:103D90004BAF0B9B002B40F318829946B1E6BC4B0E
:103DA00000930333A4E41C2012E7DDE9020100289C
:103DB0007FF474AEC1F31302002A00F0F480029B7A
:103DC00008936DE601230793049B5B4403F101090B
:103DD000B9F1010FCC460B93B8BF4FF0010C002195
:103DE000BCF1170FE1637FF7BCAC01200422520045
:103DF00002F114036345014600F10100F7D9E163C4
:103E0000AFE401230793BBF1000F52DDCDF82CB0D6
:103E1000D946DC46E3E700230793D5E70023079361
:103E2000F1E7DDF82C900497B9F1000F7FF4A1AD14
:103E300051464B4605222046FEF774FE0146824657
:103E40002846FFF7C5F800287FF793AD049B03F1E0
:103E5000010B009B3122984603F8012B0093514639
:103E60002046FEF755FE0BF10103DDF800900493A8
:103E7000CDF80080002E7FF48FAE91E6A3EB0A0A06
:103E8000C5E5314652462046FEF7CAFF2A4601469E
:103E900006462046FEF716FF294605462046FEF751
:103EA00037FEEAE50220B0EE485B81E4C0F13C0059
:103EB0008EE64FF0010BD9464FE403D1019BDB079F
:103EC0003FF54CAED9461BF8013D302BFAD057E6F2
:103ED000049B009A013304933123137050E6BAF126
:103EE000000F00F0238102F23342069B0993134432
:103EF000DDF820A00693904492E507EE900AB1EE1B
:103F00000C5BB8EEE77BA6EE075B15EE902A51EC52
:103F1000150BA2F1507141EC150BB1EE047B36EE9E
:103F2000477BB4EEC57BF1EE10FA00F33781B1EEBA
:103F3000455BB4EEC57BF1EE10FA7FF5FBAC4FF0BC
:103F4000000A564615E500F0F580049B51495A4297
:103F500002F00F0001EBC00191ED006B121128EE91
:103F6000066B00F04281B0EE467B4B4900260220F2
:103F7000D30705D591ED005B0130012627EE057BC7
:103F8000521001F10801F3D1002E06FE076B1EE46A
:103F9000029B002B7FF437AEDDE90201C1F313026F
:103FA000002A40F037813D4A0A40002A00F0FA809A
:103FB000069B01330693012308F1010808936FE57E
:103FC0002946089A2046FEF72BFF05465AE5002AA7
:103FD00012DD2946012220460193FEF781FF51465A
:103FE0000546FEF7F5FF0028019B40F3E180392BE1
:103FF00000F0CA800BF13103B94609F8013B049B7C
:104000000133374604934646BAE538EE088BB4EEE2
:10401000C68BF1EE10FA0ADCB4EE468BF1EE10FA24
:104020007FF4DCAC17EE103AD8077FF5D7AC009AD6
:1040300054E471682046FEF745FD0746002800F06D
:10404000DE80336902339A0006F10C010C30ECF784
:1040500019FB394601222046FEF742FF8046FEE565
:10406000069BA3EB09030993DAE4392B00F08C805B
:10407000B9460133C1E7049A0132374604924646F5
:104080005FE529462046FEF7CBFE0546FAE400BF71
:104090008481002070180020481800200000F07F64
:1040A0005E4BFDEEC65B03EBC20C1CED023BB8EEB3
:1040B000E57B36EE477B41EC160B15EE901A23EEAE
:1040C000063B00983031012A00F8011B00F0838084
:1040D000B2EE044B009B991827EE047BFDEEC76BF4
:1040E00016EE903A303300F8013B8142B8EEE65BC1
:1040F00037EE457BF0D1B6EE006B33EE065BB4EEE7
:10410000C75BF1EE10FA3FF5E3AB36EE436BB4EE6E
:10411000C76BF1EE10FA7FF70DAC8946013919F83B
:10412000013C302BF9D0731C049339E50C9AC2F191
:104130003602DAE60220B0EE486BFFF748BBB9F171
:10414000000F3FF4DAAE0B9A002A7FF7F3ABB2EE22
:10415000044B26EE046B013007EE900A049BB8EE88
:10416000E75BB1EE0C7BA6EE057B17EE90CA51EC37
:10417000170B5E1EACF15071FFF747BB049B013378
:1041800004933123FFF7B1BB049BBB460133049377
:10419000392337460BF8013B4646E1E44FF0000A6D
:1041A000564653E608927BE4731C04938946F7E471
:1041B0007FF422AFDA077FF51FAF18E7392BE3D082
:1041C000B9F1000F3FF716AF16E7019B022B3FF73F
:1041D00028AE0497BAE501468DE7019B022B3FF715
:1041E00020AEDDF82C9004972BE50220FFF7EFBA04
:1041F0000B4B0C48002240F2AF11FEF729F8084B98
:1042000008483A4640F2EF21FEF722F8064B0093A9
:10421000FFF7D2B9029B0893F7E400BF70180020A3
:10422000FC7F0020888100207881002038B5074D70
:104230000022044608462A60ECF790FC431C00D09C
:1042400038BD2B68002BFBD0236038BDBC39012062
:10425000B1F90C202DE9F0410C461107804647D4F6
:10426000636842F40062002BA2815EDDA56A002D26
:1042700058D00023D8F80060C8F8003093B212F488
:10428000805256D10123E1694046A847431C67D0BC
:10429000A389A56A5F0705D56368C01A236B0BB1B4
:1042A000E36BC01AE169024600234046A847411C5F
:1042B00041D1D8F80030002B3DD01D2B01D0162B5A
:1042C00056D1A3892269226023F400630021616032
:1042D000A381216BC8F8006021B304F14003994227
:1042E00002D0404600F08EFC00202063BDE8F08143
:1042F0002669BEB193B2256826609A070CBF636930
:104300000023AD1BA3600BE02B463246E169676AD0
:104310004046B847B0F1000CA5EB0C05664417DD2C
:10432000002DF1DC0020BDE8F081E36B002B9DDC6B
:10433000F8E7206DAEE7B4F90C302269226023F46F
:104340000063A3810022DB046260C2D52065C0E760
:10435000A38943F040034FF0FF30A381BDE8F08113
:10436000D8F80030002B93D01D2B06D0162B04D08C
:10437000A38943F04003A381D5E7C8F80060D1E7E3
:1043800038B50C46054608B1436B03B3B4F90C00CD
:1043900088B1636EDB0701D481050FD5284621461D
:1043A000FFF756FF636EDA07054602D4A3899B0523
:1043B00008D5284638BD0546284638BDA06DFEF70D
:1043C0002DF8EBE7A06DFEF72BF8284638BD00F07E
:1043D00097F8DBE7024A0349034800F0BBBD00BF82
:1043E00040D00020C93D0300A8C400200C4B416808
:1043F000994210B5044601D001F05AFFA168094B5B
:10440000994202D0204601F053FFE168064B9942E1
:1044100004D02046BDE8104001F04ABF10BD00BFE7
:10442000FC33012064340120CC3401202DE9F84311
:104430002A4C2B4B2B48DFF8C090DFF8C0802A4F66
:104440001860002504230822294604F15C00274E49
:104450006566C4E90253C4E90055C4E90455A56181
:10446000FDF716FF224B63670822294604F1C400BA
:10447000C4E90749C4E90987C4E91A55C4E91E55C6
:10448000C4F8CC502567C4F88050E662FDF700FF01
:10449000184BC4F8DC30294604F16803082204F5FF
:1044A0009670C4F88430C4E92298C4E92476C4E93B
:1044B0003455C4E93855C4F83451C4F8D850C4F858
:1044C000E850FDF7E5FE04F1D003C4E93C98C4E9E7
:1044D0003E76C4F8EC30BDE8F88300BFFC33012021
:1044E00034350120ED1E0300052A0300252A0300B0
:1044F0000900010012000200A1290300C5290300E0
:1045000010B504460A48FDF789FF636B23B9094BD0
:10451000094A1B68626323B1BDE810400448FDF7F7
:104520007FBFFFF783FFBDE810400148FDF778BF6C
:104530008433012034350120051F03000148FDF7B5
:104540006DBF00BF843301200148FDF769BF00BF84
:10455000843301200000000001F0FF01102A2BDB52
:1045600010F0070F08D010F8013B013A8B422DD014
:1045700010F0070F42B3F6D1F0B441EA012141EA4D
:10458000014122F007047FF000070023F0E8025603
:10459000083C85EA010586EA010685FA47F5A3FA93
:1045A00087F586FA47F6A5FA87F68EB9EED1F0BC04
:1045B00001F0FF0102F0070232B110F8013B013AAD
:1045C00083EA010313B1F8D1002070470138704726
:1045D000002D06BF35460338073815F0010F07D107
:1045E000013015F4807F02BF013015F4C03F013067
:1045F000F0BC0138704700BF000000000000000060
:1046000000000000000000000000000000000000AA
:10461000000000000000000000000000000000009A
:10462000000000000000000090F800F06DE9024575
:1046300020F007016FF0000C10F0070491F820F053
:1046400040F049804FF000046FF00700D1E90023EB
:1046500091F840F000F1080082FA4CF2A4FA8CF2D2
:1046600083FA4CF3A2FA8CF34BBBD1E9022382FA12
:104670004CF200F10800A4FA8CF283FA4CF3A2FA8F
:104680008CF3E3B9D1E9042382FA4CF200F108007B
:10469000A4FA8CF283FA4CF3A2FA8CF37BB9D1E939
:1046A000062301F1200182FA4CF200F10800A4FA7D
:1046B0008CF283FA4CF3A2FA8CF3002BC6D0002ABA
:1046C00004BF04301A4612BAB2FA82F2FDE802457B
:1046D00000EBD2007047D1E9002304F00305C4F1D8
:1046E00000004FEAC50514F0040F91F840F00CFAF1
:1046F00005F562EA05021CBF63EA050362464FF056
:104700000004A9E70CB410B51F4B00291C689CB02D
:1047100035DB4FF40273ADF81430029006901FABF6
:1047200018D001394FF6FF7204910791ADF81620A9
:1047300002A91E9A01932046FBF762FA421C01DA95
:104740008B232360029B00221A701CB0BDE810402E
:1047500002B070474FF6FF7204910791ADF8162032
:1047600002A91E9A01932046FBF74AFA431C01DA7C
:104770008B2323601CB0BDE8104002B070478B2330
:1047800023604FF0FF30F5E74CD000202DE9F84FC3
:104790001746002900F098800C4607F10B0580466B
:1047A000FEF784F9162D54F8041C5BD810252A4610
:1047B000AF425CD821F003069642A4F1080962DA00
:1047C000BC4BD3F808C009EB0600844500F0978085
:1047D000D0F804C02CF0010303445B68DB0768D405
:1047E0002CF0030C06EB0C03934247DACB0710D4F2
:1047F00054F8083CA9EB030ADAF8043023F003016B
:104800008C44B444944580F211817318934280F231
:10481000E88039464046FCF7DDFF0746E0B154F832
:10482000043C23F001034B44A0F10802934200F042
:10483000D280321F242A00F2F580132A00F2AC80C5
:1048400003462246116819605168596092689A605F
:104850002146404600F0D6F94046FEF72DF938468D
:10486000BDE8F88F25F00705002D2A46A0DA0C23B5
:10487000C8F8003000273846BDE8F88F1E46D0E95A
:104880000223D3609A60731B0F2B22D8D9F804300F
:1048900003F0010333434E44C9F80430736843F016
:1048A0000103736040462746FEF706F93846BDE827
:1048B000F88FC907ADD454F8083CA9EB030ADAF81D
:1048C000041021F00301A0E7BDE8F84F1146FCF702
:1048D00081BFD9F8042009EB050102F001024E4422
:1048E00043F001032A43C9F804204B60736843F086
:1048F000010308317360404600F084F9D2E7DCF828
:10490000040020F0030B06EB0B0C05F110008445AE
:104910004DDAC9073FF57DAF54F8081CA9EB010A31
:10492000DAF8041021F003018B44B34458453FF7F3
:104930006CAF5746DAF80C1057F8080F321F242ACC
:10494000C160886000F2DB80132A40F2D6802168C3
:10495000CAF808106168CAF80C101B2A00F2DF8040
:1049600008340AF110022168116061685160A16881
:1049700091600AEB0501ABEB050242F00102996080
:104980004A60DAF8043003F001032B434046CAF8CA
:104990000430FEF791F86EE72368036063684360B4
:1049A0001B2A68D804F1080200F108034AE709EB62
:1049B00005029A60ACEB050343F00103536054F821
:1049C000043C03F001032B43404644F8043CFEF74B
:1049D00073F827464FE750F8043C23F003031E44C6
:1049E00051E75746DAF80C1057F8080F321F242AFF
:1049F000C16088604CD8132A48D92168CAF80810C9
:104A00006168CAF80C101B2A56D808340AF1100243
:104A10001E462368136063685360A3689360D146A1
:104A20003C4630E72146FDF797FB11E7D0E902133A
:104A30005746CB60996057F8081FDAF80C30CB6006
:104A4000321F242A99602DD8132A29D92368CAF83D
:104A500008306368CAF80C301B2A42D808340AF1BF
:104A6000100322681A6062685A60A2689A606646FB
:104A7000D1463C4607E7A3688360E368C360242A05
:104A800026D004F1100200F11003DBE63A46BFE73E
:104A9000214638461E46D146FDF75EFB3C46F2E60F
:104AA0003B46DEE7214638466646D146FDF754FBD5
:104AB0003C46E8E630CC0020A168CAF81010E16856
:104AC000CAF81410242A20D010340AF118029FE7E3
:104AD000236903616169416104F1180200F118035F
:104AE000B0E6A368CAF81030E368CAF81430242A84
:104AF00021D010340AF11803B3E73A4633E72146D0
:104B00003846FDF729FB164B33E72269CAF818200F
:104B10006269CAF81C2018340AF1200278E7A168FB
:104B2000CAF81010E168CAF81410242A0DD0103405
:104B30000AF1180217E72369CAF818306369CAF83E
:104B40001C3018340AF120038BE72269CAF81820B8
:104B50006269CAF81C2018340AF1200203E700BF7A
:104B600030CC0020F8B5244F0C460646FDF79EFFDA
:104B7000BB685D68C4F57E610F3125F003054B19F4
:104B800023F47F6323F00F03A3F58054B4F5805F13
:104B900007DB0021304600F0CBF9BB682B4498427C
:104BA00004D03046FDF788FF0020F8BD6142304652
:104BB00000F0BEF901300DD0104ABB682D1B45F046
:104BC00001055D60136830461B1B1360FDF774FF21
:104BD0000120F8BD0021304600F0AAF9BA68831A16
:104BE0000F2BDEDD43F001035360054B03491B68C7
:104BF000C01A0860D5E700BF30CC00208833012000
:104C000038D00020002961D0F8B50C460646FDF7E3
:104C10004DFF54F8042C7B4FA4F1080522F001014C
:104C200005EB010CB868DCF80430604523F00303A1
:104C300000F08B80D207CCF8043032D454F8082C22
:104C4000AD1A1144AA6807F1080082426AD00CEB41
:104C50000304D4F804E0EC68D4601EF0010FA260F5
:104C600000F0978041F001036B60CCF80010B1F5C3
:104C7000007F35D27868CB080122490901338A4088
:104C8000024357F833107A6007EBC302083AC5E9CC
:104C9000021247F83350CD603046BDE8F840FDF7CA
:104CA0000BBF0CEB03025268D00710D4194407F174
:104CB0000800DCF80830834273D0DCF80C20DA609E
:104CC000936041F001036B606950D0E7704741F099
:104CD0000103B1F5007F44F8043CCCF80010C9D3BF
:104CE000B1F5206F4FEA512348D28B0903F1390007
:104CF00003F13802C300F818FB580838984259D01D
:104D00005A6822F003028A4202D99B689842F7D17E
:104D1000D868C5E902308560DD603046BDE8F840FE
:104D2000FDF7CABE0CEB03025268D20763D40B44F2
:104D3000DCE90212CA60916043F001026A60304609
:104D4000EB50BDE8F840FDF7B7BE0B44D10707D4E0
:104D500054F8082CAD1A1344D5E90212CA609160C8
:104D600043F001026A60284ABD6012689A4293D8F3
:104D7000264B30461968FFF7F5FE8DE7142B0AD94C
:104D8000542B1FD80B0B03F16F0003F16E02C3000D
:104D9000B1E719448DE703F15C0003F15B02C30046
:104DA000A9E741F00103C7E90455C5E902006B60BA
:104DB000695071E779689210012404FA02F20A43FB
:104DC0007A60A6E7B3F5AA7F06D8CB0B03F178008B
:104DD00003F17702C3008EE740F25452934206D8A3
:104DE0008B0C03F17D0003F17C02C30083E74FF4D9
:104DF0007E737E227FE741F001036B60CCF80010E8
:104E00004AE700BF30CC00203CD00020B83301205E
:104E100070B50C46084D03460026204611461C4638
:104E20002E60EBF79FFE431C00D070BD2B68002B5B
:104E3000FBD0236070BD00BFBC39012038B5074DE1
:104E40000022044608462A60EBF792FE431C00D07D
:104E500038BD2B68002BFBD0236038BDBC39012046
:104E60000EB410B583B005AB064C53F8042B019378
:104E70000146206800F064F903B0BDE8104003B0BB
:104E8000704700BF4CD0002010B50C46B1F90E1091
:104E900001F01EFB002803DB236D0344236510BDD6
:104EA000A38923F48053A38110BD00BF2DE9F041F5
:104EB0000C46B1F90C101F46CB05054616460BD41F
:104EC00021F48051A1813B46B4F90E1032462846A8
:104ED000BDE8F04100F062B8B4F90E1002230022E0
:104EE00001F0E0FAB4F90C10EAE700BF10B50C4687
:104EF000B1F90E1001F0D6FAA389421C0EBF23F4BB
:104F0000805343F480532065A38110BDB1F90E1086
:104F1000FFF78CB949B1FF2A02D80A700120704707
:104F20008A2303604FF0FF3070470846704700BF88
:104F300038B5074D0022044608462A60EBF7F2FD1B
:104F4000431C00D038BD2B68002BFBD0236038BD3C
:104F5000BC3901202DE9F84380460F4616464FF034
:104F60000009D6E90154013D11D4A389012B05F1B3
:104F7000FF3508D9B4F90E300133214603D040463D
:104F8000B84749EA00096B1C04F16804EDD13668A2
:104F9000002EE6D14846BDE8F88300BF38B50C4680
:104FA000084D8446114620461A4600232B6064466D
:104FB000EAF7A8FE431C00D038BD2B68002BFBD0BD
:104FC000236038BDBC3901202DE9F04F9368176884
:104FD00083B09246002B70D081468A6808680C46E0
:104FE000083743E0A38913F4906F2ED0D4E9041658
:104FF000A0EB010806EB460606EBD67608F10100A9
:1050000076102844B042324684BF064632465B05DD
:1050100037D511464846FCF7DDFB019000283AD011
:1050200042462169EBF72EFBA289019B22F4906294
:1050300042F08002A281A6EB080203EB0800666141
:10504000A260236120602E46A84642465946FDF7DD
:1050500083F8DAF80830A2682068921B40445B1B92
:10506000A2602060CAF808303BB3083757E902B5A0
:10507000002DFAD0AA4216469046B3D92E46A8462D
:10508000E3E74846FFF782FB03460028D3D12169B6
:105090004846FFF7B7FDA3890C2243F04003C9F847
:1050A00000204FF0FF30A38100220023CAF808201F
:1050B000CAF8043003B0BDE8F08F00200023CAF81E
:1050C000043003B0BDE8F08F2DE9F84F4B6E9C041F
:1050D00090462DD59368126843B38B46064602F17D
:1050E000080959E9025A5FEA9A0715D0043D0024DD
:1050F00001E0A7420ED055F8041F5A46304601F091
:1051000053FA431C04F10104F3D10023C8E901332D
:10511000BDE8F88FD8F808302AF0030AA3EB0A0399
:10512000C8F8083009F10809002BDAD10020ECE7B3
:10513000FAF780FB0023C8E90133BDE8F88F00BF10
:105140002DE9F04F2DED028BC5B00DF1500A8346CD
:1051500008EE101A16460021082250461C460793F6
:10516000FDF796F8BBF1000F04D0DBF83430002BCC
:1051700000F0A08618EE102A536EDB0740F113856D
:10518000B2F90C108AB295040BD418EE103A41F41F
:10519000005199815B6E8AB218EE101A23F4005305
:1051A0004B66100740F1058118EE103A1B69002B81
:1051B00000F0FF8002F01A030A2B00F00A8100239E
:1051C000CDE91933CDE90D331BAA0C931892914602
:1051D0000B930593B0464446A84BD3F8E450FDF733
:1051E00021F92246034612A9CDF800A05846A84747
:1051F000002800F04581C0F23981129A252A034621
:1052000001D01C44E8E7B4EB0806054640F03C81B9
:10521000002361788DF8433004F1010806934FF0C4
:10522000FF371E462B2408F10108A1F120035A2B59
:1052300000F27881DFE813F0B50276017601B00262
:105240007601760176016A00760176017D028D0293
:10525000760188029702760192025B005B005B0098
:105260005B005B005B005B005B005B00760176012E
:1052700076017601760176017601760176015C028F
:105280008400760176017601760176017601760159
:10529000760176017601E800760176017601330227
:1052A0007601DA02760176018B05760176017601C8
:1052B00076017601760176017601760176015C024F
:1052C0008600760176017601CD0286007F007601A8
:1052D000C0027601FD02EA00ED027F007601330292
:1052E0007C006905760176016B0576017C00A1F1F1
:1052F0003003002218F8011B02EB820203EB42028A
:10530000A1F13003092BF5D906928EE75846FDF737
:105310008FF843680D931846FFF786F90E900546FF
:105320005846FDF785F883680B93002D40F0D6842E
:1053300098F8001077E798F8001046F0200672E71A
:1053400046F01006B40640F18E81079B073323F028
:1053500007031A46596852F8083B07920A46002983
:10536000C0F27084791C00F0A28526F080010391C0
:1053700053EA020100F03F840A2B72F1000180F031
:10538000418530338DF80F31039E012304930DF2D4
:105390000F14049BBB42B8BF3B4603930023089302
:1053A0009DF84330002B00F0CB80039B0133039327
:1053B000C6E018EE101A584618EE105AFDF7B2F96A
:1053C000002840F05286AA8902F01A030A2B7FF4C3
:1053D000F6AE18EE101AB1F90E30002BFFF6EFAE54
:1053E0004B6EDB0702D4970540F1128618EE101AB7
:1053F00023463246584600F069FE0590059845B0B0
:10540000BDEC028BBDE8F08F46F0100616F02002CE
:1054100000F03681079B073323F0070319465A68CB
:1054200051F8083B079126F4806103910021002088
:105430008DF84300781C00F01082039820F080065D
:1054400053EA020040F00882002F40F0388500291E
:1054500040F0D583039B13F00103049300F0118403
:1054600030238DF80F310DF20F1492E7082200213E
:105470005046FCF70DFF01231C44ADE6C4CA0020D2
:10548000B4EB080605461BD0199B1A9A0133324427
:10549000072BC9E900861A9219931CDD002A00F037
:1054A000A68318EE101A18AA5846FFF70DFE20BB67
:1054B0000DF16C09059B33440593002D7FF4A8AED4
:1054C0001A9B002B40F0C18518EE103A0022B3F968
:1054D0000C30199215E009F10809EBE718EE101AE3
:1054E00018AA5846FFF7F0FD002800F0A680089B98
:1054F0001BB108995846FFF785FB18EE103AB3F92F
:105500000C3018EE102A526E12F0010F9AB200F011
:10551000A080500600F1B285059845B0BDEC028B25
:10552000BDE8F08F0029CBD000238DF84330012354
:10553000CDE903338DF8AC102BAC002308931F4644
:1055400016F00203099302D0039B0233039316F073
:1055500084030A9305D1069B039A9D1A002D00F33C
:105560007B82DDE91903411C9DF8432082B10122B1
:105570000133C9F8042007290DF14302CDE91913BD
:10558000C9F8002000F34A82084609F108090131F0
:10559000099AE2B111AA0233C9F8002007294FF095
:1055A0000202CDE91913C9F8042040F35082002B00
:1055B00000F0438318EE101A18AA5846FFF784FD2E
:1055C000002894D1DDE919030DF16C09411C0A9AF8
:1055D000802A00F08481049ABD1A002D00F3D7813F
:1055E000049AC9F8004013440729CDE91913C9F8F2
:1055F000042040F36E81002B00F0758218EE101A23
:1056000018AA5846FFF760FD00287FF470AF1A9B78
:105610000DF16C09750705D5069A0399541A002CEB
:1056200000F36B82DDE9052103988142ACBF52187B
:1056300012180592002B7FF451AF0899002319939B
:10564000002900F049815846FFF7DCFA0DF16C099A
:10565000C1E59C053FF55DAF18EE104AA06DFCF763
:10566000DFFEA28955E7F006079A00F11F83710655
:1056700040F1198332F9043B0792DA1711466EE6BE
:1056800016F01003079940F0098316F0400000F06F
:1056900001831A4651F8043B07919BB2C3E6079B6E
:1056A0001A4600238DF84330134653F8044B0393F6
:1056B000002C00F01284532900F0658316F01005C9
:1056C00040F061837B1C00F0B3843A4629462046B3
:1056D000FEF742FF0890002800F09F84031B039A06
:1056E000049323EAE3732F4607920393089557E642
:1056F000432902D0F50640F12D83079D08220021A1
:1057000016A82BACFCF7C4FD16AB55F8042B2146AC
:105710005846FCF735FE03460133049000F0B3848D
:10572000049B079523EAE373039300238DF843302A
:1057300003E7079B53F8042B0692002A80F29C8211
:10574000069A5242CDE9062398F8001046F0040666
:1057500069E598F800108DF8434064E598F800106A
:1057600046F080065FE5424612F8011B2A2900F048
:105770009684A1F13003092B90464FF000073FF6C5
:1057800054AD18F8011B07EB870703EB4707A1F19E
:105790003003092BF5D948E598F8001046F00106CA
:1057A00041E59DF84330002B7FF4C2AD202398F8EB
:1057B00000108DF8433036E598F800106C2903BFCF
:1057C00098F8011046F0200608F1010846F010068E
:1057D00029E598F80010682903BF98F8011046F4ED
:1057E000007608F1010846F040061CE546F010037B
:1057F0000393039B13F0200200F00682079B0733FC
:1058000023F0070319465A6851F8083B0791012114
:105810000DE6079A46F00203039352F8043B079201
:1058200047F63002ADF84420B84A0C92022100221B
:10583000FDE5B70600F14882F50600F146837406DF
:1058400000F1D583B00540F14083079B059953F8DB
:10585000042B07931170BEE4039601293FF48CAD2D
:10586000022944AC11D10C9803F00F011B09415CD3
:1058700004F8011D43EA0273120953EA0201F3D14D
:10588000039E44AB1B1B049383E503F00701DB0875
:1058900043EA4273D208303153EA0205204604F845
:1058A000011DF2D1039EF307EBD53029E8D0302358
:1058B000023804F8013C44AB1B1A039E04930446CF
:1058C00067E5049B1B9401221C931A9319920DF116
:1058D0006C0909F108099DE60DF16C097BE4069A53
:1058E000039D551B002D7FF776AE102D40F3BB8333
:1058F000099418EE104A07E000F1020C09F10809BA
:105900001046103D102D1EDD8149C9F80010421CC3
:1059100010331021072ACDE91923C9F80410EBDD53
:1059200018AA002B74D0214658460DF16C09FFF7D8
:10593000CBFB00287FF4DBADDDE91903103D102D12
:1059400000F1010CE0DC099C714AC9F804502B44B9
:10595000BCF1070FCDE919C3C9F8002040F39481C9
:10596000002B00F01F8318EE101A18AA5846FFF7F4
:10597000ABFB00287FF4BBAD049ADDE91903BD1A27
:10598000002D00F101010DF16C097FF729AE102DFA
:1059900029DD0994102718EE104A07E000F1020CE7
:1059A00009F108091046103D102D1ADD421C584916
:1059B0001033072AC9E90017CDE91923EEDD18AA2B
:1059C00003B3214658460DF16C09FFF77DFB002813
:1059D0007FF48DADDDE91903103D102D00F1010CB0
:1059E000E4DC099C61464A4AC9F804502B44072963
:1059F000CDE91913C9F8002000F3E78009F108097F
:105A00000131EDE54FF0010C18460DF16C09CAE7C4
:105A10004FF0010C18460DF16C0972E7002B00F0F5
:105A2000048118EE101A18AA5846FFF74DFB0028FB
:105A30007FF45DADDDE919030DF16C09411CA7E5AB
:105A4000022311AA1C931B9201210DF16C09084637
:105A500009F10809411CBAE5102D40F3E582DDE9A2
:105A600019130F94084618EE104A07E000F1020CD3
:105A700009F108091046103D102D1DDD2549C9F812
:105A80000010421C10331021072ACDE91923C9F850
:105A90000410EBDD18AA03B3214658460DF16C093A
:105AA000FFF712FB00287FF422ADDDE91903103D5A
:105AB000102D00F1010CE1DC0F9C6046154AC9F87D
:105AC00004502B440728CDE91903C9F8002000F33E
:105AD000C18009F10809411C46E518464FF0010C48
:105AE0000DF16C09C7E77607199353D5069A039908
:105AF000541A002C4EDD0DF16C09102C40F3B082CD
:105B0000199918EE106A10250DE000BFEC810020F5
:105B100098C3002034830020881C09F1080911462D
:105B2000103C102C1ADD4A1CB3481033072AC9E96F
:105B30000005CDE91923EFDD18AA33B331465846E5
:105B4000FFF7C2FA00287FF4D2ACDDE91913103C4C
:105B5000102C01F101000DF16C09E4DCA64AC9F832
:105B6000044023440728CDE91903C9F800207FF732
:105B700059AD7BB118EE101A18AA5846FFF7A4FACF
:105B800000287FF4B4AC1A9B4CE5012019460DF1B6
:105B90006C09C5E7DDE9053203998A42ACBF9B1861
:105BA0005B18059349E5B2F90C108F0518EE103A11
:105BB0008AB23FF5E8AA18EE105A986DFCF72EFC51
:105BC000B5F90C108AB2FFF7DEBA002B3FF479AEBC
:105BD00018EE101A18AA5846FFF776FA00287FF434
:105BE00086AC19991A9B01310DF16C09F8E41992F0
:105BF0000DF16C095EE4002F7FF4C3AB039E002718
:105C0000049744ACFFF7C5BB039B13F0100354D1BA
:105C1000039A12F0400000F06B8107991A4651F880
:105C2000043B07919BB2012101E4099A002A64D147
:105C3000184601210DF16C09C9E4012118460DF146
:105C40006C09C4E45B4262EB420203962D20012101
:105C5000FFF7EEBB002B00F0888018EE101A18AA90
:105C60005846FFF731FA00287FF441ACDDE919030B
:105C70000DF16C09411C77E498F800100793FFF7C9
:105C8000D2BA44ACFFF785BB09F108090CF1010158
:105C90006046A0E416F4007240F0978151F8043B8E
:105CA0000791FFF7C0BBB30500F1888152F8043BB0
:105CB0000792DA171146FFF752BB079951F8043BD8
:105CC00007910121FFF7B3BB079B059853F8041B0D
:105CD0000793C217C1E90002FFF77DBA0B9B002BA7
:105CE0003FF426AB0B9B1B78002B3FF421AB98F8BD
:105CF000001046F48066FFF796BA022311AA1C939F
:105D00001B9201200DF16C09A2E6039671E53B4B55
:105D10000C9316F0200259D0079B073323F007039A
:105D200018465A6850F8083B0790F40709D553EA1B
:105D3000020006D08DF84510302146F002068DF89D
:105D4000441026F4806103910221FFF770BB2C4BB5
:105D50000C93DEE7079B012153F8042B03918DF888
:105D6000AC20079304912BACDFE49DF84320002A7C
:105D700040F03281099A002A7FF462AE1846012170
:105D80000DF16C0927E40021082216A81394FCF7F2
:105D90007FFA791C00F0BC80002507942C460CE0AB
:105DA0002BA95846FCF7ECFA421C204400F06B810A
:105DB000B84208DC00F070810446139A525916ABC1
:105DC0000435002AECD10494079CAFE016F01003D0
:105DD00007980CD116F0400405D01A4650F8043B41
:105DE00007909BB2A1E716F4007240F0E18050F8F2
:105DF000043B079099E700BF34830020EC8100202A
:105E0000008200200399049744AC9E4608EE90BAA5
:105E100001F480664FF0000C234606E0BEF10A0F45
:105E200072F1000239D3A6462A46A6491EEB0200AB
:105E300040F100000F46A1FB001424F0030101EB28
:105E40009401401ABEEB00014FF0CC3562F1000422
:105E500005FB01F507FB0455A1FB07410D44052790
:105E600004F00101A1FB071B09186408303103F895
:105E7000011C44EAC5740CF1010C013B6D08002EB5
:105E8000CCD00B9909786145C8D1BCF1FF0FC5D0C2
:105E9000BEF10A0F72F100026CD21C4644AB1B1B10
:105EA000049F039E049318EE90BAFFF772BA03960C
:105EB000FFF762BA5846FEF723FBFFF75BB90129EB
:105EC00003967FF4CDACFFF75CBA079B059953F8B6
:105ED000042B11600793FFF77EB9062F3B46039A08
:105EE000794C079228BF062304930393FFF725BB41
:105EF000039B079913F4007214BF51F8043B51F847
:105F0000043B07911CBF0246DBB20121FFF78FBAA9
:105F100016AB00930023194613AA5846FDF770FAF2
:105F200003460133049000F0AE801394049B002BD1
:105F300030D0632B63DC002308932BAC08220021B4
:105F400016A8FCF7A5F9049D16AB009313AA2B46DF
:105F500021465846FDF754FA854240F0AB80039B3A
:105F6000049A07930023A3541F4622EAE273039383
:105F7000FFF716BA0E9A0D999B1A18460893F9F76F
:105F800005F90B99089B4A780AB101310B914FF042
:105F9000000C48E7039B0793049B03931F46089359
:105FA000FFF7FEB9012118460DF16C09FFF713BB8D
:105FB00050F8043B07902246DBB2B6E612F9043BE8
:105FC0000792DA171146FFF7CAB951F8043B079157
:105FD0000246DBB2FFF727BA01231C9301210DF122
:105FE00043031B930DF16C090B46FFF7CDBA079BDA
:105FF000059953F8042B07931180FFF7ECB8591C4F
:106000005846FBF7E7FB044600283CD0089095E78C
:10601000886DFCF705FAFFF7E9B9039B0793CDE913
:106020000377089FFFF7BCB919981A9B013045E523
:10603000039B07932046FEF7F7FA20EAE0732F460A
:10604000049003930895FFF7ABB918EE101A18AA3D
:106050005846FFF739F800283FF436AAFFF74DBA43
:10606000199801307AE58C466EE46B6ED90705D439
:10607000AB899A0502D4A86DFCF7D2F94FF0FF3333
:106080000593FFF749BA18EE102AB2F90C3043F025
:1060900040039381FFF735BA079C049746E7079BB7
:1060A00098F8011053F8047B0793904647EAE77786
:1060B000FFF7B9B818EE102A938943F04003938193
:1060C000FFF715BACDCCCCCC1482002070B50C46AD
:1060D0008989ADF58E6D21F00201ADF81410616E65
:1060E0001B91E189ADF81610E1690991616A0B9184
:1060F0001CA9029106914FF4806106460491079114
:1061000018A80021CDE900320891FCF783F9DDE9F8
:10611000003202A93046FFF713F8051E07DB02A97B
:106120003046FEF72DF9002818BF4FF0FF35BDF8B7
:1061300014305B0603D5A38943F04003A38118986C
:10614000FCF76AF928460DF58E6D70BDF8B50D4661
:106150001446064610B1436B002B4CD0B4F90C200A
:10616000A369A360170790B21BD52369CBB1EDB229
:1061700081042F4622D522686169D31A994229DD0C
:106180000133A1680139A160511C21601570626959
:106190009A4227D0A389DB0701D50A2D22D03846A1
:1061A000F8BD21463046FCF7BDFA08BBB4F90C2017
:1061B000236990B2EDB281042F46DCD442F4005240
:1061C000A281626E616922F4005262662268D31A6B
:1061D0009942D5DC21463046FEF7D2F840B9226814
:1061E0000123CEE721463046FEF7CAF80028D6D074
:1061F0004FF0FF37D3E7FEF783F9AFE72DE9F0471C
:10620000DFF87CA00646DAF8000098460F46914673
:10621000FCF704F9184B1C6824B365681F2D24DCB7
:106220005EB96B1C0235DAF80000636044F8257033
:10623000FCF7F6F80020BDE8F08704EB85010123A8
:10624000C1F88890D4F88821AB401A43022EC4F8D4
:106250008821C1F80881E4D1D4F88C211A43C4F80C
:106260008C21DEE7054C1C60D7E7DAF80000FCF76C
:10627000D7F84FF0FF30DEE7E8310120EC310120A4
:10628000B8CA002082B049B15AB16BB113780B6023
:106290001278101E18BF012002B0704701A9002A11
:1062A000F3D1104602B070476FF00100F4E700BF71
:1062B00070B500294BD006460C4610B1436B002B3D
:1062C00048D0636ED80734D5B4F90C30002B3ED0DB
:1062D00021463046FDF7BCFFE36A054633B1E1696C
:1062E000304698470028B8BF4FF0FF35A3891A06FB
:1062F0003CD4216B41B104F14003994202D03046B5
:10630000FEF780FC00232363616C21B13046FEF769
:1063100079FC00236364FEF711F9636E0022DB074A
:10632000A2811FD5A06DFCF777F8FEF70DF928467E
:1063300070BDA3899905CBD4A06DFCF76FF8B4F9B3
:106340000C30002BC4D1656E15F0010505D0002579
:10635000284670BDFEF7D4F8B3E7A06DFCF760F8EF
:10636000284670BDA06DFCF75BF8DBE7216930467D
:10637000FEF748FCBDE700BF2DE9F04F8BB0DDE92B
:10638000158A149F0391814605921E46B8F1000FAD
:106390005CD0039B002B5ED0059B1D68002F6AD04C
:1063A000741E4EB3039B0493043D002601950BE03D
:1063B000039B2BBB019B1A68002A3AD0BC455CD2D8
:1063C000013C631C664617D0D8F800300293019B4D
:1063D000DAF8E05053F8042F019307A943464846E2
:1063E000D8F804B0A847421C3AD000EB060CBC45D4
:1063F000DED9029BC8E9003B30460BB0BDE8F08F08
:1064000000280EDD049B019D18445A1E07A900F1C7
:10641000FF3E11F8013B02F8013F7245F9D10195A9
:106420000490059B1A6804321A60019B1A68002ABE
:10643000C4D1039B0BB1059B1A600CF1FF360022FF
:106440003046C8F800200BB0BDE8F08F039B00F584
:106450008678002BA0D1059B4FF0FF371D689FE782
:1064600006468A2100223046C9F80010C8F80020EC
:106470000BB0BDE8F08F3E46BEE76646BCE700BF06
:1064800010B584B0054C0698009007980190044818
:1064900000680294FFF770FF04B010BDC4CA00206A
:1064A0004CD0002038B50C46084D84461146204695
:1064B0001A4600232B606446EAF75CFB431C00D0BD
:1064C00038BD2B68002BFBD0236038BDBC390120C0
:1064D00038B50C46084D8446114620461A4600231E
:1064E0002B606446EAF738FB431C00D038BD2B68AC
:1064F000002BFBD0236038BDBC3901202DE9F047CB
:1065000082B0824688461446FBF78CFF012803D1EF
:1065100008F1FF33FE2B36D90DF10409424604F190
:106520005C0349465046FBF72BFF421C064632D01F
:1065300020B39DF804C0002509E023685A1C22609E
:1065400083F800C00135B54218D219F801CFA3680D
:10655000013B002BA360F0DAA769BB4261462246EB
:10656000504602DBBCF10A0FE7D1FFF7EFFD431CF9
:10657000E8D10646304602B0BDE8F08746463046D0
:1065800002B0BDE8F0875FFA88FC8DF804C00646CB
:106590000DF10409CFE7A389304643F04003A381FE
:1065A00002B0BDE8F08700BF30B5536E13F0010FA5
:1065B000B2F90C30144683B005469AB201D1980561
:1065C0001CD5900406D4626E43F4005342F400528A
:1065D000A381626622462846FFF790FF636EDA07C2
:1065E000054602D4A3899B0502D5284603B030BDD9
:1065F000A06DFBF715FF284603B030BDA06D0191DB
:10660000FBF70CFFB4F90C3001999AB2D9E700BF3F
:106610005FF800F0592200605FF800F0111E006082
:106620005FF800F0711600605FF800F0AD220060C6
:08663000000000000000000062
:04663800F8B500BFF2
:10663C0008B10181B0B0008400000000E1C5FE7F0C
:10664C00B0A80100FFFF010810041E001A0E000084
:10665C00CDC5FE7FB0A80100FFFF010810041E008D
:10666C001A0E000008B10181B0B0008400000000D7
:10667C0008B10181B0B0008400000000A1C5FE7F0C
:10668C00B0AF1200FF101901101E84070000C407E0
:10669C00048E0901B0080400000100000000000095
:1066AC007DC5FE7F8408B101B0B0B000FF100D01B4
:1066BC0004020608010100000000000008B101817D
:1066CC00B0B000840000000008B10181B0B00084BB
:1066DC000000000049C5FE7FB0AA0100FF1029018F
:1066EC0018323000006C04A40103762E0000C001A7
:1066FC0018E80100E2010E00000200017D0000001C
:10670C00000000004435FD1F15C5FE7FB0AB020034
:10671C00FFFF01081C4A66006C04000001C5FE7FE7
:10672C00B0AF0400FF1019010F320A3C0184014282
:10673C00CC0100D4010400000100000000000000A6
:10674C00DDC4FE7FA908B100FFFF010008B1018183
:10675C00B0B000840000000008B10181B0B000842A
:10676C0000000000CCBEFE7F01000000F0BEFE7FEA
:10677C00C0FEFF7F08BFFE7FC4FEFF7F30BFFE7FE1
:10678C00D0FEFF7F58BFFE7F0100000088BFFE7F58
:10679C00D4FEFF7FA0BFFE7F0100000034C1FE7F4E
:1067AC00B0AB0280DCC1FE7F01000000D8C2FE7FCE
:1067BC00B0B0AA8090C3FE7FB8FEFF7FD0C3FE7F2F
:1067CC00AB08B18058C4FE7FB4FEFF7FE4C8FE7FE7
:1067DC00D0FEFF7FECC8FE7F01000000F8C8FE7FF2
:1067EC00DCFEFF7FF8C8FE7FE0FEFF7F04C9FE7F62
:1067FC00010000001CC9FE7F0084028060C9FE7F7E
:10680C0001000000B0C9FE7FB0A80180E0C9FE7F86
:10681C00B0B0A88048CAFE7F0100000028CBFE7FE4
:10682C00B0B0AC804CCBFE7F0100000078CBFE7F7B
:10683C00A4FEFF7F7CCCFE7F0100000088CDFE7F94
:10684C00C8FEFF7F00CEFE7FB0B0A88084CEFE7F56
:10685C000100000080CEFE7FB0AA0380ACCEFE7F8C
:10686C00010000005C2FFF7FB4FEFF7F3830FF7FFC
:10687C00D0FEFF7FAC30FF7F01000000C078FF7FAF
:10688C00B0A902805079FF7FB0B0A880A079FF7FBB
:10689C0001000000A879FF7FB0B0AA80DC79FF7FEF
:1068AC00AE71B280A07AFF7FAB3F3880007BFF7F58
:1068BC0001000000087BFF7FB0B0AA80447BFF7F03
:1068CC0001000000F47BFF7FAA0DB280707CFF7F7B
:1068DC00B0AF0880107FFF7F01000000207FFF7F9A
:1068EC00AD3F0280C881FF7F01000000A483FF7FC1
:1068FC0000840480B883FF7F01000000B483FF7F15
:10690C00B0AD04803886FF7FB0A803805C86FF7F23
:10691C003CFEFF7F6086FF7F40FEFF7F6C86FF7F23
:04692C000100000066
:106930000000000000000000000000000000000057
:106940000000000000000000000000000000000047
:106950000000000000000000000000000000000037
:106960000000000000000000000000000000000027
:106970000000000000000000000000000000000017
:106980000000000000000000000000000000000007
:1069900000000000000000000000000000000000F7
:1069A00000000000000000000000000000000000E7
:1069B00000000000000000000000000000000000D7
:1069C00000000000000000000000000000000000C7
:1069D00000000000000000000000000000000000B7
:1069E00000000000000000000000000000000000A7
:1069F0000000000000000000000000000000000097
:106A00000000000000000000000000000000000086
:106A10000000000000000000000000000000000076
:106A20000000000000000000000000000000000066
:106A30000000000000000000000000000000000056
:106A40000000000000000000000000000000000046
:106A50000000000000000000000000000000000036
:106A60000000000000000000000000000000000026
:106A70000000000000000000000000000000000016
:106A80000000000000000000000000000000000006
:106A900000000000000000000000000000000000F6
:106AA00000000000000000000000000000000000E6
:106AB00000000000000000000000000000000000D6
:106AC00000000000000000000000000000000000C6
:106AD00000000000000000000000000000000000B6
:106AE00000000000000000000000000000000000A6
:106AF0000000000000000000000000000000000096
:106B00000000000000000000000000000000000085
:106B10000000000000000000000000000000000075
:106B20000000000000000000000000000000000065
:106B30000000000000000000000000000000000055
:106B40000000000000000000000000000000000045
:106B50000000000000000000000000000000000035
:106B60000000000000000000000000000000000025
:106B70000000000000000000000000000000000015
:106B80000000000000000000000000000000000005
:106B900000000000000000000000000000000000F5
:106BA00000000000000000000000000000000000E5
:106BB00000000000000000000000000000000000D5
:106BC00000000000000000000000000000000000C5
:106BD00000000000000000000000000000000000B5
:106BE00000000000000000000000000000000000A5
:106BF0000000000000000000000000000000000095
:106C00000000000000000000000000000000000084
:106C10000000000000000000000000000000000074
:106C20000000000000000000000000000000000064
:106C30000000000000000000000000000000000054
:106C40000000000000000000000000000000000044
:106C50000000000000000000000000000000000034
:106C60000000000000000000000000000000000024
:106C70000000000000000000000000000000000014
:106C80000000000000000000000000000000000004
:106C900000000000000000000000000000000000F4
:106CA00000000000000000000000000000000000E4
:106CB00000000040FB21F93F000000002D44743E1D
:106CC000000000809846F83C0000006051CC783B02
:106CD00000000080831BF0390000004020257A3836
:106CE000000000802282E336000000001DF36935B9
:106CF000000000000000F03F748515D3B0D9EF3FCD
:106D00000F89F96C58B5EF3F515B12D00193EF3FFB
:106D10007B517D3CB872EF3FAAB968318754EF3F91
:106D20003862756E7A38EF3FE1DE1FF59D1EEF3F4A
:106D300015B7310AFE06EF3FCBA93A37A7F1EE3F70
:106D40002234124CA6DEEE3F2D89616008CEEE3F64
:106D5000272A36D5DABFEE3F824F9D562BB4EE3F41
:106D6000295448DD07ABEE3F85553AB07EA4EE3F8F
:106D7000CD3B7F669EA0EE3F745FECE8759FEE3FD3
:106D80008701EB7314A1EE3F13CE4C9989A5EE3F1A
:106D9000DBA02A42E5ACEE3FE5C5CDB037B7EE3F0C
:106DA00090F0A38291C4EE3F5D253EB203D5EE3F45
:106DB000ADD35A999FE8EE3F475EFBF276FFEE3F78
:106DC0009C5285DD9B19EF3F6990EFDC2037EF3F48
:106DD00087A4FBDC1858EF3F5F9B7B33977CEF3F2A
:106DE000DA90A4A2AFA4EF3F40456E5B76D0EF3FB0
:106DF000000000000000E8429423914BF86AAC3F89
:106E0000F3C4FA50CEBFCE3FD6520CFF422EE63F1F
:106E10000000000000003843FE822B654715474004
:106E20009423914BF86ABC3EF3C4FA50CEBF2E3F78
:106E3000D6520CFF422E963FFE822B6547156740C7
:106E400000000000000038430000FAFE422E76BF2A
:106E50003A3B9EBC9AF70CBDBDFDFFFFFFFFDF3F35
:106E60003C5455555555C53F912B17CF5555A53F0A
:106E700017D0A4671111813F000000000000C84234
:106E8000EF39FAFE422EE63F24C482FFBDBFCE3F5B
:106E9000B5F40CD7086BAC3FCC5046D2ABB2833FB5
:106EA000843A4E9BE0D7553F0000000000000000F0
:106EB000000000000000F03F6EBF881A4F3B9B3C73
:106EC0003533FBA93DF6EF3F5DDCD89C136071BC08
:106ED0006180773E9AECEF3FD16687107A5E90BC76
:106EE000857F6EE815E3EF3F13F6673552D28C3C91
:106EF000748515D3B0D9EF3FFA8EF92380CE8BBCC1
:106F0000DEF6DD296BD0EF3F61C8E6614EF7603CED
:106F1000C89B751845C7EF3F99D3335BE4A3903CFA
:106F200083F3C6CA3EBEEF3F6D7B835DA69A973C56
:106F30000F89F96C58B5EF3FFCEFFD921AB58E3C06
:106F4000F747722B92ACEF3FD19C2F703DBE3E3C79
:106F5000A2D1D332ECA3EF3F0B6E908934036ABC0D
:106F60001BD3FEAF669BEF3F0EBD2F2A525695BC3A
:106F7000515B12D00193EF3F55EA4E8CEF8050BC2D
:106F8000CC316CC0BD8AEF3F16F4D5B923C991BC92
:106F9000E02DA9AE9A82EF3FAF555CE9E3D3803C88
:106FA000518EA5C8987AEF3F4893A5EA151B80BC7F
:106FB0007B517D3CB872EF3F3D32DE55F01F8FBCF8
:106FC000EA8D8C38F96AEF3FBF53133F8C898B3CB5
:106FD00075CB6FEB5B63EF3F26EB11769CD996BCCC
:106FE000D45C0484E05BEF3F602F3A3EF7EC9A3CC0
:106FF000AAB968318754EF3F9D3886CB82E78FBCB2
:107000001DD9FC22504DEF3F8DC3A644416F8A3CF1
:10701000D68C62883B46EF3F7D04E4B0057A803C25
:1070200096DC7D91493FEF3F94A8A8E3FD8E963C06
:107030003862756E7A38EF3F7D4874F2185E873C8F
:107040003FA6B24FCE31EF3FF2E71F982B47803C6F
:10705000DD7CE265452BEF3F5E08713F7BB896BC57
:107060008163F5E1DF24EF3F31AB096DE1F7823C4D
:10707000E1DE1FF59D1EEF3FFABF6F1A9B213DBC5D
:1070800090D9DAD07F18EF3FB40A0C7282378B3C6C
:107090000B03E4A68512EF3F8FCBCE8992146E3C92
:1070A000562F3EA9AF0CEF3FB6ABB04D754D833CAC
:1070B00015B7310AFE06EF3F4C74ACE20142863C44
:1070C00031D84CFC7001EF3F4AF8D35D39DD8F3C7D
:1070D000FF1664B208FCEE3F045B8E3B80A386BCC7
:1070E000F19F925FC5F6EE3F68504BCCED4A92BCE3
:1070F000CBA93A37A7F1EE3F8E2D511BF80799BC6B
:1071000066D8056DAEECEE3FD236943EE8D171BC48
:10711000F79FE534DBE7EE3F151BCEB3191999BC99
:10712000E5A813C32DE3EE3F6D4C2AA7489F853C8D
:107130002234124CA6DEEE3F8A69287A601293BC94
:107140001C80AC0445DAEE3F5B8917488FA758BC1A
:107150002A2EF7210AD6EE3F1B9A49679B2C7CBC4E
:1071600097A850D9F5D1EE3F11ACC260ED63433C16
:107170002D89616008CEEE3FEF64063B0966963CC0
:1071800057001DED41CAEE3F7903A1DAE1CC6E3C18
:10719000D03CC1B5A2C6EE3F30120F3F8EFF933CEC
:1071A000DED3D7F02AC3EE3FB0AF7ABBCE90763CA9
:1071B000272A36D5DABFEE3F77E054EBBD1D933C6E
:1071C0000DDDFD99B2BCEE3F8EA3710034948FBCEF
:1071D000A72C9D76B2B9EE3F49A393DCCCDE87BCE9
:1071E0004266CFA2DAB6EE3F5F380FBDC6DE78BC8E
:1071F000824F9D562BB4EE3FF65C7BEC461286BC6C
:107200000F925DCAA4B1EE3F8ED7FD180535933CB1
:10721000DA27B53647AFEE3F059B8A2FB7987B3C00
:10722000FDC797D412ADEE3F09541CE2E163903CD8
:10723000295448DD07ABEE3FEAC6195085C7343CF8
:10724000B746598A26A9EE3F35C0642BE632943CF6
:107250004821AD156FA7EE3F9F7699614AE48CBC3B
:1072600009DC76B9E1A5EE3FA84DEF3BC5338CBCF8
:1072700085553AB07EA4EE3FAEE92B89785384BCA5
:1072800020C3CC3446A3EE3F58585678DDCE93BC8D
:107290002522558238A2EE3F64197E80AA10573C01
:1072A00073A94CD455A1EE3F28225EBFEFB393BC27
:1072B000CD3B7F669EA0EE3F82B93487AD126ABC9B
:1072C000BFDA0B7512A0EE3FEEA96DB8EF6763BC95
:1072D0002F1A653CB29FEE3F5188E0543DDC80BCE4
:1072E000849451F97D9FEE3FCF3E5A7E641F78BC57
:1072F000745FECE8759FEE3FB07D8BC04AEE86BCB4
:107300007481A5489A9FEE3F8AE6551E321986BCC5
:10731000C9674256EB9FEE3FD3D4095ECB9C903CAD
:107320003F5DDE4F69A0EE3F1DA54DB9DC327BBC51
:107330008701EB7314A1EE3F6BC06754FDEC943CE6
:1073400032C13001EDA1EE3F556CD6ABE1EB653CAF
:10735000624ECF36F3A2EE3F42CFB32FC5A188BC19
:10736000121A3E5427A4EE3F34373BF1B66993BC62
:1073700013CE4C9989A5EE3F1EFF193A845E80BC5E
:10738000ADC723461AA7EE3F6E5772D850D494BCAF
:10739000ED92449BD9A8EE3F008A0E5B67AD903C0E
:1073A00099668AD9C7AAEE3FB4EAF0C12FB78D3CDF
:1073B000DBA02A42E5ACEE3FFFE7C59C60B665BCAA
:1073C0008C44B51632AFEE3F445FF35983F67B3CF5
:1073D00036771599AEB1EE3F833D1EA71F0993BCCA
:1073E000C6FF910B5BB4EE3F291E6C8BB8A95DBC48
:1073F000E5C5CDB037B7EE3F59B9907CF9236CBCE9
:107400000F52C8CB44BAEE3FAAF9F422434392BCD0
:10741000504EDE9F82BDEE3F4B8E66D76CCA85BC58
:10742000BA07CA70F1C0EE3F27CE912BFCAF713C7A
:1074300090F0A38291C4EE3FBB730AE135D26D3C5C
:107440002323E31963C8EE3F6322622204C587BC8D
:1074500065E55D7B66CCEE3FD531E2E3861C8B3C77
:10746000332D4AEC9BD0EE3F15BBBCD3D1BB91BCB6
:107470005D253EB203D5EE3FD231EE9C31CC903C3F
:1074800058B330139ED9EE3FB35A736E8469843C6F
:10749000BFFD79556BDEEE3FB49D8E97CDDF82BC8C
:1074A0007AF3D3BF6BE3EE3F8733CB92771A8C3CF2
:1074B000ADD35A999FE8EE3FFAD9D14A8F7B90BC61
:1074C00066B68D2907EEEE3FBAAEDC56D9C355BC81
:1074D000FB154FB8A2F3EE3F40F6A63D0EA490BCBC
:1074E0003A59E58D72F9EE3F3493AD38F4D668BC65
:1074F000475EFBF276FFEE3F358A586BE2EE91BCB9
:107500004A06A130B005EF3FCDDD5F0AD7FF743CDE
:10751000D2C14B901E0CEF3FAC9892FAFBBD91BCD0
:10752000091ED75BC212EF3FB30CAF30AE6E733C97
:107530009C5285DD9B19EF3F94FD9F5C32E38E3CAE
:107540007AD0FF5FAB20EF3FAC5909D18FE0843C8C
:107550004BD1572EF127EF3F671A4E38AFCD633C22
:10756000B5E706946D2FEF3F6819926C2C6B673C62
:107570006990EFDC2037EF3FD2B5CC83188A80BC0E
:10758000FAC35D550B3FEF3F6FFAFF3F5DAD8FBC18
:107590007C89074A2D47EF3F49A97538AE0D90BC4D
:1075A000F2890D08874FEF3FA7073DA685A3743CDE
:1075B00087A4FBDC1858EF3F0F2240209E9182BC2D
:1075C0009883C916E360EF3FAC92C1D5505A8E3C08
:1075D0008532DB03E669EF3F4B6B01AC593A843CE3
:1075E00060B401F32173EF3F1F3EB40721D582BC85
:1075F0005F9B7B33977CEF3FC90D473BB92A89BC22
:1076000029A1F5144686EF3FD3883A6004B6743C4E
:10761000F63F8BE72E90EF3F71729D51ECC5833C96
:10762000834CC7FB519AEF3FF091D38F12F78FBC79
:10763000DA90A4A2AFA4EF3F7D7423E298AE8DBC94
:10764000F1678E2D48AFEF3F0820AA41BCC38E3CA6
:10765000275A61EE1BBAEF3F32EBA9C3942B843C4F
:1076600097BA6B372BC5EF3FEE85D131A9648A3CC1
:1076700040456E5B76D0EF3FEDE33BE4BA378EBC1E
:1076800014BE9CADFDDBEF3F9DCD914D3B89773C1A
:10769000D8909E81C1E7EF3F89CC6041C105533C42
:1076A000F1718F2BC2F3EF3FBEF3F879EC61F63F37
:1076B0001930965BC6FEDEBF3D88AF4AED71F53FDF
:1076C000A4FCD432680BDBBFB010F0F03995F43F66
:1076D0007BB71F0A8B41D7BF8503B8B095C9F33F6D
:1076E0007BCF6D1AE99DD3BFA564880C190DF33FBC
:1076F00031B6F2F39B1DD0BFA08E0B7B225EF23F12
:10770000F07A3B1B1D7CC9BF3F341A4A4ABBF13F8C
:107710009F3CAF93E3F9C2BFBAE58AF05823F13F2B
:107720005C8D78BFCB60B9BFA70099413F95F03F12
:10773000CE5F47B69D6FAABF000000000000F03F7B
:107740000000000000000000AC479AFD8C60EE3F96
:107750003DF5249FCA38B33FA06A021FB3A4EC3F93
:10776000BA913854A976C43FE6FC6A573620EB3FFD
:10777000D2E4C44A0B84CE3F2DAAA163D1C2E93F13
:107780001C65C6F04506D43FED417803E686E83F28
:10779000F89F1B2C9C8ED83F624853F5DC67E73F6F
:1077A000CC7BB14EA4E0DC3F4D7E0AF7B612D7BFCA
:1077B000E0326849BFCADE3FDEE3FA9F4715E7BF04
:1077C000B8C8355F4715F73F0038FAFE422EE63F4E
:1077D0003067C79357F32E3D010000000000E0BF63
:1077E0005B3051555555D53F9045EBFFFFFFCFBF5F
:1077F0001101F124B399C93F9FC806E57555C5BF6E
:10780000000000000000E0BF775555555555D53FA5
:10781000CBFDFFFFFFFFCFBF0CDD95999999C93FC5
:10782000A74567555555C5BF30DE44A32449C23F1F
:10783000653D42A4FFFFBFBFCAD62A288471BC3F62
:10784000FF68B043EB99B9BF85D0AFF78281B73FEE
:10785000CD45D1751352B5BF9FDEE0C3F034F73F7D
:107860000090E6797FCCD7BF1FE92C6A7813F73FE9
:1078700000000DC2EE6FD7BFA0B5FA0860F2F63F68
:1078800000E05113E313D7BF7D8C131FA6D1F63F41
:10789000007828385BB8D6BFD1B4C50B49B1F63FE4
:1078A00000788090555DD6BFBA0C2F334791F63FD4
:1078B00000001876D002D6BF234222189F71F63FEF
:1078C00000909086CAA8D5BFD91EA5994F52F63F01
:1078D00000500356434FD5BFC4248FAA5633F63FFA
:1078E00000406BC337F6D4BF14DC9D6BB314F63F76
:1078F0000050A8FDA79DD4BF4C5CC65264F6F53F6E
:1079000000A889399245D4BF4F2C91B567D8F53F6F
:1079100000B8B039F4EDD3BFDE905BCBBCBAF53F15
:1079200000708F44CE96D3BF781AD9F2619DF53F8F
:1079300000A0BD171E40D3BF875646125680F53FA4
:10794000008046EFE2E9D2BFD36BE7CE9763F53F05
:1079500000E030381B94D2BF937FA7E22547F53F64
:107960000088DA8CC53ED2BF83450642FF2AF53F28
:1079700000902729E1E9D1BFDFBDB2DB220FF53F3F
:1079800000F8482B6D95D1BFD7DE34478FF3F43F15
:1079900000F8B99A6741D1BF4028DECF43D8F43F01
:1079A0000098EF94D0EDD0BFC8A378C03EBDF43F9F
:1079B0000010DB18A59AD0BF8A25E0C37FA2F43F50
:1079C00000B86352E647D0BF3484D4240588F43F1E
:1079D00000F0864522EBCFBF0B2D191BCE6DF43F77
:1079E00000B017754A47CFBF541839D3D953F43F65
:1079F0000030103D44A4CEBF5A84B444273AF43F2B
:107A000000B0E9440D02CEBFFBF81541B520F43FAC
:107A100000F07729A260CDBFB1F43EDA8207F43FCF
:107A20000090950401C0CCBF8FFE575D8FEEF33FF1
:107A3000001089562920CCBFE94C0BA0D9D5F33FC3
:107A40000010818D1781CBBF2BC110C060BDF33FEB
:107A500000D0D3CCC9E2CABFB8DA752B24A5F33F56
:107A60000090122E4045CABF02D09FCD228DF33F19
:107A700000F01D6877A8C9BF1C7A84C55B75F33F09
:107A8000003048696D0CC9BFE236AD49CE5DF33FA9
:107A900000C045A62071C8BF40D44D987946F33F39
:107AA000003014B48FD6C7BF24CBFFCE5C2FF33F7A
:107AB0000070623CB83CC7BF490DA1757718F33F11
:107AC0000060379B9AA3C6BF90393E37C801F33F89
:107AD00000A0B754310BC6BF41F895BB4EEBF23F47
:107AE000003024767D73C5BFD1A919020AD5F23FB3
:107AF0000030C28F7BDCC4BF2AFDB7A8F9BEF23FBD
:107B00000000D2512C46C4BFAB1B0C7A1CA9F23F1B
:107B1000000083BC8AB0C3BF30B514607293F23FDB
:107B20000000496B991BC3BFF5A15757FA7DF23F7F
:107B30000040A4905487C2BFBF3B1D9BB368F23F77
:107B400000A079F8B9F3C1BFBDF58F839D53F23F13
:107B500000A02C25C860C1BF3B08C9AAB73EF23FB0
:107B60000020F7577FCEC0BFB640A92B012AF23FB5
:107B700000A0FE49DC3CC0BF3241CC967915F23FF3
:107B800000804BBCBD57BFBF9BFCD21D2001F23F04
:107B9000004040960837BEBF0B484D49F4ECF13F1A
:107BA0000040F93E9817BDBF69658F52F5D8F13F87
:107BB00000A0D84E67F9BBBF7C7E571123C5F13FAB
:107BC00000602F2079DCBABFE926CB747CB1F13F8D
:107BD000008028E7C3C0B9BFB61A2C0C019EF13F44
:107BE00000C072B346A6B8BFBD70B67BB08AF13F85
:107BF0000000ACB3018DB7BFB6BCEF258A77F13F6B
:107C000000003845F174B6BFDA314C358D64F13F70
:107C10000080876D0E5EB5BFDD5F2790B951F13FE3
:107C200000E0A1DE5C48B4BF4CD232A40E3FF13F6D
:107C300000A06A4DD933B3BFDAF910728B2CF13F33
:107C40000060C5F87920B2BF31B5EC28301AF13F99
:107C500000206298460EB1BFAF3484DAFB07F13FD3
:107C60000000D26A6CFAAFBFB36B4E0FEEF5F03F77
:107C70000040774A8DDAADBFCE9F2A5D06E4F03F23
:107C8000000085E4ECBCABBF21A52C6344D2F03FDF
:107C900000C0124089A1A9BF1A98E27CA7C0F03F9A
:107CA00000C002335888A7BFD136C6832FAFF03F3C
:107CB0000080D6675E71A5BF3913A098DB9DF03FA9
:107CC000008065498A5CA3BFDFE752AFAB8CF03F11
:107CD00000401564E349A1BFFB284E2F9F7BF03F76
:107CE0000080EB82C0729EBF198F358CB56AF03F61
:107CF00000805252F1559ABF2CF9ECA5EE59F03F95
:107D0000008081CF623D96BF902CD1CD4949F03F94
:107D10000000AA8CFB2892BFA9ADF0C6C638F03F80
:107D20000000F9207B318CBFA93279136528F03F20
:107D30000000AA5D351984BF4873EA272418F03F74
:107D40000000ECC2031278BF95B114060408F03F9E
:107D500000002479090460BF1AFA26F71FE0EF3FFC
:107D600000009084F3EF6F3F74EA61C21CA1EF3F03
:107D700000003D3541DC873F2E9981B01063EF3F15
:107D80000080C2C4A3CE933FCDADEE3CF625EF3FBD
:107D900000008914C19F9B3FE7139103C8E9EE3FA0
:107DA000000011CED8B0A13FABB1CB7880AEEE3F92
:107DB00000C001D05B8AA53F9B0C9DA21A74EE3FC8
:107DC0000080D840835CA93FB5990A83913AEE3F81
:107DD000008057EF6A27AD3F569A6009E001EE3FF9
:107DE00000C098E59875B03F98BB77E501CAED3FB4
:107DF00000200DE3F553B23F03917C0BF292ED3F6F
:107E00000000388BDD2EB43FCE5CFB66AC5CED3FF2
:107E100000C057875906B63F9DDE5EAA2C27ED3F6E
:107E200000006A3576DAB73FCD2C6B3E6EF2EC3F40
:107E300000601C4E43ABB93F0279A7A26DBEEC3F78
:107E400000600DBBC778BB3F6D08376D268BEC3FDC
:107E50000020E7321343BD3F04585DBD9458EC3F0A
:107E60000060DE71310ABF3F8C9FBB33B526EC3F0B
:107E70000040912B1567C03F3FE7ECEE83F5EB3FE9
:107E800000B092828547C13FC196DB75FDC4EB3FD0
:107E90000030CACD6E26C23F284A860C1E95EB3FA5
:107EA0000050C5A6D703C33F2C3EEFC5E265EB3FAC
:107EB0000010333CC3DFC33F8B88C9674837EB3FB3
:107EC00000807A6B36BAC43F4A301D214B09EB3F24
:107ED00000F0D1283993C53F7EEFF285E8DBEA3F19
:107EE00000F01824CD6AC63FA23D60311DAFEA3FC5
:107EF000009066ECF840C73FA758D33FE682EA3FC0
:107F000000F01AF5C015C83F8B7309EF4057EA3FE0
:107F10000080F65429E9C83F274BAB902A2CEA3F52
:107F20000040F80236BBC93FD1F29313A001EA3FEB
:107F300000002C1CED8BCA3F1B3CDB249FD7E93F84
:107F400000D0015C515BCB3F90B1C70525AEE93F46
:107F500000C0BCCC6729CC3F2FCE97F22E85E93FDD
:107F6000006048D535F6CC3F754BA4EEBA5CE93FCE
:107F700000C04634BDC1CD3F3848E79DC634E93F17
:107F800000E0CFB8018CCE3FE652672F4F0DE93F9E
:107F9000009017C00955CF3F9DD7FF8E52E6E83FAE
:107FA00000B81F126C0ED03F7C00CC9FCEBFE83FC4
:107FB00000D0930EB871D03F0EC3BEDAC099E83F2F
:107FC0000070869E6BD4D03FFB1723AA2774E83F2E
:107FD00000D04B338736D13F089AB3AC004FE83F0F
:107FE000004823670D98D13F553E65E8492AE83F90
:107FF0000080CCE0FFF8D13F6002F4950106E83F35
:10800000006863D75F59D23F29A3E06325E2E73FC9
:1080100000A8140930B9D23FADB5DC77B3BEE73F55
:10802000006043107218D33FC2259767AA9BE73FB1
:108030000018EC6D2677D33F570617F20779E73F14
:108040000030AFFB4FD5D33F0C13D6DBCA56E73F0A
:1080500000E02FE3EE32D43FBEF3F879EC61F63F57
:10806000DEAA8C80F77BD5BF3D88AF4AED71F53F26
:10807000DB6DC0A7F0BED2BFB010F0F03995F43F71
:10808000673A517FAE1ED0BF8503B8B095C9F33FA4
:10809000E92482A6D831CBBFA564880C190DF33F23
:1080A0005877C00A4F57C6BFA08E0B7B225EF23FA7
:1080B00000819CC72BAAC1BF3F341A4A4ABBF13F7B
:1080C0005E0E8CCE764EBABFBAE58AF05823F13FE9
:1080D000CC1C615A3C97B1BFA70099413F95F03F36
:1080E0001E0CE138F452A2BF000000000000F03F77
:1080F0000000000000000000AC479AFD8C60EE3FDD
:108100008459F25DAAA5AA3FA06A021FB3A4EC3F5E
:10811000B42E36AA535EBC3FE6FC6A573620EB3FCE
:1081200008DB2077E526C53F2DAAA163D1C2E93F30
:108130007047220D86C2CB3FED417803E686E83FCB
:10814000E17EA0C88B05D13F624853F5DC67E73F6D
:1081500009EEB6573004D43FEF39FAFE422EE63F1F
:108160003483B848A30ED0BF6A0BE00B5B57D53FF2
:1081700023410AF2FEFFDFBF0080E03779C34143AD
:10818000176E05B5B5B89346F5F93FE9034F384D7D
:10819000321D30F94877825A3CBF737FDD4F157529
:1081A000000000000000F03F00000000000024403C
:1081B00000000000000059400000000000408F4017
:1081C000000000000088C34000000000006AF84082
:1081D0000000000080842E4100000000D0126341A6
:1081E0000000000084D797410000000065CDCD411C
:1081F000000000205FA00242000000E876483742FD
:10820000000000A2941A6D42000040E59C30A2429A
:108210000000901EC4BCD64200003426F56B0C430F
:108220000080E03779C3414300A0D88557347643B6
:1082300000C84E676DC1AB43003D9160E458E14317
:10824000408CB5781DAF154450EFE2D6E41A4B448C
:1082500092D54D06CFF08044F64AE1C7022DB544D1
:10826000B49DD9794378EA440038FAFE422EE63FBD
:108270003067C79357F32E3D000000000000E0BFB9
:10828000605555555555E5BF060000000000E03F1C
:108290004E5559999999E93F7AA429555555E5BF05
:1082A000E945489B5B49F2BFC33F268B2B00F03F5B
:1082B0000000000000A0F63F0000000000000000E9
:1082C00000C8B9F2822CD6BF8056372824B4FA3CB5
:1082D000000000000080F63F0000000000000000E9
:1082E000000858BFBDD1D5BF20F7E0D808A51CBDF8
:1082F000000000000060F63F0000000000000000E9
:10830000005845177776D5BF6D50B6D5A46223BD0A
:10831000000000000040F63F0000000000000000E8
:1083200000F82D87AD1AD5BFD567B09EE484E6BCB2
:10833000000000000020F63F0000000000000000E8
:10834000007877955FBED4BFE03E2993691B04BDDA
:10835000000000000000F63F0000000000000000E8
:1083600000601CC28B61D4BFCC844C482FD8133D15
:108370000000000000E0F53F0000000000000000E9
:1083800000A886863004D4BF3A0B82EDF342DC3C71
:108390000000000000C0F53F0000000000000000E9
:1083A000004869554CA6D3BF60945186C6B1203DA4
:1083B0000000000000A0F53F0000000000000000E9
:1083C0000080989ADD47D3BF9280C5D44D59253D92
:1083D000000000000080F53F0000000000000000E9
:1083E0000020E1BAE2E8D2BFD82BB7991E7B263D28
:1083F000000000000060F53F0000000000000000E9
:108400000088DE135A89D2BF3FB0CFB614CA153DDB
:10841000000000000060F53F0000000000000000C8
:108420000088DE135A89D2BF3FB0CFB614CA153DBB
:10843000000000000040F53F0000000000000000C8
:108440000078CFFB4129D2BF76DA5328245A16BDD3
:10845000000000000020F53F0000000000000000C8
:10846000009869C198C8D1BF0454E768BCAF1FBD6C
:10847000000000000000F53F0000000000000000C8
:1084800000A8ABAB5C67D1BFF0A88233C61F1F3D0D
:108490000000000000E0F43F0000000000000000C9
:1084A0000048AEF98B05D1BF665A05FDC4A826BDAC
:1084B0000000000000C0F43F0000000000000000C9
:1084C000009073E224A3D0BF0E03F47EEE6B0CBDCC
:1084D0000000000000A0F43F0000000000000000C9
:1084E00000D0B4942540D0BF7F2DF49EB836F0BCA8
:1084F0000000000000A0F43F0000000000000000A9
:1085000000D0B4942540D0BF7F2DF49EB836F0BC87
:10851000000000000080F43F0000000000000000A8
:1085200000405E6D18B9CFBF873C99AB2A570D3D0F
:10853000000000000060F43F0000000000000000A8
:108540000060DCCBADF0CEBF24AF869CB7262B3DC0
:10855000000000000040F43F0000000000000000A8
:1085600000F02A6E0727CEBF10FF3F544F2F17BDD4
:10857000000000000020F43F0000000000000000A8
:1085800000C04F6B215CCDBF1B68CABB91BA213DB7
:10859000000000000000F43F0000000000000000A8
:1085A00000A09AC7F78FCCBF34849F684F79273DCE
:1085B000000000000000F43F000000000000000088
:1085C00000A09AC7F78FCCBF34849F684F79273DAE
:1085D0000000000000E0F33F000000000000000089
:1085E00000902D7486C2CBBF8FB78B31B04E193D32
:1085F0000000000000C0F33F000000000000000089
:1086000000C0804EC9F3CABF6690CD3F634EBA3CEE
:108610000000000000A0F33F000000000000000088
:1086200000B0E21FBC23CABFEAC146DC648C25BD92
:108630000000000000A0F33F000000000000000068
:1086400000B0E21FBC23CABFEAC146DC648C25BD72
:10865000000000000080F33F000000000000000068
:108660000050F49C5A52C9BFE3D4C104D9D12ABDE9
:10867000000000000060F33F000000000000000068
:1086800000D02065A07FC8BF09FADB7FBFBD2B3DAE
:10869000000000000040F33F000000000000000068
:1086A00000E0100289ABC7BF584A537290DB2B3DE4
:1086B000000000000040F33F000000000000000048
:1086C00000E0100289ABC7BF584A537290DB2B3DC4
:1086D000000000000020F33F000000000000000048
:1086E00000D019E70FD6C6BF66E2B2A36AE410BD98
:1086F000000000000000F33F000000000000000048
:108700000090A77030FFC5BF3950109F439E1EBD1B
:10871000000000000000F33F000000000000000027
:108720000090A77030FFC5BF3950109F439E1EBDFB
:108730000000000000E0F23F000000000000000028
:1087400000B0A1E3E526C5BF8F5B07908BDE20BD9F
:108750000000000000C0F23F000000000000000028
:108760000080CB6C2B4DC4BF3C783561C10C173DEC
:108770000000000000C0F23F000000000000000008
:108780000080CB6C2B4DC4BF3C783561C10C173DCC
:108790000000000000A0F23F000000000000000008
:1087A00000901E20FC71C3BF3A54274D8678F13CDF
:1087B000000000000080F23F000000000000000008
:1087C00000F01FF85295C2BF08C47117308D24BD48
:1087D000000000000060F23F000000000000000008
:1087E00000602FD52AB7C1BF96A31118A4802EBD53
:1087F000000000000060F23F0000000000000000E8
:1088000000602FD52AB7C1BF96A31118A4802EBD32
:10881000000000000040F23F0000000000000000E7
:108820000090D07C7ED7C0BFF45BE88896690A3D93
:10883000000000000040F23F0000000000000000C7
:108840000090D07C7ED7C0BFF45BE88896690A3D73
:10885000000000000020F23F0000000000000000C7
:1088600000E0DB3191ECBFBFF233A35C547525BD52
:10887000000000000000F23F0000000000000000C7
:1088800000002B6E0727BEBF3C00F02A2C342A3D87
:10889000000000000000F23F0000000000000000A7
:1088A00000002B6E0727BEBF3C00F02A2C342A3D67
:1088B0000000000000E0F13F0000000000000000A8
:1088C00000C05B8F545EBCBF06BE5F58570C1DBD19
:1088D0000000000000C0F13F0000000000000000A8
:1088E00000E04A3A6D92BABFC8AA5BE83539253D27
:1088F0000000000000C0F13F000000000000000088
:1089000000E04A3A6D92BABFC8AA5BE83539253D06
:108910000000000000A0F13F000000000000000087
:1089200000A031D645C3B8BF68562F4D297C133DF2
:108930000000000000A0F13F000000000000000067
:1089400000A031D645C3B8BF68562F4D297C133DD2
:10895000000000000080F13F000000000000000067
:108960000060E58AD2F0B6BFDA7333C9379726BD07
:10897000000000000060F13F000000000000000067
:108980000020063F071BB5BF575EC6615B021F3D57
:10899000000000000060F13F000000000000000047
:1089A0000020063F071BB5BF575EC6615B021F3D37
:1089B000000000000040F13F000000000000000047
:1089C00000E01B96D741B3BFDF13F9CCDA5E2C3D34
:1089D000000000000040F13F000000000000000027
:1089E00000E01B96D741B3BFDF13F9CCDA5E2C3D14
:1089F000000000000020F13F000000000000000027
:108A00000080A3EE3665B1BF09A38F765E7C143D6E
:108A1000000000000000F13F000000000000000026
:108A2000008011C0300AAFBF918E36839E592D3D14
:108A3000000000000000F13F000000000000000006
:108A4000008011C0300AAFBF918E36839E592D3DF4
:108A50000000000000E0F03F000000000000000007
:108A600000801971DD42ABBF4C70D6E57A821C3DA7
:108A70000000000000E0F03F0000000000000000E7
:108A800000801971DD42ABBF4C70D6E57A821C3D87
:108A90000000000000C0F03F0000000000000000E7
:108AA00000C032F65874A7BFEEA1F23446FC2CBDCC
:108AB0000000000000C0F03F0000000000000000C7
:108AC00000C032F65874A7BFEEA1F23446FC2CBDAC
:108AD0000000000000A0F03F0000000000000000C7
:108AE00000C0FEB9879EA3BFAAFE26F5B702F53CDB
:108AF0000000000000A0F03F0000000000000000A7
:108B000000C0FEB9879EA3BFAAFE26F5B702F53CBA
:108B1000000000000080F03F0000000000000000A6
:108B20000000780E9B829FBFE4097E7C268029BDD1
:108B3000000000000080F03F000000000000000086
:108B40000000780E9B829FBFE4097E7C268029BDB1
:108B5000000000000060F03F000000000000000086
:108B60000080D5071BB997BF39A6FA93548D28BD4D
:108B7000000000000040F03F000000000000000086
:108B80000000FCB0A8C08FBF9CA6D3F67C1EDFBC43
:108B9000000000000040F03F000000000000000066
:108BA0000000FCB0A8C08FBF9CA6D3F67C1EDFBC23
:108BB000000000000020F03F000000000000000066
:108BC0000000106B2AE07FBFE440DA0D3FE219BDE0
:108BD000000000000020F03F000000000000000046
:108BE0000000106B2AE07FBFE440DA0D3FE219BDC0
:108BF000000000000000F03F000000000000000046
:108C00000000000000000000000000000000000064
:108C1000000000000000F03F000000000000000025
:108C20000000000000000000000000000000000044
:108C30000000000000C0EF3F000000000000000046
:108C4000000089751510803FE82B9D996BC710BDFA
:108C5000000000000080EF3F000000000000000066
:108C6000008093585620903FD2F7E2065BDC23BD8C
:108C7000000000000040EF3F000000000000000086
:108C80000000C9282549983F340C5A32BAA02ABDA1
:108C9000000000000000EF3F0000000000000000A6
:108CA0000040E7895D41A03F53D7F15CC011013D11
:108CB0000000000000C0EE3F0000000000000000C7
:108CC00000002ED4AE66A43F28FDBD7573162CBDE2
:108CD000000000000080EE3F0000000000000000E7
:108CE00000C09F14AA94A83F7D265AD0957919BD3B
:108CF000000000000040EE3F000000000000000007
:108D000000C0DDCD73CBAC3F0728D847F2681ABD51
:108D1000000000000020EE3F000000000000000006
:108D200000C006C031EAAE3F7B3BC94F3E110EBDCD
:108D30000000000000E0ED3F000000000000000027
:108D4000006046D13B97B13F9B9E0D565D3225BDDD
:108D50000000000000A0ED3F000000000000000047
:108D600000E0D1A7F5BDB33FD74EDBA55EC82C3DD3
:108D7000000000000060ED3F000000000000000067
:108D800000A0974D5AE9B53F1E1D5D3C06692CBDFC
:108D9000000000000040ED3F000000000000000067
:108DA00000C0EA0AD300B73F32ED9DA98D1EEC3C0E
:108DB000000000000000ED3F000000000000000087
:108DC0000040595D5E33B93FDA47BD3A5C11233D3F
:108DD0000000000000C0EC3F0000000000000000A8
:108DE0000060AD8DC86ABB3FE568F72B809013BD6E
:108DF0000000000000A0EC3F0000000000000000A8
:108E00000040BC015888BC3FD3AC5AC6D146263D71
:108E1000000000000060EC3F0000000000000000C7
:108E200000200A8339C7BE3FE045E6AF68C02DBDCC
:108E3000000000000040EC3F0000000000000000C7
:108E400000E0DB3991E8BF3FFD0AA14FD63425BDD4
:108E5000000000000000EC3F0000000000000000E7
:108E600000E027828E17C13FF2072DCE78EF213D1B
:108E70000000000000E0EB3F0000000000000000E8
:108E800000F0237E2BAAC13F349938448EA72C3D95
:108E90000000000000A0EB3F000000000000000008
:108EA0000080860C61D1C23FA1B481CB6C9D033D93
:108EB000000000000080EB3F000000000000000008
:108EC000009015B0FC65C33F89724B23A82FC63CA8
:108ED000000000000040EB3F000000000000000028
:108EE00000B033833D91C43F78B6FD547983253D6E
:108EF000000000000020EB3F000000000000000028
:108F000000B0A1E4E527C53FC77D69E5E833263D0C
:108F10000000000000E0EA3F000000000000000048
:108F200000108CBE4E57C63F782E3C2C8BCF193D7F
:108F30000000000000C0EA3F000000000000000048
:108F40000070758B12F0C63FE1219CE58D1125BDA7
:108F50000000000000A0EA3F000000000000000048
:108F6000005044858D89C73F0543917010661CBD34
:108F7000000000000060EA3F000000000000000068
:108F8000000039EBAFBEC83FD12CE9AA543D07BD64
:108F9000000000000040EA3F000000000000000068
:108FA0000000F7DC5A5AC93F6FFFA05828F2073D6E
:108FB000000000000000EA3F000000000000000088
:108FC00000E08A3CED93CA3F69215650437228BDA8
:108FD0000000000000E0E93F000000000000000089
:108FE00000D05B57D831CB3FAAE1AC4E8D350CBDDC
:108FF0000000000000C0E93F000000000000000089
:1090000000E03B3887D0CB3FB6125459C44B2DBD3E
:109010000000000000A0E93F000000000000000088
:109020000010F0C6FB6FCC3FD22B96C572ECF1BCA2
:10903000000000000060E93F0000000000000000A8
:109040000090D4B03DB1CD3F35B015F72AFF2ABD11
:10905000000000000040E93F0000000000000000A8
:109060000010E7FF0E53CE3F30F441602712C23CA0
:10907000000000000020E93F0000000000000000A8
:109080000000DDE4ADF5CE3F118EBB651521CABCF5
:10909000000000000000E93F0000000000000000A8
:1090A00000B0B36C1C99CF3F30DF0CCAECCB1B3D3A
:1090B0000000000000C0E83F0000000000000000C9
:1090C00000584D603871D03F914EED16DB9CF83C56
:1090D0000000000000A0E83F0000000000000000C9
:1090E000006061672DC4D03FE9EA3C168B18273D2C
:1090F000000000000080E83F0000000000000000C9
:1091000000E827828E17D13F1CF0A5630E212CBDED
:10911000000000000060E83F0000000000000000C8
:1091200000F8ACCB5C6BD13F8116A5F7CD9A2B3DF7
:10913000000000000040E83F0000000000000000C8
:1091400000685A6399BFD13FB7BD4751EDA62C3D8A
:10915000000000000020E83F0000000000000000C8
:1091600000B80E6D4514D23FEABA46BADE870A3D12
:109170000000000000E0E73F0000000000000000E9
:109180000090DC7CF0BED23FF404504AFA9C2A3DA9
:109190000000000000C0E73F0000000000000000E9
:1091A0000060D3E1F114D33FB83C21D37AE228BD6B
:1091B0000000000000A0E73F0000000000000000E9
:1091C0000010BE76676BD33FC877F1B0CD6E113D0E
:1091D000000000000080E73F0000000000000000E9
:1091E0000030337752C2D33F5CBD06B6543B183DC6
:1091F000000000000060E73F0000000000000000E9
:1092000000E8D523B419D43F9DE090EC36E4083D46
:10921000000000000040E73F0000000000000000E8
:1092200000C871C28D71D43F75D66709CE272FBD96
:10923000000000000020E73F0000000000000000E8
:109240000030179EE0C9D43FA4D80A1B89202EBD48
:10925000000000000000E73F0000000000000000E8
:1092600000A03807AE22D53F59C7648170BE2E3D9D
:109270000000000000E0E63F0000000000000000E9
:1092800000D0C853F77BD53FEF405DEEEDAD1F3DFD
:109290000000000000C0E63F0000000000000000E9
:1092A000006059DFBDD5D53FDC65A4082A0B0ABD97
:1092B000BEF3F879EC61F63F1930965BC6FEDEBF6F
:1092C0003D88AF4AED71F53FA4FCD432680BDBBF9B
:1092D000B010F0F03995F43F7BB71F0A8B41D7BF30
:1092E0008503B8B095C9F33F7BCF6D1AE99DD3BF15
:1092F000A564880C190DF33F31B6F2F39B1DD0BF66
:10930000A08E0B7B225EF23FF07A3B1B1D7CC9BF17
:109310003F341A4A4ABBF13F9F3CAF93E3F9C2BFC7
:10932000BAE58AF05823F13F5C8D78BFCB60B9BFB6
:10933000A70099413F95F03FCE5F47B69D6FAABF0A
:10934000000000000000F03F0000000000000000EE
:10935000AC479AFD8C60EE3F3DF5249FCA38B33F81
:10936000A06A021FB3A4EC3FBA913854A976C43F57
:10937000E6FC6A573620EB3FD2E4C44A0B84CE3F6A
:109380002DAAA163D1C2E93F1C65C6F04506D43FB2
:10939000ED417803E686E83FF89F1B2C9C8ED83F72
:1093A000624853F5DC67E73FCC7BB14EA4E0DC3F7D
:1093B0000B6E49C91676D23F7AC675A06919D7BF18
:1093C000DDBAA76C0AC7DE3FC8F6BE484715E7BF3F
:1093D0002BB82A654715F73F000000000000F03F5A
:1093E000000000000000F0BF000000000000F0BF1F
:1093F000000000000000F03F83C8C96D305F644189
:10940000182D4454FB21F93F000000000000F03FFC
:109410001C620CFDFFFFDFBF198F06E15355A53F0E
:109420009D359AE887C056BFC3F87B024393F93E47
:1094300003A695595455C5BFC40B23057610813F2B
:1094400024CF7437EB9429BF000000000000F03FE8
:10945000000000000000F0BF000000000000F0BFAE
:10946000000000000000F03F83C8C96D305F644118
:10947000182D4454FB21F93F000000000000F0BF0C
:109480001C620CFDFFFFDF3F198F06E15355A5BF9E
:109490009D359AE887C0563FC3F87B024393F9BED7
:1094A00003A695595455C5BFC40B23057610813FBB
:1094B00024CF7437EB9429BF0000000000000000A7
:1094C0000000000000000000000000005C470020D9
:1094D000543D002064510020000000000100000005
:1094E0000300000005000000060000000700000067
:1094F00008000000090000000A0000000000000051
:1095000050AC00205CAC002068AC002074AC0020A3
:109510000CAC00203072002010AC002018AC0020F1
:1095200020AC002028AC002020760020F47500201C
:109530002CAC002001000000010000000000000031
:10954000000000000000000000000000000000001B
:10955000000000000000000000000000000000000B
:1095600000000000000000000000000000000000FB
:1095700001000000010302040C08000000000000CC
:1095800001000000030000000200000000000000D5
:10959000DB0F49BFE4CB1640E4CB16C000000080CF
:1095A000DB0F4940DB0F49C0FF070A0F141A1214E2
:1095B000181E1214181A1E16181C1E1C1C1C1C1E09
:1095C0001E1A1C1E1E1E1E1E1E1E1E1E1E1E1E1EC1
:1095D0001EFF0A101A1218101216161A1E16161846
:1095E000181C1C1A1A1A1A1C1C1C1C1C1C1C1C1CC7
:1095F0001C1C1C1C1C1C1C1C1C1CFF0D16121A12F3
:1096000018121614181C1A18141E181C1C1A1E1CCA
:109610001E1E1E1E1C1E1E1E1E1E1E1E1E1E1E1E6C
:109620001E1E1EFF111C1610161C1A1A181C181CC0
:109630001618181E1C1C1A1C1E181E1E1E1E1E1E6E
:109640001E1E1E1E1E1E1E1E1E1E1E1EFF010101B0
:1096500001010202020204040404040606060607CD
:10966000080809090A0C0C0C0D0E0F101112131327
:109670001415161819FF010101020204040405055E
:10968000050809090A0A0B0D0E10111112141517FD
:10969000191A1C1D1F21232526282B2D2F31FF01D0
:1096A000010202040406060808080A0C100C111036
:1096B0001215141717191B1D22222326282B2D30B3
:1096C0003335383B3E4144FF0101020404040506E2
:1096D00008080B0B101012101315191919221E204F
:1096E0002325282A2D303336393C3F42464A4D51F6
:1096F0000000C93F0000F0390000DA370000A23353
:109700000000842E0000502B0000C2270000D02251
:109710000000C41F0000C61B00004417544D000089
:10972000434653523A203078253038780000000004
:10973000484653523A2030782530387800000000EF
:109740004D4D4641523A30782530387800000000BF
:10975000424641523A2030782530387800000000E7
:10976000434F44453A2030782530387800000000D7
:10977000454E56004C464F003C6E756C6C3E0000EA
:10978000415247323A20307825780000252E39732F
:109790000000000043726173687265706F7274201C
:1097A000253032582530325825303258253032583D
:1097B00025303258253032580A56455220252E374A
:1097C00073204352432025780A000000001900004E
:1097D000B1D401000000000074C00F40C0000000C0
:1097E000000000000200000050851F400100000042
:1097F000FF000000FF00000000000000000000006B
:10980000010000000200000054851F40010000001C
:10981000FF000000FF00000000000000000000004A
:10982000FF004000260018007C0000000608205DB4
:109830000000060600060606000C060600120606D4
:1098400000180606001E060600240606002A060664
:109850000030060600360606003C060600420606F4
:1098600000480606004E060600540606005A060684
:109870000060060600660606006C06060072060614
:1098800000780606007E060600840606008A0606A4
:109890000090060600960606009C060600A2060634
:1098A00000A8060600AE060600B4060600BA0606C4
:1098B00000C0060600C6060600CC060600D2060654
:1098C00000D8060600DE060600E4060600EA0606E4
:1098D00000F0060600F6060600FC06060102060673
:1098E00001080606010E060601140606011A060600
:1098F0000120060601260606012C06060132060690
:1099000001380606013E060601440606014A06061F
:109910000150060601560606015C060601620606AF
:1099200001680606016E060601740606017A06063F
:109930000180060601860606018C060601920606CF
:1099400001980606019E060601A4060601AA06065F
:1099500001B0060601B6060601BC060601C20606EF
:1099600001C8060601CE060601D4060601DA06067F
:1099700001E0060601E6060601EC060601F206060F
:1099800001F8060601FE060602040606020A06069D
:109990000210060602160606021C0606022206062B
:1099A000022806060000000000000000005F000022
:1099B00000000700070000147F147F1400242A7F92
:1099C0002A12002313086462003649552250000011
:1099D0000503000000001C224100000041221C0081
:1099E0000014083E08140008083E0808000000A003
:1099F00060000008080808080000606000000020FF
:109A000010080402003E4141413E0000427F4000F8
:109A1000004261514946002141454B310018141262
:109A20007F10002745454539003C4A49493000012F
:109A30007109050300364949493600064949291E7E
:109A400000003636000000005636000000081422E0
:109A500041000014141414140000412214080002E0
:109A60000151090600324959513E007C1211127C05
:109A700000417F494936003E41414122007F41413A
:109A8000221C007F49494941007F09090901003E24
:109A90004149497A007F0808087F0000417F410062
:109AA000002040413F01007F08142241007F4040D8
:109AB0004040007F020C027F007F0408107F003EC0
:109AC0004141413E007F09090906003E4151215EA6
:109AD000007F091929460046494949310001017FA3
:109AE0000101003F4040403F000718601807003F59
:109AF0004038403F006314081463000708700807EB
:109B000000615149454300007F41410000020408C3
:109B10001020000041417F000004020102040040C7
:109B20004040404000000E110E0000205454547874
:109B3000007F4844443800384444442000384444BA
:109B4000487F00385454541800087E090102001858
:109B5000A4A4A47C007F080404780000447D400095
:109B6000004080847D00007F102844000000417F79
:109B70004000007C04180478007C08040478003855
:109B80004444443800FC242424180018242418FCDD
:109B9000007C0804040800485454542000043F4446
:109BA0004020003C4040207C001C2040201C003C09
:109BB0004030403C004428102844001CA0A0A07C59
:109BC000004464544C44141414141414143677369A
:109BD0001400000000000000404044000000550058
:109BE000505F5F00F0F5FC00B065DA0060EB250027
:109BF0000000220020442400402242000050520075
:109C0000007202002002000000700000200000002E
:109C100080240100F099F90010511300F068E10070
:109C2000E0E1E10010F19900F0F1F800F0F9F8003E
:109C30008024F100F069F900F0F1F9002000020041
:109C40002002020010421200000707008024840056
:109C50002020690060D9E100909F6900E0E9E900F7
:109C600070887800E099E900F0E8F80080E8F800F2
:109C700070F9780090F99900E044E4007019F1005F
:109C800090CA9A00F088880090999F0090DB990014
:109C90006099690080E8E900709B690090E9E9003B
:109CA000E06178004044F400F099990060999900CF
:109CB000909F99009069990020629900F024F1002A
:109CC0003022320010420800C044C40000002500C9
:109CD000F000000000002100909F6900E0E9E90029
:109CE00070887800E099E900F0E8F80080E8F80072
:109CF00070F9780090F99900E044E4007019F100DF
:109D000090CA9A00F088880090999F0090DB990093
:109D10006099690080E8E900709B690090E9E900BA
:109D2000E06178004044F400F0999900609999004E
:109D3000909F99009069990020629900F024F100A9
:109D40003022320020222200C044C40000005A0009
:109D50000000000000000000963007772C610EEE36
:109D6000BA51099919C46D078FF46A7035A563E972
:109D7000A395649E3288DB0EA4B8DC791EE9D5E099
:109D800088D9D2972B4CB609BD7CB17E072DB8E798
:109D9000911DBF906410B71DF220B06A4871B9F3ED
:109DA000DE41BE847DD4DA1AEBE4DD6D51B5D4F426
:109DB000C785D38356986C13C0A86B647AF962FD8B
:109DC000ECC9658A4F5C0114D96C0663633D0FFAD8
:109DD000F50D088DC8206E3B5E10694CE44160D5DE
:109DE000727167A2D1E4033C47D4044BFD850DD2C8
:109DF0006BB50AA5FAA8B5356C98B242D6C9BBDBDB
:109E000040F9BCACE36CD832755CDF45CF0DD6DCD5
:109E1000593DD1ABAC30D9263A00DE518051D7C87C
:109E20001661D0BFB5F4B42123C4B3569995BACF07
:109E30000FA5BDB89EB802280888055FB2D90CC628
:109E400024E90BB1877C6F2F114C6858AB1D61C1A1
:109E50003D2D66B69041DC760671DB01BC20D298C0
:109E60002A10D5EF8985B1711FB5B606A5E4BF9F4D
:109E700033D4B8E8A2C9077834F9000F8EA8099640
:109E800018980EE1BB0D6A7F2D3D6D08976C6491AB
:109E9000015C63E6F4516B6B62616C1CD8306585C4
:109EA0004E0062F2ED95066C7BA5011BC1F40882A1
:109EB00057C40FF5C6D9B06550E9B712EAB8BE8BE2
:109EC0007C88B9FCDF1DDD62492DDA15F37CD38C6B
:109ED000654CD4FB5861B24DCE51B53A7400BCA369
:109EE000E230BBD441A5DF4AD795D83D6DC4D1A49B
:109EF000FBF4D6D36AE96943FCD96E34468867AD72
:109F0000D0B860DA732D0444E51D03335F4C0AAA10
:109F1000C97C0DDD3C710550AA41022710100BBE13
:109F200086200CC925B56857B3856F2009D466B95A
:109F30009FE461CE0EF9DE5E98C9D9292298D0B08F
:109F4000B4A8D7C7173DB359810DB42E3B5CBDB73C
:109F5000AD6CBAC02083B8EDB6B3BF9A0CE2B603BD
:109F60009AD2B1743947D5EAAF77D29D1526DB0472
:109F70008316DC73120B63E3843B64943E6A6D0DBD
:109F8000A85A6A7A0BCF0EE49DFF099327AE000A08
:109F9000B19E077D44930FF0D2A3088768F2011E9B
:109FA000FEC206695D5762F7CB67658071366C1932
:109FB000E7066B6E761BD4FEE02BD3895A7ADA1053
:109FC000CC4ADD676FDFB9F9F9EFBE8E43BEB71734
:109FD000D58EB060E8A3D6D67E93D1A1C4C2D838BE
:109FE00052F2DF4FF167BBD16757BCA6DD06B53F24
:109FF0004B36B248DA2B0DD84C1B0AAFF64A033663
:10A00000607A0441C3EF60DF55DF67A8EF8E6E31E1
:10A0100079BE69468CB361CB1A8366BCA0D26F252A
:10A0200036E2685295770CCC03470BBBB916022277
:10A030002F260555BE3BBAC5280BBDB2925AB42B8C
:10A04000046AB35CA7FFD7C231CFD0B58B9ED92CA1
:10A050001DAEDE5BB0C2649B26F263EC9CA36A7506
:10A060000A936D02A906099C3F360EEB85670772BD
:10A0700013570005824ABF95147AB8E2AE2BB17B24
:10A08000381BB60C9B8ED2920DBED5E5B7EFDC7CAB
:10A0900021DFDB0BD4D2D38642E2D4F1F8B3DD6802
:10A0A0006E83DA1FCD16BE815B26B9F6E177B06FFD
:10A0B0007747B718E65A0888706A0FFFCA3B0666EA
:10A0C0005C0B0111FF9E658F69AE62F8D3FF6B6177
:10A0D00045CF6C1678E20AA0EED20DD75483044E19
:10A0E000C2B30339612667A7F71660D04D476949A7
:10A0F000DB776E3E4A6AD1AEDC5AD6D9660BDF40BA
:10A10000F03BD83753AEBCA9C59EBBDE7FCFB2476C
:10A11000E9FFB5301CF2BDBD8AC2BACA3093B35351
:10A12000A6A3B4240536D0BA9306D7CD2957DE545A
:10A13000BF67D9232E7A66B3B84A61C4021B685D33
:10A14000942B6F2A37BE0BB4A18E0CC31BDF055AAC
:10A150008DEF022D4552524F523A25640A000000FD
:10A160005054523A25780A0052414D5F53495A459E
:10A170003A25640A00000000523A2564204C3A2532
:10A18000642053543A25640A00000000533A2564C1
:10A1900020553A25640A000073657475700000004C
:10A1A000257320307825780A0000000070726F63F4
:10A1B00065737300647261770000000073637265F9
:10A1C000656E7361766572005F5F75695F65766560
:10A1D0006E745F68616E646C657200005F5F6D69CC
:10A1E00064695F6576656E745F68616E646C6572E4
:10A1F000000000005F5F696E69745F61727261796F
:10A20000000000002E646174613A20307825780ADD
:10A210000000000052414D5F424153453A25780A03
:10A220000000000073657475703A20307825780A54
:10A23000000000003078253034783A2025780A0074
:10A240007564796E6C696E6B5F70726F6365737342
:10A250000000000055444C4D000000004E4F4845A2
:10A2600041440000524553455400000050524F42B3
:10A27000000000002D20202B00000000214C65660E
:10A28000740000004C65667400000000215269678C
:10A29000687400005269676874000000454E434FBF
:10A2A000444552205345545550000000205052451B
:10A2B000535320454E4320544F2052455645525348
:10A2C00045000000444953504C41592053455455D2
:10A2D0005000000050524553533A0000204C2D4589
:10A2E0004E433A20464C49503138300020522D45DB
:10A2F0004E433A204252494748544E45535300007A
:10A300004441430043414C4942524154494F4E3A23
:10A3100000000000252B642E305600003E444143CF
:10A32000256420282573292E2E2E2E2E2E00000087
:10A33000252B6C6400000000204441432564202844
:10A340002573292E2E2E2E2E2E0000004144430070
:10A350003D20252B2E336656000000003E4144432D
:10A36000257800002041444325780000492F4F20E4
:10A370005445535400000000545225642025732C8A
:10A38000204356256420252B2E33665600000000FE
:10A3900048415244574152452053455455500000BE
:10A3A000505245535320524947485420544F20534C
:10A3B00041564500202A000028656D7074792900F7
:10A3C000534156453F0000004C4F41443F000000C0
:10A3D00050617463682D2558257300003C3C3C3C5B
:10A3E0002053544F524520455252203E3E3E3E009F
:10A3F0002E2E73746F72696E672E2E2E5B25582574
:10A400003033585D0A0000003C3C3C3C2053544F24
:10A41000524520455252202564203E3E3E3E0000DB
:10A420002E2E6C6F6164696E672E2E2E5B2558256B
:10A430003033585D000000003D3D3D3D3D3D204333
:10A4400054524C2F494E50555453203D3D3D3D3DB7
:10A450003D0000003D3D3D3D3D3D3D204354524CBF
:10A460002F4D494449203D3D3D3D3D3D3D000000CF
:10A470004D4944492D4348414E4E454C0000000093
:10A480004D414348494E4500454E47494E452020E1
:10A4900020202532640000005B5052455353205267
:10A4A0002D454E435D000000204C6F616420262046
:10A4B000726573657420492F4F207C00204C6F61BA
:10A4C000642026206B65657020492F4F207C00009A
:10A4D00020436F707920232564207C004155582D3E
:10A4E000494E505554000000494E534552542D4199
:10A4F000555800004155582D44525920282573299C
:10A5000000000000204D4F44554C4154494F4E002F
:10A510003E2573002B2D00002564257300000000EC
:10A52000252E3166257300003D3D3D3D3D3D204DCE
:10A5300049582F4F555450555453203D3D3D3D3DB6
:10A540003D0000004F5554505554000050414E00FE
:10A550004C4556454C0000004D414348494E45533B
:10A56000202F20454E47494E45530000492F4F208C
:10A57000434F4E4649470000434C4B2026204D494F
:10A5800044492053455454494E4753005041544385
:10A59000482053544F524147450000002E2E25734A
:10A5A000000000004D4944492D436F6E74726F6C7A
:10A5B00000000000434C4F434B2D536F7572636591
:10A5C00000000000202043562D496E707574000075
:10A5D000202050686173652D4D61785600000000A1
:10A5E000202054454D504F202842504D2900000056
:10A5F000543A253764202530326400004D494449DF
:10A6000026434C4F434B00002E2E73746F72696EBD
:10A61000672E2E2E0000000007080C0B06050F0009
:10A620000D0E01021F1F07080C0B06050F000D0E73
:10A6300001021F1F07080C0B06050F000D0E1F1F40
:10A64000030407080C0B06050F000D0E1F1F030463
:10A6500025362E30660000002530326400000000F0
:10A660002530336400000000252B6400252E33665E
:10A670000000000042504D006E616E00696E660081
:10A680006F76660000000B040608F10BCD0F9A13DD
:10A690005717061BA61E3822BB253129982CF32FED
:10A6A00040338036B339D93CF33F00430146F74885
:10A6B000E14BBF4E915159541657C7596E5C0B5F11
:10A6C0009D612564A2661669806BE16D38708672A3
:10A6D000CB7407773A79647B857D9E7FAF81B883A1
:10A6E000B885B187A1898A8B6C8D468F1991E492C8
:10A6F000A89466961C98CB99749B179DB29E48A00F
:10A70000D7A160A3E3A460A6D7A748A9B3AA19ACB0
:10A7100079ADD4AE29B07AB1C4B20AB44BB587B61C
:10A72000BDB7F0B81DBA45BB69BC89BDA4BEBBBFEF
:10A73000CDC0DBC1E5C2EBC3ECC4EAC5E4C6DAC7F1
:10A74000CCC8BAC9A5CA8CCB6FCC4FCD2CCE05CF07
:10A75000DACFADD07CD147D210D3D6D398D458D548
:10A7600014D6CED685D739D8EAD898D944DAEDDAD6
:10A7700093DB37DCD8DC77DD13DEADDE45DFDADFF7
:10A780006DE0FDE08CE118E2A2E229E3AFE333E4FF
:10A79000B4E434E5B1E52DE6A7E61FE795E709E85F
:10A7A0007BE8ECE85BE9C8E933EA9DEA05EB6BEB93
:10A7B000D0EB34EC96ECF6EC55EDB2ED0EEE68EE27
:10A7C000C1EE19EF6FEFC4EF18F06AF0BCF00BF1B7
:10A7D0005AF1A7F1F3F13EF288F2D1F219F35FF3E7
:10A7E000A4F3E9F32CF46EF4AFF4EFF42FF56DF568
:10A7F000AAF5E6F522F65CF695F6CEF606F73DF7F5
:10A8000073F7A8F7DCF710F842F874F8A6F8D6F852
:10A8100006F935F963F990F9BDF9E9F915FA3FFA46
:10A8200069FA93FABCFAE4FA0BFB32FB58FB7EFBA5
:10A83000A3FBC8FBECFB0FFC32FC54FC76FC98FC41
:10A84000B8FCD9FCF8FC18FD36FD55FD73FD90FDF4
:10A85000ADFDC9FDE5FD01FE1CFE37FE51FE6BFEA0
:10A8600085FE9EFEB6FECFFEE7FEFEFE16FF2CFF27
:10A8700043FF59FF6FFF84FF9AFFAEFFC3FFD7FF6F
:10A88000EBFFFFFFFFFF0000018016802A80408061
:10A8900055806A8080809680AC80C380D980F080AB
:10A8A00007811E8136814D8165817D819481AC81D6
:10A8B000C481DD81F5810D8225823E8256826E82C1
:10A8C00086829F82B782CF82E782FE8216832D83A3
:10A8D00044835B83728389839F83B583CB83E083C7
:10A8E000F5830A841E843284468459846C847E8471
:10A8F0009084A284B384C484D484E484F3840285E1
:10A9000011851F852D853A854785548560856C8521
:10A91000788584858F859A85A585B085BA85C58516
:10A92000D085DB85E585F085FC85078613861F8647
:10A930002B863986468654866386738683869586FB
:10A94000A786BA86CF86E586FB8614872D8748873B
:10A9500065878387A287C487E7870C8833885C88EC
:10A960008788B488E288138947897C89B489ED890E
:10A97000298A688AA88AEB8A308B778BC18B0C8CEA
:10A980005A8CAA8CFC8C508DA68DFE8D588EB38E61
:10A99000108F6F8FCF8F31909390F7905C91C29111
:10A9A00029929092F7925F93C7932F949794FE9475
:10A9B0006595CB9530969496F7965897B8971698D4
:10A9C0007198CB9822997799C899179A639AAB9AFC
:10A9D000F09A319B6F9BA99BDE9B109C3D9C669CD3
:10A9E0008B9CAA9CC69CDC9CEE9CFB9C049D079DBA
:10A9F000069D009DF69CE69CD39CBA9C9E9C7D9CEB
:10AA0000589C2F9C039CD39B9F9B689B2F9BF39AE6
:10AA1000B59A749A329AEE99AA9965991F99D9981C
:10AA2000949850980D98CB978C974F971697DF96E0
:10AA3000AD967F96569632961396FB95EA95DF95DE
:10AA4000DC95E195EF95059624964D967F96BC96FC
:10AA500003975697B3971C98919811999E99379A96
:10AA6000DC9A8D9B4C9C169DEE9DD29EC29FBFA0F2
:10AA7000C8A1DDA2FEA32BA563A6A7A7F5A84DAA92
:10AA8000AFAB1BAD8FAE0CB091B11DB3AFB448B638
:10AA9000E6B788B92EBBD7BC82BE2EC0DBC188C347
:10AAA00033C5DCC683C825CAC2CB59CDEACE73D024
:10AAB000F3D16AD3D6D437D68BD7D2D80CDA36DBDB
:10AAC00051DC5BDD54DE3BDF0FE0D0E07EE116E2DF
:10AAD0009AE208E361E3A3E3CEE3E3E3E1E3C8E35F
:10AAE00097E350E3F1E27BE2EEE14BE191E0C1DF7D
:10AAF000DCDEE2DDD4DCB2DB7DDA35D9DDD774D63D
:10AB0000FBD474D3E0D13FD094CEDFCC21CB5CC951
:10AB100092C7C3C5F2C31FC24CC07BBEADBCE4BA72
:10AB200022B967B7B7B511B479B2EFB075AF0CAE53
:10AB3000B7AC76AB4CAA39A93FA85FA79AA6F3A5F4
:10AB400069A5FFA4B4A48BA484A49FA4DEA441A5FA
:10AB5000C9A576A648A741A85FA9A3AA0DAC9EAD3A
:10AB600053AF2EB12EB352B59AB705BA91BC3EBFC2
:10AB70000CC2F8C401C826CB66CEBFD12FD5B5D83C
:10AB80004FDCFADFB6E37FE754EB33EF19F304F75A
:10AB9000F2FAE1FECE02B706990A720E40120016D2
:10ABA000B0194E1DD62048249F27DB2AF92DF730F7
:10ABB000D3338A361C39853BC43DD93FC0417843E5
:10ABC000014559467E4771482F49B8490C4A2A4ADF
:10ABD000114AC2493C4980488D4764460645734343
:10ABE000AC41B23F853D283B9B38E135FA32E82F36
:10ABF000AD2C4C29C5251D22531E6D1A6A164F1205
:10AC00001E0ED90984052101B4FC3EF8C4F347EFB8
:10AC1000CCEA55E6E5E180DD27D9E0D4ABD08DCC98
:10AC200087C89EC4D3C02ABDA5B946B611B306B025
:10AC30002AAD7CAA01A8B9A5A7A3CCA128A0BF9E34
:10AC4000919D9E9CE89B709B359B3A9B7C9BFD9BBA
:10AC5000BD9CBB9DF79E70A025A216A441A6A5A8E9
:10AC600041AB12AE19B151B4BAB752BB15BF03C351
:10AC700017C750CBACCF26D4BDD86DDD33E20DE77E
:10AC8000F7EBEEF0EEF5F6FA00000A05120A120FE5
:10AC90000914F318CD1D93224327DA2B5430B03416
:10ACA000E938FD3CEB40AE444648AF4BE74EEE5131
:10ACB000BF545B57BF59EA5BDB5D905F096145623A
:10ACC000436303648464C664CB6490641864626301
:10ACD0006F624161D85F345E595C475AFF578455B3
:10ACE000D652FA4FEF4CBA495B46D6422D3F623BF3
:10ACF00079377333552F202BD92680221B1EAB1991
:10AD00003415B9103C0CC2074C03DFFE7CFA27F661
:10AD1000E2F1B1ED96E993E5ADE1E3DD3BDAB4D6DE
:10AD200053D318D006CD1FCA65C7D8C47BC24EC046
:10AD300054BE8DBCFABA9CB973B880B7C4B63EB6DF
:10AD4000EFB5D6B5F4B548B6D1B68FB782B8A7B9C6
:10AD5000FFBA88BC40BE27C03CC27BC4E4C676C9EB
:10AD60002DCC09CF07D225D561D8B8DB2ADFB2E2D6
:10AD700050E600EAC0ED8EF167F549F932FD1F019A
:10AD80000E05FC08E70CCD10AC1481184A1C0620F7
:10AD9000B1234B27D12A412E9A31DA34FF37083BB1
:10ADA000F43DC2406F43FB456648AE4AD24CD24E9A
:10ADB000AD506252F3535D55A156BF57B8588A59EA
:10ADC000375ABF5A225B615B7C5B755B4C5B015BF6
:10ADD000975A0D5A6659A158C157C756B4558A5447
:10ADE0004953F4518B50114F874DEF4B494A9948C5
:10ADF000DE461C4553438541B43FE13D0E3C3D3AA0
:10AE00006E38A436DF3421336C31C12F202E8C2CC8
:10AE1000052B8C292328CB2683254E242C231E2268
:10AE200024213F206F1FB51E121E851D0F1DB01C53
:10AE3000691C381C1F1C1D1C321C5D1C9F1CF81C2F
:10AE4000661DEA1D821E301FF11FC520AC21A52200
:10AE5000AF23CA24F4252E277528C9292A2B962C1E
:10AE60000D2E8D2F1631A7323E34DB357D37243938
:10AE7000CD3A783C253ED23F7E412943D2447846A4
:10AE80001A48B849514BE34C6F4EF44F7151E5529B
:10AE90005154B3550B5759589D59D55A025C235DEF
:10AEA000385E415F3E602E611262EA62B463736491
:10AEB0002465C9656266EF666F67E4674D68AA68D6
:10AEC000FD6844698169B369DC69FB69116A1F6ABD
:10AED000246A216A166A056AED69CE69AA698169E0
:10AEE00053692169EA68B16874683568F367B067C7
:10AEF0006C672767E1669B6656661266CE658C6551
:10AF00004B650D65D164986461642D64FD63D16304
:10AF1000A8638363626346632D631A630A630063F5
:10AF2000FA62F962FC620563126324633A63566352
:10AF300075639A63C363F063226457649164CF645A
:10AF4000106555659D65E96538668966DE66356715
:10AF50008F67EA674868A86809696C69D069356ACB
:10AF60009B6A026B696BD16B396CA16C096D706D5A
:10AF7000D76D3E6EA46E096F6D6FCF6F317091709B
:10AF8000F0704D71A87102725A72B07204735673E8
:10AF9000A673F4733F748974D074157558759875D9
:10AFA000D77513764C768476B976ED761E774C7726
:10AFB0007977A477CD77F47719783C785E787D78C7
:10AFC0009B78B878D378EC7805791B793179467914
:10AFD00059796B797D798D799D79AC79BA79C77911
:10AFE000D579E179ED79F979047A107A1B7A257AA5
:10AFF000307A3B7A467A507A5B7A667A717A7C7AD2
:10B00000887A947AA07AAC7AB97AC67AD37AE17AD5
:10B01000EF7AFE7A0D7B1C7B2C7B3C7B4D7B5E7B31
:10B02000707B827B947BA77BBA7BCE7BE27BF67BBB
:10B030000B7C207C357C4B7C617C777C8E7CA57C7A
:10B04000BC7CD37CEA7C027D197D317D497D617DAC
:10B050007A7D927DAA7DC27DDB7DF37D0B7E237E92
:10B060003C7E547E6C7E837E9B7EB37ECA7EE27E77
:10B07000F97E107F277F3D7F547F6A7F807F967F98
:10B08000AB7FC07FD67FEA7FEA7F0000000001012E
:10B090000202030304040505060607070808090958
:10B0A0000A0A0B0B0C0C0D0D0E0E0F0F10101111C8
:10B0B0001212131314141515161617171818191938
:10B0C0001A1A1B1B1C1C1D1D1E1E1F1F20202121A8
:10B0D0002222232324242525262627272828292918
:10B0E0002A2A2B2B2C2C2D2D2E2E2F2F3030313188
:10B0F00032323333343435353636373738383939F8
:10B100003A3A3B3B3C3C3D3D3E3E3F3F4040414167
:10B1100042424343444445454646474748484949D7
:10B120004A4A4B4B4C4C4D4D4E4E4F4F5050515147
:10B1300052525353545455555656575758585959B7
:10B140005A5A5B5B5C5C5D5D5E5E5F5F6060616127
:10B150006262636364646565666667676868696997
:10B160006A6A6B6B6C6C6D6D6E6E6F6F7070717107
:10B170007272737374747575767677777878797977
:10B180007A7A7B7B7C7C7D7D7E7E7F7F80808181E7
:10B190008282838384848585868687878888898957
:10B1A0008A8A8B8B8C8C8D8D8E8E8F8F90909191C7
:10B1B0009292939394949595969697979898999937
:10B1C0009A9A9B9B9C9C9D9D9E9E9F9FA0A0A1A1A7
:10B1D000A2A2A3A3A4A4A5A5A6A6A7A7A8A8A9A917
:10B1E000AAAAABABACACADADAEAEAFAFB0B0B1B187
:10B1F000B2B2B3B3B4B4B5B5B6B6B7B7B8B8B9B9F7
:10B20000BABABBBBBCBCBDBDBEBEBFBFC0C0C1C166
:10B21000C2C2C3C3C4C4C5C5C6C6C7C7C8C8C9C9D6
:10B22000CACACBCBCCCCCDCDCECECFCFD0D0D1D146
:10B23000D2D2D3D3D4D4D5D5D6D6D7D7D8D8D9D9B6
:10B24000DADADBDBDCDCDDDDDEDEDFDFE0E0E1E126
:10B25000E2E2E3E3E4E4E5E5E6E6E7E7E8E8E9E996
:10B26000EAEAEBEBECECEDEDEEEEEFEFF0F0F1F106
:10B27000F2F2F3F3F4F4F5F5F6F6F7F7F8F8F9F976
:10B28000FAFAFBFBFCFCFDFDFEFEFFFFFFFF0000EA
:10B290000180BE8177832A85D7868088248AC38BE4
:10B2A0005D8DF28E83900E929593189595960E98DB
:10B2B0008399F39A5E9CC69D299F87A0E1A138A33C
:10B2C00089A4D7A521A767A8A8A9E6AA20AC56AD4E
:10B2D00088AEB6AFE1B007B22AB34AB466B57EB65F
:10B2E00093B7A4B8B2B9BCBAC3BBC7BCC7BDC4BED0
:10B2F000BEBFB4C0A8C198C285C36FC456C53AC604
:10B300001BC7F9C7D5C8ADC982CA55CB25CCF2CC6D
:10B31000BDCD84CE49CF0CD0CCD089D143D2FCD284
:10B32000B1D365D415D5C4D570D619D7C1D766D8D1
:10B3300009D9A9D947DAE3DA7DDB15DCABDC3EDDE0
:10B34000D0DD5FDEEDDE78DF02E089E00FE193E142
:10B3500015E294E213E38FE309E482E4F9E46EE595
:10B36000E2E554E6C4E633E7A0E70BE875E8DDE87C
:10B3700043E9A9E90CEA6EEACFEA2EEB8CEBE8EBA5
:10B3800043EC9DECF5EC4CEDA1EDF5ED48EE9AEEBD
:10B39000EAEE39EF87EFD4EF1FF06AF0B3F0FBF07D
:10B3A00041F187F1CCF10FF252F293F2D3F213F3A1
:10B3B00051F38EF3CBF306F440F47AF4B2F4E9F4EB
:10B3C00020F556F58BF5BEF5F1F524F655F686F623
:10B3D000B5F6E4F612F740F76CF798F7C3F7EDF718
:10B3E00017F840F868F88FF8B6F8DCF802F926F993
:10B3F0004AF96EF991F9B3F9D5F9F6F916FA36FA70
:10B4000055FA74FA92FAAFFACCFAE9FA05FB20FB86
:10B410003BFB56FB70FB89FBA2FBBBFBD3FBEAFBB0
:10B4200002FC18FC2FFC44FC5AFC6FFC84FC98FCCA
:10B43000ACFCBFFCD2FCE5FCF7FC09FD1BFD2CFDC0
:10B440003DFD4DFD5EFD6DFD7DFD8CFD9BFDAAFD71
:10B45000B8FDC6FDD4FDE1FDEFFDFCFD08FE15FEC7
:10B4600021FE2DFE38FE43FE4FFE59FE64FE6FFEA8
:10B4700079FE83FE8CFE96FE9FFEA8FEB1FEBAFE0C
:10B48000C2FECBFED3FEDBFEE3FEEAFEF2FEF9FED9
:10B4900000FF07FF0EFF14FF1BFF21FF27FF2DFFFB
:10B4A00033FF39FF3EFF44FF49FF4EFF53FF58FF74
:10B4B0005DFF62FF66FF6BFF6FFF73FF78FF7CFF2E
:10B4C0007FFF83FF87FF8BFF8EFF92FF95FF98FF23
:10B4D0009BFF9FFFA2FFA5FFA7FFAAFFADFFB0FF45
:10B4E000B2FFB5FFB7FFB9FFBCFFBEFFC0FFC2FF91
:10B4F000C4FFC6FFC8FFCAFFCCFFCEFFCFFFD1FFFE
:10B50000D3FFD4FFD6FFD7FFD9FFDAFFDBFFDDFF84
:10B51000DEFFDFFFE0FFE1FFE3FFE4FFE5FFE6FF23
:10B52000E7FFE8FFE9FFE9FFEAFFEBFFECFFEDFFD4
:10B53000EDFFEEFFEFFFF0FFF0FFF1FFF1FFF2FF95
:10B54000F3FFF3FFF4FFF4FFF5FFF5FFF6FFF6FF5F
:10B55000F6FFF7FFF7FFF8FFF8FFF8FFF9FFF9FF35
:10B56000F9FFFAFFFAFFFAFFFAFFFBFFFBFFFBFF11
:10B57000FBFFFCFFFCFFFCFFFCFFFCFFFDFFFDFFF2
:10B58000FDFFFDFFFDFFFDFFFEFFFEFFFEFFFEFFD7
:10B59000FEFFFEFFFEFFFEFFFEFFFEFFFFFFFFFFC1
:10B5A000FFFFFFFFFFFFFFFFFFFFFFFFFFFFFFFFAB
:10B5B000FFFFFFFFFFFFFFFFFFFFFFFFFFFF000099
:10B5C000000000000000000000000000000000007B
:10B5D000000000000000000000000000000000006B
:10B5E000000000000000000000000000000000005B
:10B5F000000000000000000000000000000000004B
:10B60000000000000000000000000000000000003A
:10B61000000000000000000000000000000000002A
:10B62000000000000000000000000000000000001A
:10B63000000000000000000000000000000000000A
:10B6400000000000000000000000000000000000FA
:10B6500000000000000000000000000000000000EA
:10B6600000000000000000000000000000000000DA
:10B6700000000000000000000000000000000000CA
:10B6800000000000000000000000000000000000BA
:10B6900000000000000000000000000000000000AA
:10B6A000000000000000000000000000000000009A
:10B6B000000000000000000000000000000000008A
:10B6C000000000000000000000000000000000007A
:10B6D000000000000000000000000000000000006A
:10B6E000000000000000000000000000000000005A
:10B6F000000000000000000000000000000000004A
:10B700000000000000000000000000000000000039
:10B710000000000000000000000000000000000029
:10B720000000000000000000000000000000000019
:10B730000000000000000000000000000000000009
:10B7400000000000000000000000000000000000F9
:10B7500000000000000000000000000000000000E9
:10B7600000000000010001000100010001000100D3
:10B7700001000100010001000100010001000100C1
:10B7800001000100010002000200020002000200AC
:10B790000200020002000200020003000300030096
:10B7A000030003000300040004000400040004007C
:10B7B000050005000500050006000600060006005D
:10B7C000070007000700080008000800090009003A
:10B7D0000A000A000A000B000B000C000C000D0010
:10B7E0000D000E000F000F001000100011001200DD
:10B7F000130013001400150016001700170018009E
:10B8000019001A001B001C001D001F002000210051
:10B810002200230025002600270029002A002C00F2
:10B820002D002F00310032003400360038003A007D
:10B830003C003E00400042004400470049004B00ED
:10B840004E0050005300560059005B005E0061003E
:10B85000650068006B006E007200750079007D0065
:10B860008100840088008D00910095009A009E0060
:10B87000A300A800AD00B200B700BC00C200C70022
:10B88000CD00D300D900DF00E500EC00F200F900A4
:10B89000000107010E0116011D0125012D013501D1
:10B8A0003E0146014F01580161016A0174017D01A9
:10B8B000870191019C01A701B101BD01C801D3011C
:10B8C000DF01EB01F801040211021F022C023A020F
:10B8D000480256026502740283029302A202B30276
:10B8E000C302D402E502F70209031B032E0341033E
:10B8F000540368037C039103A603BC03D103E8034C
:10B90000FE0316042D0445045E0477049004AA0483
:10B91000C504E004FB041705340551056E058C05CC
:10B92000AB05CA05EA050A062B064D066F06920608
:10B93000B606DA06FE0624074A0771079807C0070D
:10B94000E90713083D0868089408C008EE081C09B8
:10B950004B097A09AB09DC090F0A420A750AAA0ADF
:10B96000E00A170B4E0B860BC00BFA0B350C720C52
:10B97000AF0CED0C2D0D6D0DAE0DF10D340E790EDD
:10B98000BF0E050F4D0F960FE10F2C107910C71049
:10B9900016116611B8110B125F12B4120B13631358
:10B9A000BD1318147414D21431159215F4155716CA
:10B9B000BD1623178B17F5176018CD183C19AC1955
:10B9C0001E1A921A071B7E1BF71B711CED1C6C1DA7
:10B9D000EB1D6D1EF11E771FFE1F88201321A12174
:10B9E0003022C2225523EB2383241D25B925572657
:10B9F000F7269A273F28E72890293C2AEB2A9B2BF9
:10BA00004F2C042DBD2D772E342FF42FB7307C31E1
:10BA100043320E33DB33AB347E3553362B370738A6
:10BA2000E538C639AA3A913B7B3C683D583E4C3FCD
:10BA300042403C41394239433D4444454E465C47CF
:10BA40006D4882499A4AB64BD64CF94D1F4F4A5021
:10BA50007851AA52E0531A5558569957DF58295A27
:10BA6000775BC85C1F5E795FD7603A62A2630D6541
:10BA70007D66F2676B69E86A6B6CF26D7D6F0E71C3
:10BA8000A3723D74DC7580772979D67A897C427EF1
:10BA9000427E0000000000000000000000000000E6
:10BAA000000000000000000001000100020003008F
:10BAB000040005000600080009000B000E0010003D
:10BAC0001300160019001D00210025002A00300077
:10BAD00035003B00420049005100590062006B00F4
:10BAE000750080008B009700A400B100BF00CE005D
:10BAF000DE00EE0000011201250139014E01630153
:10BB00007A019201AB01C501E001FC011902370283
:10BB1000570277029902BC02E10207032E03560383
:10BB20008003AB03D8030604350467049904CE04EC
:10BB300003053B057405AF05EB0529066906AB0651
:10BB4000EF0634077C07C50710085D08AC08FE083F
:10BB50005109A609FD09570AB30A110B710BD30B42
:10BB6000380C9F0C080D740DE20D530EC60E3B0FE2
:10BB7000B30F2E10AB102B11AD113212BA124513A8
:10BB8000D2136214F5148B152416C0165F17001813
:10BB9000A5184D19F819A61A571B0B1CC31C7E1D9E
:10BBA0003C1EFD1EC21F8A2056212522F722CD23CE
:10BBB000A72484256526492731281D290D2A002B15
:10BBC000F72BF32CF12DF42EFB2F063115322833F1
:10BBD0003F345A3579369D37C438F039213B553CCE
:10BBE0008E3DCC3E0D4054419E42EE4342459A4626
:10BBF000F7475949C04A2B4C9C4D114F8A50095266
:10BC00008D531555A3563658CE596B5B0D5DB45EFA
:10BC100060601262C963866548670F69DB6AAD6C54
:10BC2000856E627045722E741C760F78097A087CD6
:10BC30000E7E1980298240845D868088A98AD88CEE
:10BC40000D8F48918993D1951F98739ACE9C2F9F01
:10BC500096A104A479A6F3A875ABFDAD8CB021B371
:10BC6000BEB561B80ABBBBBD73C031C3F6C5C3C89E
:10BC700096CB71CE53D13CD42CD723DA22DD28E0E9
:10BC800035E34AE666E989ECB4EFE7F222F663F9B8
:10BC9000ADFCFFFFFFFF00000000020009001600DE
:10BCA00027003D00580078009D00C700F6002A01DB
:10BCB0006201A001E20129027502C6021C0376039B
:10BCC000D6033A04A20410058205FA057506F606A5
:10BCD0007B07050893082609BE095A0AFB0AA00B30
:10BCE0004A0CF80CAA0D610E1D0FDC0FA010691193
:10BCF00035120613DB13B414921573165917421834
:10BD00003019211A171B101C0D1D0E1E131F1C208D
:10BD1000282138224B2362247D259B26BC27E1283D
:10BD20000A2A352B642C962DCC2E04303F317E32DE
:10BD3000BF3304354B369537E238323A843BDA3C30
:10BD4000313E8B3FE8404742A9430C457246DB47F2
:10BD50004549B24A204C914D034F7850EE516653FD
:10BD6000E0545B56D8575759D75A595CDB5D605F32
:10BD7000E5606C62F4637C65066791681D6AAA6B76
:10BD8000376DC56E5470E3717373047594762678BD
:10BD9000B779497BDB7C6D7EFF7F91812383B584FE
:10BDA0004786D8876A89FA8A8B8C1B8EAA8F39912D
:10BDB000C7925494E1956D97F898829A0A9C929D47
:10BDC000199F9EA023A2A5A327A5A7A626A8A3A93D
:10BDD0001EAB98AC10AE86AFFBB06DB2DEB34CB507
:10BDE000B9B623B88CB9F2BA55BCB7BD16BF73C08B
:10BDF000CDC124C37AC4CCC51CC769C8B3C9FACAAB
:10BE00003FCC80CDBFCEFACF32D168D29AD3C9D43D
:10BE1000F4D51DD742D863D981DA9CDBB3DCC6DD0B
:10BE2000D6DEE2DFEBE0F0E1F1E2EEE3E7E4DDE5D0
:10BE3000CEE6BCE7A5E88BE96CEA4AEB23ECF8EC2C
:10BE4000C9ED95EE5EEF22F0E1F09DF154F206F3BC
:10BE5000B4F35EF403F5A4F540F6D8F66BF7F9F702
:10BE600083F808F989F904FA7CFAEEFA5CFBC4FB62
:10BE700028FC88FCE2FC38FD89FDD5FD1CFE5EFE39
:10BE80009CFED4FE08FF37FF61FF86FFA6FFC1FFBF
:10BE9000D7FFE8FFF5FFFCFFFCFF0000AAAAAA0AF3
:10BEA0001109AB092311C7087660FB077B0A450718
:10BEB000E986A106FDA20E0616758A0544521305F1
:10BEC00079C5A7040E8846046D7BEE03A9A39E03E3
:10BED000E122560354351403F82DD8029973A102B8
:10BEE000567E6F027BD54102A20D180215C7F101E3
:10BEF0006CACCE014C71AE0163D19001708F7501B5
:10BF00007A745C011B4F4501DEF22F01B4371C012E
:10BF100079F909018B17F9006574E9004FF5DA002A
:10BF20001282CD00B404C1003F69B5008E9DAA0005
:10BF30001D91A000DE349700187B8E0044578600C8
:10BF4000EDBD7E009DA47700BC01710082CC6A002B
:10BF5000E2FC6400778B5F0078715A00A5A8550059
:10BF6000402B510000F44C0005FE4800D144450030
:10BF70003CC4410074783E00EC5D3B0060713800C9
:10BF8000C7AF35005116330067A230009C512E0018
:10BF9000B5212C009E102A00671C2800444326006F
:10BFA0008B832400ACDB2200354A2100CDCD1F005D
:10BFB00030651E00330F1D00BCCA1B00C6961A0058
:10BFC0005C721900975C1800A3541700B75916004B
:10BFD000166B15001188140003B0130051E2120013
:10BFE0006B1E1200C7631100E7B110005208100069
:10BFF00097660F004BCC0E000C390E007AAC0D008A
:10C000003E260D0004A60C007D2B0C0060B60B0034
:10C0100066460B004FDB0A00DA740A00CE120A00F3
:10C02000F4B40900175B0900050509008FB2080088
:10C030008A630800CB1708002BCF0700848907000C
:10C04000B2460700940607000BC90600F68D0600ED
:10C050003B550600BD1E060063EA050014B8050046
:10C06000B88705003B590500862C050085010500B1
:10C0700027D8040057B00400068A04002365040092
:10C080009E410400681F040074FE0300B4DE030038
:10C090001AC003009CA203002C860300C06A0300A0
:10C0A0004E500300CB3603002E1E03006D06030026
:10C0B0007FEF02005DD90200FDC3020059AF02000C
:10C0C0006A9B0200278802008A7502008E630200C4
:10C0D0002B5202005D4102001C310200652102006A
:10C0E000311202007C03020041F501007CE70100EF
:10C0F00028DA010041CD0100C3C00100ABB401004A
:10C10000F4A801009B9D01009D920100F7870100AA
:10C11000A47D0100A3730100F16901008A600100A0
:10C120006D570100964E010003460100B23D01002B
:10C13000A1350100CD2D010034260100D41E0100DF
:10C14000AC170100B9100100FA0901006D030100EC
:10C1500010FD0000E2F60000E2F000000DEB000030
:10C1600062E50000E0DF000086DA000052D5000042
:10C1700043D0000058CB000090C60000E9C1000089
:10C1800064BD0000FDB80000B6B400008CB0000033
:10C190007FAC00008DA80000B7A40000FBA0000049
:10C1A000589D0000CE9900005C96000000930000AE
:10C1B000BC8F00008D8C0000738900006E8600002B
:10C1C0007C8300009E800000D37D0000197B00006E
:10C1D00072780000DC75000056730000E07000000B
:10C1E0007A6E0000246C0000DC690000A367000088
:10C1F000776500005A63000049610000465F000057
:10C200004E5D0000635B000084590000B1570000E0
:10C21000E85500002A54000077520000CF5000007B
:10C22000304F00009B4D00000F4C00008D4A000075
:10C2300014490000A34700003B460000DB44000017
:10C240008343000033420000EB400000AA3F00009F
:10C25000713E00003E3D0000123C0000ED3A00003F
:10C26000CF390000B7380000A5370000993600002C
:10C27000943500009334000099330000A43200008C
:10C28000B4310000CA300000E42F0000042F000089
:10C29000282E0000512D00007E2C0000B02B000045
:10C2A000EC0A00004B0B0000AD0B0000120C00006C
:10C2B0007B0C0000E70C0000570D0000CB0D0000C8
:10C2C000430E0000BF0E00003F0F0000C40F00002F
:10C2D0004C100000DA1000006C1100000412000085
:10C2E000A012000042130000E913000096140000A1
:10C2F0004915000002160000C11600008717000053
:10C300005318000026190000011A0000E31A00006B
:10C31000CC1B0000BD1C0000B71D0000B91E0000B2
:10C32000C41F0000D8200000F52100001C230000DD
:10C330004D24000088250000CE2600001F280000A4
:10C340007C290000E42A0000592C0000DA2D0000AE
:10C35000682F000004310000AE3200006634000097
:10C360002D36000003380000EA390000E13B0000F0
:10C37000E93D0000034000002F4200006D44000032
:10C38000C046000026490000A14B0000324E0000CC
:10C39000DA500000985300006E5600005C5900000F
:10C3A000645C0000875F0000C56200001E6600003C
:10C3B000956900002A6D0000DE700000B374000073
:10C3C000A8780000C07C0000FC8000005C850000B4
:10C3D000E2890000908E00006693000066980000DD
:10C3E000929D0000EAA2000071A8000028AE0000A3
:10C3F00011B400002CBA00007DC0000005C7000089
:10C40000C6CD0000C1D40000F9DB00006FE30000DE
:10C4100026EB000021F3000060FB0000E7030100B1
:10C42000B90C0100D6150100431F010002290100CB
:10C4300016330100813D0100474801006A530100A5
:10C44000ED5E0100D56A010024770100DF83010061
:10C4500007910100A29E0100B3AC01003FBB0100A7
:10C4600048CA0100D4D90100E7E9010086FA0100B9
:10C47000B50B02007A1D0200D92F0200D74202003C
:10C480007A560200C86A0200C67F02007A9502004E
:10C49000EBAB02001FC302001DDB0200EAF3020047
:10C4A0008F0D0300132803007D430300D65F0300B4
:10C4B000247D0300719B0300C5BA030029DB030040
:10C4C000A7FC0300471F040014430400186804007D
:10C4D0005E8E0400F0B50400D9DE040026090500D4
:10C4E000E23405001A620500DB90050032C1050048
:10C4F0002DF30500DA260600475C0600859306004A
:10C50000A2CC0600AF070700BE440700DE83070089
:10C5100023C507009F080800644E0800889608009D
:10C520001EE108003C2E0900F87D090068D00900D2
:10C53000A5250A00C57D0A00E3D80A0018370B00BC
:10C5400080980B0035FD0B0055650C00FDD00C00EC
:10C550004D400D0063B30D00602A0E0067A50E006C
:10C560009B240F001FA80F001A301000B1BC100050
:10C570000E4E110059E41100BD7F12006720130018
:10C5800084C6130044721400D723150071DB150014
:10C59000459916008A5D17007828180048FA180097
:10C5A00036D3190080B31A00679B1B002B8B1C002D
:10C5B00011831D0061831E00638C1F00629E20009A
:10C5C000ADB9210094DE22006C0D240089462500BF
:10C5D000468A2600FED8270012332900E3982A0055
:10C5E000D70A2C0059892D00D5142F00BCAD30007E
:10C5F000825432009F09340092CD3500D9A0370013
:10C60000FA83390080773B00F87B3D00F5913F00CD
:10C6100010BA4100E6F443001A43460054A548000E
:10C62000411C4B0096A84D000D4B50006504530073
:10C6300066D55500DCBE58009DC15B0084DE5E00FF
:10C6400074166200586A650022DB6800CF696C00CE
:10C6500060177000E3E473006CD377001CE47B0088
:10C660001A18800099708400D6EE880018948D0006
:10C67000B3619200065997007A7B9C0086CAA1009C
:10C68000AD47A70080F4AC009CD2B200AFE3B80085
:10C690007229BF00AEA5C5003E5ACC000B49D3009D
:10C6A0000D74DA000000C90092015B022403ED035F
:10C6B000B6047E0547061007D907A1086A09320AA1
:10C6C000FB0AC30B8B0C530D1B0EE30EAB0F72104A
:10C6D00039110012C7128E1355141B15E115A71638
:10C6E0006D173318F818BD19821A461B0B1CCF1C86
:10C6F000931D561E191FDC1F9F2061212322E42257
:10C70000A62367242725E725A72667272628E528C7
:10C71000A329612A1E2BDB2B982C542D102ECC2EF6
:10C72000862F4130FB30B4316D322633DE33963400
:10C730004D350336B9366F372438D8388C393F3AFF
:10C74000F23AA43B563C073DB73D673E163FC53F16
:10C7500073402041CD4179422543D0437A4423455B
:10C76000CC4574461C47C34769480E49B349574AEC
:10C77000FA4A9D4B3F4CE04C804D204EBF4E5D4FE2
:10C78000FA4F97503351CE51685201539A53325455
:10C79000C9545F55F45589561D57B0574258D35860
:10C7A0006359F359815A0F5B9C5B285CB35C3D5D18
:10C7B000C65D4F5ED65E5D5FE25F6760EB606E6197
:10C7C000F0617162F1627063EE636B64E7646265ED
:10C7D000DD655666CE664567BC673168A568196930
:10C7E0008B69FC696C6ADB6A4A6BB76B236C8E6C75
:10C7F000F86C616DC96D306E956EFA6E5E6FC06FCC
:10C8000022708270E17040719D71F9715472AE7244
:10C8100006735E73B5730A745E74B17403755475F0
:10C82000A475F37540768D76D87622776B77B377DB
:10C83000F9773F788378C678087949798979C77913
:10C84000047A417A7C7AB57AEE7A257B5C7B917B9F
:10C85000C47BF77B297C597C887CB67CE27C0E7D8E
:10C86000387D617D897DB07DD57DF97D1C7E3E7EE4
:10C870005E7E7E7E9C7EB97ED47EEF7E087F207FAA
:10C88000377F4C7F617F747F867F967FA67FB47FE2
:10C89000C17FCD7FD77FE07FE87FEF7FF57FF97F96
:10C8A000FC7FFE7FFF7FFE7FFC7FF97FF57FEF7FC0
:10C8B000E87FE07FD77FCD7FC17FB47FA67F967F63
:10C8C000867F747F617F4C7F377F207F087FEF7E7C
:10C8D000D47EB97E9C7E7E7E5E7E3E7E1C7EF97D11
:10C8E000D57DB07D897D617D387D0E7DE27CB67C15
:10C8F000887C597C297CF77BC47B917B5C7B257B86
:10C90000EE7AB57A7C7A417A047AC779897949795D
:10C910000879C67883783F78F977B3776B77227791
:10C92000D8768D764076F375A47554750375B17419
:10C930005E740A74B5735E730673AE725472F971E5
:10C940009D714071E17082702270C06F5E6FFA6EEF
:10C95000956E306EC96D616DF86C8E6C236CB76B23
:10C960004A6BDB6A6C6AFC698B691969A568316876
:10C97000BC674567CE665666DD656265E7646B64D5
:10C98000EE637063F1627162F0616E61EB6067602B
:10C99000E25F5D5FD65E4F5EC65D3D5DB35C285C69
:10C9A0009C5B0F5B815AF3596359D3584258B05777
:10C9B0001D578956F4555F55C95432549A53015343
:10C9C0006852CE5133519750FA4F5D4FBF4E204EB3
:10C9D000804DE04C3F4C9D4BFA4A574AB3490E49B3
:10C9E0006948C3471C477446CC4523457A44D04325
:10C9F00025437942CD4120417340C53F163F673EF4
:10CA0000B73D073D563CA43BF23A3F3A8C39D83803
:10CA100024386F37B93603364D359634DE33263336
:10CA20006D32B431FB304130862FCC2E102E542D78
:10CA3000982CDB2B1E2B612AA329E52826286727A3
:10CA4000A726E72527256724A623E42223226121A0
:10CA50009F20DC1F191F561E931DCF1C0B1C461B4D
:10CA6000821ABD19F81833186D17A716E1151B1592
:10CA700055148E13C712001239117210AB0FE30E4A
:10CA80001B0E530D8B0CC30BFB0A320A6A09A1085B
:10CA9000D907100747067E05B604ED0324035B02A1
:10CAA0009201C900000037FF6EFEA5FDDCFC13FCFF
:10CAB0004AFB82FAB9F9F0F827F85FF796F6CEF557
:10CAC00005F53DF475F3ADF2E5F11DF155F08EEF8E
:10CAD000C7EE00EE39ED72ECABEBE5EA1FEA59E97F
:10CAE00093E8CDE708E743E67EE5BAE4F5E331E312
:10CAF0006DE2AAE1E7E024E061DF9FDEDDDD1CDD21
:10CB00005ADC99DBD9DA19DA59D999D8DAD71BD78F
:10CB10005DD69FD5E2D425D468D3ACD2F0D134D140
:10CB20007AD0BFCF05CF4CCE93CDDACC22CC6ACB16
:10CB3000B3CAFDC947C991C8DCC728C774C6C1C5F7
:10CB40000EC55CC4AAC3F9C249C299C1EAC03BC0C0
:10CB50008DBFE0BE33BE87BDDBBC30BC86BBDDBA5B
:10CB600034BA8CB9E4B83DB897B7F2B64DB6A9B5AA
:10CB700006B563B4C1B320B380B2E0B141B1A3B094
:10CB800006B069AFCDAE32AE98ADFFAC66ACCEAB01
:10CB900037ABA1AA0CAA77A9E3A850A8BEA72DA7D6
:10CBA0009DA60DA67FA5F1A464A4D8A34DA3C3A2FE
:10CBB0003AA2B1A12AA1A3A01EA0999F159F929E5F
:10CBC000109E8F9D0F9D909C129C959B199B9E9AE9
:10CBD000239AAA993299BB984498CF975B97E79686
:10CBE0007596049694952595B6944994DD93729321
:10CBF00008939F923792D0916B910691A2904090AA
:10CC0000DE8F7E8F1F8FC08E638E078EAC8D528D10
:10CC1000FA8CA28C4B8CF68BA28B4F8BFD8AAC8A44
:10CC20005C8A0D8AC08973892889DE8895884D8839
:10CC30000788C1877D873A87F886B78677863986E1
:10CC4000FC85BF8584854B851285DB84A4846F8435
:10CC50003C840984D783A78378834A831E83F28226
:10CC6000C8829F82778250822B820782E481C281B0
:10CC7000A2818281648147812C811181F880E080CA
:10CC8000C980B4809F808C807A806A805A804C8072
:10CC90003F80338029802080188011800B8007809E
:10CCA0000480028001800280048007800B80118054
:10CCB00018802080298033803F804C805A806A8091
:10CCC0007A808C809F80B480C980E080F880118158
:10CCD0002C81478164818281A281C281E4810782A3
:10CCE0002B82508277829F82C882F2821E834A837F
:10CCF0007883A783D78309843C846F84A484DB84EE
:10CD000012854B858485BF85FC8539867786B786F5
:10CD1000F8863A877D87C18707884D889588DE88A1
:10CD200028897389C0890D8A5C8AAC8AFD8A4F8BF9
:10CD3000A28BF68B4B8CA28CFA8C528DAC8D078E0D
:10CD4000638EC08E1F8F7E8FDE8F4090A2900691E3
:10CD50006B91D09137929F9208937293DD9349948F
:10CD6000B6942595949504967596E7965B97CF971C
:10CD70004498BB983299AA99239A9E9A199B959B9D
:10CD8000129C909C0F9D8F9D109E929E159F999F27
:10CD90001EA0A3A02AA1B1A13AA2C3A24DA3D8A3C9
:10CDA00064A4F1A47FA50DA69DA62DA7BEA750A89B
:10CDB000E3A877A90CAAA1AA37ABCEAB66ACFFACAF
:10CDC00098AD32AECDAE69AF06B0A3B041B1E0B11F
:10CDD00080B220B3C1B363B406B5A9B54DB6F2B6FF
:10CDE00097B73DB8E4B88CB934BADDBA86BB30BC6D
:10CDF000DBBC87BD33BEE0BE8DBF3BC0EAC099C17E
:10CE000049C2F9C2AAC35CC40EC5C1C574C628C74D
:10CE1000DCC791C847C9FDC9B3CA6ACB22CCDACCFA
:10CE200093CD4CCE05CFBFCF7AD034D1F0D1ACD298
:10CE300068D325D4E2D49FD55DD61BD7DAD799D84D
:10CE400059D919DAD9DA99DB5ADC1CDDDDDD9FDE30
:10CE500061DF24E0E7E0AAE16DE231E3F5E3BAE463
:10CE60007EE543E608E7CDE793E859E91FEAE5EAFE
:10CE7000ABEB72EC39ED00EEC7EE8EEF55F01DF125
:10CE8000E5F1ADF275F33DF405F5CEF596F65FF7F5
:10CE900027F8F0F8B9F982FA4AFB13FCDCFCA5FD8F
:10CEA0006EFE37FF0000000068720020B4A700206B
:10CEB000BCA70020C4A70020CCA70020D4A7002036
:10CEC000DCA70020E4A70020ECA70020F4A70020A6
:10CED000FCA7002004A800200CA8002014A8002013
:10CEE0001CA8002024A800202CA8002034A8002082
:10CEF0003CA8002044A800204CA8002054A80020F2
:10CF00005CA8002064A800206CA8002074A8002061
:10CF10007CA8002084A800208CA8002094A80020D1
:10CF20009CA80020A4A80020ACA80020B4A8002041
:10CF3000BCA80020C4A80020CCA80020D4A80020B1
:10CF4000DCA80020E4A80020ECA80020F4A8002021
:10CF5000FCA8002004A900200CA9002014A900208E
:10CF60001CA9002024A900202CA9002000000000FA
:10CF700000000000000000000000000000000000B1
:10CF800000000000000000000000000000000000A1
:10CF900000000000000600000C00000000008000FF
:10CFA000000180010002800200038003000480046D
:10CFB00000058005000000000000000000060000E1
:10CFC00007000000000000010002800280038004CE
:10CFD00080050000000000000000000000000000CC
:10CFE0000000000000060000070000000000000133
:10CFF0008001800280038004000500000000000022
:10D00000000000000000000000000000000600001A
:10D0100007000000000080008001800280030004FF
:10D0200000050000000000000000000000000000FB
:10D0300000000000000600000700000000000001E2
:10D04000000200038003800480050000000000004F
:10D0500000000000000000000000000000060000CA
:10D06000070000000000000100028002800380042D
:10D0700000050000000000000000000000000000AB
:10D080000000000000060000070000000000000192
:10D090008001800280030004000500000000000001
:10D0A000000000000000000000000000000600007A
:10D0B00007000000000080008001800200030004DF
:10D0C000000500000000000000000000000000005B
:10D0D00000000000000600000600000000008001C3
:10D0E0000002800380040005000000000000000032
:10D0F000000000000000000000000000000600002A
:10D10000060000000000800180020003800300058B
:10D11000000000000000000000000000000000000F
:10D1200000000000000600000500000000000001F3
:10D1300000028003800400000000000000000000E6
:10D1400000000000000000000000000000060000D9
:10D15000050000000000800180028003000500003F
:10D1600000000000000000000000000000000000BF
:10D170000000000000060000080000000000800021
:10D18000800100028002800300040005000000000E
:10D190000000000000000000000000000006000089
:10D1A00005000000000080008002800300040000F1
:10D1B000000000000000000000000000000000006F
:10D1C00000000000000600000500000000008000D4
:10D1D0008001800300040000000000000000000047
:10D1E0000000000000000000000000000006000039
:10D1F000070000000000000180010003800300041C
:10D200008005000000000000000000000000000099
:10D210000000000000060000070000000000800081
:10D22000000280028003000480050000000000006E
:10D2300000000000000000000000000000060000E8
:10D24000070000000000800000028002800300044C
:10D2500000050000000000000000000000000000C9
:10D2600000000000000600000600000000000001B1
:10D2700000020003000400050000000000000000A0
:10D280000000000000000000000000000006000098
:10D290000C00000000007300050178010A027D0205
:10D2A0000F038303F6038804FB048D0500000000D0
:10D2B00000000000000600000C00000000008000DC
:10D2C00000018001C001800200038003000480048B
:10D2D00000054005000000000000000000060000FE
:10D2E0000C0000000000800000018001C0018002ED
:10D2F0000003800300048004000580050000000096
:10D3000000000000000600000C000000000080008B
:10D3100000018001C001800200038003000440047A
:10D32000000580050000000000000000000600006D
:10D330000700000000007300EE017D028303F60386
:10D340007105000000000000000000000000000067
:10D3500000000000000600000500000000008F0033
:10D360007D028303120400000000000000000000A2
:10D3700000000000000000000000000000060000A7
:10D380000600000000008F00EE01F3026C0471053E
:10D39000000000000000000000000000000000008D
:10D3A00000000000000600000700000000007300FD
:10D3B000EE01F3028303F603710500000000000094
:10D3C0000000000000000000000000000006000057
:10D3D0000700000000008F00EE01F3028303120437
:10D3E00071050000000000000000000000000000C7
:10D3F000000000000006000007000000000005011A
:10D40000EE017D0283038804710500000000000026
:10D410000000000000000000000000000006000006
:10D4200007000000000005010A020F0383038804BF
:10D430008D0500000000000000000000000000005A
:10D440000000000000060000070000000000E900E6
:10D4500078017D0283036C04FB04000000000000DF
:10D4600000000000000000000000000000060000B6
:10D47000070000000000050194017D028303880479
:10D480001705000000000000000000000000000080
:10D490000000000000060000070000000000050179
:10D4A00078017D028303F603FB0400000000000006
:10D4B0000000000000000000000000000006000066
:10D4C0000700000000000501EE017D0283036C04EB
:10D4D000FB0400000000000000000000000000004D
:10D4E0000000000000060000080000000000050128
:10D4F000EE017D0283038804FB048D05000000001B
:10D500000000000000000000000000000006000015
:10D51000080000000000050178017D0283036C040F
:10D52000FB04710500000000000000000000000086
:10D53000000000000006000006000000000073006C
:10D5400078017D026C04FB04000000000000000074
:10D5500000000000000000000000000000060000C5
:10D56000060000000000050178017D0283037105BB
:10D5700000000000000000000000000000000000AB
:10D580000000000000060000060000000000EE01A0
:10D590007D028303F603FB0400000000000000008E
:10D5A0000000000000000000000000000006000075
:10D5B0000600000000000501F30283036C04FB0475
:10D5C000000000000000000000000000000000005B
:10D5D0000000000000060000070000000000050138
:10D5E00078017D0283038804FB0400000000000032
:10D5F0000000000000000000000000000006000025
:10D600000700000000000501EE017D028303F60320
:10D610007105000000000000000000000000000094
:10D6200000000000000600000600000000000501E8
:10D630000A027D02F603FB04000000000000000067
:10D6400000000000000000000000000000060000D4
:10D6500005000000000073007D028303FB0400004E
:10D6600000000000000000000000000000000000BA
:10D67000000000000006000005000000000073002C
:10D6800078018303FB04000000000000000000009C
:10D690000000000000000000000000000006000084
:10D6A00005000000000078017D028303FB040000F8
:10D6B000000000000000000000000000000000006A
:10D6C00000000000000600000500000000007801D6
:10D6D0007D02F302F60300000000000000000000DD
:10D6E0000000000000000000000000000006000034
:10D6F0000600000000007801EE017D026C04FB04CE
:10D700000000000000000000000000000000000019
:10D7100000000000BDD40100C1D40100C5D4010047
:10D72000C9D40100524541445920544F0000000023
:10D7300055504441544500003C3C20554E43414C1B
:10D7400049425241544544203E3E00003C3C202585
:10D75000303258253032582530325825303258254D
:10D7600030325825303258203E3E0000FFFFFFFF88
:10D77000FFFFFFFFFFFFFFFFFFFFFFFF00000000B5
:10D78000424C4F4220464958454400002E6C6F6180
:10D79000646572002E696E64657800006874747048
:10D7A000733A2F2F6568326B2E6769746875622E25
:10D7B000696F2F2D2F3F613D25303258253032586B
:10D7C00025303258253032582530325825303258DD
:10D7D00000000000253032582530325825303258AC
:10D7E0000A25303258253032582530325800000092
:10D7F00030000000505452004352430050455246FE
:10D800003A00000023256420253664004155442059
:10D810002536640047465820253664004D49444962
:10D8200025366400414C4C202564207573202D2042
:10D83000252E3166252500004E4F5020256400001E
:10D84000494F3A0025733A20253034582025580096
:10D850005345513A00000000434C4F434B3A2025BA
:10D860003664000025733A2025366400424C4F424E
:10D870003A2025642025730050726F673A3078256E
:10D8800078000000426F6F746C616F6465723A30AB
:10D890007825780050726F6753697A653A2025645D
:10D8A00000000000455852414D3A2025644D420089
:10D8B00050726F6743524333323A203078257800F4
:10D8C0002530327800000000252E313673202538AF
:10D8D000782025356400000024256400415454005C
:10D8E00052454C002E6100002E62000050617463AE
:10D8F000682D255800000000464F524D41542052DB
:10D900003A256400464F524D41542046554C4C2018
:10D91000523A256400000000252E3136730A6372E6
:10D92000633332206572720A2578213D2578000024
:10D930006372633332206572720A2578213D25783F
:10D9400000000000252B2E326656000065657072BF
:10D950006F6D5F726573746F726520256420256436
:10D960002030782578000000203C2D202564204FB1
:10D970004B0A0000203C2D20534B49502030782585
:10D98000780A00004E4F5420454E4F554748204DD1
:10D99000454D4D4F52590A256400000052454345FC
:10D9A0004956494E470A25642F256400534554556E
:10D9B00050303030000000004F4B20252E38730AC5
:10D9C00043524333323A3078255800004F4B2025DC
:10D9D0002E38730A43524333323A30782558205256
:10D9E0003A2564005B20435243204641494C203095
:10D9F000782558205D0000002D0000004100000047
:10DA0000412B420042000000432B4400555342008A
:10DA10005553422B54310000575249005752495434
:10DA2000494E472025730A4352433332202578005C
:10DA300030782578000000005550444154494E4745
:10DA40002025730A414444522025780057524954F6
:10DA5000494E472025730A4144445220257800004E
:10DA60004352433332204D49534D41544348000003
:10DA7000474554200000000075693A00666C6173E8
:10DA8000682D666F726D61742D6B6565702D7061A8
:10DA90007463686573000000666C6173682D666F5F
:10DAA000726D61740000000072657365740000009F
:10DAB000626C6F62730000007B226E616D65223ABA
:10DAC00022252E333273222C226C656E223A2225B7
:10DAD00064222C22707472223A2230782578222C0B
:10DAE000226372633332223A222558227D000000DD
:10DAF000736563746F727300222578223A22257849
:10DB0000220000006D616368696E657300000000AB
:10DB10007B226E616D65223A222573222C22757359
:10DB2000616765223A20256C757D2C007B00000022
:10DB30002276657273696F6E223A2022252E313665
:10DB400073222C00226364666C616773223A202280
:10DB50003078257822000000474E442F2D2D2D00CF
:10DB600043560000524E44004546000053455100C4
:10DB7000656570726F6D5F73746F726520256420C8
:10DB80002564202D3E2025640A0000002F4000005F
:10DB9000252E2A73000000004F464620000000009A
:10DBA00076657273696F6E2E747874002E63616C83
:10DBB0006962726174696F6E5F6461746100000014
:10DBC0002320424547494E204D414C4C4F43204C69
:10DBD0004F4F502025640A002320454E44204D41DC
:10DBE0004C4C4F43204C4F4F502025640A000000FE
:10DBF00053264320253032582530325825303258AC
:10DC00002530325825303258253032580000000077
:10DC1000414343454E542D494E5055540000000099
:10DC200052455345542D545249470000434C4F43ED
:10DC30004B20534F55524345000000005452494772
:10DC40002D494E5055540000562F4F43542D494EE8
:10DC5000505554005155414E54495A455200000008
:10DC600020524F4F540000005452414E53504F53D6
:10DC7000450000002046494E450000003D3D3D3D29
:10DC80003D3D204D4F44554C4154494F4E53203D4E
:10DC90003D3D3D3D3D00000050415443480A524542
:10DCA00053544F524520534B4950504544000000B7
:10DCB000494E56414C494420504154434820484520
:10DCC000414445520000000050415443480A524527
:10DCD00053544F5245204641494C45442025640049
:10DCE0003C3C3C3C204F5554204F462052414D2057
:10DCF0003E3E3E3E000000003C3C3C3C2045525233
:10DD00004F522030303030203E3E3E3E000000007A
:10DD10002020204F5554204F46204D454D4F5259FD
:10DD200021202000494E4445585858320000000038
:10DD30006CC00F4030000000100F000055C80100FB
:10DD400001000000170000000000000014851F40C3
:10DD50001A000000120000000100000018851F409A
:10DD60001B000000120000000100000010851F4091
:10DD70000000000017000000010000000C851F409B
:10DD80006CC00F40C0000000504F000079C7010078
:10DD90000C000000130000000000000024851F405C
:10DDA0000B000000130000000000000028851F4049
:10DDB0000D000000130000000000000020851F403F
:10DDC0000A00000013000000010000001C851F4035
:10DDD0007465726D696E6174652063616C6C6564F5
:10DDE000207265637572736976656C790A0000004C
:10DDF0007465726D696E6174652063616C6C6564D5
:10DE0000206166746572207468726F77696E67202E
:10DE1000616E20696E7374616E6365206F66202782
:10DE200000000000270A00007465726D696E61745D
:10DE3000652063616C6C656420776974686F7574C4
:10DE400020616E2061637469766520657863657012
:10DE500074696F6E0A0000002020776861742829B9
:10DE60003A2020007374643A3A6261645F657863B3
:10DE7000657074696F6E00006261645F66756E63E1
:10DE800074696F6E5F63616C6C0000007374643A58
:10DE90003A6261645F616C6C6F6300006261736918
:10DEA000635F737472696E673A3A5F535F6372655A
:10DEB0006174650062617369635F737472696E6730
:10DEC0003A3A5F535F636F6E737472756374206E5A
:10DED000756C6C206E6F742076616C696400000054
:10DEE000405363616C650A25730000002054524959
:10DEF0004728257329090000434C4B005B534156CA
:10DF0000455D00005B4C4F41445D00002564256386
:10DF100000000000494E534552542D252E37730002
:10DF2000494E54004D4944490000000050484153B7
:10DF30004F52000025302E326656000053494E00E5
:10DF4000545249005351520053544550530000005D
:10DF50004E4F4953450000003E3F3F3F3F3F0000CA
:10DF60002100000054687275000000005326482DFF
:10DF7000542564005426482D542564002B000000CD
:10DF80004F500000434C4B2F31000000434C4B2FAF
:10DF900034000000434C4B2F31360000434C4B2FD4
:10DFA00033320000434C4B2F3936000025732D25AA
:10DFB000732D2573090000005452494700000000EA
:10DFC0004174742E000000004465632E00000000C0
:10DFD000250000005368617065000000467265719D
:10DFE0002E0000005761766566726D005352430043
:10DFF000766563746F723A3A5F4D5F7265616C6CFF
:10E000006F635F696E736572740000007665637498
:10E010006F723A3A726573657276650076656374FD
:10E020006F723A3A5F4D5F64656661756C745F61EB
:10E030007070656E64000000F87900207C77002025
:10E04000247A00209C77002074770020F879002043
:10E05000C0770020247A0020E47700201077002089
:10E06000247A00200C7800206C770020247A00208D
:10E070001C78002030770020247A0020307800209F
:10E080006C770020247A0020447800206C770020F0
:10E09000247A00205C7800206C770020F87900203A
:10E0A0006C780020F87900207C7800204E31305FB9
:10E0B0005F637878616269763131355F5F666F7270
:10E0C0006365645F756E77696E6445004E31305FDD
:10E0D0005F637878616269763131375F5F636C6165
:10E0E00073735F747970655F696E666F45000000D9
:10E0F0004E31305F5F637878616269763131395FC4
:10E100005F666F726569676E5F6578636570746975
:10E110006F6E45004E31305F5F637878616269767B
:10E120003132305F5F73695F636C6173735F747901
:10E1300070655F696E666F45000000005374313191
:10E140006C6F6769635F6572726F7200537431320E
:10E150006C656E6774685F6572726F7200000000B4
:10E16000537431336261645F657863657074696F9D
:10E170006E000000537431376261645F66756E63D0
:10E1800074696F6E5F63616C6C0000005374396278
:10E1900061645F616C6C6F630000000053743965EB
:10E1A0007863657074696F6E000000005374397491
:10E1B0007970655F696E666F000000000000000006
:10E1C0000000000009BA000051BA0000F9BA0000CE
:10E1D00059B6000011B7000061B600000000000051
:10E1E000000000002542000039420000000000004D
:10E1F00000000000411901000000000000000000C4
:10E20000011901000000000000000000E10601000B
:10E210009506010000000000000000004D220100F2
:10E22000D92601009D190100D1300100FD17010020
:10E23000251E01009D180100E1210100F9100100D7
:10E2400095210100E50C01000D1C0100390D0100B4
:10E25000690D0100AD0D010000000000000000008C
:10E26000319F0000B5B30000D59A00000000000007
:10E27000000000000D17006000000000000000001A
:10E2800011D701007DF0010079F0010075F0010067
:10E2900071F001006DF0010069F0010065F001000E
:10E2A000000000000000000061D3010099D70100C8
:10E2B00045CD01009DCE010065CD010009CE0100D4
:10E2C0008DCD010021CF0100B9CE010041CD01006B
:10E2D0000000000000000000B5C40000FDC4000004
:10E2E000F9C1000051C50000BDC00000A5C200007A
:10E2F0000000000000000000C1B90000A5BA000045
:10E3000065BB000059B60000D1B7000061B600003F
:10E3100000000000000000001D1900003D19000071
:10E320000000000010770020391202004D12020098
:10E33000990E0200990E0200C9120200F9110200A2
:10E34000AD120200691202002D120200000000004E
:10E3500024770020810D0200950D0200990E020025
:10E36000990E0200C9120200F9110200690E0200A2
:10E37000ED0D0200B10D02000000000000000000E1
:10E38000D13A0000853700008937000061A50100FF
:10E390009937000095E60100000000000000000031
:10E3A00091370000A53700008D37000095E6010089
:10E3B00095E6010095E60100D19A000000000000FA
:10E3C00000000000D13A00008537000089370000C6
:10E3D00061A5010099370000695F0000C56C00006D
:10E3E000D96C0000B57E0000A53700008D37000015
:10E3F0000000000000000000D13A00008537000056
:10E400008937000061A5010099370000D93E00005E
:10E41000D53A0000B93E0000E93A0000A5370000F7
:10E420008D370000000000000000000051D1000006
:10E430007DD3000029D2000059B6000049CC00006D
:10E4400039DE00000000000000000000E1D1000003
:10E4500029D300005DD4000059B60000C1C90000F6
:10E4600039DE0000000000000000000099D100002B
:10E4700081D20000C9D0000059B6000051C9000087
:10E4800039DE0000000000000000000009D100009B
:10E49000D5D20000D1D30000D9D7000065CA000052
:10E4A000C9D40000000000000000000000000000CF
:10E4B00000000000615F000059B6000095E6010011
:10E4C00095E601000000000000000000D13A0000C5
:10E4D000853700008937000061A5010099370000E9
:10E4E00095E60100000000000000000091370000E8
:10E4F000A53700008D3700000000000030770020B5
:10E50000D90F020059100200D50F020000000000D0
:10E510003C77002019100200A1100200D50F020064
:10E5200000000000487700207D05020089050200F8
:10E53000810502000000000054770020090202005B
:10E540001D020200010202000000000060770020AE
:10E550006102020075020200590202000000000080
:10E56000000000005148010099480100615F00006F
:10E5700059B60000B1440100AD440100F11800009B
:10E58000F5180000FD18000005190000D8399D2776
:10E590000054EA2A00A4781F007B9A1700000200AA
:10E5A0000400060008000A000C000E001000120013
:10E5B0001400160018001A001C001E00210025007F
:10E5C00029002D003100350039003D004100450093
:10E5D00049004D005100560059005D0063006B007A
:10E5E00073007B0083008B0093009B00A300AB00B3
:10E5F000B300BB00C300CB00D300DB00E700F70093
:10E60000070117012701370147015701670177010A
:10E6100087019701A701B701C701D701EF010F02D9
:10E620002F024F026F028F02AF02CF02EF020F03E1
:10E630002F034F036F038F03AF03CF03FF033F0489
:10E640007F04BF04FF043F057F05BF05FF053F06AC
:10E650007F06BF06FF063F077F07BF071F089F080B
:10E660001F099F091F0A9F0A1F0B9F0B1F0C9F0C5E
:10E670001F0D9F0D1F0E9F0E1F0F9F0F5F105F112D
:10E680005F125F135F145F155F160F175F185F1936
:10E690005F1A5F1B5F1C5F1D5F1E5F1F2C2066756E
:10E6A0006E6374696F6E3A200000000061737365D9
:10E6B0007274696F6E2022257322206661696C6511
:10E6C000643A2066696C6520222573222C206C69CF
:10E6D0006E65202564257325730A00007172636FCF
:10E6E000646567656E5F6D616B65416C7068616ED6
:10E6F000756D65726963000064726177466F726D53
:10E7000061744269747300006170706C794D61735B
:10E710006B00000066696E64657250656E616C74B2
:10E7200079436F756E745061747465726E73000016
:10E73000647261774C6967687446756E6374696F5B
:10E740006E4D6F64756C6573000000007365744DE9
:10E750006F64756C650000006765744D6F64756C5F
:10E760006500000064726177436F6465776F72645F
:10E77000730000006765744E756D52617744617473
:10E78000614D6F64756C65730000000072656564AF
:10E79000536F6C6F6D6F6E436F6D70757465446908
:10E7A0007669736F720000006F66667365745F73DD
:10E7B000796D00007172636F646567656E5F6D618E
:10E7C0006B654E756D657269630000006164644538
:10E7D0006363416E64496E7465726C656176650051
:10E7E000617070656E6442697473546F42756666D9
:10E7F000657200006765744E756D44617461436FA6
:10E800006465776F726473006E756D4368617243FF
:10E810006F756E744269747300000000676574540C
:10E820006F74616C42697473000000007172636FF1
:10E83000646567656E5F656E636F64655365676D7C
:10E84000656E7473416476616E63656400000000F8
:10E850006765745F73796D5F617400006765745FED
:10E86000646174615F706F696E74657200000000AE
:10E870007564796E6C696E6B5F6C6F61645F6D6FF0
:10E8800064756C65000000007172636F6465676594
:10E890006E5F6973416C7068616E756D65726963F6
:10E8A000000000007172636F646567656E5F676585
:10E8B000744D6F64756C65007172636F6465676534
:10E8C0006E5F67657453697A65000000A2000000FE
:10E8D000F9A2000083F9A2006E83F9A24E6E83F9BB
:10E8E000444E6E8315444E6E2915444EFC29154442
:10E8F00027FC29155727FC29D15727FCF5D1572785
:10E9000034F5D157DD34F5D1C0DD34F5DBC0DD346D
:10E9100062DBC0DD9562DBC0999562DB3C99956254
:10E92000433C999590433C994190433C42616C6CC7
:10E930006F63207375636365656465640000000040
:10E940002F646174612F6A656E6B696E732F776FC8
:10E95000726B73706163652F474E552D746F6F6CCA
:10E96000636861696E2F61726D2D31312F7372632F
:10E970002F6E65776C69622D63796777696E2F6E8C
:10E9800065776C69622F6C6962632F7374646C695C
:10E99000622F6D707265632E630000005F5F6E65AD
:10E9A0007700000000202020202020202020282880
:10E9B000282828202020202020202020202020203F
:10E9C000202020202088101010101010101010107F
:10E9D00010101010100404040404040404040410AF
:10E9E000101010101010414141414141010101013D
:10E9F0000101010101010101010101010101010107
:10EA00001010101010104242424242420202020212
:10EA100002020202020202020202020202020202D6
:10EA20001010101020000000000000000000000086
:10EA300000000000000000000000000000000000D6
:10EA400000000000000000000000000000000000C6
:10EA500000000000000000000000000000000000B6
:10EA600000000000000000000000000000000000A6
:10EA70000000000000000000000000000000000096
:10EA80000000000000000000000000000000000086
:10EA90000000000000000000000000000000000076
:10EAA0000000000000000000496E66696E6974791C
:10EAB000000000004E614E002F646174612F6A6592
:10EAC0006E6B696E732F776F726B73706163652FF6
:10EAD000474E552D746F6F6C636861696E2F61725C
:10EAE0006D2D31312F7372632F6E65776C69622DD6
:10EAF00063796777696E2F6E65776C69622F6C69D1
:10EB000062632F7374646C69622F64746F612E6327
:10EB100000000000494E46004E414E003031323375
:10EB20003435363738396162636465660000000049
:10EB30003031323334353637383941424344454633
:10EB400000000000286E756C6C29000030203C3DF0
:10EB50002028696E742965636C2026262028696E3A
:10EB6000742965636C203C20342026262071726352
:10EB70006F646567656E5F56455253494F4E5F4DF2
:10EB8000494E203C3D2076657273696F6E202626C3
:10EB90002076657273696F6E203C3D207172636FE1
:10EBA000646567656E5F56455253494F4E5F4D41F0
:10EBB0005800000031203C3D206465677265652087
:10EBC000262620646567726565203C3D207172636E
:10EBD0006F646567656E5F524545445F534F4C4FA8
:10EBE0004D4F4E5F4445475245455F4D41580000EB
:10EBF00030203C3D206E756D4269747320262620BE
:10EC00006E756D42697473203C3D20313620262696
:10EC10002028756E7369676E6564206C6F6E672956
:10EC200076616C203E3E206E756D42697473203DA6
:10EC30003D2030003863ED3EDA0F493F5E987B3F60
:10EC4000DA0FC93F6937AC3168212233B40F14336E
:10EC50006821A233202020202020202020202020D6
:10EC600020202020202020202020202020202020A4
:10EC700020202020E0B800200B000000E0B8002099
:10EC80000B00000000000000ECB8002004000000B1
:10EC9000F4B800200700000007000000FCB80020C6
:10ECA0000400000004B9002004000000000000007F
:10ECB0000CB90020060000000CB90020060000007E
:10ECC0000800000014B900200B00000014B9002057
:10ECD0000B0000000800000020B900200500000023
:10ECE00020B90020050000000800000028B900201D
:10ECF0000A00000028B900200A00000008000000F7
:10ED000034B900200D00000034B900200D000000CF
:10ED10000000000044B900200300000044B90020B6
:10ED2000030000000100000048B900200C000000B2
:10ED300058B9002008000000020000000000000098
:10ED400000000000000000000000000000000000C3
:10ED500064B900200400000064B900200400000031
:10ED6000030000006CB900200D0000006CB9002009
:10ED70000D000000040000007CB900200800000025
:10ED80007CB90020080000000000000088B90020C5
:10ED90001100000088B900201100000000000000F0
:10EDA0000000000000000000000000000000000063
:10EDB0000000000000000000000000000000000053
:10EDC0000000000000000000000000000000000043
:10EDD0000000000000000000000000009CB90020BE
:10EDE000050000009CB900200500000000000000A4
:10EDF000A4B900200E000000A4B900200E000000FD
:10EE00000000000000000000000000000000000002
:10EE10000000000000000000B4B900200400000061
:10EE2000B4B900200400000009000000BCB90020B3
:10EE300007000000FCB800200400000000000000F3
:10EE4000C4B900200900000064B9002004000000DB
:10EE500005000000D0B9002012000000D0B9002049
:10EE60001200000006000000C88C00200300000013
:10EE7000C88C00200300000000000000E4B900205E
:10EE800009000000E4B900200900000000000000B3
:10EE9000F0B9002009000000F0B9002009000000CE
:10EEA00000000000FCB900200A000000FCB90020AE
:10EEB0000A0000000000000008BA00200400000062
:10EEC00008BA0020040000000800000010BA00206A
:10EED0000700000010BA002007000000000000003A
:10EEE00018BA00200800000018BA0020080000002E
:10EEF0000000000024BA00200800000024BA00200E
:10EF000008000000000000007C8A002011000000C2
:10EF10007C8A00201100000000000000B8B600202C
:10EF2000BCB600200200000002000000C0B60020B5
:10EF3000647300200100000002000000C4B600203D
:10EF4000908D0020020000000200000020B100208F
:10EF5000C8B600200100000001000000CCB600206F
:10EF6000C8B60020010000000200000004AA002032
:10EF7000D0B600200800000001000000DCB6002030
:10EF8000E0B600200900000001000000ECB60020FF
:10EF9000D0B600200800000001000000F0B60020FC
:10EFA000F4B600200A00000002000000848C00205B
:10EFB00000B70020020000000200000004B700209B
:10EFC00008B7002001000000020000000CB700207C
:10EFD00010B70020010000000100000014B700205D
:10EFE00018B7002002000000020000001CB700203B
:10EFF00020B70020060000000300000028B7002012
:10F000002CB70020090000000100000038B70020E4
:10F010003CB700200C000000020000004CB70020AC
:10F0200050B70020010000000100000054B700208C
:10F0300064730020010000000200000058B70020A7
:10F040005CB70020070000000100000064B700204A
:10F0500068B7002002000000020000006CB700202A
:10F06000183A0020010000000200000070B70020E4
:10F0700074B70020010000000200000078B70020F3
:10F0800024B7002002000000020000007CB700202E
:10F0900080B70020020000000200000084B70020BA
:10F0A00088B7002001000000020000008CB700209B
:10F0B00090B70020020000000200000094B700207A
:10F0C000C88C0020030000000300000098B7002057
:10F0D000C88C002003000000030000009CB7002043
:10F0E000C88C00200300000002000000A0B7002030
:10F0F000C88C00200300000002000000A4B700201C
:10F10000A8B700200200000002000000ACB70020F9
:10F11000C48A00200200000001000000B0B70020F7
:10F12000FCB500200100000002000000888C0020D7
:10F13000B4B700200200000002000000B8B70020B1
:10F14000BCB7002003000000020000006C95002006
:10F15000C0B700200200000002000000C4B7002079
:10F16000C8B700200B00000001000000D4B7002049
:10F17000D8B700200200000002000000DCB7002029
:10F18000E0B700200100000002000000E4B700200A
:10F19000E8B700200200000002000000ECB70020E9
:10F1A000F0B700200200000002000000F4B70020C9
:10F1B000C87000200100000002000000F8B7002025
:10F1C00050B700200100000002000000FCB7002042
:10F1D00000B80020020000000100000004B8002078
:10F1E00008B80020050000000300000010B800204F
:10F1F00014B800200200000002000000E0B9002066
:10F20000C8700020010000000100000018B80020B4
:10F210003076002001000000010000001CB8002032
:10F2200020B80020030000000300000024B80020E4
:10F2300028B8002002000000020000002CB80020C6
:10F2400030B800200200000002000000A4B000203E
:10F2500034B80020010000000200000038B800208F
:10F260003CB80020020000000200000040B800206E
:10F270004C760020010000000200000044B800208D
:10F2800048B8002003000000020000004CB8002035
:10F2900050B80020020000000100000054B8002017
:10F2A0004C760020010000000100000058B800204A
:10F2B0005CB8002002000000020000008C8C0020DE
:10F2C0009C3A0020010000000300000060B800200C
:10F2D00064B80020020000000200000068B80020AE
:10F2E0006CB80020030000000200000070B800208D
:10F2F00074B80020100000000200000088B8002050
:10F30000A076002001000000020000008CB8002060
:10F31000186E0020020000000200000090B80020DB
:10F3200094B800200900000001000000A0B80020EF
:10F3300094B800200900000001000000A4B80020DB
:10F34000A8B800200B00000002000000B4B80020A4
:10F35000B8B800200300000002000000FCB6002046
:10F36000BCB800200700000001000000C4B8002065
:10F37000BCB800200700000001000000C8B8002051
:10F38000CCB800200500000000000000D4B8002028
:10F39000D8B80020060000000100000000000000B6
:10F3A0000000000000000000000000006465636CC5
:10F3B00074797065286E756C6C7074722900000029
:10F3C000202E2E2E20000000282E2E2E00000000C1
:10F3D0002E2E2E2900000000737472696E67206C57
:10F3E00069746572616C0000737464005B616269CA
:10F3F0003A0000003A3A00007B64656661756C74FF
:10F4000020617267230000007D3A3A006175746FD5
:10F410003A00000074656D706C61746520706172F3
:10F42000616D65746572206F626A65637420666FD2
:10F4300072200000767461626C6520666F72200035
:10F4400056545420666F722000000000636F6E7384
:10F450007472756374696F6E20767461626C652076
:10F46000666F7220000000002D696E2D0000000004
:10F4700074797065696E666F20666F722000000097
:10F4800074797065696E666F206E616D6520666F58
:10F490007220000074797065696E666F20666E2058
:10F4A000666F7220000000006E6F6E2D76697274B8
:10F4B00075616C207468756E6B20746F200000009D
:10F4C000636F76617269616E742072657475726EB5
:10F4D000207468756E6B20746F2000006A6176611D
:10F4E00020436C61737320666F72200067756172D0
:10F4F00064207661726961626C6520666F722000BB
:10F50000544C5320696E69742066756E6374696F1C
:10F510006E20666F72200000544C53207772617029
:10F520007065722066756E6374696F6E20666F72A7
:10F53000200000007265666572656E636520746503
:10F540006D706F72617279202300000068696464D5
:10F55000656E20616C69617320666F722000000027
:10F560006E6F6E2D7472616E73616374696F6E205D
:10F57000636C6F6E6520666F722000005F5361746C
:10F58000200000005F416363756D00005F4672619B
:10F59000637400002C2000006F70657261746F72DC
:10F5A000000000006F70657261746F7220000000CF
:10F5B0003E280000636C000069780000717500004F
:10F5C000203A20006E65772000000000756C000076
:10F5D000756C6C0074727565000000006A6176617C
:10F5E000207265736F757263652000006465636CDB
:10F5F00074797065202800002E2E2E0074686973BF
:10F60000000000007B7061726D230000676C6F6208
:10F61000616C20636F6E7374727563746F727320A4
:10F620006B6579656420746F20000000676C6F6201
:10F63000616C2064657374727563746F7273206B90
:10F640006579656420746F20000000007B6C616D3B
:10F650006264612800000000292300007B756E6E43
:10F66000616D65642074797065230000205B636CB4
:10F670006F6E65200000000020726573747269630C
:10F680007400000020766F6C6174696C6500000086
:10F6900020636F6E73740000207472616E73616317
:10F6A00074696F6E5F73616665000000206E6F6540
:10F6B0007863657074000000207468726F770000D2
:10F6C00026260000205F436F6D706C657800000097
:10F6D000205F496D6167696E617279003A3A2A006C
:10F6E000205F5F766563746F722800005F474C4F40
:10F6F00042414C5F0000000028616E6F6E796D6FB3
:10F700007573206E616D657370616365290000001B
:10F710006175746F000000006465636C74797065D6
:10F72000286175746F29000000000042C8801F40E6
:10F73000B8821F400800000000000042C4801F4043
:10F74000B4821F400400000000C0004224801F401B
:10F7500014821F401000000000C0004228801F409B
:10F7600018821F402000000000C000422C801F4073
:10F770001C821F404000000000C0004234801F4037
:10F7800024821F40000100000040004264811F40AD
:10F7900054831F40000400000040004280811F404D
:10F7A00070831F4000000200004000427C811F4027
:10F7B0006C831F40000001000040004268811F4030
:10F7C00058831F4000080000004000423C811F4059
:10F7D0002C831F40010000000040004244811F4074
:10F7E00034831F40040000000040004240811F405D
:10F7F00030831F40020000000040004248811F404B
:10F8000038831F40080000000000004204811F40B0
:10F81000F4821F40000004000000004208811F40E5
:10F82000F8821F40000008000000004218811F40BD
:10F8300008831F40000080000000004214811F4028
:10F8400004831F40000040000000004200811F4070
:10F85000F0821F400000020000000042FC801F40B8
:10F86000EC821F40000001000000004224811F4084
:10F8700014831F40000000040000004228811F4044
:10F8800018831F4000000008000000421C811F4038
:10F890000C831F40000000010000004220811F4037
:10F8A00010831F400000000200000042EC801F4057
:10F8B000DC821F400010000000000042F0801F406A
:10F8C000E0821F40002000000000004234811F4001
:10F8D00024831F40000000400000004238811F4088
:10F8E00028831F40000000800080004294801F4059
:10F8F00084821F400000040000C0004290801F402E
:10F9000080821F400000008000800042A8801F40CD
:10F9100098821F400000800000800042A4801F40A9
:10F9200094821F4000004000004000426C811F4054
:10F930005C831F400010000000C0004230801F4068
:10F9400020821F408000000000800042C8811F40CC
:10F95000B8831F400080000000800042C4811F4027
:10F96000B4831F400040000000800042C0811F405F
:10F97000B0831F400020000000800042BC811F4077
:10F98000AC831F400010000000800042D0811F4067
:10F99000C0831F400000020000800042CC811F4055
:10F9A000BC831F40000001007172636F64652021F9
:10F9B0003D204E554C4C0000287172636F646567A2
:10F9C000656E5F56455253494F4E5F4D494E202A52
:10F9D0002034202B20313729203C3D20726573755F
:10F9E0006C7420262620726573756C74203C3D2053
:10F9F000287172636F646567656E5F56455253493F
:10FA00004F4E5F4D4158202A2034202B203137297A
:10FA10000000000069203D3D20646174614C656E0A
:10FA2000202A20380000000030203C3D2028696E4C
:10FA300074296D61736B2026262028696E74296DE8
:10FA400061736B203C3D20370000000062697473D5
:10FA5000203E3E203135203D3D20300062697473E8
:10FA6000203E3E203138203D3D20300018A70020A8
:10FA70007CBF0020E8BF002058BF002028A700203E
:10FA80004CA7002070A700209CBF0020C4BF00200E
:10FA900090A70020ACC200206E203C3D2071727304
:10FAA000697A65202A2033003231203C3D20717272
:10FAB00073697A6520262620717273697A65203C05
:10FAC0003D203137372026262030203C3D2078202D
:10FAD00026262078203C20717273697A65202626BC
:10FAE0002030203C3D20792026262079203C2071A2
:10FAF0007273697A6500000030203C3D2065202645
:10FB0000262065203C2034007172636F6465676550
:10FB10006E5F56455253494F4E5F4D494E203C3D16
:10FB20002076657220262620766572203C3D207165
:10FB300072636F646567656E5F56455253494F4EF9
:10FB40005F4D415800000000323038203C3D2072AB
:10FB50006573756C7420262620726573756C74202D
:10FB60003C3D20323936343800000000736567733D
:10FB700020213D204E554C4C207C7C206C656E2015
:10FB80003D3D20300000000030203C3D206E756D72
:10FB90004368617273202626206E756D436861721A
:10FBA00073203C3D20494E5431365F4D4158000092
:10FBB00030203C3D206269744C656E677468202675
:10FBC00026206269744C656E677468203C3D20494C
:10FBD0004E5431365F4D41580000000030203C3D0E
:10FBE00020636362697473202626206363626974EC
:10FBF00073203C3D20313600496E76616C6964208B
:10FC00006C6F6164206D6F64652025640A000000DC
:10FC10004D6F64756C65206E616D652073796D62E2
:10FC20006F6C20646F65736E277420686176652041
:10FC300074686520636F727265637420747970658F
:10FC4000210A0000284E2F41290000000200000078
:10FC50000300000004000000060000000400000093
:10FC600007000000090000005B7564796E6C696E26
:10FC70006B20257320696E2066756E6374696F6EE4
:10FC80002025732C206C696E652025645D200000A2
:10FC90002A2A2A2A2A2A0000FCA6002000A70020DF
:10FCA00008A7002010A70020FB21F93FFB210940F5
:10FCB0007CD91240FB2119407A6A1F407CD922402E
:10FCC000BBFD2540FB2129403A462C407A6A2F4053
:10FCD0005C4731407CD932409C6B3440BBFD3540A1
:10FCE000DB8F3740FB2139401BB43A403A463C4059
:10FCF0005AD83D407A6A3F404C7E40405C47414084
:10FD00006C1042407CD942408CA243409C6B4440E2
:10FD1000AC344540BBFD4540CBC64640DB8F474039
:10FD2000EB584840FB214940000FC93F000F4940B4
:10FD300000CB9640000FC9400053FB4000CB16415A
:10FD400000ED2F41000F49410031624100537B41DA
:10FD5000003A8A4100CB9641005CA34100EDAF41DF
:10FD6000007EBC41000FC94100A0D5410031E241F5
:10FD700000C2EE410053FB4100F20342003A0A4246
:10FD80000083104200CB164200141D42005C234247
:10FD900000A5294200ED2F4200363642007E3C424B
:10FDA00000C74242000F49427172636F6465676524
:10FDB0006E5F56455253494F4E5F4D494E203C3D74
:10FDC0002076657273696F6E2026262076657273C1
:10FDD000696F6E203C3D207172636F646567656E6C
:10FDE0005F56455253494F4E5F4D41580000000049
:10FDF0007372632F71722F7172636F646567656EC2
:10FE00002E63000066616C7365000000636F6465BB
:10FE100000000000646174610000000053796D62AD
:10FE20006F6C2025732072656C6F6361746564204C
:10FE300072656C617469766520746F2025732C205F
:10FE40006F7269672076616C756520697320253053
:10FE500038582C206E65772076616C756520697343
:10FE600020253038580A0000050000001900000065
:10FE70007D0000002E494F5F53544552454F00000E
:10FE8000565F4F43540000003E5452494753000010
:10FE9000565F51545A000000405363616C65000086
:10FEA00007080C0B06050F000D0E010283840708DE
:10FEB0000C0B06050F000D0E010283843031323326
:10FEC0003435363738394142434445464748494A34
:10FED0004B4C4D4E4F505152535455565758595AFA
:10FEE0002024252A2B2D2E2F3A00000074657874CB
:10FEF00020213D204E554C4C0000000074656D7073
:10FF000020213D204E554C4C00000000646967697B
:10FF1000747320213D204E554C4C00006269744C96
:10FF2000656E20213D202D31000000002730272064
:10FF30003C3D20632026262063203C3D2027392796
:10FF400000000000726573756C742E6269744C65F4
:10FF50006E677468203D3D206269744C656E0000D8
:10FF600000000000920E493CB10AC93C2BC3163D6B
:10FF70002EFB483D752B7B3D04A9963D80B6AF3DD9
:10FF800036BDC83D2FBCE13D73B2FA3D87CF093E77
:10FF90008340163EB5AB223EA2102F3ECF6E3B3EB5
:10FFA000C2C5473E0115543E135C603E7F9A6C3ECD
:10FFB000CCCF783EC07D823E938E883E229A8E3E84
:10FFC00032A0943E86A09A3EE59AA03E128FA63EAD
:10FFD000D47CAC3EEF63B23E2A44B83E491DBE3EDF
:10FFE00015EFC33E53B9C93ECA7BCF3E4136D53E1D
:10FFF00080E8DA3E4F92E03E7533E63EBBCBEB3E07
:02000004600496
:10000000EA5AF13ECBE0F63E275DFC3EE4E7003FD6
:100010003D9C033F824B063F9BF5083F6B9A0B3F8D
:10002000DA390E3FCDD3103F2A68133FD9F6153F7A
:10003000C07F183FC6021B3FD17F1D3FCBF61F3F3D
:100040009967223F25D2243F5636273F1594293FF2
:100050004AEB2B3FDE3B2E3FBB85303FC9C8323FCA
:10006000F304353F233A373F4268393F3B8F3B3FEC
:10007000F9AE3D3F67C73F3F70D8413F01E2433F84
:1000800003E4453F65DE473F12D1493FF8BB4B3F94
:10009000029F4D3F207A4F3F3D4D513F4918533FFE
:1000A00031DB543FE595563F5348583F6AF2593F7C
:1000B0001A945B3F532D5D3F05BE5E3F2146603F76
:1000C00097C5613F5A3C633F59AA643F880F663F1A
:1000D000D86B673F3CBF683FA7096A3F0C4B6B3F3B
:1000E0005E836C3F93B26D3F9ED86E3F73F56F3F5A
:1000F0000809713F5213723F4714733FDD0B743F81
:100100000BFA743FC6DE753F07BA763FC58B773F63
:10011000F853783F9812793F9DC7793F02737A3F31
:10012000BE147B3FCDAC7B3F283B7C3FC9BF7C3FAF
:10013000AC3A7D3FCCAB7D3F23137E3FB0707E3F1A
:100140006DC47E3F580E7F3F6D4E7F3FAB847F3F37
:100150000FB17F3F97D37F3F43EC7F3F11FB7F3F42
:100160000000803F11FB7F3F43EC7F3F97D37F3FF1
:100170000FB17F3FAB847F3F6D4E7F3F580E7F3F77
:100180006DC47E3FB0707E3F23137E3FCCAB7D3F7E
:10019000AC3A7D3FC9BF7C3F283B7C3FCDAC7B3F29
:1001A000BE147B3F02737A3F9DC7793F9812793F17
:1001B000F853783FC58B773F07BA763FC6DE753F69
:1001C0000BFA743FDD0B743F4714733F5213723FB9
:1001D0000809713F73F56F3F9ED86E3F93B26D3F34
:1001E0005E836C3F0C4B6B3FA7096A3F3CBF683F87
:1001F000D86B673F880F663F59AA643F5A3C633FFC
:1002000097C5613F2146603F05BE5E3F532D5D3F70
:100210001A945B3F6AF2593F5348583FE595563F61
:1002200031DB543F4918533F3D4D513F207A4F3FFA
:10023000029F4D3FF8BB4B3F12D1493F65DE473F20
:1002400003E4453F01E2433F70D8413F67C73F3F6A
:10025000F9AE3D3F3B8F3B3F4268393F233A373F42
:10026000F304353FC9C8323FBB85303FDE3B2E3FEC
:100270004AEB2B3F1594293F5636273F25D2243F82
:100280009967223FCBF61F3FD17F1D3FC6021B3F20
:10029000C07F183FD9F6153F2A68133FCDD3103FD2
:1002A000DA390E3F6B9A0B3F9BF5083F824B063FB6
:1002B0003D9C033FE4E7003F275DFC3ECBE0F63E7C
:1002C000EA5AF13EBBCBEB3E7533E63E4F92E03E41
:1002D00080E8DA3E4136D53ECA7BCF3E53B9C93EAF
:1002E00015EFC33E491DBE3E2A44B83EEF63B23E01
:1002F000D47CAC3E128FA63EE59AA03E86A09A3EE4
:1003000032A0943E229A8E3E938E883EC07D823EDD
:10031000CCCF783E7F9A6C3E135C603E0115543E14
:10032000C2C5473ECF6E3B3EA2102F3EB5AB223E2C
:100330008340163E87CF093E73B2FA3D2FBCE13DA4
:1003400036BDC83D80B6AF3D04A9963D752B7B3DBB
:100350002EFB483D2BC3163DB10AC93C920E493CC9
:1003600000000000920E49BCB10AC9BC2BC316BDE7
:100370002EFB48BD752B7BBD04A996BD80B6AFBDD5
:1003800036BDC8BD2FBCE1BD73B2FABD87CF09BE73
:10039000834016BEB5AB22BEA2102FBECF6E3BBEB1
:1003A000C2C547BE011554BE135C60BE7F9A6CBEC9
:1003B000CCCF78BEC07D82BE938E88BE229A8EBE80
:1003C00032A094BE86A09ABEE59AA0BE128FA6BEA9
:1003D000D47CACBEEF63B2BE2A44B8BE491DBEBEDB
:1003E00015EFC3BE53B9C9BECA7BCFBE4136D5BE19
:1003F00080E8DABE4F92E0BE7533E6BEBBCBEBBE03
:10040000EA5AF1BECBE0F6BE275DFCBEE4E700BFD2
:100410003D9C03BF824B06BF9BF508BF6B9A0BBF89
:10042000DA390EBFCDD310BF2A6813BFD9F615BF76
:10043000C07F18BFC6021BBFD17F1DBFCBF61FBF39
:10044000996722BF25D224BF563627BF159429BFEE
:100450004AEB2BBFDE3B2EBFBB8530BFC9C832BFC6
:10046000F30435BF233A37BF426839BF3B8F3BBFE8
:10047000F9AE3DBF67C73FBF70D841BF01E243BF80
:1004800003E445BF65DE47BF12D149BFF8BB4BBF90
:10049000029F4DBF207A4FBF3D4D51BF491853BFFA
:1004A00031DB54BFE59556BF534858BF6AF259BF78
:1004B0001A945BBF532D5DBF05BE5EBF214660BF72
:1004C00097C561BF5A3C63BF59AA64BF880F66BF16
:1004D000D86B67BF3CBF68BFA7096ABF0C4B6BBF37
:1004E0005E836CBF93B26DBF9ED86EBF73F56FBF56
:1004F000080971BF521372BF471473BFDD0B74BF7D
:100500000BFA74BFC6DE75BF07BA76BFC58B77BF5F
:10051000F85378BF981279BF9DC779BF02737ABF2D
:10052000BE147BBFCDAC7BBF283B7CBFC9BF7CBFAB
:10053000AC3A7DBFCCAB7DBF23137EBFB0707EBF16
:100540006DC47EBF580E7FBF6D4E7FBFAB847FBF33
:100550000FB17FBF97D37FBF43EC7FBF11FB7FBF3E
:10056000000080BF11FB7FBF43EC7FBF97D37FBFED
:100570000FB17FBFAB847FBF6D4E7FBF580E7FBF73
:100580006DC47EBFB0707EBF23137EBFCCAB7DBF7A
:10059000AC3A7DBFC9BF7CBF283B7CBFCDAC7BBF25
:1005A000BE147BBF02737ABF9DC779BF981279BF13
:1005B000F85378BFC58B77BF07BA76BFC6DE75BF65
:1005C0000BFA74BFDD0B74BF471473BF521372BFB5
:1005D000080971BF73F56FBF9ED86EBF93B26DBF30
:1005E0005E836CBF0C4B6BBFA7096ABF3CBF68BF83
:1005F000D86B67BF880F66BF59AA64BF5A3C63BFF8
:1006000097C561BF214660BF05BE5EBF532D5DBF6C
:100610001A945BBF6AF259BF534858BFE59556BF5D
:1006200031DB54BF491853BF3D4D51BF207A4FBFF6
:10063000029F4DBFF8BB4BBF12D149BF65DE47BF1C
:1006400003E445BF01E243BF70D841BF67C73FBF66
:10065000F9AE3DBF3B8F3BBF426839BF233A37BF3E
:10066000F30435BFC9C832BFBB8530BFDE3B2EBFE8
:100670004AEB2BBF159429BF563627BF25D224BF7E
:10068000996722BFCBF61FBFD17F1DBFC6021BBF1C
:10069000C07F18BFD9F615BF2A6813BFCDD310BFCE
:1006A000DA390EBF6B9A0BBF9BF508BF824B06BFB2
:1006B0003D9C03BFE4E700BF275DFCBECBE0F6BE78
:1006C000EA5AF1BEBBCBEBBE7533E6BE4F92E0BE3D
:1006D00080E8DABE4136D5BECA7BCFBE53B9C9BEAB
:1006E00015EFC3BE491DBEBE2A44B8BEEF63B2BEFD
:1006F000D47CACBE128FA6BEE59AA0BE86A09ABEE0
:1007000032A094BE229A8EBE938E88BEC07D82BED9
:10071000CCCF78BE7F9A6CBE135C60BE011554BE10
:10072000C2C547BECF6E3BBEA2102FBEB5AB22BE28
:10073000834016BE87CF09BE73B2FABD2FBCE1BDA0
:1007400036BDC8BD80B6AFBD04A996BD752B7BBDB7
:100750002EFB48BD2BC316BDB10AC9BC920E49BCC5
:100760000000008000000000201D9201BF2A240329
:100770005D19B6047CD947069E5BD90749906A0982
:100780000568FB0A5ED38B0CE4C21B0E2B27AB0F54
:10079000CFF039116F10C812B17655144514E21517
:1007A000DED96D173CB8F81826A0821A6A820B1C95
:1007B000E54F931D7BF9191F1C709F20C5A42322B0
:1007C0007F88A6235E0C28258621A82628B92628FE
:1007D00085C4A329EB341F2BBAFB982C620A112E77
:1007E0006252872F4DC5FB30C7546E3287F2DE331D
:1007F00057904D351420BA36B093243832DD8C39F9
:10080000B7EEF23A70BA563CA632B83DB849173F37
:100810001DF27340651ECE4135C1254350CD7A444B
:100820008F35CD45E7EC1C4765E669483315B4497B
:10083000986CFB4AF4DF3F4CC462814DA5E8BF4E83
:100840004D65FB4F94CC33516E126952F02A9B5385
:100850004B0ACA54D2A4F555FAEE1D5754DD42583E
:10086000986464599A79825A54119D5BE020B45C73
:100870007C9DC75D8A7CD75E8DB3E35F3038EC60CA
:100880003F00F161AC01F2629032EF632689E864C7
:10089000D3FBDD652081CF66BD0FBD67819EA66855
:1008A0006C248C69A4986D6A79F24A6B6029246C77
:1008B000FC34F96C140DCA6D9DA9966EB2025F6F7F
:1008C0009A102370C6CBE270D22C9E71852C557283
:1008D000D0C30773D1EBB573D19D5F7445D3047555
:1008E000CF85A5753DAF41768949D976DB4E6C77CA
:1008F00089B9FA77148484782DA90979B1238A7982
:10090000ADEE057A5B057D7A2363EF7A9E035D7B0E
:1009100090E2C57BEEFB297CDE4B897CB2CEE37C8A
:10092000EC80397D405F8A7D8F66D67DEA931D7E9F
:1009300093E45F7EFC559D7EC6E5D57EC491097F1C
:10094000F657387F8F36627FF32B877FB436A77FC9
:100950009655C27F8E87D87FC0CBE97F8221F67FF4
:100960005A88FD7FFFFFFF7F5A88FD7F8221F67F37
:10097000C0CBE97F8E87D87F9655C27FB436A77FDC
:10098000F32B877F8F36627FF657387FC491097FBC
:10099000C6E5D57EFC559D7E93E45F7EEA931D7E81
:1009A0008F66D67D405F8A7DEC80397DB2CEE37C58
:1009B000DE4B897CEEFB297C90E2C57B9E035D7B50
:1009C0002363EF7A5B057D7AADEE057AB1238A79F0
:1009D0002DA909791484847889B9FA77DB4E6C776C
:1009E0008949D9763DAF4176CF85A57545D3047544
:1009F000D19D5F74D1EBB573D0C30773852C55724D
:100A0000D22C9E71C6CBE2709A102370B2025F6F37
:100A10009DA9966E140DCA6DFC34F96C6029246C86
:100A200079F24A6BA4986D6A6C248C69819EA668E1
:100A3000BD0FBD672081CF66D3FBDD652689E864E5
:100A40009032EF63AC01F2623F00F1613038EC604C
:100A50008DB3E35F8A7CD75E7C9DC75DE020B45C8C
:100A600054119D5B9A79825A9864645954DD4258B6
:100A7000FAEE1D57D2A4F5554B0ACA54F02A9B53DF
:100A80006E12695294CC33514D65FB4FA5E8BF4EB1
:100A9000C462814DF4DF3F4C986CFB4A3315B44976
:100AA00065E66948E7EC1C478F35CD4550CD7A4463
:100AB00035C12543651ECE411DF27340B849173F2D
:100AC000A632B83D70BA563CB7EEF23A32DD8C39F8
:100AD000B09324381420BA3657904D3587F2DE3360
:100AE000C7546E324DC5FB306252872F620A112EF9
:100AF000BAFB982CEB341F2B85C4A32928B92628D0
:100B00008621A8265E0C28257F88A623C5A423223B
:100B10001C709F207BF9191FE54F931D6A820B1CE7
:100B200026A0821A3CB8F818DED96D174514E215D4
:100B3000B17655146F10C812CFF039112B27AB0FB7
:100B4000E4C21B0E5ED38B0C0568FB0A49906A0950
:100B50009E5BD9077CD947065D19B604BF2A2403DA
:100B6000201D920100000000E0E26DFE41D5DBFC9B
:100B7000A3E649FB8426B8F962A426F8B76F95F678
:100B8000FB9704F5A22C74F31C3DE4F1D5D854F086
:100B9000310FC6EE91EF37ED4F89AAEBBBEB1DEAA3
:100BA000222692E8C44707E7DA5F7DE5967DF4E305
:100BB0001BB06CE28506E6E0E48F60DF3B5BDCDDCA
:100BC000817759DCA2F3D7DA7ADE57D9D846D9D75C
:100BD0007B3B5CD615CBE0D4460467D39EF5EED1C3
:100BE0009EAD78D0B33A04CF39AB91CD790D21CCFD
:100BF000A96FB2CAECDF45C9506CDBC7CE2273C601
:100C000049110DC59045A9C35ACD47C248B6E8C0A1
:100C1000E30D8CBF9BE131BECB3EDABCB03285BB6D
:100C200071CA32BA1913E3B89B1996B7CDEA4BB61D
:100C3000689304B50C20C0B33C9D7EB25B1740B1F5
:100C4000B39A04B06C33CCAE92ED96AD10D564ACD3
:100C5000B5F535AB2E5B0AAA0611E2A8AC22BDA7FA
:100C6000689B9BA666867DA5ACEE62A420DF4BA3A5
:100C7000846238A2768328A1734C1CA0D0C7139F2E
:100C8000C1FF0E9E54FE0D9D70CD109CDA76179B11
:100C90002D04229AE07E309943F042987F61599763
:100CA00094DB73965C679295870DB594A0D6DB9321
:100CB00004CB0693ECF23592635669914EFDA090F9
:100CC00066EFDC8F3A341D8F2ED3618E7BD3AA8DD5
:100CD000303CF88C2F144A8C2F62A08BBB2CFB8AE3
:100CE000317A5A8AC350BE8977B6268925B193884E
:100CF00077460588EC7B7B87D356F6864FDC758676
:100D00005311FA85A5FA8285DD9C108562FCA284C8
:100D1000701D3A841204D68322B476834E311C832C
:100D2000147FC682C0A0758271992982166CE281F7
:100D30006D1BA08104AA62813A1A2A813C6EF6805A
:100D40000AA8C78071C99D800DD478804CC958808D
:100D50006AAA3D8072782780403416807EDE098042
:100D6000A677028000000080A67702807EDE0980E0
:100D700040341680727827806AAA3D804CC958801A
:100D80000DD4788071C99D800AA8C7803C6EF6801A
:100D90003A1A2A8104AA62816D1BA081166CE28135
:100DA00071992982C0A07582147FC6824E311C833E
:100DB00022B476831204D683701D3A8462FCA28426
:100DC000DD9C1085A5FA82855311FA854FDC758666
:100DD000D356F686EC7B7B877746058825B19388CA
:100DE00077B62689C350BE89317A5A8ABB2CFB8AD2
:100DF0002F62A08B2F144A8C303CF88C7BD3AA8DA9
:100E00002ED3618E3A341D8F66EFDC8F4EFDA0909D
:100E100063566991ECF2359204CB0693A0D6DB932E
:100E2000870DB5945C67929594DB73967F615997B3
:100E300043F04298E07E30992D04229ADA76179B8F
:100E400070CD109C54FE0D9DC1FF0E9ED0C7139F08
:100E5000734C1CA0768328A1846238A220DF4BA3A8
:100E6000ACEE62A466867DA5689B9BA6AC22BDA75E
:100E70000611E2A82E5B0AAAB5F535AB10D564AC15
:100E800092ED96AD6C33CCAEB39A04B05B1740B123
:100E90003C9D7EB20C20C0B3689304B5CDEA4BB63E
:100EA0009B1996B71913E3B871CA32BAB03285BB31
:100EB000CB3EDABC9BE131BEE30D8CBF48B6E8C047
:100EC0005ACD47C29045A9C349110DC5CE2273C65C
:100ED000506CDBC7ECDF45C9A96FB2CA790D21CCD4
:100EE00039AB91CDB33A04CF9EAD78D09EF5EED11B
:100EF000460467D315CBE0D47B3B5CD6D846D9D724
:100F00007ADE57D9A2F3D7DA817759DC3B5BDCDD97
:100F1000E48F60DF8506E6E01BB06CE2967DF4E3CB
:100F2000DA5F7DE5C44707E7222692E8BBEB1DEABE
:100F30004F89AAEB91EF37ED310FC6EED5D854F0BB
:100F40001C3DE4F1A22C74F3FB9704F5B76F95F602
:100F500062A426F88426B8F9A3E649FB41D5DBFC58
:100F6000E0E26DFE0000000074000000B88A00207E
:100F700003000000B88A0020030000000000000009
:100F8000000000006100000028B500200E000000F5
:100F900028B500200E00000038B500200900000030
:100FA0006200000044B500201100000044B500209C
:100FB0001100000058B500200C0000007300000074
:100FC00068B500200B00000074B50020460000004A
:100FD00058B500200C00000069000000BCB50020DE
:100FE0000C000000CCB500203100000000B600204D
:100FF0000D0000006F00000010B600200C00000083
:1010000020B600203100000054B600200D00000082
:101010006400000064B600200D00000074B60020DB
:1010200032000000A8B600200E0000006E2F610004
:101030006572726F720000007761726E696E670090
:10104000696E666F000000005544594E4C494E4B86
:101050005F4F4B0A000000005544594E4C494E4B1F
:101060005F4552525F4C4F41445F554E41424C45A3
:101070005F544F5F5849500A000000005544594ED4
:101080004C494E4B5F4552525F4C4F41445F4E4F6F
:101090005F4D4F52455F48414E444C45530A000056
:1010A0005544594E4C494E4B5F4552525F4C4F414F
:1010B000445F494E56414C49445F4D4F44450A00F8
:1010C0005544594E4C494E4B5F4552525F4C4F412F
:1010D000445F4455504C49434154455F4E414D4552
:1010E0000A00000053454D4900000000494F4E4999
:1010F00000000000444F524900000000504852597F
:10110000000000004C594449000000004D49584F70
:101110000000000041454F4C000000004C4F43527E
:1011200000000000424C552B00000000424C552DA1
:101130000000000050454E2B0000000050454E2D91
:1011400000000000464F4C4B000000004A41504157
:101150000000000047414D45000000004759505332
:10116000000000004152414200000000464C414D49
:101170000000000057484F4C0000000050595448F0
:101180000000000045422F340000000045202F34AD
:101190000000000045412F34000000004248414952
:1011A0000000000047554E41000000004D415257DD
:1011B00000000000534852490000000050555256AC
:1011C0000000000042494C410000000059414D41DF
:1011D000000000004B414649000000004248494DD4
:1011E00000000000444152420000000052414745C7
:1011F000000000004B48414D000000004D494D41AA
:1012000000000000504152410000000052414E4792
:101210000000000047414E47000000004B414D4593
:101220000000000050414B41000000004E4154427C
:10123000000000004B41554E000000004241495261
:101240000000000042544F44000000004348414E5B
:10125000000000004B544F44000000004A4F474537
:101260000000000043562F562F4F4354000000004B
:1012700043562F456E7647656E5F4144000000007F
:1012800043562F456E7647656E5F414453520000CA
:1012900043562F4C464F000043562F456E76466FFF
:1012A0006C6C6F77657200004E4F4953452F57683D
:1012B00069746550696E6B004E4F4953452F4E451A
:1012C000530000004E4F4953452F3830385F73713B
:1012D00075617265730000004D4944492F4D6F6E72
:1012E00069746F72000000004D4944492F436C6FD0
:1012F000636B00004452554D532F464D2D4472757B
:101300006D0000004452554D532F383038697368D2
:101310002D4244004452554D532F3830386973687C
:101320002D5344004452554D532F3830386973685B
:101330002D486948617400004D2D4F53432F57616C
:101340007665666F726D73004D2D4F53432F56694E
:1013500072742E416E616C6F670000004D2D4F530B
:10136000432F5761766573686170696E670000008E
:101370004D2D4F53432F322D4F502D464D00000021
:101380004D2D4F53432F466F726D616E742F504435
:10139000000000004D2D4F53432F4861726D6F6E5A
:1013A000696300004D2D4F53432F5761766574617B
:1013B000626C65004D2D4F53432F43686F7264007C
:1013C0004452554D532F416E616C6F67204244006B
:1013D0004452554D532F416E616C6F67205344004A
:1013E0004452554D532F416E616C6F67204848320F
:1013F000000000004452554D532F416E616C6F67E1
:10140000204848004452554D532F3930396973688C
:101410002D4244004452554D532F39303969736879
:101420002D5344004452554D532F436C617073004B
:101430004452554D532F54523930392D4869486123
:10144000740000004452554D532F54523930392DF9
:1014500052696465000000004452554D532F5452A8
:10146000373037004452554D532F446A656D6265DD
:101470000000000046582F52657665726200000039
:1014800046582F52657665726253430046582F5274
:1014900065762D446174746F72726F0046582F44E4
:1014A000656C61790000000046582F4761746564DF
:1014B0002D5265766572620046582F5265766572C8
:1014C000622D48502D4C500046582F4A5536305FFB
:1014D00063686F72757300005350454543482F4C45
:1014E000504300005350454543482F53414D0000A1
:1014F0004D4944492F5641783600000053594E5407
:10150000482F4478464D000053594E54482F447894
:10151000464D5F424E4B312D3300000053594E541F
:10152000482F5265736F6E61746F720053594E5439
:10153000482F4F70656E333033000000474E440033
:101540004452554D530000004D2D4F5343000000B1
:1015500053594E544800000046580000535045452A
:1015600043480000432300004423000046000000DD
:1015700046230000470000004723000041230000ED
:10158000494E534552542D3100000000494E5345F9
:1015900052542D3200000000494E534552542D3311
:1015A00000000000494E534552542D340000000005
:1015B00043726173685265706F72743A0000000084
:1015C0002020412070726F626C656D206F636375BF
:1015D00072726564206174202873797374656D205C
:1015E00074696D65292000002020436F64652077B1
:1015F000617320657865637574696E672066726FC4
:101600006D2061646472657373203078000000009F
:101610002020434653523A20000000000928494147
:10162000434356494F4C2920496E73747275637455
:10163000696F6E204163636573732056696F6C61D7
:1016400074696F6E00000000092844414343564905
:101650004F4C29204461746120416363657373209A
:1016600056696F6C6174696F6E00000009284D55F2
:101670004E53544B45525229204D656D4D616E6756
:1016800065204661756C74206F6E20556E737461B1
:10169000636B696E6700000009284D53544B455237
:1016A0005229204D656D4D616E6765204661756CF0
:1016B00074206F6E20737461636B696E6700000045
:1016C00009284D4C535045525229204D656D4D61AE
:1016D0006E6765204661756C74206F6E20465020E1
:1016E0004C617A79205374617465000009284D4D6E
:1016F000415256414C4944292041636365737365E7
:101700006420416464726573733A2030780000008D
:1017100020286E756C6C707472290A092020436849
:1017200065636B20636F646520617420307800000E
:10173000202D2076657279206C696B656C7920614B
:1017400020627567210A09202052756E202261648B
:101750006472326C696E65202D65206D79736B65DE
:101760007463682E696E6F2E656C66203078000099
:101770002220666F722066696C656E616D65202639
:10178000206C696E65206E756D6265722E000000BA
:101790002028537461636B2070726F626C656D29D1
:1017A0000A092020436865636B20666F722073749A
:1017B00061636B206F766572666C6F77732C206146
:1017C0007272617920626F756E64732C2065746328
:1017D0002E000000092849425553455252292049FC
:1017E0006E737472756374696F6E204275732045F1
:1017F00072726F720000000009285052454349532D
:1018000045525229204461746120627573206572CB
:10181000726F72286164647265737320696E20420E
:1018200046415229000000000928494D50524543C5
:1018300049534552522920446174612062757320D6
:101840006572726F72206275742061646472657370
:1018500073206E6F742072656C6174656420746FA0
:1018600020696E737472756374696F6E0000000096
:101870000928554E53544B45525229204275732026
:101880004661756C74206F6E20756E737461636B46
:10189000696E6720666F7220612072657475726E62
:1018A0002066726F6D20657863657074696F6E0075
:1018B000092853544B4552522920427573204661E2
:1018C000756C74206F6E20737461636B696E672032
:1018D000666F7220657863657074696F6E20656EDF
:1018E0007472790009284C53504552522920427590
:1018F00073204661756C74206F6E204650206C61B9
:101900007A7920737461746520707265736572767C
:101910006174696F6E0000000928424641525641C9
:101920004C494429204163636573736564204164B5
:1019300064726573733A2030780000000928554EB0
:10194000444546494E5354522920556E6465666994
:101950006E656420696E737472756374696F6E006E
:101960000928494E5653544154452920496E7374F1
:1019700072756374696F6E206D616B657320696C3D
:101980006C6567616C20757365206F6620455053E8
:10199000522900000928494E5650432920557361A9
:1019A0006765206661756C743A20696E76616C6952
:1019B00064204558435F52455455524E0000000084
:1019C00009284E4F435029204E6F20436F70726F8D
:1019D000636573736F7200000928554E414C494787
:1019E0004E45442920556E616C69676E65642061BF
:1019F00063636573732055736167654661756C74C5
:101A000000000000092844495642595A45524F29BE
:101A100020446976696465206279207A65726F0076
:101A20002020485453523A2000000000092856450F
:101A3000435454424C2920427573204661756C749E
:101A4000206F6E20566563205461626C652052657C
:101A5000616400000928464F524345442920466FDF
:101A6000726365642048617264204661756C74001D
:101A7000202054656D706572617475726520696EA1
:101A80007369646520746865206368697020776194
:101A90007320000020C2B0430A00000020205374CD
:101AA00061727475702043505520636C6F636B20B6
:101AB0007370656564206973200000004D487A0AE0
:101AC000000000004E6F204372617368204461740F
:101AD0006120546F205265706F7274002020486F2F
:101AE000706566756C6C7920616C6C206973207709
:101AF000656C6C2C20627574206365727461696E0C
:101B0000207479706573206F6620637261736865F5
:101B1000732063616E2774206265207265706F7236
:101B20007465643A0000000009737475636B206982
:101B30006E20616E20696E66696E697465206C6FD7
:101B40006F702028746563686E6963616C6C792CB2
:101B5000206861726477617265207374696C6C20AF
:101B600072756E6E696E672070726F7065726C79D7
:101B7000290000000972656D61696E696E672069F0
:101B80006E2061206C6F7720706F77657220736CA8
:101B9000656570206D6F6465000000000961636316
:101BA00065737320746F206365727461696E207051
:101BB00065726970686572616C7320776974686FAB
:101BC000757420746865697220636C6F636B20653F
:101BD0006E61626C6564202865672C20466C6578B0
:101BE000494F2900096368616E6765206F6620436D
:101BF0005055206F722062757320636C6F636B2089
:101C0000737065656420776974686F757420757387
:101C100065206F6620676C697463686C65737320F8
:101C20006D75780020205265626F6F742077617344
:101C300020636175736564206279206175746F201B
:101C40007265626F6F74206166746572206661757B
:101C50006C74206F722062616420696E74657272A8
:101C600075707420646574656374656400000000B9
:101C700020205265626F6F742077617320636175F5
:101C800073656420627920736F6674776172652072
:101C9000777269746520746F205343425F414952E3
:101CA0004352206F7220435055206C6F636B7570E8
:101CB0000000000020205265626F6F74207761730E
:101CC0002063617573656420627920736563757242
:101CD000697479206D6F6E69746F7200202052658F
:101CE000626F6F7420776173206361757365642020
:101CF000627920706F776572206F6E2F6F66662035
:101D0000627574746F6E000020205265626F6F748C
:101D10002077617320636175736564206279207731
:101D200061746368646F672031206F722032000035
:101D300020205265626F6F74207761732063617534
:101D4000736564206279204A54414720626F756E42
:101D500064617279207363616E0000002020526517
:101D6000626F6F742077617320636175736564209F
:101D70006279204A5441472064656275670000001B
:101D800020205265626F6F742077617320636175E4
:101D9000736564206279207761746368646F67207B
:101DA0003300000020205265626F6F7420776173EA
:101DB000206361757365642062792074656D706558
:101DC0007261747572652073656E736F72000000C6
:101DD00050616E69632054656D7020457863656558
:101DE000646564205368757474696E6720446F7706
:101DF0006E00000043616E2062652063617573654B
:101E000064206279204F766572636C6F636B696ED4
:101E10006720772F6F204865617473696E6B206F40
:101E200072206F7468657220756E6B6E6F776E20AE
:101E3000726561736F6E0000202042726561646399
:101E400072756D622023000020776173200000000E
:101E500020283078000000007374643A3A616C6C9A
:101E60006F6361746F720000616C6C6F6361746F9B
:101E7000720000007374643A3A62617369635F735D
:101E80007472696E6700000062617369635F7374E6
:101E900072696E67000000007374643A3A7374727A
:101EA000696E67007374643A3A62617369635F7361
:101EB0007472696E673C636861722C207374643A53
:101EC0003A636861725F7472616974733C636861DC
:101ED000723E2C207374643A3A616C6C6F63617467
:101EE0006F723C636861723E203E00007374643A16
:101EF0003A6973747265616D000000007374643A2E
:101F00003A62617369635F6973747265616D3C63A2
:101F10006861722C207374643A3A636861725F740A
:101F200072616974733C636861723E203E00000018
:101F300062617369635F6973747265616D0000004B
:101F40007374643A3A6F73747265616D00000000D7
:101F50007374643A3A62617369635F6F7374726534
:101F6000616D3C636861722C207374643A3A6368F3
:101F700061725F7472616974733C636861723E2060
:101F80003E00000062617369635F6F737472656124
:101F90006D0000007374643A3A696F73747265611E
:101FA0006D0000007374643A3A62617369635F693B
:101FB0006F73747265616D3C636861722C20737419
:101FC000643A3A636861725F7472616974733C6306
:101FD0006861723E203E000062617369635F696FF1
:101FE00073747265616D0000614E0000263D000053
:101FF000615300006161000026000000616E000076
:10200000616C69676E6F66200000000061770000F8
:10201000636F5F617761697420000000617A00007E
:1020200063630000636F6E73745F636173740000B9
:1020300028290000636D00002C000000636F000081
:102040007E000000645600002F3D00006458000030
:102050005B2E2E2E5D3D00006461000064656C65A2
:1020600074655B5D200000006463000064796E614C
:102070006D69635F63617374000000006465000054
:102080002A00000064690000646C000064656C65EF
:1020900074652000647300002E2A00006474000040
:1020A000647600002F00000064780000654F000097
:1020B0005E3D0000656F00005E000000657100007D
:1020C0003D3D0000664C000066520000666C00005A
:1020D00066720000676500003E3D00006773000007
:1020E000677400005B5D00006C5300003C3C3D00E9
:1020F0003C3D00006C6900006F70657261746F7226
:10210000222220006C7300003C3C00006C74000034
:102110003C0000006D4900002D3D00006D4C0000AA
:102120002A3D00006D6900006D6C00006D6D0000BF
:102130002D2D00006E6100006E65775B5D00000074
:102140006E650000213D00006E7400006E77000097
:102150006E6577006F5200007C3D00006F6F0000DD
:102160007C7C00007C000000704C00002B3D0000D7
:10217000706C0000706D00002D3E2A007070000031
:102180002B2B000070730000707400002D3E0000C7
:10219000724D0000253D0000725300003E3E3D00A0
:1021A000726300007265696E746572707265745F47
:1021B0006361737400000000726D000072730000B0
:1021C0007350000073697A656F662E2E2E00000032
:1021D000735A0000736300007374617469635F6312
:1021E00061737400737300003C3D3E0073697A654F
:1021F0006F662000737A0000747200007468726F5A
:1022000077000000747700007468726F7720000018
:102210007369676E6564206368617200626F6F6CDA
:1022200000000000626F6F6C65616E006368617230
:10223000000000006279746500000000646F756240
:102240006C6500006C6F6E6720646F75626C650072
:10225000666C6F61740000005F5F666C6F61743163
:1022600032380000756E7369676E6564206368615B
:1022700072000000696E7400756E7369676E656444
:1022800020696E7400000000756E7369676E656486
:10229000000000006C6F6E6700000000756E7369CF
:1022A000676E6564206C6F6E670000005F5F696E2B
:1022B0007431323800000000756E7369676E6564B2
:1022C000205F5F696E7431323800000073686F728E
:1022D00074000000756E7369676E65642073686FC3
:1022E00072740000766F69640000000077636861B3
:1022F000725F74006C6F6E67206C6F6E6700000019
:10230000756E7369676E6564206C6F6E67206C6FA5
:102310006E670000646563696D616C3332000000B4
:10232000646563696D616C363400000064656369DF
:102330006D616C313238000068616C66000000002D
:1023400063686172385F74006368617231365F740C
:10235000000000006368617233325F7400000000A7
:102360004C435F434F4C4C41544500004C435F434A
:1023700054595045000000004C435F4D4F4E4554AA
:10238000415259004C435F4E554D45524943000060
:102390004C435F54494D45004C435F4D45535341B9
:1023A000474553000100000000000000030000004A
:1023B00002000000080000000A0000000C000000FD
:1023C00008000000100000001000000009000000DC
:1023D0000B0000000D0000000A0000000C000000CF
:1023E0000E00000083F9A200444E6E00FC29150087
:1023F000D1572700DD34F50062DBC0003C99950021
:10240000419043006351FE00BBDEAB00B761C500E5
:102410003A6E2400D24D42004906E00009EA2E003F
:102420001C92D100EB1DFE0029B11C00E83EA70064
:10243000F535820044BB2E009CE98400B426700070
:10244000417E5F00D6913900538339009CF43900F6
:102450008B5F840028F9BD00F81F3B00DEFF97006A
:102460000F980500112FEF000A5A8B006D1F6D00A9
:10247000CF7E360009CB2700464FB7009E663F004F
:102480002DEA5F00BA277500E5EBC7003D7BF10040
:10249000F739070092528A00FB6BEA001FB15F0018
:1024A000085D8D00300356007BFC4600F0AB6B00EE
:1024B00020BCCF0036F49A00E3A91D005E619100B4
:1024C000081BE60085996500A0145F008D40680038
:1024D00080D8FF0027734D0006063100CA5615004C
:1024E000C9A873007BE260006B8CC000A2000000F2
:1024F000F9000000830000006E0000004E000000A4
:10250000440000001500000029000000FC0000004D
:102510002700000057000000D1000000F500000077
:1025200034000000DD000000C0000000DB000000FF
:102530006200000095000000990000003C000000CF
:10254000430000009000000041000000FE00000079
:102550005100000063000000AB000000DE0000003E
:10256000BB000000C500000061000000B7000000D3
:10257000240000006E0000003A000000420000004D
:102580004D000000D2000000E00000000600000046
:10259000490000002E000000EA00000009000000D1
:1025A000D1000000920000001C000000FE000000AE
:1025B0001D000000EB0000001C000000B100000046
:1025C00029000000A70000003E000000E800000015
:1025D0008200000035000000F50000002E00000021
:1025E000BB0000004400000084000000E90000007F
:1025F0009C0000007000000026000000B4000000F5
:102600005F0000007E000000410000003900000073
:1026100091000000D6000000390000008300000097
:102620005300000039000000F40000009C0000008E
:10263000840000005F0000008B000000BD0000006F
:10264000F9000000280000003B0000001F0000000F
:10265000F800000097000000FF000000DE0000000E
:1026600005000000980000000F000000EF000000CF
:102670002F000000110000008B0000005A00000035
:102680000A0000006D0000001F0000006D00000047
:10269000360000007E000000CF0000002700000090
:1026A000CB00000009000000B70000004F00000050
:1026B000460000003F000000660000009E00000091
:1026C0005F000000EA0000002D000000750000001F
:1026D00027000000BA000000C7000000EB00000067
:1026E000E5000000F10000007B0000003D0000005C
:1026F0000700000039000000F70000008A00000019
:102700005200000092000000EA0000006B00000090
:10271000FB0000005F000000B10000001F0000008F
:102720008D0000005D000000080000005600000061
:10273000030000003000000046000000FC00000024
:102740007B0000006B000000AB000000F000000008
:10275000CF000000BC000000200000009A00000034
:10276000F4000000360000001D000000A900000079
:10277000E300000091000000610000005E00000026
:10278000E60000001B0000000800000065000000DB
:1027900099000000850000005F00000014000000A8
:1027A000A000000068000000400000008D00000054
:1027B000FF000000D8000000800000004D00000075
:1027C0007300000027000000310000000600000038
:1027D000060000001500000056000000CA000000BE
:1027E00073000000A8000000C900000060000000A5
:1027F000E20000007B000000C00000008C00000030
:102800006B0000007564796E6C696E6B5F6578743F
:1028100065726E616C5F63616C6C6F6300000000D9
:102820007564796E6C696E6B5F65787465726E61E4
:102830006C5F6D616C6C6F63320000002564202555
:10284000730A0000665F6F70656E0000665F7265F8
:1028500061640000665F74656C6C0000665F73699C
:102860007A650000665F7472756E6361746500005E
:10287000665F6C7365656B00665F636C6F736500A4
:10288000665F7772697465005544594E4C494E4BEA
:102890005F4552525F4C4F41445F4F55545F4F4626
:1028A0005F4D454D4F52590A000000005544594EA6
:1028B0004C494E4B5F4552525F4C4F41445F494E2D
:1028C00056414C49445F5349474E0A005544594EBE
:1028D0004C494E4B5F4552525F4C4F41445F424121
:1028E000445F52454C4F434154494F4E5F5441421F
:1028F0004C450A005544594E4C494E4B5F45525287
:102900005F4C4F41445F554E4B4E4F574E5F5359AE
:102910004D424F4C0A0000005544594E4C494E4B15
:102920005F4552525F4C4F41445F52414D5F4C45B1
:102930004E5F4C4F570A000050726F6365737369A6
:102940006E67206D6F64756C652061742025702042
:102950006E616D6564202725732720776974682070
:102960006C6F6164206D6F64652025640A0000004F
:10297000416C6C6F636174656420257520627974A5
:10298000657320666F72206D6F64756C652061746D
:102990002025700A0000000052414D2061726561DF
:1029A00020666F72206D6F64756C652061742025E0
:1029B000702069732061742025702028257520629D
:1029C00079746573290A0000417765736F6D65211D
:1029D000204D6F64756C6520257020646F65736E83
:1029E0002774206E65656420616E792052414D0A1E
:1029F00000000000436F70696564206D6F64756C42
:102A00006520617420257020746F2052414D206133
:102A10007420257020282575206279746573290A31
:102A200000000000436F7069656420636F64652077
:102A3000616E642064617461206F66206D6F6475DF
:102A40006C6520257020746F2052414D20617420E8
:102A5000257020282575206279746573290A000085
:102A6000436F706965642064617461206F66206DD6
:102A70006F64756C6520257020746F2052414D2065
:102A8000617420257020282575206279746573296A
:102A90000A0000004C4F5420626173653A20257093
:102AA0002C202E64617461207374617274732061D0
:102AB000742025702C202E636F64652073746172FE
:102AC00074732061742025700A000000446F6E65E5
:102AD000206C6F6164696E67206D6F64756C652032
:102AE00061742025700A00004170706C79696E670E
:102AF0002072656C6F636174696F6E20666F7220FF
:102B000073796D626F6C20617420696E64657820E2
:102B100025752C206E616D653D25732C20747970B0
:102B2000653D25642C20646174615F72656C6F6320
:102B30003D2564206174206C6F745F6F66667365F9
:102B4000743D25752C2076616C75653D25303858AF
:102B50000A0000004170706C79696E6720657874B6
:102B600065726E2072656C6F636174696F6E20664A
:102B70006F722073796D626F6C20617420696E646E
:102B800065782025752C206E616D653D257320616B
:102B900074206C6F745F6F66667365743D25750A8B
:102BA00000000000556E61626C6520746F207265D4
:102BB000736F6C76652072656C6F636174696F6E9C
:102BC00020666F722065787465726E2073796D620D
:102BD0006F6C20272573270A000000005544594ECA
:102BE0004C494E4B5F4552525F494E56414C494409
:102BF0005F4D4F44554C450A00000000556E6C6F08
:102C00006164696E67206D6F64756C652061742006
:102C100025700A004465616C6C6F636174656420A3
:102C20006D656D6F72792061726561206174202518
:102C3000700A00000001000054D0002012000000C3
:102C400000060000DC2400600A0000000002000012
:102C500024240060B5000000000700006C23006021
:102C6000B5000000002203006CD200201C00000010
:102C700000210300C22400600900000000030000DE
:102C800068230060000000000103090490D20020C6
:102C900000000000020309049CD200200000000094
:102CA00003030904C0D2002000000000000000005F
:102CB0000000000000000000303030303030303094
:102CC0003030303030303030303030303030303004
:102CD000303030303030303018E77172636F6465F7
:102CE00067656E5F56455253494F4E5F4D494E20C2
:102CF0003C3D206D696E56657273696F6E202626A5
:102D0000206D696E56657273696F6E203C3D206D53
:102D1000617856657273696F6E202626206D617822
:102D200056657273696F6E203C3D207172636F64EB
:102D30006567656E5F56455253494F4E5F4D41582A
:102D40000030203C3D2028696E742965636C202684
:102D5000262028696E742965636C203C3D20332051
:102D60002626202D31203C3D2028696E74296D6176
:102D7000736B2026262028696E74296D61736B2081
:102D80003C3D2037006269744C656E203D3D2064F7
:102D90006174615573656442697473006269744C4F
:102DA000656E203C3D2064617461436170616369BC
:102DB000747942697473006269744C656E202520D1
:102DC00038203D3D203000000000000000000000E1
:102DD000C053C053C053C05300000000FC33012057
:102DE00064340120CC340120000000000000000009
:102DF00000000000000000000000000000000000D3
:102E000000000000000000000000000000000000C2
:102E100000000000000000000000000000000000B2
:102E200000000000000000000000000000000000A2
:102E30000000000000000000000000000000000092
:102E40000000000000000000000000000000000082
:102E50000000000000000000000000000000000072
:102E60000000000000000000000000000000000062
:102E700001000000000000000E33CDAB34126DE6FF
:102E8000ECDE05000B000000000000000000000068
:102E90000000000000000000000000000000000032
:102EA0000000000000000000000000000000000022
:102EB0000000000000000000000000000000000012
:102EC0000000000000000000000000000000000002
:102ED00000000000000000000000000000000000F2
:102EE00000000000000000000000000000000000E2
:102EF0000000000000000000000000000000F03FA3
:102F000059F3F8C21F6EA501000000000000004048
:102F1000447900200029DE07007B9A1700003A4020
:102F200050740020000000000000000000000000BD
:102F30000000000000000000000000000000000091
:102F40000000000000000000000000000000000081
:102F50000000000000000000000000000000000071
:102F600000000000000000000000000000C0394028
:102F700000740020000000000000000000000000BD
:102F80000000000000000000000000000000000041
:102F90000000000000000000000000000000000031
:102FA0000000000000000000000000000000000021
:102FB0000000000000000000000000005079002028
:102FC00000000000E8030000000000007879002005
:102FD00000000000E803000000000000008019402D
:102FE0009C2E0020000000009CDB00205CDB002009
:102FF0000000000000000000400000004000000051
:103000004000000040000000000000000000000040
:1030100000000000000000000000000000000000B0
:10302000000000000000000000000000FF000000A1
:10303000AD020000FF000000BD2E0000FF000000F8
:10304000C92E0000FF000000D52E0000FF00000088
:10305000E12E0000FF000000ED2E0000FF00000048
:10306000F92E0000FF000000052F0000C90E02002D
:10307000E50B0200FFFFFFFF010000001CAC002079
:1030800034AC00207C73002038AC0020683C002069
:103090003CAC002040AC002044AC002048AC0020F8
:1030A000CC7000204CAC0020D47000200700000041
:1030B0000300000003000000020000000300000005
:1030C00001000000030000000300000002000000F7
:1030D0000500000003000000000300000A000000DB
:1030E00003000000020200000B00000002000000CC
:1030F000010000000C0000000200000002000000BF
:1031000000000000000000000000000000000000BF
:1031100000000000000000000000000000000000AF
:10312000000000000000000000000000000000009F
:10313000000000000000000000000000000000008F
:10314000000000000000000000000000000000007F
:10315000000000000000000000000000000000006F
:10316000000000000000000000000000FFFFFFFF63
:103170000001000100010001FFFFFFFF00093D0009
:103180005DE50000000000001DE6000000000000FA
:10319000ADE6000000000000E5E6000000000000D1
:1031A00029E70000000000002100000030E20020BC
:1031B00038E3002040E4002048E500202872002089
:1031C00034A9002040A9002050A9002060A90020B7
:1031D00068A9002078A9002088A9002094A90020CF
:1031E000A8A90020B8A90020C4A90020D4A90020C3
:1031F000E4A90020F4A9002008AA002018AA0020B1
:103200002CAA002040AA002050AA002064AA002076
:1032100074AA002084AA002090AA0020A0AA00205E
:10322000B0AA0020C4AA0020D4AA0020E4AA00204A
:10323000F4AA002000AB002014AB002028AB002033
:1032400034AB002044AB002050AB00205CAB00202E
:103250006CAB002078AB002088AB002098AB00203E
:10326000A8AB0020B4AB0020C0AB0020CCAB00204A
:10327000D8AB0020ECAB0020FCAB0020FFFFFFFF31
:1032800070170000C8000000FFFFFFFFA82F00001C
:10329000000080BFA8C20020000000000000000065
:1032A000000000000000000000000000000000001E
:1032B0003C000000000000000000000000000000D2
:1032C00000000000F0FF0190FF03909F05909F0910
:1032D000909F0990FF091000081000081000089046
:1032E000FF09900009907E09900009907E099000E6
:1032F00009F0FF0F000000000000000000000000C7
:1033000000000000000000000EC0071F707C1BD0F2
:10331000071F1C000E04000000000000000EC00784
:103320001F707C1BD0071F1C000E04000000000053
:1033300000000EC0071F707C1BD0071F1C000E046E
:10334000000000000000000000000000000000007D
:1033500000000000000000000000000000FE871FC9
:10336000FE4720FE2740FE2740FE2740FE2740FE66
:103370002740FE2740FE4720FE871F000000000078
:10338000000000000000000000000000000000003D
:10339000000000000000000000000000DED800DE99
:1033A000D808C6781CC67808DEDB00DEDB0000002B
:1033B00000000000FCD967FCDB6F6C1B6C6CDB6CE5
:1033C0006CDB6C6CDB6C6CDB6F6CDB670000000033
:1033D000000000000000000000000000800000006D
:1033E00000000000800000007C33012040472020C6
:1033F000000000004300000000000000000000008A
:1034000000000000000000000000000000000000BC
:103410000000000043000000000000000000000069
:10342000000000000000000000000000000000009C
:103430000000000043000000000000000000000049
:10344000000000000000000000000000000000007C
:103450000000000043000000000000000000000029
:10346000000000000000000000000000000000005C
:103470000000000043000000000000000000000009
:10348000000000000000000000000000000000003C
:1034900000000000430000000000000000000000E9
:1034A000000000000000000000000000000000001C
:1034B00000000000430000000000000000000000C9
:1034C00000000000000000000000000000000000FC
:1034D000000000002D2A03009D3D030000000000B5
:1034E00074800020183A0020A8C20020A8C2002042
:1034F000A8C20020A8C20020A8C20020A8C20020A4
:10350000A8C20020A8C20020A8C20020FFFFFFFF21
:10351000FFFFFFFFFFFFFFFFFFFF00000100415320
:1035200043494900000000000000000000000000C6
:1035300000000000000000000000000000004153F7
:1035400043494900000000000000000000000000A6
:10355000000000000000000000000000000000006B
:10356000000000000000000030CC002030CC002023
:1035700038CC002038CC002040CC002040CC0020AB
:1035800048CC002048CC002050CC002050CC00205B
:1035900058CC002058CC002060CC002060CC00200B
:1035A00068CC002068CC002070CC002070CC0020BB
:1035B00078CC002078CC002080CC002080CC00206B
:1035C00088CC002088CC002090CC002090CC00201B
:1035D00098CC002098CC0020A0CC0020A0CC0020CB
:1035E000A8CC0020A8CC0020B0CC0020B0CC00207B
:1035F000B8CC0020B8CC0020C0CC0020C0CC00202B
:10360000C8CC0020C8CC0020D0CC0020D0CC0020DA
:10361000D8CC0020D8CC0020E0CC0020E0CC00208A
:10362000E8CC0020E8CC0020F0CC0020F0CC00203A
:10363000F8CC0020F8CC002000CD002000CD0020E8
:1036400008CD002008CD002010CD002010CD002096
:1036500018CD002018CD002020CD002020CD002046
:1036600028CD002028CD002030CD002030CD0020F6
:1036700038CD002038CD002040CD002040CD0020A6
:1036800048CD002048CD002050CD002050CD002056
:1036900058CD002058CD002060CD002060CD002006
:1036A00068CD002068CD002070CD002070CD0020B6
:1036B00078CD002078CD002080CD002080CD002066
:1036C00088CD002088CD002090CD002090CD002016
:1036D00098CD002098CD0020A0CD0020A0CD0020C6
:1036E000A8CD0020A8CD0020B0CD0020B0CD002076
:1036F000B8CD0020B8CD0020C0CD0020C0CD002026
:10370000C8CD0020C8CD0020D0CD0020D0CD0020D5
:10371000D8CD0020D8CD0020E0CD0020E0CD002085
:10372000E8CD0020E8CD0020F0CD0020F0CD002035
:10373000F8CD0020F8CD002000CE002000CE0020E3
:1037400008CE002008CE002010CE002010CE002091
:1037500018CE002018CE002020CE002020CE002041
:1037600028CE002028CE002030CE002030CE0020F1
:1037700038CE002038CE002040CE002040CE0020A1
:1037800048CE002048CE002050CE002050CE002051
:1037900058CE002058CE002060CE002060CE002001
:1037A00068CE002068CE002070CE002070CE0020B1
:1037B00078CE002078CE002080CE002080CE002061
:1037C00088CE002088CE002090CE002090CE002011
:1037D00098CE002098CE0020A0CE0020A0CE0020C1
:1037E000A8CE0020A8CE0020B0CE0020B0CE002071
:1037F000B8CE0020B8CE0020C0CE0020C0CE002021
:10380000C8CE0020C8CE0020D0CE0020D0CE0020D0
:10381000D8CE0020D8CE0020E0CE0020E0CE002080
:10382000E8CE0020E8CE0020F0CE0020F0CE002030
:10383000F8CE0020F8CE002000CF002000CF0020DE
:1038400008CF002008CF002010CF002010CF00208C
:1038500018CF002018CF002020CF002020CF00203C
:1038600028CF002028CF002030CF002030CF0020EC
:1038700038CF002038CF002040CF002040CF00209C
:1038800048CF002048CF002050CF002050CF00204C
:1038900058CF002058CF002060CF002060CF0020FC
:1038A00068CF002068CF002070CF002070CF0020AC
:1038B00078CF002078CF002080CF002080CF00205C
:1038C00088CF002088CF002090CF002090CF00200C
:1038D00098CF002098CF0020A0CF0020A0CF0020BC
:1038E000A8CF0020A8CF0020B0CF0020B0CF00206C
:1038F000B8CF0020B8CF0020C0CF0020C0CF00201C
:10390000C8CF0020C8CF0020D0CF0020D0CF0020CB
:10391000D8CF0020D8CF0020E0CF0020E0CF00207B
:10392000E8CF0020E8CF0020F0CF0020F0CF00202B
:10393000F8CF0020F8CF002000D0002000D00020D9
:1039400008D0002008D0002010D0002010D0002087
:1039500018D0002018D0002020D0002020D0002037
:1039600028D0002028D00020FFFFFFFF0000020029
:103970000000000003000000FC330120A8C4002068
:10398000C0FF272012010002EF020140C016890487
:10399000790201020301000075E0010075E00100F9
:1039A00075E0010075E0010075E0010075E00100BF
:1039B00075E0010075E0010075E0010075E00100AF
:1039C00075E0010075E0010075E0010075E001009F
:1039D00075E0010075E0010075E0010075E001008F
:1039E00075E0010075E0010075E0010075E001007F
:1039F00075E0010075E0010075E0010075E001006F
:103A000075E0010075E0010075E0010075E001005E
:103A100075E0010075E0010075E0010075E001004E
:103A200075E0010075E0010075E0010075E001003E
:103A300075E0010075E0010075E0010075E001002E
:103A400075E0010075E0010075E0010075E001001E
:103A500075E0010075E0010075E0010075E001000E
:103A600075E0010075E0010075E0010075E00100FE
:103A700075E0010075E0010075E0010075E00100EE
:103A800075E0010075E0010075E0010075E00100DE
:103A900075E0010075E0010075E0010075E00100CE
:103AA00075E0010075E0010075E0010075E00100BE
:103AB00075E0010075E0010075E0010075E00100AE
:103AC00075E0010075E0010075E0010075E001009E
:103AD00075E0010075E0010075E0010075E001008E
:103AE00075E0010075E0010075E0010075E001007E
:103AF00075E0010075E0010075E0010075E001006E
:103B000075E0010075E0010075E0010075E001005D
:103B100075E0010075E0010075E0010075E001004D
:103B200075E0010075E0010075E0010075E001003D
:103B300075E0010075E0010075E0010075E001002D
:103B400075E0010075E0010075E0010075E001001D
:103B500075E0010075E0010075E0010075E001000D
:103B600075E0010075E0010075E0010075E00100FD
:103B700075E0010075E0010075E0010075E00100ED
:103B800075E0010075E0010075E0010075E00100DD
:103B900075E0010075E001000000803F06ABFF0A00
:103BA0000002A1017508150026FF0095400901815A
:103BB00002954009029102C06042A20D000000403F
:103BC0000A036500680032006B0000002203530006
:103BD00071007500610072006500730026004300EB
:103BE0006900720063006C00650073002000000033
:103BF0000C030000000000000000000000000000B6
:103C000000000000000010040101803000000000EE
:103C100000000000000000000000000000000000A4
:103C20000000000000000000000000000000000094
:103C30000000000000000000000000000000000084
:103C40000000000000000000000000000000000074
:103C50000000000000000000000000000000000064
:103C60000000000000000000000000000000000054
:103C70000000000000000000000000000000000044
:103C80000000000000000000000000000000000034
:103C90000000000000000000000000000000000024
:103CA0000000000000000000000000000000000014
:103CB0000000000000000000000000000000000004
:103CC00000000000000000000000000000000000F4
:103CD00000000000000000000000000000000000E4
:103CE00000000000000000000000000000000000D4
:103CF00000000000000000000000000000000000C4
:103D000000000000000000000000000000000000B3
:103D100000000000000000000000000000000000A3
:103D20000000000000000000000000000000000093
:103D30000000000000000000000000000000000083
:103D40000000000000000000000000000000000073
:103D50000000000000000000000000000000000063
:103D60000000000000000000000000000000000053
:103D70000000000000000000000000000000000043
:103D80000000000000000000000000000000000033
:103D90000000000000000000000000000000000023
:103DA0000000000000000000000000000000000013
:103DB0000000000000000000000000000000000003
:103DC00000000000000000000000000000000000F3
:103DD00000000000000000000000000000000000E3
:103DE00000000000000000000000000000000000D3
:103DF00000000000000000000000000000000000C3
:103E000000000000000000000000000000000000B2
:103E100000000000000000000000000000000000A2
:103E20000000000000000000000000000000000092
:103E30000000000000000000000000000000000082
:103E40000000000000000000000000000000000072
:103E50000000000000000000000000000000000062
:103E60000000000000000000000000000000000052
:103E70000000000000000000000000000000000042
:103E80000000000000000000000000000000000032
:103E90000000000000000000000000000000000022
:103EA0000000000000000000000000000000000012
:103EB0000000000000000000000000000000000002
:103EC00000000000000000000000000000000000F2
:103ED00000000000000000000000000000000000E2
:103EE00000000000000000000000000000000000D2
:103EF00000000000000000000000000000000000C2
:103F000000000000000000000000000000000000B1
:103F100000000000000000000000000000000000A1
:103F20000000000000000000000000000000000091
:103F30000000000000000000000000000000000081
:103F40000000000000000000000000000000000071
:103F50000000000000000000000000000000000061
:103F60000000000000000000000000000000000051
:103F70000000000000000000000000000000000041
:103F80000000000000000000000000000000000031
:103F90000000000000000000000000000000000021
:103FA0000000000000000000000000000000000011
:103FB0000000000000000000000000000000000001
:103FC00000000000000000000000000000000000F1
:103FD00000000000000000000000000000000000E1
:103FE00000000000000000000000000000000000D1
:103FF000FFFFFFFFFFFFFFFFFFFFFFFFFFFFFFFFD1
:1040000000000000000000000000000000000000B0
:1040100000000000000000000000000000000000A0
:104020000000000000000000000000000000000090
:104030000000000000000000000000000000000080
:104040000000000000000000000000000000000070
:104050000000000000000000000000000000000060
:104060000000000000000000000000000000000050
:104070000000000000000000000000000000000040
:104080000000000000000000000000000000000030
:104090000000000000000000000000000000000020
:1040A0000000000000000000000000000000000010
:1040B0000000000000000000000000000000000000
:1040C00000000000000000000000000000000000F0
:1040D00000000000000000000000000000000000E0
:1040E00000000000000000000000000000000000D0
:1040F00000000000000000000000000000000000C0
:1041000000000000000000000000000000000000AF
:10411000000000000000000000000000000000009F
:10412000000000000000000000000000000000008F
:10413000000000000000000000000000000000007F
:10414000000000000000000000000000000000006F
:10415000000000000000000000000000000000005F
:10416000000000000000000000000000000000004F
:10417000000000000000000000000000000000003F
:10418000000000000000000000000000000000002F
:10419000000000000000000000000000000000001F
:1041A000000000000000000000000000000000000F
:1041B00000000000000000000000000000000000FF
:1041C00000000000000000000000000000000000EF
:1041D00000000000000000000000000000000000DF
:1041E00000000000000000000000000000000000CF
:1041F00000000000000000000000000000000000BF
:1042000000000000000000000000000000000000AE
:10421000000000000000000000000000000000009E
:10422000000000000000000000000000000000008E
:10423000000000000000000000000000000000007E
:10424000000000000000000000000000000000006E
:10425000000000000000000000000000000000005E
:10426000000000000000000000000000000000004E
:10427000000000000000000000000000000000003E
:10428000000000000000000000000000000000002E
:10429000000000000000000000000000000000001E
:1042A000000000000000000000000000000000000E
:1042B00000000000000000000000000000000000FE
:1042C00000000000000000000000000000000000EE
:1042D00000000000000000000000000000000000DE
:1042E00000000000000000000000000000000000CE
:1042F00000000000000000000000000000000000BE
:1043000000000000000000000000000000000000AD
:10431000000000000000000000000000000000009D
:10432000000000000000000000000000000000008D
:10433000000000000000000000000000000000007D
:10434000000000000000000000000000000000006D
:10435000000000000000000000000000000000005D
:10436000000000000000000000000000000000004D
:10437000000000000000000000000000000000003D
:10438000000000000000000000000000000000002D
:10439000000000000000000000000000000000001D
:1043A000000000000000000000000000000000000D
:1043B00000000000000000000000000000000000FD
:1043C00000000000000000000000000000000000ED
:1043D00000000000000000000000000000000000DD
:1043E00000000000000000000000000000000000CD
:1043F00000000000000000000000000000000000BD
:1044000000000000000000000000000000000000AC
:10441000000000000000000000000000000000009C
:10442000000000000000000000000000000000008C
:10443000000000000000000000000000000000007C
:10444000000000000000000000000000000000006C
:10445000000000000000000000000000000000005C
:10446000000000000000000000000000000000004C
:10447000000000000000000000000000000000003C
:10448000000000000000000000000000000000002C
:10449000000000000000000000000000000000001C
:1044A000000000000000000000000000000000000C
:1044B00000000000000000000000000000000000FC
:1044C00000000000000000000000000000000000EC
:1044D00000000000000000000000000000000000DC
:1044E00000000000000000000000000000000000CC
:1044F00000000000000000000000000000000000BC
:1045000000000000000000000000000000000000AB
:10451000000000000000000000000000000000009B
:10452000000000000000000000000000000000008B
:10453000000000000000000000000000000000007B
:10454000000000000000000000000000000000006B
:10455000000000000000000000000000000000005B
:10456000000000000000000000000000000000004B
:10457000000000000000000000000000000000003B
:10458000000000000000000000000000000000002B
:10459000000000000000000000000000000000001B
:1045A000000000000000000000000000000000000B
:1045B00000000000000000000000000000000000FB
:1045C00000000000000000000000000000000000EB
:1045D00000000000000000000000000000000000DB
:1045E00000000000000000000000000000000000CB
:1045F00000000000000000000000000000000000BB
:1046000000000000000000000000000000000000AA
:10461000000000000000000000000000000000009A
:10462000000000000000000000000000000000008A
:10463000000000000000000000000000000000007A
:10464000000000000000000000000000000000006A
:10465000000000000000000000000000000000005A
:10466000000000000000000000000000000000004A
:10467000000000000000000000000000000000003A
:10468000000000000000000000000000000000002A
:10469000000000000000000000000000000000001A
:1046A000000000000000000000000000000000000A
:1046B00000000000000000000000000000000000FA
:1046C00000000000000000000000000000000000EA
:1046D00000000000000000000000000000000000DA
:1046E00000000000000000000000000000000000CA
:1046F00000000000000000000000000000000000BA
:1047000000000000000000000000000000000000A9
:104710000000000000000000000000000000000099
:104720000000000000000000000000000000000089
:104730000000000000000000000000000000000079
:104740000000000000000000000000000000000069
:104750000000000000000000000000000000000059
:104760000000000000000000000000000000000049
:104770000000000000000000000000000000000039
:104780000000000000000000000000000000000029
:104790000000000000000000000000000000000019
:1047A0000000000000000000000000000000000009
:1047B00000000000000000000000000000000000F9
:1047C00000000000000000000000000000000000E9
:1047D00000000000000000000000000000000000D9
:1047E00000000000000000000000000000000000C9
:1047F00000000000000000000000000000000000B9
:1048000000000000000000000000000000000000A8
:104810000000000000000000000000000000000098
:104820000000000000000000000000000000000088
:104830000000000000000000000000000000000078
:104840000000000000000000000000000000000068
:104850000000000000000000000000000000000058
:104860000000000000000000000000000000000048
:104870000000000000000000000000000000000038
:104880000000000000000000000000000000000028
:104890000000000000000000000000000000000018
:1048A0000000000000000000000000000000000008
:1048B00000000000000000000000000000000000F8
:1048C00000000000000000000000000000000000E8
:1048D00000000000000000000000000000000000D8
:1048E00000000000000000000000000000000000C8
:1048F00000000000000000000000000000000000B8
:1049000000000000000000000000000000000000A7
:104910000000000000000000000000000000000097
:104920000000000000000000000000000000000087
:104930000000000000000000000000000000000077
:104940000000000000000000000000000000000067
:104950000000000000000000000000000000000057
:104960000000000000000000000000000000000047
:104970000000000000000000000000000000000037
:104980000000000000000000000000000000000027
:104990000000000000000000000000000000000017
:1049A0000000000000000000000000000000000007
:1049B00000000000000000000000000000000000F7
:1049C00000000000000000000000000000000000E7
:1049D00000000000000000000000000000000000D7
:1049E00000000000000000000000000000000000C7
:1049F00000000000000000000000000000000000B7
:104A000000000000000000000000000000000000A6
:104A10000000000000000000000000000000000096
:104A20000000000000000000000000000000000086
:104A30000000000000000000000000000000000076
:104A40000000000000000000000000000000000066
:104A50000000000000000000000000000000000056
:104A60000000000000000000000000000000000046
:104A70000000000000000000000000000000000036
:104A80000000000000000000000000000000000026
:104A90000000000000000000000000000000000016
:104AA0000000000000000000000000000000000006
:104AB00000000000000000000000000000000000F6
:104AC00000000000000000000000000000000000E6
:104AD00000000000000000000000000000000000D6
:104AE00000000000000000000000000000000000C6
:104AF00000000000000000000000000000000000B6
:104B000000000000000000000000000000000000A5
:104B10000000000000000000000000000000000095
:104B20000000000000000000000000000000000085
:104B30000000000000000000000000000000000075
:104B40000000000000000000000000000000000065
:104B50000000000000000000000000000000000055
:104B60000000000000000000000000000000000045
:104B70000000000000000000000000000000000035
:104B80000000000000000000000000000000000025
:104B90000000000000000000000000000000000015
:104BA0000000000000000000000000000000000005
:104BB00000000000000000000000000000000000F5
:104BC00000000000000000000000000000000000E5
:104BD00000000000000000000000000000000000D5
:104BE00000000000000000000000000000000000C5
:104BF00000000000000000000000000000000000B5
:040000056000100087
:00000001FF
