:0200000460009A
:100000004643464200000156000000000103030081
:1000100000000000000000000000000000000000E0
:1000200000000000000000000000000000000000D0
:1000300000000000000000000000000000000000C0
:1000400000000000010408000000000000000000A3
:100050000000800000000000000000000000000020
:100060000000000000000000000000000000000090
:100070000000000000000000000000000000000080
:10008000EB04180A063204260000000000000000FD
:10009000050404240000000000000000000000002F
:1000A0000000000000000000000000000000000050
:1000B0000604000000000000000000000000000036
:1000C0000000000000000000000000000000000030
:1000D00020041808000000000000000000000000DC
:1000E0000000000000000000000000000000000010
:1000F0000000000000000000000000000000000000
:10010000D8041808000000000000000000000000F3
:100110000204180804200000000000000000000095
:1001200000000000000000000000000000000000CF
:10013000600400000000000000000000000000005B
:1001400000000000000000000000000000000000AF
:10015000000000000000000000000000000000009F
:10016000000000000000000000000000000000008F
:10017000000000000000000000000000000000007F
:10018000000000000000000000000000000000006F
:10019000000000000000000000000000000000005F
:1001A000000000000000000000000000000000004F
:1001B000000000000000000000000000000000003F
:1001C000000100000010000001000000000000001D
:1001D000000001000000000000000000000000001E
:1001E000000000000000000000000000000000000F
:1001F00000000000000000000000000000000000FF
:10020000FFFFFFFFFFFFFFFFFFFFFFFFFFFFFFFFFE
:10021000FFFFFFFFFFFFFFFFFFFFFFFFFFFFFFFFEE
:10022000FFFFFFFFFFFFFFFFFFFFFFFFFFFFFFFFDE
:10023000FFFFFFFFFFFFFFFFFFFFFFFFFFFFFFFFCE
:10024000FFFFFFFFFFFFFFFFFFFFFFFFFFFFFFFFBE
:10025000FFFFFFFFFFFFFFFFFFFFFFFFFFFFFFFFAE
:10026000FFFFFFFFFFFFFFFFFFFFFFFFFFFFFFFF9E
:10027000FFFFFFFFFFFFFFFFFFFFFFFFFFFFFFFF8E
:10028000FFFFFFFFFFFFFFFFFFFFFFFFFFFFFFFF7E
:10029000FFFFFFFFFFFFFFFFFFFFFFFFFFFFFFFF6E
:1002A000FFFFFFFFFFFFFFFFFFFFFFFFFFFFFFFF5E
:1002B000FFFFFFFFFFFFFFFFFFFFFFFFFFFFFFFF4E
:1002C000FFFFFFFFFFFFFFFFFFFFFFFFFFFFFFFF3E
:1002D000FFFFFFFFFFFFFFFFFFFFFFFFFFFFFFFF2E
:1002E000FFFFFFFFFFFFFFFFFFFFFFFFFFFFFFFF1E
:1002F000FFFFFFFFFFFFFFFFFFFFFFFFFFFFFFFF0E
:10030000FFFFFFFFFFFFFFFFFFFFFFFFFFFFFFFFFD
:10031000FFFFFFFFFFFFFFFFFFFFFFFFFFFFFFFFED
:10032000FFFFFFFFFFFFFFFFFFFFFFFFFFFFFFFFDD
:10033000FFFFFFFFFFFFFFFFFFFFFFFFFFFFFFFFCD
:10034000FFFFFFFFFFFFFFFFFFFFFFFFFFFFFFFFBD
:10035000FFFFFFFFFFFFFFFFFFFFFFFFFFFFFFFFAD
:10036000FFFFFFFFFFFFFFFFFFFFFFFFFFFFFFFF9D
:10037000FFFFFFFFFFFFFFFFFFFFFFFFFFFFFFFF8D
:10038000FFFFFFFFFFFFFFFFFFFFFFFFFFFFFFFF7D
:10039000FFFFFFFFFFFFFFFFFFFFFFFFFFFFFFFF6D
:1003A000FFFFFFFFFFFFFFFFFFFFFFFFFFFFFFFF5D
:1003B000FFFFFFFFFFFFFFFFFFFFFFFFFFFFFFFF4D
:1003C000FFFFFFFFFFFFFFFFFFFFFFFFFFFFFFFF3D
:1003D000FFFFFFFFFFFFFFFFFFFFFFFFFFFFFFFF2D
:1003E000FFFFFFFFFFFFFFFFFFFFFFFFFFFFFFFF1D
:1003F000FFFFFFFFFFFFFFFFFFFFFFFFFFFFFFFF0D
:10040000FFFFFFFFFFFFFFFFFFFFFFFFFFFFFFFFFC
:10041000FFFFFFFFFFFFFFFFFFFFFFFFFFFFFFFFEC
:10042000FFFFFFFFFFFFFFFFFFFFFFFFFFFFFFFFDC
:10043000FFFFFFFFFFFFFFFFFFFFFFFFFFFFFFFFCC
:10044000FFFFFFFFFFFFFFFFFFFFFFFFFFFFFFFFBC
:10045000FFFFFFFFFFFFFFFFFFFFFFFFFFFFFFFFAC
:10046000FFFFFFFFFFFFFFFFFFFFFFFFFFFFFFFF9C
:10047000FFFFFFFFFFFFFFFFFFFFFFFFFFFFFFFF8C
:10048000FFFFFFFFFFFFFFFFFFFFFFFFFFFFFFFF7C
:10049000FFFFFFFFFFFFFFFFFFFFFFFFFFFFFFFF6C
:1004A000FFFFFFFFFFFFFFFFFFFFFFFFFFFFFFFF5C
:1004B000FFFFFFFFFFFFFFFFFFFFFFFFFFFFFFFF4C
:1004C000FFFFFFFFFFFFFFFFFFFFFFFFFFFFFFFF3C
:1004D000FFFFFFFFFFFFFFFFFFFFFFFFFFFFFFFF2C
:1004E000FFFFFFFFFFFFFFFFFFFFFFFFFFFFFFFF1C
:1004F000FFFFFFFFFFFFFFFFFFFFFFFFFFFFFFFF0C
:10050000FFFFFFFFFFFFFFFFFFFFFFFFFFFFFFFFFB
:10051000FFFFFFFFFFFFFFFFFFFFFFFFFFFFFFFFEB
:10052000FFFFFFFFFFFFFFFFFFFFFFFFFFFFFFFFDB
:10053000FFFFFFFFFFFFFFFFFFFFFFFFFFFFFFFFCB
:10054000FFFFFFFFFFFFFFFFFFFFFFFFFFFFFFFFBB
:10055000FFFFFFFFFFFFFFFFFFFFFFFFFFFFFFFFAB
:10056000FFFFFFFFFFFFFFFFFFFFFFFFFFFFFFFF9B
:10057000FFFFFFFFFFFFFFFFFFFFFFFFFFFFFFFF8B
:10058000FFFFFFFFFFFFFFFFFFFFFFFFFFFFFFFF7B
:10059000FFFFFFFFFFFFFFFFFFFFFFFFFFFFFFFF6B
:1005A000FFFFFFFFFFFFFFFFFFFFFFFFFFFFFFFF5B
:1005B000FFFFFFFFFFFFFFFFFFFFFFFFFFFFFFFF4B
:1005C000FFFFFFFFFFFFFFFFFFFFFFFFFFFFFFFF3B
:1005D000FFFFFFFFFFFFFFFFFFFFFFFFFFFFFFFF2B
:1005E000FFFFFFFFFFFFFFFFFFFFFFFFFFFFFFFF1B
:1005F000FFFFFFFFFFFFFFFFFFFFFFFFFFFFFFFF0B
:10060000FFFFFFFFFFFFFFFFFFFFFFFFFFFFFFFFFA
:10061000FFFFFFFFFFFFFFFFFFFFFFFFFFFFFFFFEA
:10062000FFFFFFFFFFFFFFFFFFFFFFFFFFFFFFFFDA
:10063000FFFFFFFFFFFFFFFFFFFFFFFFFFFFFFFFCA
:10064000FFFFFFFFFFFFFFFFFFFFFFFFFFFFFFFFBA
:10065000FFFFFFFFFFFFFFFFFFFFFFFFFFFFFFFFAA
:10066000FFFFFFFFFFFFFFFFFFFFFFFFFFFFFFFF9A
:10067000FFFFFFFFFFFFFFFFFFFFFFFFFFFFFFFF8A
:10068000FFFFFFFFFFFFFFFFFFFFFFFFFFFFFFFF7A
:10069000FFFFFFFFFFFFFFFFFFFFFFFFFFFFFFFF6A
:1006A000FFFFFFFFFFFFFFFFFFFFFFFFFFFFFFFF5A
:1006B000FFFFFFFFFFFFFFFFFFFFFFFFFFFFFFFF4A
:1006C000FFFFFFFFFFFFFFFFFFFFFFFFFFFFFFFF3A
:1006D000FFFFFFFFFFFFFFFFFFFFFFFFFFFFFFFF2A
:1006E000FFFFFFFFFFFFFFFFFFFFFFFFFFFFFFFF1A
:1006F000FFFFFFFFFFFFFFFFFFFFFFFFFFFFFFFF0A
:10070000FFFFFFFFFFFFFFFFFFFFFFFFFFFFFFFFF9
:10071000FFFFFFFFFFFFFFFFFFFFFFFFFFFFFFFFE9
:10072000FFFFFFFFFFFFFFFFFFFFFFFFFFFFFFFFD9
:10073000FFFFFFFFFFFFFFFFFFFFFFFFFFFFFFFFC9
:10074000FFFFFFFFFFFFFFFFFFFFFFFFFFFFFFFFB9
:10075000FFFFFFFFFFFFFFFFFFFFFFFFFFFFFFFFA9
:10076000FFFFFFFFFFFFFFFFFFFFFFFFFFFFFFFF99
:10077000FFFFFFFFFFFFFFFFFFFFFFFFFFFFFFFF89
:10078000FFFFFFFFFFFFFFFFFFFFFFFFFFFFFFFF79
:10079000FFFFFFFFFFFFFFFFFFFFFFFFFFFFFFFF69
:1007A000FFFFFFFFFFFFFFFFFFFFFFFFFFFFFFFF59
:1007B000FFFFFFFFFFFFFFFFFFFFFFFFFFFFFFFF49
:1007C000FFFFFFFFFFFFFFFFFFFFFFFFFFFFFFFF39
:1007D000FFFFFFFFFFFFFFFFFFFFFFFFFFFFFFFF29
:1007E000FFFFFFFFFFFFFFFFFFFFFFFFFFFFFFFF19
:1007F000FFFFFFFFFFFFFFFFFFFFFFFFFFFFFFFF09
:10080000FFFFFFFFFFFFFFFFFFFFFFFFFFFFFFFFF8
:10081000FFFFFFFFFFFFFFFFFFFFFFFFFFFFFFFFE8
:10082000FFFFFFFFFFFFFFFFFFFFFFFFFFFFFFFFD8
:10083000FFFFFFFFFFFFFFFFFFFFFFFFFFFFFFFFC8
:10084000FFFFFFFFFFFFFFFFFFFFFFFFFFFFFFFFB8
:10085000FFFFFFFFFFFFFFFFFFFFFFFFFFFFFFFFA8
:10086000FFFFFFFFFFFFFFFFFFFFFFFFFFFFFFFF98
:10087000FFFFFFFFFFFFFFFFFFFFFFFFFFFFFFFF88
:10088000FFFFFFFFFFFFFFFFFFFFFFFFFFFFFFFF78
:10089000FFFFFFFFFFFFFFFFFFFFFFFFFFFFFFFF68
:1008A000FFFFFFFFFFFFFFFFFFFFFFFFFFFFFFFF58
:1008B000FFFFFFFFFFFFFFFFFFFFFFFFFFFFFFFF48
:1008C000FFFFFFFFFFFFFFFFFFFFFFFFFFFFFFFF38
:1008D000FFFFFFFFFFFFFFFFFFFFFFFFFFFFFFFF28
:1008E000FFFFFFFFFFFFFFFFFFFFFFFFFFFFFFFF18
:1008F000FFFFFFFFFFFFFFFFFFFFFFFFFFFFFFFF08
:10090000FFFFFFFFFFFFFFFFFFFFFFFFFFFFFFFFF7
:10091000FFFFFFFFFFFFFFFFFFFFFFFFFFFFFFFFE7
:10092000FFFFFFFFFFFFFFFFFFFFFFFFFFFFFFFFD7
:10093000FFFFFFFFFFFFFFFFFFFFFFFFFFFFFFFFC7
:10094000FFFFFFFFFFFFFFFFFFFFFFFFFFFFFFFFB7
:10095000FFFFFFFFFFFFFFFFFFFFFFFFFFFFFFFFA7
:10096000FFFFFFFFFFFFFFFFFFFFFFFFFFFFFFFF97
:10097000FFFFFFFFFFFFFFFFFFFFFFFFFFFFFFFF87
:10098000FFFFFFFFFFFFFFFFFFFFFFFFFFFFFFFF77
:10099000FFFFFFFFFFFFFFFFFFFFFFFFFFFFFFFF67
:1009A000FFFFFFFFFFFFFFFFFFFFFFFFFFFFFFFF57
:1009B000FFFFFFFFFFFFFFFFFFFFFFFFFFFFFFFF47
:1009C000FFFFFFFFFFFFFFFFFFFFFFFFFFFFFFFF37
:1009D000FFFFFFFFFFFFFFFFFFFFFFFFFFFFFFFF27
:1009E000FFFFFFFFFFFFFFFFFFFFFFFFFFFFFFFF17
:1009F000FFFFFFFFFFFFFFFFFFFFFFFFFFFFFFFF07
:100A0000FFFFFFFFFFFFFFFFFFFFFFFFFFFFFFFFF6
:100A1000FFFFFFFFFFFFFFFFFFFFFFFFFFFFFFFFE6
:100A2000FFFFFFFFFFFFFFFFFFFFFFFFFFFFFFFFD6
:100A3000FFFFFFFFFFFFFFFFFFFFFFFFFFFFFFFFC6
:100A4000FFFFFFFFFFFFFFFFFFFFFFFFFFFFFFFFB6
:100A5000FFFFFFFFFFFFFFFFFFFFFFFFFFFFFFFFA6
:100A6000FFFFFFFFFFFFFFFFFFFFFFFFFFFFFFFF96
:100A7000FFFFFFFFFFFFFFFFFFFFFFFFFFFFFFFF86
:100A8000FFFFFFFFFFFFFFFFFFFFFFFFFFFFFFFF76
:100A9000FFFFFFFFFFFFFFFFFFFFFFFFFFFFFFFF66
:100AA000FFFFFFFFFFFFFFFFFFFFFFFFFFFFFFFF56
:100AB000FFFFFFFFFFFFFFFFFFFFFFFFFFFFFFFF46
:100AC000FFFFFFFFFFFFFFFFFFFFFFFFFFFFFFFF36
:100AD000FFFFFFFFFFFFFFFFFFFFFFFFFFFFFFFF26
:100AE000FFFFFFFFFFFFFFFFFFFFFFFFFFFFFFFF16
:100AF000FFFFFFFFFFFFFFFFFFFFFFFFFFFFFFFF06
:100B0000FFFFFFFFFFFFFFFFFFFFFFFFFFFFFFFFF5
:100B1000FFFFFFFFFFFFFFFFFFFFFFFFFFFFFFFFE5
:100B2000FFFFFFFFFFFFFFFFFFFFFFFFFFFFFFFFD5
:100B3000FFFFFFFFFFFFFFFFFFFFFFFFFFFFFFFFC5
:100B4000FFFFFFFFFFFFFFFFFFFFFFFFFFFFFFFFB5
:100B5000FFFFFFFFFFFFFFFFFFFFFFFFFFFFFFFFA5
:100B6000FFFFFFFFFFFFFFFFFFFFFFFFFFFFFFFF95
:100B7000FFFFFFFFFFFFFFFFFFFFFFFFFFFFFFFF85
:100B8000FFFFFFFFFFFFFFFFFFFFFFFFFFFFFFFF75
:100B9000FFFFFFFFFFFFFFFFFFFFFFFFFFFFFFFF65
:100BA000FFFFFFFFFFFFFFFFFFFFFFFFFFFFFFFF55
:100BB000FFFFFFFFFFFFFFFFFFFFFFFFFFFFFFFF45
:100BC000FFFFFFFFFFFFFFFFFFFFFFFFFFFFFFFF35
:100BD000FFFFFFFFFFFFFFFFFFFFFFFFFFFFFFFF25
:100BE000FFFFFFFFFFFFFFFFFFFFFFFFFFFFFFFF15
:100BF000FFFFFFFFFFFFFFFFFFFFFFFFFFFFFFFF05
:100C0000FFFFFFFFFFFFFFFFFFFFFFFFFFFFFFFFF4
:100C1000FFFFFFFFFFFFFFFFFFFFFFFFFFFFFFFFE4
:100C2000FFFFFFFFFFFFFFFFFFFFFFFFFFFFFFFFD4
:100C3000FFFFFFFFFFFFFFFFFFFFFFFFFFFFFFFFC4
:100C4000FFFFFFFFFFFFFFFFFFFFFFFFFFFFFFFFB4
:100C5000FFFFFFFFFFFFFFFFFFFFFFFFFFFFFFFFA4
:100C6000FFFFFFFFFFFFFFFFFFFFFFFFFFFFFFFF94
:100C7000FFFFFFFFFFFFFFFFFFFFFFFFFFFFFFFF84
:100C8000FFFFFFFFFFFFFFFFFFFFFFFFFFFFFFFF74
:100C9000FFFFFFFFFFFFFFFFFFFFFFFFFFFFFFFF64
:100CA000FFFFFFFFFFFFFFFFFFFFFFFFFFFFFFFF54
:100CB000FFFFFFFFFFFFFFFFFFFFFFFFFFFFFFFF44
:100CC000FFFFFFFFFFFFFFFFFFFFFFFFFFFFFFFF34
:100CD000FFFFFFFFFFFFFFFFFFFFFFFFFFFFFFFF24
:100CE000FFFFFFFFFFFFFFFFFFFFFFFFFFFFFFFF14
:100CF000FFFFFFFFFFFFFFFFFFFFFFFFFFFFFFFF04
:100D0000FFFFFFFFFFFFFFFFFFFFFFFFFFFFFFFFF3
:100D1000FFFFFFFFFFFFFFFFFFFFFFFFFFFFFFFFE3
:100D2000FFFFFFFFFFFFFFFFFFFFFFFFFFFFFFFFD3
:100D3000FFFFFFFFFFFFFFFFFFFFFFFFFFFFFFFFC3
:100D4000FFFFFFFFFFFFFFFFFFFFFFFFFFFFFFFFB3
:100D5000FFFFFFFFFFFFFFFFFFFFFFFFFFFFFFFFA3
:100D6000FFFFFFFFFFFFFFFFFFFFFFFFFFFFFFFF93
:100D7000FFFFFFFFFFFFFFFFFFFFFFFFFFFFFFFF83
:100D8000FFFFFFFFFFFFFFFFFFFFFFFFFFFFFFFF73
:100D9000FFFFFFFFFFFFFFFFFFFFFFFFFFFFFFFF63
:100DA000FFFFFFFFFFFFFFFFFFFFFFFFFFFFFFFF53
:100DB000FFFFFFFFFFFFFFFFFFFFFFFFFFFFFFFF43
:100DC000FFFFFFFFFFFFFFFFFFFFFFFFFFFFFFFF33
:100DD000FFFFFFFFFFFFFFFFFFFFFFFFFFFFFFFF23
:100DE000FFFFFFFFFFFFFFFFFFFFFFFFFFFFFFFF13
:100DF000FFFFFFFFFFFFFFFFFFFFFFFFFFFFFFFF03
:100E0000FFFFFFFFFFFFFFFFFFFFFFFFFFFFFFFFF2
:100E1000FFFFFFFFFFFFFFFFFFFFFFFFFFFFFFFFE2
:100E2000FFFFFFFFFFFFFFFFFFFFFFFFFFFFFFFFD2
:100E3000FFFFFFFFFFFFFFFFFFFFFFFFFFFFFFFFC2
:100E4000FFFFFFFFFFFFFFFFFFFFFFFFFFFFFFFFB2
:100E5000FFFFFFFFFFFFFFFFFFFFFFFFFFFFFFFFA2
:100E6000FFFFFFFFFFFFFFFFFFFFFFFFFFFFFFFF92
:100E7000FFFFFFFFFFFFFFFFFFFFFFFFFFFFFFFF82
:100E8000FFFFFFFFFFFFFFFFFFFFFFFFFFFFFFFF72
:100E9000FFFFFFFFFFFFFFFFFFFFFFFFFFFFFFFF62
:100EA000FFFFFFFFFFFFFFFFFFFFFFFFFFFFFFFF52
:100EB000FFFFFFFFFFFFFFFFFFFFFFFFFFFFFFFF42
:100EC000FFFFFFFFFFFFFFFFFFFFFFFFFFFFFFFF32
:100ED000FFFFFFFFFFFFFFFFFFFFFFFFFFFFFFFF22
:100EE000FFFFFFFFFFFFFFFFFFFFFFFFFFFFFFFF12
:100EF000FFFFFFFFFFFFFFFFFFFFFFFFFFFFFFFF02
:100F0000FFFFFFFFFFFFFFFFFFFFFFFFFFFFFFFFF1
:100F1000FFFFFFFFFFFFFFFFFFFFFFFFFFFFFFFFE1
:100F2000FFFFFFFFFFFFFFFFFFFFFFFFFFFFFFFFD1
:100F3000FFFFFFFFFFFFFFFFFFFFFFFFFFFFFFFFC1
:100F4000FFFFFFFFFFFFFFFFFFFFFFFFFFFFFFFFB1
:100F5000FFFFFFFFFFFFFFFFFFFFFFFFFFFFFFFFA1
:100F6000FFFFFFFFFFFFFFFFFFFFFFFFFFFFFFFF91
:100F7000FFFFFFFFFFFFFFFFFFFFFFFFFFFFFFFF81
:100F8000FFFFFFFFFFFFFFFFFFFFFFFFFFFFFFFF71
:100F9000FFFFFFFFFFFFFFFFFFFFFFFFFFFFFFFF61
:100FA000FFFFFFFFFFFFFFFFFFFFFFFFFFFFFFFF51
:100FB000FFFFFFFFFFFFFFFFFFFFFFFFFFFFFFFF41
:100FC000FFFFFFFFFFFFFFFFFFFFFFFFFFFFFFFF31
:100FD000FFFFFFFFFFFFFFFFFFFFFFFFFFFFFFFF21
:100FE000FFFFFFFFFFFFFFFFFFFFFFFFFFFFFFFF11
:100FF000FFFFFFFFFFFFFFFFFFFFFFFFFFFFFFFF01
:10100000D10020434D1600600000000000000000E9
:101010002010006000100060000805600000000063
:10102000000000600014050000000000FFFFFFFF4B
:10103000FFFFFFFFFFFFFFFFFFFFFFFFFFFFFFFFC0
:10104000FFFFFFFFFFFFFFFFFFFFFFFFFFFFFFFFB0
:10105000FFFFFFFFFFFFFFFFFFFFFFFFFFFFFFFFA0
:10106000FFFFFFFFFFFFFFFFFFFFFFFFFFFFFFFF90
:10107000FFFFFFFFFFFFFFFFFFFFFFFFFFFFFFFF80
:10108000FFFFFFFFFFFFFFFFFFFFFFFFFFFFFFFF70
:10109000FFFFFFFFFFFFFFFFFFFFFFFFFFFFFFFF60
:1010A000FFFFFFFFFFFFFFFFFFFFFFFFFFFFFFFF50
:1010B000FFFFFFFFFFFFFFFFFFFFFFFFFFFFFFFF40
:1010C000FFFFFFFFFFFFFFFFFFFFFFFFFFFFFFFF30
:1010D000FFFFFFFFFFFFFFFFFFFFFFFFFFFFFFFF20
:1010E000FFFFFFFFFFFFFFFFFFFFFFFFFFFFFFFF10
:1010F000FFFFFFFFFFFFFFFFFFFFFFFFFFFFFFFF00
:10110000FFFFFFFFFFFFFFFFFFFFFFFFFFFFFFFFEF
:10111000FFFFFFFFFFFFFFFFFFFFFFFFFFFFFFFFDF
:10112000FFFFFFFFFFFFFFFFFFFFFFFFFFFFFFFFCF
:10113000FFFFFFFFFFFFFFFFFFFFFFFFFFFFFFFFBF
:10114000FFFFFFFFFFFFFFFFFFFFFFFFFFFFFFFFAF
:10115000FFFFFFFFFFFFFFFFFFFFFFFFFFFFFFFF9F
:10116000FFFFFFFFFFFFFFFFFFFFFFFFFFFFFFFF8F
:10117000FFFFFFFFFFFFFFFFFFFFFFFFFFFFFFFF7F
:10118000FFFFFFFFFFFFFFFFFFFFFFFFFFFFFFFF6F
:10119000FFFFFFFFFFFFFFFFFFFFFFFFFFFFFFFF5F
:1011A000FFFFFFFFFFFFFFFFFFFFFFFFFFFFFFFF4F
:1011B000FFFFFFFFFFFFFFFFFFFFFFFFFFFFFFFF3F
:1011C000FFFFFFFFFFFFFFFFFFFFFFFFFFFFFFFF2F
:1011D000FFFFFFFFFFFFFFFFFFFFFFFFFFFFFFFF1F
:1011E000FFFFFFFFFFFFFFFFFFFFFFFFFFFFFFFF0F
:1011F000FFFFFFFFFFFFFFFFFFFFFFFFFFFFFFFFFF
:10120000FFFFFFFFFFFFFFFFFFFFFFFFFFFFFFFFEE
:10121000FFFFFFFFFFFFFFFFFFFFFFFFFFFFFFFFDE
:10122000FFFFFFFFFFFFFFFFFFFFFFFFFFFFFFFFCE
:10123000FFFFFFFFFFFFFFFFFFFFFFFFFFFFFFFFBE
:10124000FFFFFFFFFFFFFFFFFFFFFFFFFFFFFFFFAE
:10125000FFFFFFFFFFFFFFFFFFFFFFFFFFFFFFFF9E
:10126000FFFFFFFFFFFFFFFFFFFFFFFFFFFFFFFF8E
:10127000FFFFFFFFFFFFFFFFFFFFFFFFFFFFFFFF7E
:10128000FFFFFFFFFFFFFFFFFFFFFFFFFFFFFFFF6E
:10129000FFFFFFFFFFFFFFFFFFFFFFFFFFFFFFFF5E
:1012A000FFFFFFFFFFFFFFFFFFFFFFFFFFFFFFFF4E
:1012B000FFFFFFFFFFFFFFFFFFFFFFFFFFFFFFFF3E
:1012C000FFFFFFFFFFFFFFFFFFFFFFFFFFFFFFFF2E
:1012D000FFFFFFFFFFFFFFFFFFFFFFFFFFFFFFFF1E
:1012E000FFFFFFFFFFFFFFFFFFFFFFFFFFFFFFFF0E
:1012F000FFFFFFFFFFFFFFFFFFFFFFFFFFFFFFFFFE
:10130000FFFFFFFFFFFFFFFFFFFFFFFFFFFFFFFFED
:10131000FFFFFFFFFFFFFFFFFFFFFFFFFFFFFFFFDD
:10132000FFFFFFFFFFFFFFFFFFFFFFFFFFFFFFFFCD
:10133000FFFFFFFFFFFFFFFFFFFFFFFFFFFFFFFFBD
:10134000FFFFFFFFFFFFFFFFFFFFFFFFFFFFFFFFAD
:10135000FFFFFFFFFFFFFFFFFFFFFFFFFFFFFFFF9D
:10136000FFFFFFFFFFFFFFFFFFFFFFFFFFFFFFFF8D
:10137000FFFFFFFFFFFFFFFFFFFFFFFFFFFFFFFF7D
:10138000FFFFFFFFFFFFFFFFFFFFFFFFFFFFFFFF6D
:10139000FFFFFFFFFFFFFFFFFFFFFFFFFFFFFFFF5D
:1013A000FFFFFFFFFFFFFFFFFFFFFFFFFFFFFFFF4D
:1013B000FFFFFFFFFFFFFFFFFFFFFFFFFFFFFFFF3D
:1013C000FFFFFFFFFFFFFFFFFFFFFFFFFFFFFFFF2D
:1013D000FFFFFFFFFFFFFFFFFFFFFFFFFFFFFFFF1D
:1013E000FFFFFFFFFFFFFFFFFFFFFFFFFFFFFFFF0D
:1013F000FFFFFFFFFFFFFFFFFFFFFFFFFFFFFFFFFD
:10140000814205D051F8043B40F8043B8242F9D8B0
:10141000704700BF044A05494FF0000342F8043BFF
:101420009142FBD8704700BFC0DE002060FC012065
:101430002DE98848BFF34F8F00BF00BF00BF00BF3A
:1014400000F090FD684B0822C3F8542100BF00BF94
:1014500000BF00BF00BF00BF00BF00BF00BF00BF94
:1014600000BF00BF00BF00BF00BF00BF5F4A6049B0
:101470006048FFF7C5FF604A60496148FFF7C0FF59
:10148000604CFFF7C7FF4FF470004FF0E0210023DE
:101490005D4AC1F8880D44F823200133B02BFAD1FE
:1014A0005A4B80215A4A03F8011B9342FBD14FF05B
:1014B000E0254D4E4FF08039DFF884B1DFF884A18C
:1014C0004FF0FF31C5F8084D0027C6F80491C6F863
:1014D00000B1C6F8F490C6F8F0A0D5F8243DDFF8C6
:1014E000688143F4E0234B4AC5F8243DD8F81C300A
:1014F00023F07F0343F04003C8F81C30D8F82430B1
:1015000023F07F0343F04003C8F824309166D1668E
:101510001167516700F02EFD3F4B4049A363404BDC
:10152000E36363236B610323AF612B613D4BC5F81C
:10153000203DD5F8FC3D43F08073C5F8FC3D3A4BA7
:101540001A6842F001021A605B680B6000F05EFFEF
:10155000C6F804913548C6F800B1C6F8F490C6F84C
:10156000F0A001F01DF9D8F86C10314B314A41F46C
:101570004051C8F86C101F60C3F80871C3F81871A7
:10158000C3F82871C3F83871936BDB0708D442F6AF
:101590001563294951651365936B43F00103936308
:1015A000244A264C936843F00113936000F06CFDCD
:1015B00001F090F801F0D8F800F056FF00F0D4FCEC
:1015C0002368132BFCD900F0E7FF2368B3F5967F5F
:1015D000FBD300F0CDFC00F0C9FC01F0B1F801F044
:1015E000D7F830BFFDE700BF00800D4044FC03008A
:1015F000DC2A006000000000C0DE00202427046018
:101600000000002000DC0020FD9C020000E400E05F
:10161000A0E400E000C00A40E5820200A0F501203D
:10162000E982020000002020001000E00046C323F1
:101630000040084000400D400000C056A4F50120C5
:101640001B1018200C0D111300C00F40054B4FF458
:101650002A01054A05485A641864054A9963954663
:10166000FFF7E6FE00C00A40FFFFAAAA070020001D
:1016700000000420F0B540F655168DB00F46054623
:101680008E4228BF0E4672B62E4B00244FF496723F
:10169000186021462C4B2D481C8001F07DF8C7B105
:1016A00021462A484FF0010C4A0901F01F0301317D
:1016B00050F822400CFA03F38E4243EA040340F848
:1016C0002230F1D8284600234380013364309E4203
:1016D000FAD81F4C257815B162B60DB0F0BD0820C0
:1016E00001F046F81B4B80220646009302A90693A0
:1016F000194B0271056008A8029301F025F806A9AC
:1017000045F6BF52304601F037F8069B08A8DB6863
:101710009847009B02A8DB6898472378002BDBD111
:101720000E4B0F4AC3F858210E49D0204FF0E0234A
:10173000402281F84600C3F808210123237062B6D5
:101740000DB0F0BD48070120D6FB01205007012055
:1017500001FC01207C8100204D16000000DC0020EF
:101760005916000000E400E0204B002030B4C3E92B
:101770002000C3E92200C3E92400C3E92600C3F81E
:10178000A800BFF34F8F4FF0E0231949194AC3F85F
:10179000701FC3F8702FBFF34F8FBFF36F8F164BBF
:1017A0000146164C01229D6804F6DC749D601863A6
:1017B000134B44F81C0C184602330088A34212FA5B
:1017C00080F21144F7D192B20C4B42EA0142C3F8C5
:1017D000DC2FBFF34F8F4FF0E023094AC3F8682F87
:1017E000BFF34F8FBFF36F8F30BC704700FF2720D0
:1017F00080FF2720A0FF272000800F4000F0272037
:10180000C0FF2720B24BD3F880200B2A2DE9F047E8
:101810000D461BD14FF0FF30AE49AF4BAF4E01F13B
:10182000040C5040202400F00102013C03FB02F2B2
:1018300082EA5000F7D1B44502D04A686146EEE72B
:10184000DFF88C82D8F8A830984279D02B6817221C
:10185000A34928465B689847284600F095FF2B6807
:101860004822A0495B6828469847284600F08CFF2C
:101870002B6849229C495B6828469847284600F017
:1018800083FF2B68242299495B682846984728469D
:1018900000F07AFF2B68472295495B6828469847F5
:1018A000284600F071FF2B683F2292495B6828466A
:1018B0009847284600F068FF8F4B9C68A2070DD51B
:1018C0001A6B8E4B9A422B6800F0748140228C492F
:1018D0005B6828469847284600F056FF670700F1E6
:1018E0005F81260700F15281E00600F14581A106E3
:1018F00000F13881620600F12B81230600F1DD80C2
:1019000014F4807440F0AD80714BD3F8C06096B190
:10191000D3F8DC700122C0337A48194602330988B3
:10192000834212FA81F21444F7D193B243EA04439A
:101930009F4200F07C81FFF717FF0120BDE8F08790
:101940002B680C22704928465B689847284600F0AF
:101950001BFF2A68D8F8A49028466C4BD2F804A044
:10196000A3FB09276A497F09A3FB072326225E09F7
:10197000C8F8A460D04767490A222846A1FB06316F
:101980002346090901EB4101A6EBC10100F0D4FE99
:101990002B68C6EB061601225B6828465E4998470D
:1019A0002346A7EB86010A222846C7EB071700F05B
:1019B000C3FE2B68012258495B6828469847234696
:1019C000A9EB87010A22284600F0B6FE284600F05F
:1019D000DBFE2B68242251495B6828469847234642
:1019E0001022D8F89810284600F0A6FE284600F0ED
:1019F000CBFED8F88860002E40F0DF80344ED6F859
:101A00008C40002C40F0FA802B6822224449284662
:101A10005B6898472E4B0221284693ED280AB7EEC3
:101A2000C00A00F0C1FE2B6805223E495B682846CB
:101A300098472B681D223C495B68284698473B4ADB
:101A40003B48002311680A22A0FB01012846890CAB
:101A500000F072FE2B68042236495B6828469847DE
:101A60002AE72B682922344928465B68984728468C
:101A700000F08AFE2049286821228B6844682846A5
:101A800023F480738B602D49A047284600F07CFE2C
:101A90002B6842222A495B6828469847284600F06E
:101AA00073FE284A284B07211964936B43F04003C7
:101AB0009363BFF34F8F30BFFDE72B68212223498B
:101AC00028465B689847284600F05EFE18E700BF8E
:101AD00000FF272080FF27202083B8EDA8FF2720C4
:101AE000C4B70020DCB7002028B8002074B800205C
:101AF0009CB80020E4B8002000800F40F100AD0B3E
:101B000070B90020DCFF2720B0B2002089888888C7
:101B1000C0B20020ABAAAAAAF09B0020E8B2002025
:101B200070B7002094B700209CB7002008CC00209C
:101B300083DE1B43BCB70020A4BA0020D0BA00202B
:101B4000F4BA002000400D4000C00A4080BA0020D6
:101B50002B6821229C4928465B689847284600F05C
:101B600013FECAE62B682922984928465B689847E5
:101B7000284600F009FEBDE62B6826229449284637
:101B80005B689847284600F0FFFDB0E62B682A22E4
:101B9000904928465B689847284600F0F5FDA3E683
:101BA0002B6827228C4928465B689847284600F016
:101BB000EBFD96E6482289498AE62B680822884987
:101BC00028465B68984723461022D8F88810284694
:101BD00000F0B2FD284600F0D7FDF40769D4B00745
:101BE00000F15381310700F14481F20600F15D817B
:101BF000B30667D52B682A227A495DE02B68082254
:101C0000794928465B68984700231022D6F88C1043
:101C1000284600F091FD284600F0B6FDA00767D4E5
:101C200061007FF5F1AE2B681B22704963E001244F
:101C3000DFF8F4A1DFF8F491DFF8D48105E0013496
:101C4000072C3FF478AED8F8C060631E012707FA6E
:101C500003F23242F3D009EB83062B680E22514681
:101C60005B68284698472146284600F071FD2B689E
:101C700005225F495B6828469847716800230A225D
:101C8000284600F059FD2B6804225A495B68284613
:101C90009847716800231022284600F04DFD2B68FC
:101CA0003A4655495B6828469847284600F06CFD3F
:101CB000C5E72B68282251495B6828469847284683
:101CC00000F062FD37063CD4F4051BD4B00500F1EA
:101CD000D880710500F1D180320500F1E280F30473
:101CE00000F1DB80B70416D52B68312244490CE0A3
:101CF0002B682622434928465B689847284600F00F
:101D000043FD81E62B6820223F495B6828469847BF
:101D1000284600F039FD340440D4F0032ED4B1033A
:101D200000F1B78072034BD4330300F1C680F70192
:101D300000F1BF80B4017FF561AE2B681B223349EF
:101D40001FE02B682122324C284632495B689847B5
:101D500010220023D4F89010284600F0EDFCD4F8AF
:101D600090201F2A64D92C4B9A4203D320339A42E5
:101D7000C0F0A780284600F007FDA5E72B682322C6
:101D800026495B682846224E9847284600F0FCFC0E
:101D9000D6F88C40002C3FF437AE2FE72B68212279
:101DA0001F4928465B689847194900231022D1F83B
:101DB0009410284600F0C0FC284600F0E5FCACE793
:101DC0002B6828221749DCE75CBA002030BA0020D3
:101DD00008BA0020DCB90020B4B9002024B90020E2
:101DE00010B30020C0B3002020B7002054B700205B
:101DF00048BB002050BB00206C9900201CB3002081
:101E0000E4B500202CB70020D4B4002004B7002093
:101E100000FF2720ECB3002060FC01203CB600202E
:101E200018B6002094B6002038BB0020C0FF272041
:101E30002B681E22264928465B689847D4F89810DC
:101E400000231022284600F077FC2B683E2221490F
:101E50005B6828469847D4F898100023102228463B
:101E600000F06AFC2B681D221B495B6828469847D6
:101E700080E72B68292219491EE72B68442218495C
:101E800043E72B682C2217493FE72B68212216498C
:101E900012E72B683222154973E72B683322144965
:101EA00033E72B683F2213492FE72B68252212497D
:101EB00002E72B682822114963E72B681622104994
:101EC0005FE72B6841220F4928465B68984751E736
:101ED00010B4002030B4002070B400206CB3002097
:101EE00028B50020F8B4002048B3002060B60020D8
:101EF000B0B5002070B5002098B30020D8B60020FF
:101F0000C0B6002090B40020124BD3F880300B2BC9
:101F10001ED14FF0FF32104830B5104D104C01E08B
:101F20006B68754605F1040E5A40202102F001034A
:101F3000013900FB03F383EA5202F7D1A645EFD142
:101F4000044BD3F8A800801AB0FA80F0400930BDE5
:101F50000020704700FF27202083B8ED80FF272056
:101F6000A8FF2720704700BF704700BF704700BF21
:101F700000BF704710B44FF0E02300211024314817
:101F8000C3F8941DC3F89C4D1124C3F8A00D2E482E
:101F9000C3F89C4D1224C3F8A00D2C48C3F89C4DE7
:101FA0002B4AC3F8A00D2B4C42F015022A48C3F867
:101FB0009C4DC3F8A00D294C2948C3F89C4DC3F88B
:101FC000A00D284CC3F89C2D2748284AC3F8A04DE3
:101FD000C3F89C0D264CC3F8A02D264AC3F89C4D8F
:101FE0002548C3F8A02D254AC3F89C0D244CC3F8FE
:101FF000A02D02F17C42C3F89C4DC3F8A02D02F144
:10200000805220480C32C3F89C0DC3F8A02D00BFAD
:1020100000BF00BF00BF00BF0122C3F8942DBFF373
:102020004F8FBFF36F8FC3F8501FBFF34F8FBFF3B6
:102030006F8FD3F8142D5DF8044B42F44032C3F88F
:10204000142D70473F0000102500080709001000FC
:1020500060FC012013002000210002071400002072
:1020600025000803090000101600202027000B039C
:102070001700004033001013180000602F000B07FA
:10208000190000701A000080F0B5B84B1822B84E45
:102090000120B84F83B0C3F85C62B749C3F86072DF
:1020A000B64DC3F86462A6F53046B54CC3F8686215
:1020B000C3F86C52C3F87052C3F87452C3F8785224
:1020C00048F20C75DA661A675A679A67DA67C3F8D6
:1020D0008020C3F88420C3F88820C1F82C03A94AC3
:1020E000C1F83003C1F83403C1F83803C1F83C0328
:1020F000C1F85003A169A44B0A40A448A449134362
:10210000A44AA361D4F8843043F00C03C4F88430AB
:102110004FF0FF34036843F00203036003682B4071
:102120004FF400551A439C4B026044608A689B4CF4
:1021300013409B4A43F000538360C36823F0780345
:10214000C360036A134023430362036A1340954A42
:102150002343954C43628262C2620022D1F8B830B8
:1021600023F03F0343F00103C0F8B830D1F8BC308E
:102170008E4923F03F0343F00103C0F8BC3040F226
:102180000563026105660467C0F8803045664467F0
:102190000224C0F88430036823F0020303608161E5
:1021A000834B8449C46143F8042B8B42FBD1774AAB
:1021B000136843F001031360136813F00103FBD1AC
:1021C0007A48022140F2F564906140F29940D16171
:1021D00040F26641C2F8004242F20144C2F81012D5
:1021E0007549C2F82002C2F8301240F235417348F6
:1021F000C2F83442C2F84012714CC2F8500242F2A6
:1022000001207049C2F854120121C2F86042C2F89C
:1022100064025E48C2F8A030C2F8A430C2F8B01020
:102220004369DA07FCD5012300244FF48032574973
:102230004361C0F8A040C0F8A420C0F8B0304B699A
:10224000DB07FCD5012300244FF400304F4A4B61DB
:10225000C1F8A040C1F8A400C1F8B0305369DF074D
:10226000FCD501230024584848495361C2F8A040D6
:10227000C2F8A400C2F8B0304B69DE07FCD5D1F833
:10228000003145F60D5221209BB24861934265D141
:1022900000244FF4802201233C48C1F8A040C1F83B
:1022A000A420C1F8B0304369DD07FCD501234FF409
:1022B00000040021354A4361C0F8A040C0F8A410D2
:1022C000C0F8B0305369DC07FCD501234FF400049B
:1022D0004FF480302D495361C2F8A040C2F8A400E9
:1022E000C2F8B0304B69D807FCD501234FF4000485
:1022F0004FF40030254A4B61C1F8A040C1F8A4005A
:10230000C1F8B0305369D907FCD501234FF400045C
:102310002D481E495361C2F8A040C2F8A400C2F87B
:10232000B0304B69DA07FCD5D1F8003145F60D52D3
:1023300021209BB24861934250D008254FF40004FD
:1023400022490020224B234A009015705A1A01237B
:102350002148224400F004FA03B0F0BD1E4B0022D5
:10236000C3E90022C3E9022203B0F0BD00801F4090
:10237000F9B00100F910010000841F40F97001005C
:1023800000C00F40FFFCFF1F000300A000402A40D8
:1023900000802A401200FFFFFF37F7004000008056
:1023A00000FFF07CFF000F8363000200F05AF05A38
:1023B00000422A4000432A409F041830EB06180AC6
:1023C0003806180A063201260400030000001070C7
:1023D000000000701CFC0120207101204FF400045B
:1023E0004FF4802201230848C1F8A040C1F8A4207E
:1023F000C1F8B0304369DB07FCD5012310254FF04D
:10240000807443619CE700BF00402A40F0B4154A45
:1024100040274FF480314FF480564FF400554FF46D
:10242000404443F24200136913F0020F0ED113F43B
:10243000005F0FD013F4805F0ED0002BF3DA13F49B
:10244000803F0BD15B060BD5F0BC704794615161A6
:102450009061E8E75561E6E75661E4E79161E2E7FC
:102460005761E0E700800D403F4A03203F49F3EE0B
:10247000095AD2F880304FF0000C9FED3D6A23F0EE
:1024800001039FED3C5A30B4C2F88030C2F890008E
:10249000D1F8E010384DCBB2384C39482B6007EEFC
:1024A000903A0B0DC1F30B21F8EEE77A06EE903A65
:1024B00007EE101A334BB8EEC77A2160F8EEE66AE1
:1024C000314937EEC66A37EEC55A76EEC76A77EEFF
:1024D000E57A26EE266AC3ED006A25EE265AD2F882
:1024E000803067EEA64AC0ED007AC6EE275A27482C
:1024F00085EE276AC4EEA76A75EE875AFCEEE55AA8
:1025000036EE076A15EE904ABCEEC66A43EA0453FB
:1025100076EE877AC2F8803016EE103AD2F8904103
:10252000FCEEE77A01EA0341214317EE903AC2F844
:102530009011C3F30B03D2F890110B431449C2F866
:102540009031D2F8803043F00203C2F88030114B52
:1025500080F840C0C1F840314FF0E023012230BC88
:10256000C3F80821704700BF00810D4000441F40A0
:102570000000AA420000B44290F501208CF5012031
:1025800094F5012098F501200000FF0F00E400E021
:1025900000DC0020E99E0200314B40F6617210B56C
:1025A000C3F8202140F2044400F0EAF82D4A2E49F5
:1025B000D2F880302D4843F00303C2F880302C4B12
:1025C000C1F8604102681A4203D1D1F8A8319A07D4
:1025D0001BD0254A4FF00041244B5963D2F84031BB
:1025E00043F00203C2F84031D2F840319B07FBD4DC
:1025F0004FF400304FF0E0211C4B4FF00042C1F887
:102600008C0219209A6300F0A7F8184A4FF0804016
:10261000154C002190630A20164B11604FF4607234
:10262000C4F8A801184600F0B7F84FF4800203463A
:102630004FF4810040F243111860C4F858311A6415
:102640000D4B0E4AC4F84811C3F804224FF0E022A3
:102650004FF400310123C2F80C11C4F8403110BD11
:1026600000800D4000C00F4000002E4000900D4043
:10267000001C1E000000002000DC002009A1020058
:1026800008B50E4B1B6E9B0700D4FBBE72B60C4BFD
:1026900000200C4AC3F8400103F160430A49A3F546
:1026A0005F2311649D46BFF34F8F4FF4001307481B
:1026B000074ADB6902609B68984700BF00441F40DF
:1026C00000002E4000C00A400300200000802020AF
:1026D000000012EB104BA020104AD96E41F440319B
:1026E00010B4D96640F23764D96E41F44071D966AE
:1026F00054649064936C1B06FCD4094A40F2376121
:10270000A02351649364936C13F08003FBD1054ABA
:1027100013705DF8044B704700C00F4000400C4040
:1027200000800C401AFC0120F8B500BFF8BC08BCC2
:102730009E467047000000005FF800F0CD8E02005A
:102740005FF800F0F5B603005FF800F0C116000076
:102750005FF800F07D8E02005FF800F0A5940200A3
:102760005FF800F055B702005FF800F0B19B02007F
:102770005FF800F0C59A02005FF800F0058C0200D7
:102780005FF800F059A802005FF800F0958E020093
:102790005FF800F03DAF00005FF800F0B9B503004E
:1027A0005FF800F0B59102005FF800F0F98E0200CA
:1027B000810F0000352E000071300000C946000076
:1027C000794E00008D510000D1A50000FDD1000020
:1027D0004502010081B40100CDBB010081F0010080
:0827E000798D0200D5BB020057
:1027E80000110000010000002C861F4001000000BD
:1027F80001100000010000000000000000000000BF
:1028080002060000030000001C861F4000000000B4
:10281800030700000300000020861F40000000009E
:10282800040800000300000024861F400000000088
:1028380005110000030000002C861F400000000066
:10284800070F000001000000000000000000000069
:10285800080E000001000000000000000000000059
:102868001E170000010000003C861F400000000009
:102878001F1600000100000038861F4000000000FD
:10288800200A000001000000000000000000000015
:10289800210900000300000028861F4000000000F6
:1028A80024100000010000000000000000000000EB
:1028B80025110000010000002C861F4003000000C5
:1028C8002A0700000300000020861F4001000000C6
:1028D8002B060000030000001C861F4001000000BA
:1028E8002C0500000300000018861F4001000000AE
:1028F8002D0400000300000014861F4001000000A2
:102908002E0900000300000028861F400100000077
:102918002F0800000300000024861F40010000006B
:102928001400000018035400650065006E00730071
:10293800790020004D004900440049001803540064
:10294800650065006E007300790064007500690019
:102958006E006F00040309040902B500040100C0F9
:1029680032080B0002020201000904000001020201
:1029780001000524001001052401010104240206B8
:102988000524060001070582031000100904010050
:10299800020A000000070503024000000705830241
:1029A800400000090402000201030000072401009E
:1029B8000125000624020101000624020202000982
:1029C8002403010301020100092403020401010197
:1029D8000009050402400000000005250101010965
:1029E80005840240000000000525010103090403D5
:1029F800000203000000092111010001221C000748
:102A08000585034000040705060340000100000097
:102A18000902B500040100C032080B0002020201DD
:102A2800000904000001020201000524001001054C
:102A38002401010104240206052406000107058279
:102A48000310000509040100020A0000000705033D
:102A580002000200070583020002000904020002C6
:102A680001030000072401000125000624020101DA
:102A780000062402020200092403010301020100E6
:102A880009240302040101010009050402000200EF
:102A9800000005250101010905840200020000006B
:102AA80005250101030904030002030000000921B0
:102AB80011010001221C00070585034000040705D9
:102AC80006034000010000000A060002EF02014070
:042AD80001000000F9
:102ADC0000000000000000000000000000000000EA
:102AEC0000000000000000000000000000000000DA
:102AFC00314B324A324902F1100030B41C7988B0A3
:102B0C001346CC77BFF34F8F4FF0E021C1F85C3FF9
:102B1C0020339842FAD8BFF34F8FBFF36F8FB2F9BF
:102B2C000410B2F90240B2F90600B2F90030029179
:102B3C00B2F90810CDE90034CDE90301B2F90A402D
:102B4C00B2F90C10B2F90E006A46CDE905410790B6
:102B5C0008A900E0136823EAE37342F8043B8A42B5
:102B6C00F8D1009D174B6FEA450C0399019D164C4B
:102B7C006FEA41010298A3F806C06FEA450C22687F
:102B8C00A3F808C06FEA400C99810132A3F80AC07F
:102B9C002260DDE904106FEA41016FEA4000D9813F
:102BAC001880DDE906126FEA41016FEA4202598092
:102BBC009A8008B030BC70470471012000002020BE
:102BCC0000800E4094040120507101206A4BF7EEF6
:102BDC00006A9FED6A6A93ED007A694AB8EE477A0B
:102BEC002DE9F04FC7EE067A664C674D83B020682E
:102BFC004BF6803E2B68654E0193984277EEE67A51
:102C0C00FDEEE77A17EE903A38BF013370459BB270
:102C1C00A2F870305E4B3188D3F8C4705D4A23F84B
:102C2C00171007F10107B6F802C0A2FB0781B6F82E
:102C3C0004B0B6F806A04FEA9111B6F8089001EB73
:102C4C004101A7EB4111C3F8C410D3F88C1101F169
:102C5C00010703EB4101A1F8C8C0A2FB07C1B6F8FC
:102C6C000A804FEA911101EB4101A7EB4111B789A1
:102C7C00F689C3F88C11D3F8541201F1010C03EB53
:102C8C004101A1F890B1A2FB0CB14FEA911101EBFB
:102C9C004101ACEB4111C3F85412D3F81C1301F1F0
:102CAC00010C03EB4101A1F858A2A2FB0CA14FEAC5
:102CBC00911101EB4101ACEB4111C3F81C13D3F89A
:102CCC00E41301F1010C03EB4101A1F82093A2FBE9
:102CDC000C914FEA911101EB4101ACEB4111C3F89E
:102CEC00E413D3F8AC1401F1010C03EB4101A1F88E
:102CFC00E883A2FB0C814FEA911101EB4101ACEB93
:102D0C004111C3F8AC14D3F8741501F1010C03EBA9
:102D1C004101A1F8B074A2FB0C714FEA911101EBC7
:102D2C004101ACEB4111C3F87415D3F83C1601F119
:102D3C00010703EB4101A1F87865A2FB07124FEAEA
:102D4C00921202EB4202A7EB4212C3F83C2605D0CA
:102D5C00013020600D4803B0BDE8F08FDDED017A45
:102D6C0000230D4AF8EE677A084823602B60C2ED09
:102D7C00007A03B0BDE8F08F04CC002000803B4902
:102D8C0000801E4024F50120507101209404012084
:102D9C0080220120ABAAAAAAB86C012070B5154CF0
:102DAC0000F08EFC144D6679201D1BF0EBF8002210
:102DBC007600124930436071204600F01BFC6E799E
:102DCC00281D0F4C76001BF0DDF8002230430D4916
:102DDC006871284600F00EFC6579201D6D001BF013
:102DEC00D1F800222843084960712046BDE87040A4
:102DFC0000F000BCCC6C0120C46C0120CCD60020AF
:102E0C00BC6C0120C8D60020C4D6002070B584B09C
:102E1C00FFF7DCFE03F08EF9284A13680A2B03DC5B
:102E2C000133136004B070BD002625496846254C5B
:102E3C00166007F0A5FD244B0722244D1B68206863
:102E4C00CDE9023204AB13E9060002F019FF31465A
:102E5C00287829F00DF9012002F09AFF0121287839
:102E6C0029F006F92268D37C13B3DD0704D5906AE8
:102E7C004FF0E021C1F800019C0704D5D06A4FF057
:102E8C00E021C1F80401580704D5106B4FF0E02184
:102E9C00C1F80801190704D5506B4FF0E021C1F8B7
:102EAC000C01DB0604D5926B4FF0E023C3F8102124
:102EBC00684607F06DFD04B070BD00BF900E012098
:102ECC0020F501208C0E0120CCCE002007FC012027
:102EDC0008B529F0A3F8064B1A68824203D21A6887
:102EEC000449821A0A60044A01211860116008BD65
:102EFC000C070120982A0120180701207F4B012084
:102F0C007F4A5B687F492DE9F04F2DED028B89B02C
:102F1C0009687D4C7D4E641A7D4DCDE904327D4BA4
:102F2C001F68002307E03A4202D0326845F823209C
:102F3C000133102B09D08B4200FA03F2F3DBE25C75
:102F4C000F2AF2D00133102BF5D1DFF8F8B1DBF8F2
:102F5C0000300133CBF8003007F086FD6E4B8BF858
:102F6C0004001B680293002B00F0BD806B4B4FF0EC
:102F7C00000ADFF8D4910193694B6A4E6A4D0093B5
:102F8C000DE0019B0AF1010A09F1300904330193A8
:102F9C00009B06330093029B534500F0A480BAF1CA
:102FAC00090FEED8C82300224FF0640E602103FBFA
:102FBC000A6314460EFB0AFE1746D3F8C0304FF6D0
:102FCC00FF7C581C734436F813309C4528BF9C4634
:102FDC009F4238BF1F469B181A46A5FB008344F13D
:102FEC00000401394FEA931303EB4303A0EB4313A3
:102FFC00E7D1B2EB0C0364F10002DB1B62F10002BF
:10300C00D90D41EA4221D417C1F31600C3F31601BE
:10301C00014404F0150024F02D0401EB923101441D
:10302C004248A0FB0170400900EB4007C0EB0710C1
:10303C00091A3F4821445B1A62EBE1723D4901FBDE
:10304C0003F100FB0212A3FB0031521800D501332F
:10305C00C3F34F0307EE903A009BB3F87820F8EED9
:10306C00677A07EE102AB8EEC77A77EEC77AF5EED4
:10307C00C07AF1EE10FA00F11C82009BB3F87C30A0
:10308C0007EE103AB8EEC77AC7EE876A019B642741
:10309C00A9F13002C3ED006AC82307FB0AF703FB52
:1030AC000A6113E0D1F8C000441C3844A5FB04C3EA
:1030BC0036F810009B0903EB4303A4EB4313C1F850
:1030CC00C03022F8020F4A453FF45BAFD1F8C43050
:1030DC00D1F8C0001B1A184805FB03F3B0EB731FA3
:1030EC00E0D31088EDE70B4B0025F7EE006A134A8E
:1030FC0018684FF4807612492B462CE0001000E043
:10310C007C19012090530120E8530120A4F50120E3
:10311C009C2A012068190120F0530120DC180120A1
:10312C008019012080220120ABAAAAAA5D414CAED5
:10313C00CF467D67A3BEB351AAAAAA02646401203C
:10314C0094530120D8CF002002170120013342ED07
:10315C00017A082B16D0B2EC017AF1EC017AB4EEBC
:10316C00E67AF1EE10FAF1D5F4EEE67A06FA03F40B
:10317C00F1EE10FAEADD01332043012542ED017A2C
:10318C00082BE8D10DB19F4B18609F4B4FF0000AF4
:10319C009FED9E8A019357469D4BDFF8B0820093BA
:1031AC009C4B02939C4B0393019BCBF8147007939D
:1031BC003C23D8F80450CBF81830984BCBF8087057
:1031CC00ABF81C70CBE903775B680693EB681807C8
:1031DC001DD598F80820D2B1914B1B689A4200F289
:1031EC008681013A01238749934009680B424FF4C9
:1031FC00803303FA02F314BF012200220B42CBF8F6
:10320C00102014BF01230023CBF80C30EB68D90637
:10321C0013D598F8092082B18149013A09688A428C
:10322C0080F25681012101FA02F2764909680A42BC
:10323C0014BF01220022CBF808209A0650D598F82A
:10324C000A3073B15A1E092A00F34B81754B03EBFC
:10325C008203D3ED007A67EE887AFDEEE77ACBED48
:10326C00057AD5F84022704CD378D5F82001002B84
:10327C0004EBC303127C596808BF0021884203D1B8
:10328C0095F8243193422BD005F1100012F020F860
:10329C00D5F84032DB78002B04EBC304D5F8383278
:1032AC00616808BF00218B4240F00C8195F83C32DC
:1032BC00002B40F00781D5F854328BB105F5117411
:1032CC0002E0236E50345BB1E36C5B07F9D500224E
:1032DC0020465034114617F083FB2369002BF3D1A1
:1032EC0098F812303BB1514B514A186803681B686F
:1032FC00934240F02281AB68012B02D1CBE903331E
:10330C00AF60DBF810300BB10223AB6040F204422B
:10331C00EB681A4240F0B180D5F85432002B00F023
:10332C00B58005F51174434EDFF82491A36C31463A
:10333C0020465BB108F03AF9A36C06442146D3F859
:10334C0000C018464A46DCF810309847236E5034BB
:10335C00002BEBD1DBF81030002B4AD1DBF80C3012
:10336C00002B40F09A80009B334AC3E900772B680E
:10337C005B69934240F08C80504608F001FA2D4B6B
:10338C009E4267D1019B0AF1010A06A808F51F6845
:10339C0004330193009B0C330093029B0433029380
:1033AC00039B0433039307F0F3FABAF1040F7FF491
:1033BC00FBAE174803F0D2F8204B1B6833B9204BF7
:1033CC00186818B1036812495B6898471D4B1B7845
:1033DC00002B40F0B6801C4B1A68612A01D10122E7
:1033EC001A6004A807F0D4FA09B0BDEC028BBDE852
:1033FC00F08F28F013FE029B1860DBF81030002BC6
:10340C00B1D1ABE7681901206C1901200000C04450
:10341C00B853012004540120F4530120001000E0A3
:10342C0090530120DC180120441A012018190120A6
:10343C00AD7C000004640120B17C0000C0CF0020F2
:10344C00101901200EFC012014190120E02A012082
:10345C00D8CF0020D5F85432002B93D005F5117538
:10346C005B4CAB6C28462146503513B108F0CAF8BA
:10347C0004442B69002BF4D184E75146554802F0E3
:10348C0051FFD5F85432002B7FF44BAF504E61E70F
:10349C00009A2846504998476EE728F0BFFD029BDA
:1034AC00039A1B68C01A1368834238BF0346136023
:1034BC0059E7B3F87A3007EE103AB8EEC77AC7EE90
:1034CC00876AE3E5002205F5947011F001FFF2E63E
:1034DC00521A42498A5CA2F10F02B2FA82F25209E4
:1034EC00A9E63F4A02EB830353ED0B7AB3E60A2AB3
:1034FC0002F1FF3131D801238B403A4909680B4264
:10350C00A2F1050314BF01210021092BCBF81010E7
:10351C0051D9334B03EB820252ED0F7A67EE887A66
:10352C00FDEEE77A17EE903AB3F5407FD4BF002357
:10353C000123CBF80C30EB6869E6274A51469847D3
:10354C00D9E605F0D1F90368274A5B6993423FF449
:10355C0042AF204A204998473DE7994222DBC91ADD
:10356C001E48415CA1F10F01B1FA81F14909CBF878
:10357C0010101E490968CB1A13445A1E092A20D868
:10358C001B4B03EB820393ED007AF7EE007AB4EE5B
:10359C00E77AF1EE10FACCBF01230023CBF80C3004
:1035AC00EB6834E6012088400E490968084214BFD4
:1035BC0001210021DBE70E4A02EB8303D3ED007AF5
:1035CC00ACE7074A02EB830313ED0B7ADDE700BF90
:1035DC0004640120B8530120D8CF0020E853012007
:1035EC009453012068190120B17C0000F053012094
:1035FC00DC1801204379802B1AD010B55BB90A680E
:10360C00541C06D02A4C2468A21A2A4C24689442D2
:10361C0013D3002010BD7F2BFBD112B10B680133EB
:10362C00F7D04FF0FF330B6004686CB9022010BD6B
:10363C001F4B00201B680B6070474FF0FF330B6073
:10364C00046814BB032010BD1B49A4B21B4AB1F87B
:10365C0000E0D2F88030D2F88410013B5B1A1B07D3
:10366C00F7D0D2F88410022301F1010C22F831308A
:10367C00184602EBC1030CF00F015C80A3F806E0C6
:10368C00C2F8841000229A8010BD0B49A4B20B4AD8
:10369C00B1F800E044EA0E0ED2F88030D2F8841073
:1036AC00013B5B1A1907F7D0D2F884100323DBE730
:1036BC00A4F5012094090120DEFB0120EC08012077
:1036CC002DE9F8439E4C0025271F04F1200866784D
:1036DC0020461AF057FC76003043C0B26070C00729
:1036EC0002D434F8043C1D430834A045EFD1954E68
:1036FC00954CB046DFF86C92258038460837414629
:10370C000022FFF777FFB94508F10408F5D18F4F78
:10371C0097F80C8038461AF035FC4FEA480840EA16
:10372C00080097F80D804FEA48083873781C1AF097
:10373C0029FC40EA0800DFF83082787398F80C9086
:10374C0040461AF01FFC4FEA490940EA090098F874
:10375C000D904FEA490988F80C0008F101001AF0A5
:10376C0011FC40EA090098F80230C0B2D8F80810F1
:10377C0088F80D0013B1002940F0AF8098F80C20A8
:10378C0000F0030002F00302022A40F093800028AC
:10379C0040F09080012298F8030000B15242002BB7
:1037AC0040F08E801046C8E90123002800F0938079
:1037BC0000B2674AD2F88030D2F88410013B5B1A11
:1037CC001907F7D0D2F88430042122F83310591C91
:1037DC0002EBC30301F00F019880C2F884104FF480
:1037EC0080725C48DD805A80002D40F09080BB7860
:1037FC00D7F808C033B1BCF1000F03D0ACF1100CFA
:10380C002CEAEC7C3A7B797B02F0030201F0030199
:10381C00022A6AD1002968D10122F97801B15242F9
:10382C00002B68D07B68934274D011460023C7E903
:10383C000123E9B14942464A0FB2D2F88030D2F89E
:10384C008410013B5B1A1B07F7D0D2F8843004219B
:10385C0022F83310591C02EBC30301F00F019F80B7
:10386C00C2F884104FF40072DD805A80002D4BD1C9
:10387C00394B21881A888A423FD00022374C198054
:10388C003749036822600A689B1A312B10D9304BD8
:10389C0001240268D3F884000A60421C43F83040CB
:1038AC0003EBC001002002F00F024860C3F8842033
:1038BC00BDE8F883022814D19AB94FF0FF326AE7B9
:1038CC00D8F80430934230D000231046C8E90123C5
:1038DC0000287FF46DAF1F4889E7103921EAE171A8
:1038EC004CE71C48C8F8081081E7022909D142B9F5
:1038FC004FF0FF3291E7114699E7184C22680132DC
:10390C00BEE7C7F808C0B3E70368F360B0E7036825
:10391C00B3606CE70CF1D003B3F5805FA8BF4FF434
:10392C008053191201FB022181E701F1D003B3F599
:10393C00805FA8BF4FF48053191201FB022032E7BD
:10394C00C009012098090120DEFB01208409012017
:10395C00EC080120A4F50120E0FB0120B8090120AE
:10396C00A0590120DC09012074090120F8B54FF0A1
:10397C0084439D695A6915400DD0254F01269D61E0
:10398C0095FAA5F4B4FA84F457F8243006FA04F442
:10399C009847A543F4D11F4B9D695A6915400DD02A
:1039AC001D4F01269D6195FAA5F4B4FA84F457F8DD
:1039BC00243006FA04F49847A543F4D1174B9D69BB
:1039CC005A6915400DD0164F01269D6195FAA5F444
:1039DC00B4FA84F457F8243006FA04F49847A54353
:1039EC00F4D1104B9D695A6915400DD00E4F01262C
:1039FC009D6195FAA5F4B4FA84F457F8243006FACC
:103A0C0004F49847A543F4D1BFF34F8FF8BD00BF22
:103A1C00E4D600200040004264D700200080004221
:103A2C00E4D7002000C0004264D800200548064BB3
:103A3C001B1AD90F01EBA301491002D0034B03B1A0
:103A4C0018477047C0DE0020C0DE002000000000D8
:103A5C0008B5054B1BB105490548AFF30080BDE81F
:103A6C000840FFF7E3BF00BF0000000054710120C5
:103A7C00001405600FB400B583B0054805A9019189
:103A8C0014F060F803B05DF804EB04B0704700BFAD
:103A9C008C99002008B40C4B944610B51B7883B05D
:103AAC0093420CD3094C02460B46094854F82C108F
:103ABC00FFF7E0FF06A90598019114F043F803B055
:103ACC00BDE8104001B070471BFC0120BC990020E0
:103ADC008C99002010B5047A82B0036804F00304BA
:103AEC00012C0CD0022C1CD08CB1114B0122642166
:103AFC0010480094FFF7CEFF002002B010BD9A884A
:103B0C00DB68406803EB8203184402B010BDD3E9B4
:103B1C000202D9880244033102EBC102981802B0A8
:103B2C0010BD9B88406800EB830002B010BD00BF45
:103B3C001C99002090840020C388033300EBC30C35
:103B4C0050F833308B421DD910B50C460CEBC1012B
:103B5C00D1E90131516083F08041C3F30170C1F3AD
:103B6C008071107251723CB903280DD123F070434F
:103B7C0010466344136010BD0028F7D1064B104665
:103B8C00136010BD00207047044B01228F210448A4
:103B9C00FFF780FF204610BD689900203499002063
:103BAC008484002070B50B7A84B00C464D68012BD0
:103BBC0014D92846617A194A194B2668002918BF6E
:103BCC001A460390A721174B17480096CDE90125FB
:103BDC000322FFF75FFF204604B070BD4B7AB3B9E8
:103BEC00017A0246006801F0030101290AD0C1885C
:103BFC008268033102EBC102104428442668074A4C
:103C0C006060DEE78388506800EB8300F5E7FFF720
:103C1C0061FF636818446060CCE700BF309B0020F4
:103C2C00389B0020409B0020DC830020014B53F884
:103C3C002000704790970020036810B4027A5C69EA
:103C4C00186902F0030299882044012A00EB8100D4
:103C5C000BD03AB9D3E90212DB880A44033310447F
:103C6C0000EBC3005DF8044B7047DB685DF8044B58
:103C7C00184470472DE9F04F8DB09DF8586000281E
:103C8C0000F045819046027A1F46BE4B22F003029B
:103C9C000D4604460160324302720A689A4215D0FE
:103CAC00B94B0125B948012240F23311FFF7F2FE5E
:103CBC00606818B1237A5B0740F1DB800023236036
:103CCC006360A36028460DB0BDE8F08F0021284644
:103CDC0009AAFFF731FF00B10068AD4B0322C121E7
:103CEC000095CDE90106A948FFF7D4FE2046FFF761
:103CFC00A3FF8146002800F0C880237AB8F1000F9A
:103D0C0000F0698143F00403B842237200F2218170
:103D1C00CDF808900322C4F80480D6219D4B9B4813
:103D2C00CDE90058FFF7B6FEEB88B5F804900333E5
:103D3C00A96808EB890901EBC307002E00F0F1809C
:103D4C00012E00F00981EB6848462A69F9182944CC
:103D5C0028F086FBCDF804900095ED212A69A94640
:103D6C008D4B029203228948FFF794FE2046FFF701
:103D7C00B1FED9F81030D9F81420002118443AF0CB
:103D8C0083F920462668FFF7A5FE227A824623682F
:103D9C0002F00302012A00F0BF80D9889A6803312F
:103DAC0002EBC10213440322F8217848CDF80080BD
:103DBC00CDE901A3794BFFF76DFEB9F80620002A77
:103DCC0000F0FF8020360027CDE906851AE0207A26
:103DDC00B9F8041000F003002368ABEB01010128D3
:103DEC0000F09080DD889868033500EBC500034433
:103DFC005AF8210003444AF8213001370836BA42F8
:103E0C0040F2DE8056E902B8B8F1000F4CDB18F036
:103E1C00804FDCD109AA41462068FFF78DFE0028AF
:103E2C003FD0B9F804505D454CD9069B03EB8B058C
:103E3C009DF82C30022B4DD031D8029303220A9BD3
:103E4C0040F21711514805939DF82D30CDF810B064
:103E5C000393099BCDF800800193514BFFF71AFE99
:103E6C0009A92046FFF79EFE43682B60B9F806208F
:103E7C00C3E713F053FE61684A4B032200914FF4E1
:103E8C009B714248FFF706FE18E760608046464B80
:103E9C000322D9213D480095FFF7FCFD44E7032B95
:103EAC00E4D1424B0725FDE6B9F8043028F0004177
:103EBC00ABEB0303AAEB01015AF8230008444AF8C0
:103ECC0023009AE79DF82C30ABEB0505022B0AEB8F
:103EDC008505B1D1CDF808B00322DDF824B04FF43C
:103EEC008E712A48324BCDF80080CDF804B0FFF724
:103EFC00D1FD584613F084FE00287FD0B9F8062077
:103F0C0028607AE79888636803EB800370E70A25DA
:103F1C0028460DB0BDE8F08F9A88636803EB8203E6
:103F2C0041E7D5E90323294648461A443A4428F088
:103F3C0097FAE3211548CDE90059D5E9033213442A
:103F4C0003223B4402931B4BFFF7A4FDC4F80090E3
:103F5C000CE7194B0225A5E6D5E90323E9194846D8
:103F6C001A4428F07DFACDF804900095A946134B1D
:103F7C000648D5E903210A44E92102920322FFF7FE
:103F8C0089FDF3E655444C4DA8C50020A4840020BF
:103F9C0034C6002094C600205CC7002090C70020C7
:103FAC00E4C7002010C90020C4C60020C8C50020EA
:103FBC0050C80020F0C6002014C6002020C70020E6
:103FCC00079D00950322134B40F22F111248002538
:103FDC00FFF760FD76E623F00403237213F09CFDDB
:103FEC00804640B10D4B0322CC210B48CDE9009506
:103FFC00FFF750FD8CE60A4B032553E6094B0122D3
:10400C004FF491710448CDF800B00825FFF742FD3C
:10401C00054B47E6C8C70020A48400206CC60020CE
:10402C0084C50020A0C80020F0C50020C28803323F
:10403C0008B550F8323000EBC20043B14368C3F30B
:10404C000172032A05D123F07043184408BD1846A9
:10405C0008BD044B01228F210348FFF71BFD0020F4
:10406C0008BD00BF3499002084840020D0B1F8B57D
:10407C000F4606461546002403E028683AF0DCF8A3
:10408C0050B121462A4630680134FFF755FD3946B8
:10409C000028F2D10020F8BD29463046BDE8F84092
:1040AC00FFF780BD00207047014B1870704700BFB0
:1040BC001BFC01200378552B01D00020704743785E
:1040CC00421C442BF9D112F8013F4C2BF5D15378FB
:1040DC004D2BF2D10169C28810B4D0E90234181901
:1040EC00D31C5DF8044B084400EBC300704700BFC1
:1040FC00027A036802F00302012A06D0D9889A6872
:10410C00033102EBC102981870479B88406800EBA2
:10411C0083007047004870471AD900204FF0E02305
:10412C004022C3F808227047F8B5144B144D1C6894
:10413C006E689CB1237A20466BB123686F681B684C
:10414C0098476B68E188DB1BC3F38F12B1EB931FAD
:10415C00A28038BFE2806469002CEBD1084B094A7D
:10416C005B6810889B1B084CC3F38F11B0EB931F3B
:10417C00218038BF1180BFF34F8FF8BD4C07012051
:10418C00001000E0D4FB0120D2FB0120036818478B
:10419C000B680360704700BF0B680360704700BF7B
:1041AC00704700BF30B472B6234D244C2A8804F5F6
:1041BC00967104EB82038B4239D204F22B11501C02
:1041CC00C91A00EB910002E0013282422FD09C46CA
:1041DC0053F8041B0029F7D0B1FA81F04FF00043DB
:1041EC00C34021EA0301CCF8001001B90132144B91
:1041FC002A801A88013291B2198062B6ACEB0403A2
:10420C004FF448649B1004FB03F36FF0630403F654
:10421C001C4304FB00330B4801240068C4541844AD
:10422C00094B1C88944230BC38BF1980704762B669
:10423C00002030BC704700BFD6FB01205007012086
:10424C00CEFB012048070120D0FB0120428872B62A
:10425C000378012B03D9013B037062B67047D1433D
:10426C0053090B484FF0004201F01F01CA4050F8AF
:10427C0023100A430749B1F800C040F823209C459D
:10428C00054A88BF0B801388013B138062B67047C8
:10429C0050070120D6FB0120CEFB0120C36813B9C7
:1042AC001DE0DB68E3B1187A9042FAD110B458687B
:1042BC0093F809C0006950F82C4054B1DB682BB15D
:1042CC00187A9042F3D0DB68002BF9D15DF8044BDF
:1042DC00704740F82C10087801300870EEE77047F2
:1042EC00704700BF437A8B4206D90369002253F80A
:1042FC00210043F821207047002070470022044918
:10430C00C0E90022028102740A680860C26070472A
:10431C007C080120037CFBB903680146FBB14368B0
:10432C00EBB1427A5B7A9A421CD230B472B62B4B08
:10433C001C68ECB1E368C3B1486801E0DB68A3B169
:10434C005A688242FAD193F809C04A7A9445F5D159
:10435C0062B6042030BC7047012062B6704703205F
:10436C0062B67047022062B670476469002CE1D1D6
:10437C001B4C236843B1994202D10BE0994207D000
:10438C001A46DB68002BF9D1052062B630BC7047A9
:10439C0002F10C040D68E868E8B1C3681BB908E0C9
:1043AC00DA683AB1134681421846F9D162B6062052
:1043BC00D0E70346D960CB68002023600123C86096
:1043CC00AA7A2B721A44AA724A68947A13721C4401
:1043DC0094720B74D9E7E960EDE700BF4C0701203C
:1043EC007C08012010B5047C9DF808E00CB101207C
:1043FC0010BD027280F809E0C0E90013BDE810405E
:10440C00FFF788BF38B5037C002B36D043680446D1
:10441C00427A5B7A9A4238D272B60168CB68002B2A
:10442C002DD0984233D01A46DB689C422AD0002B00
:10443C00F9D16268607A136953F8200048B1FFF72C
:10444C0005FF72B662680025607A1369216843F82B
:10445C0020508B7A013BDBB28B7203B90B72937ACF
:10446C00013BDBB2937203B913720A4B00201A683A
:10447C0020741C60E26062B638BD012038BD62B6A3
:10448C00032038BDE368D360D3E7022038BDC3688E
:10449C00CB60CEE77C08012010B50446FFF7B2FFD5
:1044AC00094A136843B19C4202D108E09C4205D0F2
:1044BC001A46DB68002BF9D1204610BD0C32E3689C
:1044CC002046136010BD00BF7C0801200C4B1A78ED
:1044DC009AB90C4A0C4910B4C2F858110B48D024A4
:1044EC0001224FF0E02180F8464040241046C1F8EC
:1044FC0008415DF8044B1A7070470020704700BFEC
:10450C0001FC012000DC00205916000000E400E052
:10451C0000207047704700BF036D0BB1012070473E
:10452C00406D003818BF0120704700BF10B504461D
:10453C00806D18B139F042F80023A365236D2BB1BF
:10454C0004F11800BDE8104021F086BF636D002B0C
:10455C00F6D110BD10B50446806D00B110BD4FF4FE
:10456C00807039F023F8A065B0B10022236D027081
:10457C003BB101464FF48072184621F0BDFBA06D93
:10458C0010BD636D002BE9D001464FF480721846C4
:10459C001FF060F8A06D10BD014B1846A36510BD4F
:1045AC0017FC012038B5056D6DB10BB1002038BD7D
:1045BC001146284620F0DCF80028F7D02846BDE844
:1045CC00384020F077BA446D002CEFD020461DF017
:1045DC0093FC0028EAD02046BDE838401EF006BB0C
:1045EC008A79A2F150031B0622D402F26C72F0B548
:1045FC004B7985B0046D01330D798E784F78DBB231
:10460C0009784CB1204601960095CDE90271022142
:10461C0020F0E4F905B0F0BD406D0028FAD0019609
:10462C000095CDE9027102211EF024FA05B0F0BD0F
:10463C0000207047036D10B50C4682B02BB30DF102
:10464C00060201A918461FF039FC38B3BDF8043036
:10465C00BDF8062053EA020120D0C2F3451C02F03B
:10466C001F00D20AC3F34311400084F801C0A270AA
:10467C005A0A013903F01F0302F5EA622070012087
:10468C0061712371A27102B010BD406D30B10DF19A
:10469C00060201A91DF0D6FA0028D7D1002002B0DD
:1046AC0010BD00BF036D10B50C4682B02BB30DF1DD
:1046BC00060201A918461FF0F1FB38B3BDF804300F
:1046CC00BDF8062053EA020120D0C2F3451C02F0CB
:1046DC001F00D20AC3F34311400084F801C0A2703A
:1046EC005A0A013903F01F0302F5EA622070012017
:1046FC0061712371A27102B010BD406D30B10DF12A
:10470C00060201A91DF08CFA0028D7D1002002B0B6
:10471C0010BD00BF006990B10368154A1B69934234
:10472C0025D1036D63B1187810F0080007D0D86953
:10473C005B69C01A48BF6FF000407047184670475D
:10474C00436D002BFAD093F8310010F00800F6D02E
:10475C00186919685A69401A5B6862EB0303B0F177
:10476C00004F73F10003EAD36FF000407047184715
:10477C0055200000036963B11A68074992698A429F
:10478C0008D1186D08B120F023B9586D08B11DF08F
:10479C00FBBF704718461047251F000000B5006985
:1047AC0083B08DF8071060B10368104ADB68934240
:1047BC0015D1036D43B101220DF10701184620F00C
:1047CC00B3F903B05DF804FB406D0028F9D0012269
:1047DC000DF107011EF07CFA03B05DF804FB012219
:1047EC000DF10701984703B05DF804FBA51F00000D
:1047FC00036973B11A68084952698A4207D1186D66
:10480C0008B11FF041BE586D18B11DF05FBB1846C2
:10481C0010474FF0FF3070474D1E0000036D13B171
:10482C00586900217047436D13B1D3E900017047FB
:10483C0018461946704700BF036D13B1D8690021A3
:10484C007047436D13B1D3E90401704718461946FC
:10485C00704700BFF0B595B000224FF47A74244F26
:10486C001831054604A88DF80C200097CDE90124D9
:10487C00CDE9122221F05CFE129B002B2DD05C2086
:10488C00002627F087FE019B04464660C36004A9FE
:10489C00029B183040F8083C9DF80C3000F8043CA2
:1048AC00144B40F8183C144B40F8103C21F092FD8E
:1048BC00124B4FF47A72A7602B606368A6650133C4
:1048CC006E602E73AA602C6163600D4B04A800937C
:1048DC0021F0C2FD284615B0F0BD139B002BCED1A4
:1048EC00064A2B732A602B61C5E90134EDE700BF42
:1048FC00C87D0020EC7D0020487E00209C7D00209F
:10490C00787B0020836C13B118461FF0BDBDC06CC2
:10491C0008B11DF0DBBA4FF0FF307047036D13B1D7
:10492C0018461FF0B1BD406D08B11DF0CFBA4FF065
:10493C00FF307047036D33B11B7813F0700F14BF49
:10494C00012000207047406D30B190F8313013F0E9
:10495C00500F14BF01200020704700BF10B5044653
:10496C00006D80B1037813F0700F00D110BD0021E1
:10497C001FF0FEFE606D0028F8D000220023BDE879
:10498C0010401DF0B9BA606D0028EFD090F83130AE
:10499C0013F0500FEAD000220023BDE810401DF0A8
:1049AC00ABBA00BF036D13B118461FF099BC406D34
:1049BC0008B11DF0BBB94FF0FF307047836C00B5E8
:1049CC0083B063B101220DF1070118461FF088FC7A
:1049DC0001280CD19DF8070003B05DF804FBC06CF6
:1049EC0028B101220DF107011DF0A0F9F0E74FF0FD
:1049FC00FF30F1E7036D13B118461FF0E9BF406DAE
:104A0C0008B11DF0C1BE7047836C13B118461FF07E
:104A1C00DFBFC06C08B11DF0B7BE7047036923B38C
:104A2C001968134A10B58C6882B0944214D1186D71
:104A3C0048B101220DF107011FF052FC90B19DF815
:104A4C00070002B010BD586D0028F8D001220DF1FE
:104A5C0007011DF06BF9F1E701220DF10701184672
:104A6C00A047EBE74FF0FF30EBE74FF0FF3070471C
:104A7C00D51E0000036D13B1184620F055B8406DDB
:104A8C0008B11EF025B97047836C13B1184620F09D
:104A9C004BB8C06C08B11EF01BB9704700B5836CE5
:104AAC0083B08DF8071043B101220DF107011846B0
:104ABC0020F03AF803B05DF804FBC06C0028F9D084
:104ACC0001220DF107011EF003F903B05DF804FBA0
:104ADC008A79A2F150031B0622D402F26C72F0B553
:104AEC004B7985B0046D01330D798E784F78DBB23C
:104AFC0009784CB1204601960095CDE9027104214C
:104B0C001FF06CFF05B0F0BD406D0028FAD0019687
:104B1C000095CDE9027104211DF0ACFF05B0F0BD8C
:104B2C0000207047036D53B1187810F008000DD0B9
:104B3C00D8695B69C01A48BF6FF000407047436D7D
:104B4C00A3B193F8310010F0080000D17047186938
:104B5C0019685A69401A5B6862EB0303B0F1004FA5
:104B6C0073F10003F2D36FF0004070471846EDE785
:104B7C00836C53B1187810F008000DD0D8695B69BC
:104B8C00C01A48BF6FF000407047C36CA3B193F8D4
:104B9C00310010F0080000D17047186919685A6983
:104BAC00401A5B6862EB0303B0F1004F73F1000332
:104BBC00F2D36FF0004070471846EDE70369D3B1AC
:104BCC000E4810B41C68E46884420FD1186D18B1FB
:104BDC005DF8044B1FF0A8BF586D18B15DF8044B7D
:104BEC001EF076B800205DF8044B7047184623463B
:104BFC005DF8044B18470020704700BFA51F00004C
:104C0C0038B504460C4B806D236018B138F0D6FCD7
:104C1C000023A365236D04F118054BB1284621F040
:104C2C001BFC064B2846A36021F016FC204638BD21
:104C3C00636D002BF2D1F4E7EC7D0020787B002033
:104C4C0038B504460E4B806D236018B138F0B6FCB5
:104C5C000023A365236D04F118056BB1284621F0E0
:104C6C00FBFB084B2846A36021F0F6FB20465C2199
:104C7C0027F094FC204638BD636D002BEED1F0E795
:104C8C00EC7D0020787B002030B4029C11469C46C1
:104C9C0034B1012C1CD0022C0ED0002030BC70473B
:104CAC00056DF5B14FF0FF33934274EB0C04F4D364
:104CBC00284630BC1FF05CBD026D0AB3D36959188D
:104CCC004CF10003002BE8D1104630BC1FF050BD56
:104CDC00026D62B1536959184CF10003002BDCD101
:104CEC00F2E7406D0028D8D030BC1DF005B9406DFE
:104CFC000028D2D0D0E900238A184CEB0303F3E749
:104D0C00406D0028C9D0D0E9042330BC8A184CEB84
:104D1C0003031DF0F1B800BF70B5244B04460569C0
:104D2C000360002D32D06E68013E6E6076BB2B683E
:104D3C001F4ADB6A93422FD1A86D10B138F03EFCAC
:104D4C00AE652B6D23B305F1180021F085FB2569A9
:104D5C00E5B12B68174A5B68934224D1164BA86DBA
:104D6C002B6018B138F02AFC0023AB652B6D05F1D4
:104D7C001806A3B1304621F06FFB104B3046AB60E8
:104D8C0021F06AFB5C21284627F008FC204670BD08
:104D9C006B6D002BD7D1DAE728469847D7E76B6DB8
:104DAC00002BE7D1E9E728469847EFE79C7D0020E8
:104DBC005D1A000071210000EC7D0020787B002042
:104DCC0070B5264B044605690360002D32D06E6821
:104DDC00013E6E6076BB2B68214ADB6A934233D16D
:104DEC00A86D10B138F0EAFBAE652B6D43B305F13D
:104DFC00180021F031FB2569E5B12B68194A5B6875
:104E0C00934228D1184BA86D2B6018B138F0D6FB03
:104E1C000023AB652B6D05F11806C3B1304621F0AC
:104E2C001BFB124B3046AB6021F016FB5C21284675
:104E3C0027F0B4FB2046142127F0B0FB204670BDB0
:104E4C006B6D002BD3D1D6E728469847D3E76B6D13
:104E5C00002BE3D1E5E728469847EBE79C7D002043
:104E6C005D1A000071210000EC7D0020787B002091
:104E7C002DE9F04FFE219DB08B481CF0FFFD10B9C1
:104E8C001DB0BDE8F08F0023884A894908A821F09D
:104E9C00FDFB1A9B002B00F0D8825C20002627F02B
:104EAC0079FB9DF82C300CADDFF82482037500F1F2
:104EBC001807804B0446DDE90912C0E90086C0E9F9
:104ECC00031283602946384621F084FA6368A6658C
:104EDC0028460133784E6360784B0896A36021F026
:104EEC00BBFA774B1B78002B00F08182754BDFF8F7
:104EFC00F081754AC8F8003003F58013734F1360C6
:104F0C00002CBDD023680022DB6BBB4240F03B82FF
:104F1C004FF47A79DFF8A4A104F1180128468DF832
:104F2C002C20CDF820A0CDE90929CDE91A2221F0B9
:104F3C00FFFA1A9B002B00F088815C204FF0000BCD
:104F4C0027F028FB099B8146C0F804B0C3602946B2
:104F5C000A9B183040F8083C9DF82C3000F8043CB3
:104F6C005B4B40F8183C534B40F8103C21F032FAA4
:104F7C00584BC9F808A00393D9F80430C9F858B0B5
:104F8C000133CDF810B08DF818B0C9F804304FF4D7
:104F9C007A73CDF81C9005932846089621F05CFA9C
:104FAC00079B1846002B00F0A5811968DFF834C167
:104FBC000A6B624540F05B811A6D002A00F0968006
:104FCC008B6B45498B4240F0E281137813F0700FE4
:104FDC0000F09D80DDF81C90DFF80CA1D9F80030B2
:104FEC00DB6A534540F02181D9F8580020B138F0E4
:104FFC00E5FA0023C9F85830D9F85030002B00F0EE
:10500C00308109F1180021F027FADDF81C90D9F84D
:10501C000430013BC9F804300093002B7FF470AFCF
:10502C00D9F80020D26A524540F0D881D9F85800FE
:10503C0020B138F0C3FA009BC9F85830D9F8503079
:10504C00002B00F0AF8109F1180021F005FADDF812
:10505C001C90B9F1000F3FF453AFD9F800301F4A40
:10506C005B68934240F00182194BD9F85800C9F89B
:10507C00003020B138F0A2FA0023C9F85830D9F822
:10508C00503009F1180A002B00F0AB81504621F08A
:10509C00E3F95046C9F8086021F0DEF948465C2176
:1050AC0027F07CFA2CE700BF90FF0020C42E0020D4
:1050BC0094FF0020487E0020787B0020C87D0020D3
:1050CC001CFC0120000000704C710120851D0000AB
:1050DC00EC7D00209C7D0020651E000071210000ED
:1050EC0048710120491A00005D1A00005A6D002A0F
:1050FC0000F081828B6BAF4A934240F04881436D44
:10510C002BB193F8313013F0500F7FF463AF83461B
:10511C00DBF80030DFF8C0A25B6B534540F08880B1
:10512C00DBF85890B9F1000F00F0AA8148463BF02B
:10513C006FF9032840F2838004389F4904224844C5
:10514C0035F0DAFE0146002879D1D8F800902022FB
:10515C00484638F099FF079B002B00F029811A680C
:10516C00526B524540F0F9819A6D002A00F0F9819A
:10517C00202148463BF0BAF9079809F1200A00288B
:10518C0000F076810368DFF838B29A6A5A4540F02D
:10519C00CD81026D002A00F0C381D2699B688749DA
:1051AC008B4240F0CD81036D002B00F083811846BB
:1051BC0051461FF095F80798002800F059810368B4
:1051CC009B6A5B4540F0B981036D002B00F0A38115
:1051DC00DA694846514604F033FEDDF81C90B9F10B
:1051EC00000F00F04781D9F80030754A9B6A934252
:1051FC0040F0A981D9F85030002B00F08281DB6996
:10520C00103323F003030433D8F800201A44C8F8F1
:10521C000020B9F1000F3FF473AED9F80030DFF87D
:10522C00A8A1DB6A53453FF4DFAE48469847ECE64D
:10523C00584698478146B9F1000F7FF477AFDDF8F7
:10524C001C90B9F1000FE8D15AE61B9B002B7FF4A0
:10525C0074AE8DF818300793CDE90439594B03938C
:10526C009AE6D9F85430002B7FF4CBAECDE69047BC
:10527C0000287AD1534A079B0392002B3AD05D68E1
:10528C00013D5D60002D35D11A684F49D26A8A42C2
:10529C0040F08581986D20B1009338F08FF9009B18
:1052AC009D651A6D002A00F01C8103F1180021F095
:1052BC00D3F8079DF5B12B68444A5B68934240F0E4
:1052CC001A81434BA86D2B6018B138F077F9002385
:1052DC00AB652B6D05F11807002B00F06A81384681
:1052EC0021F0BAF83846AE6021F0B6F85C212846B9
:1052FC0027F054F96568013D6560002D7FF4C0AD61
:10530C002368314ADB6A934240F04681A06D10B1AC
:10531C0038F054F9A565236D002B00F0E78004F1FB
:10532C00180021F099F82368284A5B68934240F0F2
:10533C002E81274BA06D236018B138F03FF9002364
:10534C00A365236D04F11805002B00F02D81284670
:10535C0021F082F82846A66021F07EF85C212046D8
:10536C001DB0BDE8F04F27F019B9079800283FF49D
:10537C00C7AD03680F4A9B6B934208D1026D002A9C
:10538C003FF4BDAE21E6214603A8984708E69847AE
:10539C0000287FF454AFDDF81CB0BBF1000F7FF494
:1053AC00B7AEADE5D9F85430002B7FF44CAE4EE6D9
:1053BC00084ADDE6651E0000C82E0020D51E000040
:1053CC00691D00009C7D00205D1A00007121000009
:1053DC00EC7D0020183A0020851A000048469047C2
:1053EC0035E6D9F85430002B7FF450AE51E66568A1
:1053FC00013D6560002D7FF443AD23687F4ADB6A75
:10540C0093427BD1A06D10B138F0D8F8A565236D0F
:10541C00002B00F0DD80384621F01EF82368784A16
:10542C005B68934240F0B380A06DC4F8008018B163
:10543C0038F0C4F80023A365236D002B00F0CD8059
:10544C00384621F009F8384685E71B9C002C7FF480
:10545C0024AD0CAD6B4E2846089620F0FDFF6A4B30
:10546C001B78002B7FF442AD0AE54846984747E588
:10547C000022AEE6D8F800301433C8F800303FE50F
:10548C004FF4807038F092F80146CBF858000028A1
:10549C0000F0A98080F80090DBF8500098B14FF430
:1054AC00807220F029FCDBF85890B9F1000F3FF422
:1054BC00C6AE3BE6436D002B3FF481AE1846514619
:1054CC001CF034FC77E6DBF8540018B14FF4807212
:1054DC001EF0C0F8DBF85890B9F1000F3FF4AFAEF6
:1054EC0024E65A6D002A7FF4E0AEE2E6636D002BF1
:1054FC007FF415AF17E728469847FBE620469847F8
:10550C008CE7D9F85430002B4CD01B69103323F0A6
:10551C000303043378E6436D002BA9D01A6958E6CF
:10552C00426D002A3FF43AAE126937E690470246C4
:10553C00079800289CD0036830E69847024648E656
:10554C005146984737E64846984710F11003DDF866
:10555C001C9023F00303043356E61846904702468A
:10556C0006E64FF48070CDE9003238F01FF8009B4E
:10557C000146986500283BD0019A0270186DE8B17D
:10558C004FF4807220F0B8FB009B9A6DF0E520463A
:10559C001DB0BDE8F04F184720469847C3E61846A3
:1055AC00904786E614232FE6636D002B7FF4CFAE75
:1055BC00D0E66B6D002B7FF492AE93E6586D28B15C
:1055CC004FF4807200931EF045F8009B9A6DCFE566
:1055DC00636D002B7FF41FAF20E7636D002B7FF40E
:1055EC002FAF3846B7E6094B9946CBF858309DE5B6
:1055FC00064A9A65BCE5064A039240E65D1A00002D
:10560C0071210000787B00201CFC012017FC01207C
:10561C009C7D002010B5044625F04EFB204610BDA5
:10562C00754AF7EE006A9FED756A052192ED007AD6
:10563C002720734BB8EE477ADA8BC7EE067A22F046
:10564C0008021204120C2DE9F041DA834122A3F86E
:10565C006E100025A3F87420022743F22301A3F84F
:10566C006A50A3F866500126664CDFF8DC8177EEB1
:10567C00E67AFDEEE77A17EE902A92B2A3F8602054
:10568C00A3F87020A3F86C108121A3F87870A3F80C
:10569C006A50DA8B92B242F00802DA83236F43F439
:1056AC004003236727F066F8226A574B142142F413
:1056BC00C01240462262A26A22F00E2242F002225E
:1056CC00A262626F42F003026267042204F5342482
:1056DC00C3F86C21C3F86421C3F88021C3F8682196
:1056EC00C3F840114949C3F830132946C3F87C214B
:1056FC0041F60173C4F8003503F5020303F5714359
:10570C00C4F80034424BC4F880344FF6FF73C4F82D
:10571C000435404BC4F804344FF48853C4F8843433
:10572C004FF47C53C4F808354FF44013C4F80864A4
:10573C00C4F88834384BC4F80451C4F884304FF0A2
:10574C00AA33C4F80432354BC4F80851C4F8883075
:10575C004FF0CC33C4F80832314BC4F80C51C4F8B8
:10576C008C304FF0F033C4F80C322E4BC4F800518F
:10577C00C4F88030236B3343236325F043FAD8F805
:10578C000030294A9F601A60284A9F8208275A6075
:10579C00DFF8B8C098F80410C3F810C008B2DF8264
:1057AC00234ADF836FF00F079D83DD609F6142F812
:1057BC002050204D204F42F82050204898F80420CB
:1057CC00C176998B02F110051D4889B241F0020196
:1057DC009983FF211B4B40F8257003EB521302F009
:1057EC001F029B0006FA02F21A6021616161A1613D
:1057FC00A660BDE8F08100BF04CC002000803B49CE
:10580C0000801E4000C00F4000801F40C0000100FF
:10581C0022260001830B030002118302020A830279
:10582C00020C83020101800080021B400000010178
:10583C0000C00E40010000802100000000800E40DE
:10584C0000DC0020403800380471012000002020CA
:10585C0038B5294B47F6FF7103F1100223F8021BF0
:10586C009342FBD10121202026F03EFC0121062091
:10587C004FF4806426F038FC0121072026F034FC1C
:10588C000121092026F030FC0121082026F02CFCF7
:10589C0002210C2026F028FC184B4FF400324FF458
:1058AC0080504FF40061C3F88800C3F88840C3F8F7
:1058BC0088204FF48032C3F88810C3F88820012167
:1058CC00082026F0D5FB0021082026F0D1FB013C56
:1058DC00F5D10B4D42F20F7404E02B68A34206D8AD
:1058EC0001F04CFC0C2026F0EDFB0028F5D0BDE8B7
:1058FC003840FFF795BE00BF9404012000400042E1
:10590C00A4F50120024A0349034828F095BD00BFC5
:10591C0030D10020452B000004710120264A274B72
:10592C00274910B5146810792269C8779A420BD2AE
:10593C00244A1278002A3CD04FF0E022402103F197
:10594C00600CC2F8081201E09C46603B1E4A1F49DD
:10595C001268096862B359B31D4C2088182827D8DF
:10596C0000F1020E183002EB4E02208001EB4E01CA
:10597C00BFF34F8F03F1200403F1600E4FF0E020D2
:10598C00A645C0F85C3F05D9C0F85C4F03F1400454
:10599C00C0F85C4FBFF34F8FBFF36F8F33F9040B1D
:1059AC0022F8020B9C4533F9020C21F8020BF5D8B6
:1059BC0010BD03F1600CC9E79C0801208000202079
:1059CC0000800E4002FC0120940801209808012060
:1059DC00D8FB0120F8B50646FEF7E4FBC0B104463F
:1059EC00FEF7E0FB054680B172B61E4B1A882F2AD3
:1059FC0017D81D490A6872B362B62046FEF726FC1A
:105A0C002846BDE8F840FEF721BC2046FEF71EFCF8
:105A1C0072B6144B1A882F2A01D862B6F8BD00252D
:105A2C002C4611480022114907681A8004600C6842
:105A3C000D6062B639463046FEF730FC3846FEF74C
:105A4C0005FC304621460122FEF728FC2046BDE825
:105A5C00F840FEF7FBBB0C6004491A80086062B684
:105A6C00F8BD00BFD8FB0120940801209808012044
:105A7C0070B5254C01216FF0BF06244D204625F052
:105A8C00C1F801F077FE022221480021214B42632C
:105A9C0000F5C810C3F8B811A230236818601E486E
:105AAC009A8258601D489E6118612079C3E90221D1
:105ABC0060220FFA80FCDA82DA8306229A83184B72
:105ACC0045F82C10174A45F82C301749174BC87657
:105ADC00C2F88830936843F010439360FEF7F6FCED
:105AEC002279134B0121134C03EB5213207002F15A
:105AFC00100002F01F02104C9B0091400F4A42F81C
:105B0C002040196070BD00BF9C08012000C00E40F1
:105B1C0000801F4000841F40000001012000202055
:105B2C00150000800080384000800E40010000927B
:105B3C004038003802FC01204D2E000000DC002013
:105B4C00024A0349034828F077BC00BF30D100203B
:105B5C00452B00009C080120084B002110B5044681
:105B6C00187826F085FA064B1B681A685466D36DB4
:105B7C0013F4F81FFBD0536F10BD00BF08FC0120BD
:105B8C008C0E0120704700BF704700BF836810B5B2
:105B9C00044613B1032201469847204610BD00BFAE
:105BAC0008B5836803B19847044AD3889BB243F481
:105BBC008043D380BFF34F8F08BD00BF00800B40E4
:105BCC0008B5836803B19847034A137803F0F703C9
:105BDC001370BFF34F8F08BD00400B4038B5134B0B
:105BEC000121134C1878134D26F07EFA20780121F0
:105BFC0026F07AFA2878012126F076FA2878002106
:105C0C0026F036FA0121207826F032FA012026F00F
:105C1C00B1F90021207826F02BFA0A2026F0AAF9F7
:105C2C002078012126F024FA012038BD08FC01203F
:105C3C0009FC012007FC012010B5044625F0CCFD21
:105C4C00204610BD0B4B186888B103680A4A1B68C4
:105C5C0093420DD1836810B503B19847074AD38896
:105C6C009BB243F48043D380BFF34F8F10BD70477A
:105C7C00184700BFE0060120D130000000800B4027
:105C8C0030B482B00C4602AB03E90600C37C002B97
:105C9C0030D072B6C37CDA0708D54FF0E0214569E5
:105CAC00D1F880212A408262C1F880219D0708D555
:105CBC004FF0E0218569D1F884212A40C262C1F8F5
:105CCC008421590708D54FF0E021C569D1F8882106
:105CDC002A400263C1F888211A0708D54FF0E02149
:105CEC00056AD1F88C212A404263C1F88C21DB066D
:105CFC002FD462B683689C4235D0224B84609B695A
:105D0C00214AC3F30111C3F3826352F8211001330A
:105D1C00B1FBF3F2CCB1944227D8B2FBF4F3B2FB53
:105D2C00F3F294422CD3B3F5817F20D3174CC4608B
:105D3C00036803220020019918615A6201221C6435
:105D4C0019661A6102B030BC70479942EFD3531CEC
:105D5C00E9E74FF0E022416AD2F890310B408363BF
:105D6C00C2F89031C5E7C468E2E70024DFE7022BF4
:105D7C00FBD9023B5A08140244EA02441C43D6E7FE
:105D8C001A46E4E700C00F40C0810020FF7F7F006F
:105D9C002DE9F04F85B00290002800F0A280A04BB6
:105DAC0093F800B0BBF1000F00F088809D499E4E27
:105DBC000A78B6F822340192D808B2EBD30F0390CC
:105DCC0005DB00230B70002800F089800193B6F8E6
:105DDC002084B146DFF85CA2B8F1000F75D0019BAE
:105DEC00002513FB08F743460095D846BFB29B46E7
:105DFC0003E0DDB25D45009564DA7919424689B25B
:105E0C000E1D0AEB01044E442146304638F070F862
:105E1C0008EB05030028ECD0844F0021DFF8248226
:105E2C00A9463878354626F023F97E4BD8F8002061
:105E3C00197812685039C9B25166D36D13F4F81F32
:105E4C00FBD0DFF804A2516F9AF80010002900F083
:105E5C00D18009F00F015166D36D13F4F81FFBD0FC
:105E6C004FEA1913516F43F010035366D36D13F4BB
:105E7C00F81FFBD038780121536F26F0F9F8684EE3
:105E8C0029469AF80030327883F00103D8F80000E4
:105E9C00134400221BF0D6FA654B45F255525A803A
:105EAC004AF6AA225A8023F085FE327829462046EB
:105EBC0026F0D6FA002005B0BDE8F08F584605B0A4
:105ECC00BDE8F08F5B46C3469846019B554A0133AB
:105EDC00DBB21370039A01939A423FF77DAF02989D
:105EEC00EDE7514E4FF480625248311D26F0B8FA5E
:105EFC00514B524A02991360514B187826F0B8F85E
:105F0C00B6F82234DB0869D0029D484F2C46DFF8E6
:105F1C003481DFF834A1DFF818910021387826F0AD
:105F2C00A7F8A5F15003D8F80020DBB2126853662D
:105F3C00D36D13F4F81FFBD09AF800B00021387819
:105F4C008BF0010B536F26F093F8D8F800304FEA22
:105F5C004B0B1A685FFA8BFBC2F864B0D36D13F469
:105F6C00F81FFBD000213878536F26F081F8D8F851
:105F7C0000301A6810235366D36D13F4F81FFBD04E
:105F8C0038780121536F26F073F8B6F8200498B1D5
:105F9C00D8F80030002104FB00641A680B46234437
:105FAC001B795366D36D13F4F81FFBD00131536F7B
:105FBC00C9B281420B46F2DB4AF6AA2345F255528E
:105FCC000135A9F80220A9F80230EDB223F0F2FD58
:105FDC00B6F822342C46B5EBD30F9EDB184B0121BF
:105FEC00187826F045F800230120144A136005B0F8
:105FFC00BDE8F08F09F1020303F00F035366D36D74
:10600C0013F4F81FFBD0009B516F02331B1143F0AC
:10601C0010035366D36D13F4F81FFBD02AE700BFAF
:10602C0053D9002006FC0120D46C012008FC01206F
:10603C0000800B40880A01200080FFFF900E012099
:10604C0007FC01208C0E01200AFC01202DE9F84FE1
:10605C0007460E46154698469DF828B09DF82CA08C
:10606C009DF8309004F0A4F81C4B00211C4CC3F894
:10607C0000801C4B20461F701B4B1E701B4B1D7051
:10608C001B4BC4F828341B4BC4F82C3403F090FC85
:10609C00194B83F800B0BAF1000F1BD0FF2140233D
:1060AC00F1220F4803F078FB0D4803F0E5FB134990
:1060BC000B4803F06DFBB9F1000F05D0FF21084828
:1060CC00BDE8F84F03F094BB80210548BDE8F84FBC
:1060DC0003F08EBB204603F0C3FBDFE78C0E0120E0
:1060EC00D46C012009FC012008FC012007FC0120D4
:1060FC00893000000D3100000AFC0120FC2F00202B
:10610C00024B024618781A70704700BF53D9002012
:10611C004FF0C040704700BF0048704700F01E6051
:10612C00024B03481B68C01A704700BF2CD10020DB
:10613C00000028205F4BD3F80421D3F80011521A29
:10614C00500600F0B680D3F80421D3F80011521A8F
:10615C0051060DD0D3F80021574833F812100132F4
:10616C00090102F07F0241F04071C3F80021416641
:10617C00D3F80C22D3F80812521A52060FD0D3F8C7
:10618C0008224D4803EB42010132B1F8081102F02C
:10619C007F020901C3F8082241F050714166D3F81F
:1061AC001423D3F81013521A50060FD0D3F810231F
:1061BC00414803EB42010132B1F8101202F07F02A8
:1061CC000901C3F8102341F044714166D3F81C2433
:1061DC00D3F81814521A51060FD0D3F81824364895
:1061EC0003EB42010132B1F8181302F07F020901EE
:1061FC00C3F8182441F054714166D3F82425D3F820
:10620C002015521A52060FD0D3F820252A4803EB3A
:10621C0042010132B1F8201402F07F020901C3F8E7
:10622C00202541F048714166D3F82C26D3F8281666
:10623C00521A50060FD0D3F828261F4803EB420100
:10624C000132B1F8281502F07F020901C3F82826A3
:10625C0041F058714166D3F83427D3F83017521AED
:10626C0051060FD0D3F83027134803EB420101320B
:10627C00B1F8301602F07F020901C3F8302741F063
:10628C004C714166D3F83C28D3F83818521A520690
:10629C000FD0D3F83828084803EB42010132B1F88B
:1062AC00381702F07F020901C3F8382841F05C71FD
:1062BC0041667047940E012000003A404FF0E023F5
:1062CC00014AC3F80C2D70470400FA05084B142240
:1062DC00D3F83012D3F8203241704FEA136C43716B
:1062EC00190C02701B0A80F802C0C1700371704750
:1062FC0000441F4002464B1E4EF20E0002F50052A7
:10630C001B02110403F47063520401F4FE0102F049
:10631C00FE420B431343184327F0A4B927F0AAB944
:10632C0027F0FAB92DE9F8430E4681466FF00100CB
:10633C002DED028B05F0DEFA04464FF0FF3005F030
:10634C00D9FA0546304605F00DF90746304605F0FA
:10635C0049FD97F80580B8F1000F00F08980B8F17D
:10636C000A0F3CD907EB060860220021204637F0C3
:10637C008BFE60220021284637F086FE98F8063006
:10638C009FED418A214600EE103A0820B8EE400AF3
:10639C0080EE080A05F0BCFA98F806302946092068
:1063AC0000EE103AB8EE400A80EE080A05F0B0FA9A
:1063BC00B91D4846DFED346A4FF00008464503D05E
:1063CC000B780BB1026822BB08F1010801310C30CB
:1063DC00B8F1040FF2D1BDEC028BBDE8F88360225A
:1063EC000021204637F050FEBB19787921469B7965
:1063FC009FED250A013807EE903AF8EE677A87EEA2
:10640C00800A05F085FA60222146284637F0A0FD67
:10641C00CEE74768A646AC46002F14BFB946914656
:10642C0002F1600700E00B7807EE903AB2EC017ACB
:10643C009EED006AF8EEE77A974267EE877A87EE70
:10644C00A67A77EE067AEEEC017A0B78B9EC017A43
:10645C0007EE903A9CED006AF8EEE77A67EE877AE1
:10646C0087EEA67A77EE067AECEC017ADBD1ABE715
:10647C0041466022204637F007FE414660222846FE
:10648C0037F002FE94E700BF0000C8422F4B2DE905
:10649C00F04100EB400603EB8606002950D000EBE0
:1064AC004017DFF8B48096ED006A002508EBC702B0
:1064BC00DFED276ADFED275ABF000EE096ED017A7B
:1064CC00F8EEC67AB8EEC77AE7EE407AFDEEE77AD8
:1064DC00072818D90135A94232D0B4EEE60AF1EEFC
:1064EC0010FAEBD4B4EEE50AF1EE10FA2ADD96EDD3
:1064FC00027AF8EEC67A0728B8EEC77AE7EE407A49
:10650C00FDEEE77AE6D817EE903A83F3100C1FFAFB
:10651C008CFCD2F8003102F5827ED2F80441013BAA
:10652C001B1B5B06F5D0D2F804310135FC18013386
:10653C00A94203F07F0328F814C0C2F80431CCD16F
:10654C00BDE8F081F0EE467AC2E700BF8019012069
:10655C0017B751B917B75139940E01202DE9F04FE7
:10656C00DFF8A083D8F800502DED068BADF5737DC8
:10657C00002D4AD04646002401E056F8045F204620
:10658C00182101341DB195ED000AFFF77FFF082C8F
:10659C00F3D1F1EE047A1824D049D14AD14DD8E97F
:1065AC000876D7ED006A013CD1F8843186EEA77AE3
:1065BC0003F1010001EB830CA5FB00E34FEA9313FD
:1065CC0003EB4303A0EB4313C1F88431D2F88401ED
:1065DC0000F1010E02EB80008CED007AD6ED006A22
:1065EC00A5FB0E8386EEA77A4FEA931303EB4303C6
:1065FC00AEEB4313C2F8843180ED007AD1D10DF5A6
:10660C00737DBDEC068BBDE8F08F0DF1C8084FF41F
:10661C00407229460446B44F404637F035FDC0223F
:10662C00294602A837F030FD3B78CDE90055002B08
:10663C0000F0EF81A946DFEDAD9A9FEDAD9A261DD6
:10664C00DFEDAC8A1AAD484605F0CCFBC368D0F838
:10665C0040B213F0010A00F0E78040F601029A43C1
:10666C0000F02481F7EE007AB0EE678A9BF80B30CD
:10667C000C2B1BD8012241F2DA619A400A4200F03D
:10668C00F6809D4A56F8041C52F82300002940F06D
:10669C001281D4F804C0BCF1000F40F09D80BAF117
:1066AC00000F00F0AE8001230DF8003009F1010954
:1066BC003B780C340C364B45C5D89DED025ADDEDBC
:1066CC001A4A9DF8003098ED000A6E460DF5947943
:1066DC008A4F00204FF6FF78894CABB1A9F15C0AC8
:1066EC0001E0BAEC010A0121FFF7D0FED145F8D147
:1066FC00013009F160090C37082838D016F8013F31
:10670C0019ED180A002BE9D13B6800EB401AD7EDC4
:10671C00007AA9F15C0CA8EB030304EBCA0EB8EEEB
:10672C00E77A4FEA8A0A06EE903AF8EEE66A01E05A
:10673C00BCEC010AF0EE477ADEF80421E14502F1E7
:10674C0001015244E0EE667A01F07F01CEF80411AB
:10675C00FDEEE77A17EE903A83F3100324F812302B
:10676C00E6D1013009F160090C370828C6D103AC19
:10677C005A495B4A5B4E03E0B4EC015AD4ED174A1C
:10678C00D1F88401A54200F1010701EB8000A6FBC2
:10679C0007C380ED005A4FEA931303EB4303A7EBB7
:1067AC004313C1F88431D2F8840100F1010702EBE4
:1067BC008000A6FB07C3C0ED004A4FEA931303EB1E
:1067CC004303A7EB4313C2F88431D5D10DF5737D88
:1067DC00BDEC068BBDE8F08F00EB4003624608EB86
:1067EC00431303F1600EB3EC017AF2EC016A9E459F
:1067FC00A7EEA67A03ED017AF5D1BAF1000F7FF47A
:10680C0052AF002940F0E980BCF1000F3FF44EAFCD
:10681C002B46B3EC017AFCEC016A4345A7EEA67A51
:10682C0003ED017AF5D141E79BF80D3007EE903A74
:10683C00F8EE677A87EEA9AA2AEE09AAB0EE4A0A00
:10684C0031F016F99BF80C30B0EE408A07EE903A16
:10685C00B0EE4A0AF8EEE77A27EEA8AA2AEE27AAA3
:10686C0031F002F828EE0A8A60EE0A7AFEE640F66B
:10687C0024110A423FF41AAF1F4A591E013352F831
:10688C00210052F8231056F8042C002A5FD1D4F8BA
:10689C0004C0BCF1000F39D1BAF1000F3FF406AFC0
:1068AC0001230DF800300DF80130FFE6F2EE007A0E
:1068BC00B0EE678ADAE600EB40030A4608EB4313B6
:1068CC0003F1600CB3EC017AF2EC016A9C45A8EE82
:1068DC00267A03ED017AF5D1DBE600BF0CF201203C
:1068EC0094F30120ABAAAAAA54D9002000007F433C
:1068FC00DB0FC93F800080388C810020801901207B
:10690C00940E0120281901200000000001EB410326
:10691C00E64608EB431303F1600BB3EC017AFEEC93
:10692C00016A9B45A7EEA67A03ED017AF5D1BAF17F
:10693C00000FB5D1B2BB2B46B3EC017AFCEC016A6B
:10694C004345A7EEA67A03ED017AF5D1AEE600EB4E
:10695C00400302F1600E944608EB4313B3EC017A4A
:10696C00FCEC016AA8EE267AE64503ED017AF5D136
:10697C00D4F804C0BCF1000FC8D101EB410396461A
:10698C0008EB431303F1600BB3EC017AFEEC016AE4
:10699C009B45A7EEA67A03ED017AF5D1BAF1000F6B
:1069AC007FF47EAF114602ABB3EC017AF1EC016AD5
:1069BC00AB42A8EE267A03ED017AF5D1BCF1000FBB
:1069CC00B9D12B46B3EC017AF2EC016A4345A7EE40
:1069DC00A67A03ED017AF5D168E60A4602ABB3EC70
:1069EC00017AF2EC016AAB42A8EE267A03ED017A49
:1069FC00F5D1BCF1000F7FF40BAF2B46B3EC017A51
:106A0C00F1EC016A4345A7EEA67A03ED017AF5D1C4
:106A1C004CE61FED430A1AADF0EE404AB0EE405A78
:106A2C0053E600BF022804DC00280DDC0AD1481C08
:106A3C007047032806D108B503292FD8DFE801F0E9
:106A4C00241A100600207047481D7047032005F0DB
:106A5C00C9F9C36813F4806F14BF0B20062008BD5E
:106A6C00022005F0BFF9C36813F4806F14BF08202F
:106A7C00042008BD012005F0B5F9C36813F4806F3C
:106A8C0014BF0520032008BD002005F0ABF9C36836
:106A9C0013F4806F14BF0220012008BD002008BD34
:106AAC00134610B5032800F28980DFE800F02114AA
:106ABC0008020BB1002972D00122104610BDFBB1A7
:106ACC000C291DD8DFE801F05F5A55504B46413C6C
:106ADC0037322D2823008BB1072959DD092911DC08
:106AEC0001F150021846364934F032FB0A22E4E731
:106AFC000BB107295BDD0822104610BD0A22DCE72A
:106B0C000D22DAE72F490A2208681860D5E72E49CA
:106B1C000D2209881980D0E72C490D2208681860CD
:106B2C00CBE72B490D2209881980C6E729490D228C
:106B3C0009881980C1E728490D2208681860BCE74C
:106B4C0026490D2209881980B7E725490D220988A5
:106B5C001980B2E723490D2208681860ADE7224975
:106B6C000D2209881980A8E720490D22098819806F
:106B7C00A3E71F490D22086818609EE71D490D22E6
:106B8C000988198099E71C490D220988198094E716
:106B9C004A1C1846194934F0DBFA0A228DE7184CC6
:106BAC00012203CC2478186059601C7285E74A1CBA
:106BBC001846124934F0CCFA08227EE700227CE712
:106BCC0034730020387300205CB200205C7300200A
:106BDC005873002054730020507300200C3F002089
:106BEC00007600204C73002054B200204873002023
:106BFC0044730020407300203C7300207871002007
:106C0C00607300202DE9F04F95B007460E46FDF756
:106C1C0081FAE8B1AD4B0446AD48D3F83022D3F835
:106C2C002032D2B2D9B20291C3F307210191C3F33E
:106C3C0007411B0E0091142112F0A4FB0546A21E65
:106C4C00431E0F3513F8014FAB4222F8024FF9D116
:106C5C00A04B1F60FEF70CF922F05CF8B368002B18
:106C6C0000F05D82F368304698479B4825F00AF89F
:106C7C009A4A002145F2C030134602F13C0582F8D5
:106C8C00B4101446C2F8B810C2E92F1141F6C8115D
:106C9C00A2F878000632A2F87410A2F87610954289
:106CAC00F6D18F484FF4204141F6C8129A60C3E9DF
:106CBC0000120C338342F9D117F076F9C4228749BC
:106CCC0025F0CEFB47F6FF73A4F8A830A4F8AE303D
:106CDC0017F06AF9C422814925F0C2FBD4F8B82018
:106CEC0041F6C81345F2C03142F001054FF4204083
:106CFC001A46C4F8B85005F029FA7A480EAD1AF0C5
:106D0C0055FA794B0321794A7648C3F83C11784BF4
:106D1C00CDE90E2395E80600FEF7B2FF7548764BD9
:106D2C00026E764902F0784213430366744B48684E
:106D3C001A68744BA3FB0232920C02EB82025200D3
:106D4C004B681B1A9A42FBD86A4B4FF000086E4AEC
:106D5C0005206E4EFF275A664FF0080925F00AF9F8
:106D6C0002214046DFF8CCB125F0BEF9684A694BE8
:106D7C00C2F88481C2F88081C3F88481C3F8808111
:106D8C0005F090FD042314212846DFF8ACA13360F4
:106D9C0017F0EEF89DF838301D21284677713371C5
:106DAC00CBF8009017F0E4F89DF838300E21284607
:106DBC00594E8BF8043010238BF80570CAF800304C
:106DCC0017F0D6F89DF838308AF805708AF8043038
:106DDC00524BDFF868A1C3F80080C3F80C80C3F8ED
:106DEC00188096E8070085E80700284612F098FE00
:106DFC0006F10C0393E8070085E80700284612F01B
:106E0C008FFE06F11803243693E8070085E8070087
:106E1C00284612F085FE96E8070085E8070028460C
:106E2C00252612F07DFE394650461AF0D9FA504606
:106E3C001AF0BCF91E231F204FF0190C2822272111
:106E4C00CDF81CA0CDE9053024232620CDE903364E
:106E5C001823CDE9013C0F2300931C2317F028FACB
:106E6C002F4A304BD4F8B80083F80090136810F018
:106E7C0010004FEA4303136040F0368116231722AB
:106E8C000121CDE90277CDE9007700F0E5FFFBF7B2
:106E9C009DFE254E254B3268186041F287339A428D
:106EAC0075D80124DFF89890DFF89880204F33686C
:106EBC0009FB03F3B8EBF30F57D3032C4AD8DFE8E5
:106ECC0014F043000D014300060100BF00441F40B5
:106EDC0044750020D4CF002080E0AE1D8019012025
:106EEC00F81901200CCC002000801F4000366E01E8
:106EFC000700004000003A401F000800001000E0AE
:106F0C0008CC002083DE1B4301000008CC6C012060
:106F1C000CF2012094F30120882B0020FCCD0020E2
:106F2C00CCCE002053D90020A4F50120B4180120A8
:106F3C0000800B40C46C0120BC6C01205CCC002098
:106F4C00295C8FC214AE4701092332215C201A46FA
:106F5C0003F084F901340020FEF71AFF634204F0B9
:106F6C00030403F0030358BF5C4245F255524AF642
:106F7C00AA237A807B8022F01DFE08F0DFF8012026
:106F8C0019F06CFB326841F287339A428FD965480D
:106F9C0000246549036C654A43F400139460036450
:106FAC004B6F634843F440334B676249624B0A6052
:106FBC00624A6349C2F8B01146F2A0114FF48872CC
:106FCC0019804FF0E0211A8044F20A02DA801A8804
:106FDC0092B242F06C021A804FF080521C81594BD5
:106FEC00C1F80821A3F1C802574900F027FE20463A
:106FFC0005F004FD554B1A68D10740F18880544BBD
:10700C000AA9544E10A8544C0A9308940E94FDF7F8
:10701C00BFF845F6BF522946304624F05BFB0E9B69
:10702C0010A8DB689847089B0AA8DB689847802162
:10703C0032683171A2B1494B1344494A1B11D154E6
:10704C00137851788B4228BF0B469178D2788B42BB
:10705C0028BF0B46934228BF1346424A82F87A3027
:10706C00414B1A68D2074AD5404B0AA9089410A87C
:10707C000E943F4C0A93FDF78BF8294640F2F3121D
:10708C00204624F027FB0E9B10A8DB689847089B32
:10709C000AA8DB689847502120682171A0B12F4BBA
:1070AC002F4A03442F4C1B11D154537810789178EC
:1070BC008342D27828BF03468B4228BF0B469342AB
:1070CC0028BF134684F87A3015B0BDE8F08F08233A
:1070DC0032215C201A4603F0D1F83BE7042236211A
:1070EC00602003F013F935E74346012217211620DF
:1070FC00CDE90277CDE9007700F0AEFEC7E60122BC
:10710C001C491B481A601C4A27F096F9ACE7012071
:10711C00194A184918600F4827F08EF96FE727F0C5
:10712C00FDF900BF00C00A4000C00F40C0FB0120A9
:10713C000CF20120E006012000800B4000DC002056
:10714C00753100008829012094F30120840401206A
:10715C00CD02000020D100207C81002000BFF7BFB1
:10716C00C4CD002000E400E0800401203D030000B9
:10717C0018D100206931000030D10020044B45F2B9
:10718C0055514AF6AA2259805A8022F013BD00BFED
:10719C0000800B40704700BF38B51F4C00252046BF
:1071AC0001F008FD20461D4C1D4A1E4927F044F9EC
:1071BC0004F59F631C492046236304F6F803216001
:1071CC0004F5DF612462C4E90D134FF4007304F677
:1071DC00F821A4F846304FF4C8732164A4F8483061
:1071EC00C4E9015523F092F91049114B2160114962
:1071FC0011480B4A056045608560C560C3E9001500
:10720C000E4B0F491D710F4B0D711D710E49BDE8D1
:10721C00384027F011B900BFD46C012040E60020A3
:10722C0030D10020615F0000EC7B0020407D00200D
:10723C00C0FB01206C7E002050190120C46C012081
:10724C00CC6C0120BC6C0120BD3000000B4B1868CD
:10725C00036810B50A4C9B689847002220462321EE
:10726C0024F07EF82046222124F014F82046002237
:10727C0047F61221BDE8104023F09EBE18190120DC
:10728C00BCCC00207B4B45F255514AF6AA222DE985
:10729C00F04F598083B05A8022F08CFC764883687A
:1072AC00002B40F0DD80754C754DD4F88031D4F84E
:1072BC008421013B9B1AA5FB0312920902EB4202AB
:1072CC00A3EB4213172B77D86E4D6A4E6E4F16F008
:1072DC00B1F811E07280738022F06CFC284623F028
:1072EC00DFFD01463868C9B2036801915B689847B5
:1072FC000199284624F0E6F8284623F07FFD45F254
:10730C0055524AF6AA230028E4D15A4D17461E4678
:10731C0003E06F806E8022F04DFC07F00FFF002819
:10732C00F7D15A4EDFF86081564F28E096F8555049
:10733C0096F85620013DD8F8000096F857A0154352
:10734C00036896F85890EDB25B6829469847D8F8D0
:10735C000000514603685B689847D8F8000049461E
:10736C0003685B6898472946384624F0ABF85146C9
:10737C00384624F0A7F84946384624F0A3F80021F3
:10738C00304623F043F90028D0D1D4F88001D4F84A
:10739C00842101383A4B801AA3FB00239B0903EB91
:1073AC004303A0EB431017288CBF0020012003B02F
:1073BC00BDE8F04F19F052B9DFF8D88000F070FD3D
:1073CC00334F4FF0C80AC8F8000000F09DFDD8F804
:1073DC000030BE464FF0040CDFF8BC9040EA0306C8
:1073EC004FF0640BC8F8006001960AFB0C901EF875
:1073FC00012FD0F8C0101201A5FB016352B29B09FA
:10740C0003EB4303A1EB43130BFB0C110CF1010C2D
:10741C00C0F8C03039F81130B3F5BE4F88BF42F018
:10742C000F02BCF1080F8EF80020DED1019E002166
:10743C0004234FF480354FF0011C17F8012F0F2A4D
:10744C0013D0FF2A05FA03F001D1064301210133C1
:10745C00082BF2D109B1C8F80060FBF74FFD33E7F8
:10746C00C36803B0BDE8F04F18470CFA03F20121D2
:10747C001643ECE700800B40501901200CF2012060
:10748C00ABAAAAAABCCC00201819012040E6002007
:10749C00BF59012068190120802201202DE9F04FED
:1074AC0000F1600EB1E8A00AB2E84015C5EA064347
:1074BC00C6EA2544C7EA0845C8EA2746C9EA0A4786
:1074CC00CAEA2948CBEA0C49CCEA2B4AA0E8F807CF
:1074DC008645E7D1BDE8F04F70474FF000022DE92B
:1074EC00F00F00F1600C00BFB1E8A00AC5EA02037E
:1074FC00C2EA2544C7EA0205C2EA2746C9EA0207DE
:10750C00C2EA2948CBEA0209C2EA2B4AA0E8F807EA
:10751C008445E9D1BDE8F00F70474FF000022DE92A
:10752C00F00F00F1600C00BFB1E8A00AC2EA0543FD
:10753C00C2EA0504C2EA0745C2EA0706C2EA0947DD
:10754C00C2EA0908C2EA0B49C2EA0B0AA0E8F8072A
:10755C008445E9D1BDE8F00F70472DE9F00F089C88
:10756C0000F1C00B51F8045B53F8046BC5EA0647F5
:10757C00C6EA254952F8045B54F8046BC5EA064880
:10758C00C6EA254AA0E880078345EBD1BDE8F00F99
:10759C00704700BF2DE9F84F464B474C18681979D6
:1075AC0004F160060368454AB342D1770AD2444BD2
:1075BC001B78002B50D04FF0E0234022344660362D
:1075CC00C3F808223F4BDFF80CA1D3F80080DFF89A
:1075DC0008913D4BBAF80050D3F800B0B9F80070E0
:1075EC00B8F1000F54D0BBF1000F27D1B8F1000F48
:1075FC004ED008F10401204601EB45011835FFF788
:10760C006CFFBFF34F8F04F120014FF0E022B14229
:10761C00C2F8704F04D24034C2F8701FC2F8704FD9
:10762C00BFF34F8FBFF36F8F2F2D25D8AAF80050C3
:10763C002F2F14D8A9F80070BDE8F88F0BF10402B5
:10764C0008F10401204602EB4702183701EB450113
:10765C001835FFF723FFD4E734466036B2E7002431
:10766C005846A9F80040FCF7F1FD184B1A681C604D
:10767C00154B1A60BDE8F88F00244046AAF800406C
:10768C00FCF7E4FD124A0F4B116814601960CFE748
:10769C00BBF1000F08D00BF10401204601EB4701B0
:1076AC001837FFF73AFFACE760225946204636F010
:1076BC00EBFCA6E7C4080120E000202000800E406F
:1076CC0003FC0120B4080120BC080120C0080120E3
:1076DC00B8080120DAFB0120DCFB012038B50021C1
:1076EC000446FCF7FFFD88B172B61C4A1368002BE8
:1076FC002BD01B490D68002D2CD015600860002183
:10770C00184A118062B61846FCF7A0FD01212046EC
:10771C00FCF7E8FD98B172B6134A136883B11349AC
:10772C000C6854B114600024114A0860148062B6CD
:10773C001846BDE83840FCF789BD086062B638BD14
:10774C000B4910600B8062B638BD064910600B8087
:10775C0062B6DBE7086062B6D8E700BFB408012068
:10776C00B8080120DAFB0120BC080120C008012068
:10777C00DCFB0120324A3349D36F43F44013D36707
:10778C008B68002B5ADBD1F88830002B56DB2E4B44
:10779C001A6F920470B41AD442F210722B484FF440
:1077AC00D2511867C3F88010C3F890201A6F22F4D6
:1077BC0080521A671A6F002AFCDAD3F87011244A27
:1077CC000A40C3F870211A6F22F480321A671C48E1
:1077DC0000262049C369204D23F440531F4A204CF6
:1077EC0043F40053C361C36A1940164B41F0CD01F9
:1077FC00C1624FF4803069680A40022142F4801261
:10780C006A6001252163E162A162164C1E6616496D
:10781C00DD60164A1C6104F1804458619961DA619B
:10782C00C3F8E060C3F88C50C3F89040C3F89400E0
:10783C00C3F89810C3F89C2070BC7047704700BF09
:10784C0000C00F400080384000800D401C2011000B
:10785C00FF7F7FFF00FEFFFF00C00A40FFFCEFFF31
:10786C0000801F40010000071B1F0100001F1F1F8D
:10787C0010B50121244823F0C5F90024234A244BD8
:10788C0014601C60FFF776FF224A94609368002B0B
:10789C00FCDB1D4C0221204B2048596223681860E8
:1078AC001F4899606FF0BF0158606020D9600021BB
:1078BC00D882D8830620996198831A4899821861D6
:1078CC002079194B0FFA80FC43F82C10174943F818
:1078DC002C101749174BC87691680B439360FCF733
:1078EC00F5FD2279144B0121144C03EB521320703B
:1078FC0002F1100002F01F02114C9B009140114A42
:10790C0042F82040196010BDC4080120B4080120C1
:10791C00BC0801200080384000801F40E00020207F
:10792C00020001012280384000C00E401600008089
:10793C0000800E40010000924038003803FC01200A
:10794C00C54A000000DC0020024A0349034826F027
:10795C0073BD00BF30D10020452B0000C4080120AE
:10796C00016A002900F05C81D1F8C030D1F8C42044
:10797C00013B2DE9F04F9B1AAC4F064683B0A7FB99
:10798C000302920902EB4202A3EB42132F2B15D8F0
:10799C00D1F8C030706AB26AC1F8C430D0F8C010E7
:1079AC00F36AC0F8C410D2F88011C2F88411D3F86D
:1079BC008021C3F8842103B0BDE8F08FFCF7F2FB03
:1079CC0005460190FCF7EEFB0446002D00F001810A
:1079DC00002800F0FE80B16A02309FED957A05F127
:1079EC00020EF26A04F16208DFF848C2DFF848922E
:1079FC004FE0D1F8803103F1010A01EB8303D3EDA1
:107A0C00007AA7FB0AB367EE877A9B0903EB430363
:107A1C00FDEEE77AAAEB431317EE90AAC1F880317A
:107A2C00BAF5004F80F2A6801AF5004FC0F2FB8029
:107A3C000FFA8AFAD2F88431D2F880512EF802AFBC
:107A4C005B1B07FB03F3BCEB731F2FD2D2F8803107
:107A5C0003F1010A02EB8303D3ED007AA7FB0AB30F
:107A6C0067EE877A9B0903EB4303FDEEE77AAAEBFB
:107A7C004313C2F8803117EE903AB3F5004F7CDA1D
:107A8C0013F5004FC0F2CD801BB220F8023F8045A9
:107A9C0011D0D1F88431D1F880515B1B07FB03F373
:107AAC00BCEB731FA5D34FF0000AC3E7002320F8EB
:107ABC00023F8045EDD1019930460022FCF7EEFBE8
:107ACC00012221463046FCF7E9FB0198FCF7BEFB8E
:107ADC0014B12046FCF7BAFB00213046FCF702FC3F
:107AEC00044601213046FCF7FDFB8146D6E908012E
:107AFC00002C45D0B9F1000F42D0A21C09F10207AD
:107B0C0004F1620C494ED0F8C45032F802EF05F182
:107B1C000108AEF5004E6245A6FB08A320F815E05F
:107B2C004FEA931337F802EF03EB4303AEF5004E25
:107B3C00A8EB4313C0F8C430D1F8C43003F10108EA
:107B4C0021F813E0A6FB08E34FEA931303EB43037E
:107B5C00A8EB4313C1F8C430D5D12046FCF776FB13
:107B6C00B9F1000F3FF427AF484603B0BDE8F04F22
:107B7C00FCF76CBB47F6FF7A5CE747F6FF7384E7CC
:107B8C0030224FF4004C294FD0F8C430013A03F1A5
:107B9C00010620F813C0A7FB06E34FEA931303EB8F
:107BAC004303A6EB4313C0F8C430D1F8C43003F13F
:107BBC00010621F813C0A7FB06E34FEA931303EB6E
:107BCC004303A6EB4313C1F8C430DDD1002CC7D05E
:107BDC00C3E7D6E90AC730211448DCF88021013903
:107BEC0002F10102A0FB02E34FEA931303EB430300
:107BFC00A2EB4313CCF88031D7F8802102F10102BB
:107C0C00A0FB02E34FEA931303EB4303A2EB4313F2
:107C1C00C7F88031E1D1019B002B3FF459AF54E7F9
:107C2C0070474B4631E7CA4604E700BFABAAAAAA85
:107C3C0000FEFFC6AAAAAA020080FFFF30B4054CC2
:107C4C000D460821A062E56263622262024830BCE4
:107C5C003AF0D6BBDCF10120A00120204A4A0021D9
:107C6C0070B51346494D4A4E82B02C6843F8186BD8
:107C7C0013614FF40073D1601381C2E90611002C1B
:107C8C007CD0234619465B69002BFBD14A6100214D
:107C9C00404B5161516091721961C2E90811C2E9FE
:107CAC000A11C3E902113C49116022466469002C97
:107CBC00FBD15361394A37481A605C615C609C7235
:107CCC00FDF7D6FE364A4FF400702B681146D4608F
:107CDC00108141F8186B1161C2E90644002B50D099
:107CEC0019465B69002BFBD14A6100242D4B2C48B3
:107CFC0001255461546094721360FFF7B9FD2A4852
:107D0C00FCF7FCFA204B2246224900942648FCF74B
:107D1C0069FB264A2649244826F08EFB2548FCF7A9
:107D2C00EDFA194B2A461B4900952248FCF75AFBE1
:107D3C001E4A1F491F4826F07FFB1F48FCF7DEFA3E
:107D4C00174B2246104900941B48FCF74BFB174A73
:107D5C001749194826F070FB1848FCF7CFFA2A4649
:107D6C0009490F4B00951548FCF73CFB0F4A10498D
:107D7C00124802B0BDE8704026F05EBB14462A6083
:107D8C0085E72A60B1E700BFDCF101204C07012038
:107D9C009C7B0020307101207C7E0020E07B002049
:107DAC006C7101204C7C00208C71012030D10020A2
:107DBC00C9190000A0710120B4710120C871012003
:107DCC00014B01225A60704718070120014B012218
:107DDC009A60704718070120014B0122DA60704746
:107DEC0018070120014B01221A6170471807012066
:107DFC00014B01225A61704718070120014B0122E7
:107E0C009A61704718070120014B0122DA61704713
:107E1C001807012038B50E4C04F1400514F8040C79
:107E2C000221FF2807D024F05FF9216814F8040C14
:107E3C00022224F093FA0834AC42EFD1054B002116
:107E4C0003F1200243F8041B9342FBD138BD00BF61
:107E5C0080CD0020180701202DE9F0410F4C9DF832
:107E6C0018509DF81C609DF820709DF8248020709F
:107E7C0021722274237684F8205084F8286084F8C8
:107E8C00307084F83880FFF7C5FF43463A463146D8
:107E9C002846BDE8F041FDF7DBBC00BF7CCD0020DF
:107EAC00184B186810B1002201201A605A681AB1D8
:107EBC00002240F002005A609A681AB1002240F089
:107ECC0004009A60DA681AB1002240F00800DA6007
:107EDC001A691AB1002240F010001A615A691AB1DD
:107EEC00002240F020005A619A691AB1002240F039
:107EFC0040009A61DA691AB1002240F08000DA6120
:107F0C00704700BF1807012010B41F4C1F4923787D
:107F1C001A0101EB03138A58DB6892681A42237A20
:107F2C004FEA031208BF012001EB031318BF002016
:107F3C008A58DB68000492681A4201D140F4003080
:107F4C00237CFF2B05D1237EFF2B0FD15DF8044B37
:107F5C0070471A0101EB03138A58DB6892681A42C6
:107F6C00F1D1237E40F48020FF2BEFD01A0101EBDE
:107F7C0003138A58DB6892681A42E7D140F4002058
:107F8C005DF8044B704700BF7CCD00205C93002053
:107F9C0001207047704700BF00207047002114F08B
:107FAC00EDBB00BF084611461A4613F0EBBD00BFEF
:107FBC00064B186810B103681B681847044B014640
:107FCC004FF48062186836F05FB800BF10190120BA
:107FDC00880E01202DE9F04F4FF0020889B00126E0
:107FEC000025074601233A68AB40134244D0002DCC
:107FFC0049D0012D6CD0002307EB850A0DF10C0B39
:10800C00494A10215846CDE90333CDE90533DAF856
:10801C00043038F06BFA04F0EFFAD0E900494C4523
:10802C0024D00834019504E004F128033034994538
:10803C001BD0DAF80420254654F8081C9142F3D1E1
:10804C002F21204636F0EEFF8446384A1021584640
:10805C00BCF1000F01D00CF101052B4638F046FAAB
:10806C0004F1280330349945E3D1019D5A4600238D
:10807C004146522002F088F9062E13D00135013604
:10808C0008F10608AEE77968ADF81C50CDE9035548
:10809C00CDE9055569BB0023254A2E21184602F06F
:1080AC0073F9EBE7002227F01F0307F120013A6078
:1080BC00BFF34F8F4FF0E022C2F8683F2033994254
:1080CC00FAD8BFF34F8FBFF36F8F09B0BDE8F08FB5
:1080DC000024BA68174903A8CDE90344CDE9054447
:1080EC0033F036F8234603AA2046342102F04CF92B
:1080FC00C4E70DF10C0B0DF11D04A1EB0B015B465C
:10810C00CA5CA2F120005E2803D803F8012B9C4224
:10811C00F6D19DF80C30002BBDD000235A462E21F1
:10812C00184602F031F9A9E7B0730020842E002024
:10813C00702E0020782E00202DE9F0433948A1B094
:10814C003AF066F9044618B9204621B0BDE8F08330
:10815C006846354D00F084FB00236A4619461846E4
:10816C0002F012F9D5F88820304910A8D5F898609B
:10817C00D5F89470D5E9239832F0EAFF00230E214C
:10818C0010AA184602F000F94A46294910A832F004
:10819C00DFFF0023142110AA184602F0F5F842461E
:1081AC00244910A832F0D4FF00231A2110AA184633
:1081BC0002F0EAF83A46204910A832F0C9FF002331
:1081CC00202110AA184602F0DFF832461B4910A8ED
:1081DC0032F0BEFF002310AA2621184602F0D4F874
:1081EC00D5F8DC5000210122154B16489C46023371
:1081FC00BCF800C0834212FA8CF21144F6D192B250
:10820C0042EA0142954206D1074BD3F8C03013B174
:10821C000B48FFF7DFFE3AF0EFF8204621B0BDE83F
:10822C00F08300BF00CC002000FF2720182E002078
:10823C00282E0020382E0020482E0020582E0020FA
:10824C00C0FF2720DCFF272010B5234C034600205D
:10825C0022685360916003F0C5FD0246236801203B
:10826C005268DA6003F0BEFD0246236802205268B1
:10827C001A6103F0B7FD02462368032052685A6165
:10828C0003F0B0FD246843680021A4460122A361D9
:10829C00236843F03F034CF81C3B2346184602333B
:1082AC0000889C4512FA80F21144F7D192B224F066
:1082BC001F0304F1200042EA0142E261BFF34F8F39
:1082CC004FF0E022C2F8683F20339842FAD8BFF34F
:1082DC004F8FBFF36F8F10BDC0D60020704700BF0B
:1082EC00034B10B50446036003F0D4F8204610BDD0
:1082FC00F87F00202DE9F04F90F8C81987B0074699
:10830C0000295DD0012900F00581022900F0D180FF
:10831C0090F8C9090239C94B10F0010FC84AC94875
:10832C0018BF1A4611F02EF800210246084602F03A
:10833C0021F897F8C859032D00F0488100240DF15D
:10834C000809DFF868B3DFF868A301E097F8C859AB
:10835C00043D01AA494604EBC505284601F05EFD23
:10836C00064638B30020A04624B1DDE901210CF00B
:10837C0079FF8046C4EBC403294658461D4611F0CC
:10838C0001F8002302460A351846294601F0FCFF85
:10839C0097F8C93931465046DB07019B58BFDDF8C9
:1083AC000880424610F0EEFF0023024629460C20BE
:1083BC0001F0EAFF0134082CC8D107B0BDE8F08FFA
:1083CC00DFF8F0920846A04E0C46DFF8EC824D46E2
:1083DC009E4A01F0CFFFF5EC016A214696ED007A3A
:1083EC004046C6EE877AFDEEE77A17EE902A10F03B
:1083FC00C9FF0246E100013404200C3101F0BAFF40
:10840C00042CE8D1924B96ED007AD3ED006A91489A
:10841C00C6EE877AFDEEE77A17EE901A10F0B2FFEF
:10842C000C210246402001F0A5FF8B4B96ED007A03
:10843C00D3ED006A8948C6EE877AFDEEE77A17EE2F
:10844C00901A10F09FFF14210246402001F092FF79
:10845C00834B8448196810F095FF1C21024640207C
:10846C0001F088FF99ED046A96ED007AF1EE046A4A
:10847C007D48C6EE077A87EEA67AFDEEE77A17EE10
:10848C00901AB7EEC77A53EC172B10F07BFF2D2107
:10849C000246204601F06EFF97F8C919734810F098
:1084AC0071FF37210246204607B0BDE8F04F01F0BE
:1084BC0061BF00216E4A6F4E13250846002401F05F
:1084CC0059FF6D4B6D48196810F05CFF0B2102468B
:1084DC0000206B4F01F04EFF11E02146002003F00D
:1084EC00F1F856F8042F02A9384610F04BFF294634
:1084FC000246002304200134063501F045FF00221A
:10850C001146104603F0DEF8A04202AAE5DC07B0E3
:10851C00BDE8F08F00215B4A084601F02BFFD7F82D
:10852C00CC39002B2DDD00263D460DF10809DFF876
:10853C008C81344621464A460120063503F0C2F8A8
:10854C00B5F8FC29B5F8FE39494640469B1AB5F8F2
:10855C00FA29002BB8BF5B4210F014FF082C02461E
:10856C004FF00003B5BF0B216FF024010120402018
:10857C003144013401F008FFD7F8CC390636A34258
:10858C00D8DC97F8C91920253F480024DFF8308142
:10859C0010F0F8FE3D4E02460021782001F0EAFE74
:1085AC0097F83C3A2846002107352341013413F053
:1085BC00010F14BF4246324601F0DCFE082CEFD10D
:1085CC00002387F83C3A07B0BDE8F08F4FF0E0236A
:1085DC002F48D3F8081D10F0D5FE162102460020B6
:1085EC0001F0C8FE4FF0FF312A4810F0CBFE1E21DF
:1085FC000246002001F0BEFE2749284810F0C2FEBA
:10860C0026210246002001F0B5FE254B254819789D
:10861C0010F0B8FE2E210246002001F0ABFEFDF753
:10862C0077FD1D4A014600200CF01CFE01461E4839
:10863C0010F0A8FE36210246002035E734710020E8
:10864C0030710020A8710020D0CF0020387100209C
:10865C001CF501204871002020F5012050710020EC
:10866C004422012058710020607100207471002098
:10867C008C710020B4180120A452012094710020A8
:10868C00A07100207C710020B07300202C710020A0
:10869C00B4710020C071002000140500D0710020BE
:1086AC001CFC0120E0710020EC710020FC7100200A
:1086BC00047200206C190120407100208071002090
:1086CC001C790020064B10B50446036002F0E2FE54
:1086DC004FF42461204623F061FF204610BD00BFFB
:1086EC00F87F00202DE9F84F80460E4630220021FD
:1086FC0000F51D6035F0C8FCD8F8CC393E4A31790C
:10870C00002B116053DD3D4C45464FF000093C4FAA
:10871C00DFF8F0A0484603F017F850B1012298F8A2
:10872C003C3A317902FA09F247F82910134388F8D8
:10873C003C3AA4F1300E4FF0000BB5F8020AB5F834
:10874C00041A7246DC4632F8023B984228BF18469F
:10875C00994238BF194613EB0B034CF1000CA242A3
:10876C009B46F0D113EB0C03A5F8041AA5F8020AEA
:10877C0043F10003AAFB032121F0010202EB510299
:10878C009B1ABBEB030BABFB0AB34FEADB0BA5F855
:10879C0000BA98F8C93983B1013B4B450DD009F1AA
:1087AC000109D8F8CC39063530344B45B2DC98F891
:1087BC00C839012B10D0BDE8F88F08F6CE1308F697
:1087CC00FE1033F8021F3EF8022BA1F5004198422F
:1087DC000A441A80F5D1E2E798F8C939002BEAD09F
:1087EC00002200BF98F8C9390132C3EB03239A4227
:1087FC00F7DBBDE8F88F00BFA4520120041701205D
:10880C00B8180120ABAAAAAA012A02D10160002043
:10881C007047022A05D0032AF9D0002AF7D102604A
:10882C00F5E70B680360F2E70368D3F8CC29002A5C
:10883C0011DD02EB420247F6FF7C4FF6FF70002180
:10884C0003EB4202A3F800CA0633A3F8FC09A3F811
:10885C00FE199342F6D1704700487047001405008A
:10886C0030B589B00025044606A80695ADF81C5015
:10887C00FDF72CFDFDF74CFC0F4A014628460CF089
:10888C00F1FC9DF81D300D4905469DF81C20204635
:10889C00096803939DF81B309DF81A400491084910
:1088AC0005950094CDE901329DF819309DF81820FA
:1088BC0032F04EFC09B030BD00140500D4CF0020BE
:1088CC008C2E0020064AF1EE047A064BD2ED046A97
:1088DC0093ED007A86EE870A80EE270A704700BF78
:1088EC006C190120D0CF0020F0B5424E87B0336810
:1088FC0013F0010502D0404807B0F0BD3E4C2821D2
:10890C00204602F047FA3D4A3D4B84F83C5AC4F8E5
:10891C00CC595F68226023F081FB054600E000BF64
:10892C0023F07CFB401BB0F57A7FF8D3344B00224C
:10893C00DFED346A02AD5B6811463348DB1B07EE92
:10894C00903AF8EE677A87EEA67A80ED007A0120ED
:10895C0002F0B8FE00222D4BEC460392C4F84422E0
:10896C00A4F8C829C4F89422FF22C4F85832C4F8D9
:10897C009822A3F20C720133D4F8C4722449C4F8BF
:10898C00A83201230294C4F84C32C4F89032C4F8D3
:10899C00E032C4F89C3210230497C4F848321D4BC3
:1089AC00C4F85412C4F8CC09C4F8A4321A4B95E894
:1089BC000300C4F8C432194B8CE8030092E803009E
:1089CC0085E803009CE8030082E80300D4F8C82281
:1089DC000592C4F8C8321FB1032229462846B8476D
:1089EC0001230F4A0F490448336025F025FD024846
:1089FC0007B0F0BD78040120C4590120F87F002095
:108A0C00001000E000007A44D0CF00208C630120DD
:108A1C002072002024720020395D0000595D000096
:108A2C0030D1002011580000704700BF0020704763
:108A3C0010B50446D0F8140408B134F0BFFD20463C
:108A4C0010BD00BF10B50446D0F8140408B134F0C2
:108A5C00B5FD20464FF4866123F0A0FD204610BDE5
:108A6C0003060BD5114B1A78C22A1BD0C32A0BD084
:108A7C00822A0ED0002218701046704702460B4B0B
:108A8C00002018701046704740F0C0021870104655
:108A9C007047A0F1AC021870B2FA82F25209D201FE
:108AAC0010467047024618701046704710FC0120A3
:108ABC00B0F82034994201DA002A00DA704710B479
:108ACC00B0F82244A24206DA90F80644012C1FD0DA
:108ADC00022C11D014B15DF8044B7047D41002F085
:108AEC00070203FB04110123014403FA02F20B7980
:108AFC0023EA02030B71EEE7D41002F0070203FB2A
:108B0C000411012308449340027953400371E2E7B6
:108B1C004FEAE20C02F0070203FB0C1194400144F3
:108B2C000B791C430C71D6E7002910B502DA0B4403
:108B3C0000211BB28C46B0F820E49C44F44515DCB3
:108B4C00002B12DDD4104FF0010C02F007020430A0
:108B5C000EFB041190F802440CFA02F2644508442E
:108B6C00D2B21DD0022C11D024B110BDAEEB01033A
:108B7C001BB2E5E7D24310FA83F3D2B210F8011B13
:108B8C001140984200F8011CF8D110BD10FA83F383
:108B9C0010F8011B5140834200F8011CF8D110BDA4
:108BAC0010FA83F310F8011B1143984200F8011CD2
:108BBC00F8D110BD0E49002230B4C0F828140D4C69
:108BCC000D490E4D0460A0F804240D4CC0F8082487
:108BDC000122C0F820144FF48061C0F82C54C0F866
:108BEC001C44A0F8241480F8062430BC704700BF45
:108BFC00595F0000A87B0020800040005D5F0000F2
:108C0C00915F000080F80614704700BF90F80604CE
:108C1C00704700BF002901DBFFF74ABF704700BF58
:108C2C00002905DBB0F82034994201DA002A00DA79
:108C3C00704710B4B0F82244A24206DA90F8064409
:108C4C00012C05D0022C1CD07CB15DF8044B704774
:108C5C004FEAE20C02F0070203FB0C1194400844AB
:108C6C00037923EA04030371EFE7D41002F007023F
:108C7C0003FB04110123084493400279134303714D
:108C8C00E3E7D41002F0070203FB041101230844AC
:108C9C009340027953400371D7E700BF2DE9F04FA1
:108CAC0083B0A3EB01090C461646BDF930C01F4634
:108CBC008346ACEB0208B8F1000FB8BFC8F100084E
:108CCC00B9F1000FB8BFC9F10009C8454BDD3446F6
:108CDC0067461A460E469C46BC4208DD8E46354613
:108CEC002046114666463C467246AC460746521A2A
:108CFC00A7EB040A002A0FFA8AF51FFA8AFAB8BF02
:108D0C005242002DB8BF0135B4454FEA650525DD4B
:108D1C000123009393B201933B465F469B4615E0BB
:108D2C00002E22463146384601DBFFF7C1FE019B7F
:108D3C000134EA1A009B24B215B2F11892B2002D3C
:108D4C00524401DA0EB215B2A34509DBC845E7DC83
:108D5C00002C324621463846E7DAE8E7BC4205DD0E
:108D6C0003B0BDE8F08F62463146B5E74FF0FF33F4
:108D7C000093CFE72DE9F04F1C4601269BB289B03A
:108D8C001FFA81F91FFA82FAF71A0593D3463FB2FC
:108D9C00CA46A1461C46CDE9061270E0033704F121
:108DAC00FF3933B2A7EB44074FEA460801931FFA89
:108DBC0089F43FB20FFA89F90AEB060504EB0B02B2
:108DCC001FFA88F82BB212B2002BADB270DBA5EBF8
:108DDC000805194604922DB2CDE90203FFF768FE8F
:108DEC00002D049ADDE9020370DB294603930290FF
:108DFC00FFF75EFEABEB0402039B029812B219461E
:108E0C00CDE90220FFF754FEDDE90220294602904D
:108E1C00FFF74EFE029804EB0A030BEB06021BB2A3
:108E2C0095B2002B12B235DBAAEB0404194604925E
:108E3C0024B2CDE90203FFF73BFE002C049ADDE9D6
:108E4C0002034CDB2146A5EB080503930290FFF7C8
:108E5C002FFE039B2AB202981946CDE90220FFF798
:108E6C0027FEDDE9022021460290FFF721FE029841
:108E7C00019B01364B45B6B23EDA1FFA89F4002F3E
:108E8C0007EB46078ADA33B201374FEA46083FB29E
:108E9C00019391E7AAEB040424B2002CE8DBA5EBC8
:108EAC00080521460290FFF703FE2AB20298DAE782
:108EBC00A5EB08052DB2002DADDB29460290FFF77E
:108ECC00F7FDABEB0402029812B29FE7ABEB040286
:108EDC001946029012B2FFF7EBFD02989BE7A5EB47
:108EEC00080219460290013612B2FFF7E1FD019B10
:108EFC000298B6B24B45C0DBD146059BDA46834699
:108F0C0003EB090109B2002902DB079AFFF7D0FD38
:108F1C00069900291BDB059C584604EB0A0212B289
:108F2C00FFF7C6FDA9EB040109B2002903DB079A80
:108F3C005846FFF7BDFD059B58460699AAEB030A58
:108F4C000FFA8AF209B0BDE8F04FFFF7B1BD059BEF
:108F5C00A9EB030109B2002906DB079A584609B0B0
:108F6C00BDE8F04FFFF7A4BD09B0BDE8F08F00BF1E
:108F7C002DE9F04F1F4687B0134601250492BAB273
:108F8C0082461FFA81F9AE1A1FFA83F8144605922D
:108F9C0036B253E00336671E0FFA85FBA6EB440688
:108FAC006B00BCB236B23FB2A8EB040298B2A9EB8C
:108FBC0005011BB212B2019009B2002A0ADBBAF801
:108FCC0022C4624506DA5046CDE90213FFF7ACFD28
:108FDC00DDE9021308EB040212B2002A06DBBAF830
:108FEC0022C4624502DA5046FFF79EFDA8EB05024B
:108FFC00A9EB04016300144612B209B2002A1BB299
:10900C00A4B20ADBBAF822C4624506DA5046CDE9AE
:10901C000213FFF789FDDDE90213019A224412B213
:10902C00002A06DBBAF82244A24202DA5046FFF7C5
:10903C007BFD0135BB45ADB20ADABCB2002E06EBA6
:10904C004506A7DA01360FFA85FB6B0036B2ABE7A3
:10905C00049A002A0FDBBAF822349A420BDA0599EB
:10906C0050464B00A9EB01011BB209B207B0BDE899
:10907C00F04FFFF759BD07B0BDE8F08F2DE9F04F69
:10908C008BB00746BDF95050BDF95800AA42BDF946
:10909C0054400892099501900DDD824220DD019D1E
:1090AC00DDE9080295420A4616DA01990190089109
:1090BC002146144620E0099A0198824217DD08984F
:1090CC000A460999019D0891194609901346DDE954
:1090DC00080295420A46E8DB2146144608950190A1
:1090EC000A46099908980891194613460990019A5D
:1090FC000898824200F096809DB2DDF824E08EB292
:10910C00DDF804C0A3B2BDF82010AC1B1FFA8EF022
:10911C001FFA8CF2A3EB060A24B25B1BF4450FFA80
:10912C008AFA0594A0EB0104A2EB0101A2EB000268
:10913C0024B2049512B21BB206940FFA81FB07926B
:10914C0002936CD0013803B20393039B089CA34297
:10915C00C0F28A804FF00008C146069B2246384672
:10916C0099FBF3F5059B3544994429B2ADB298FBB4
:10917C00FBF33344D0440FFA83FC9BB261459E460B
:10918C0002DD2B46614675460133002CA3EB05032B
:10919C0006DBB7F822541BB2AC4201DAFFF7C4FC71
:1091AC000134039B24B2A342D7DA099BA4EB030836
:1091BC00089BE51A029B03FB08F8019B0AFB05F5CB
:1091CC00A34229DB079B2246384698FBF3F1029B0E
:1091DC009844049B194495FBFBF333441FFA81FC20
:1091EC0009B255440FFA83FE9BB27145994602DDD4
:1091FC0063467146CC460133002CA3EB0C0306DB13
:10920C00B7F822C41BB2644501DAFFF78DFC0134B8
:10921C00019B24B2A342D5DA0BB0BDE8F08F019BC1
:10922C00039392E7994202DD0A4619461346A1427E
:10923C0011DD08990029EFDBB7F822249142EBDA13
:10924C0001330A46384621461B1B1BB20BB0BDE846
:10925C00F04FFFF769BCA342B8BF23460C460899F0
:10926C001BB20029E8DAD7E7089C9EE7B2F1000CA4
:10927C000ADB00B5B0F822E4F44503DA5DF804EB40
:10928C00FFF752BC5DF804FB704700BF002935DBCB
:10929C0070B5B0F820E471452FDA002A02DA1344D5
:1092AC0000221BB29446B0F822449C44A44501DD34
:1092BC00A41A23B2002B20DDD410051D12F00702D6
:1092CC000EFB041105EB010C19D0C2F10802FF26AC
:1092DC00D2B246FA02F49A426FEA0404E4B256DDC2
:1092EC00A2EB030E46FA0EF6344090F80664012EFB
:1092FC0066D0022E61D0002E56D070BD7047072B61
:10930C001DDD90F80614012930D849421A46C9B21D
:10931C00083A8CF80010B0F82044A44494B212B26D
:10932C00072CF5D89BB2A3F10802C2F3CC02C2EB16
:10933C00423203EBC203083B1BB2002BDDDD03F012
:10934C000702012390F8061493400129DBB203F1C4
:10935C00FF32D2B23DD0022935D00029CDD19CF8B4
:10936C0000205B4213408CF8003070BD0229C4D140
:10937C001A469CF80010083AC9438CF80010B0F853
:10938C0020148C4491B212B20729F2D8CAE790F893
:10939C000664012E14D0022E0FD02EB19A1AF4446A
:1093AC0013B2072BC9DDACE76E5C26EA04049A42C3
:1093BC006C54A2DCB0F820E4F0E76E5C7440F6E785
:1093CC006E5C3443F3E79CF800305A408CF8002074
:1093DC0070BD9CF800301A438CF8002070BD00BFA3
:1093EC002DE9F041151E07460E469846BDF918406A
:1093FC0005DBB0F822C4654501DAFFF795FB23467F
:10940C002A4631463846FFF741FF08F1FF312A461C
:10941C002346314409B2FFF739FF621E2A4412B2C7
:10942C00002A09DBB7F822349A4205DA4346314662
:10943C00BDE8F041FFF778BBBDE8F081F8B55D18E9
:10944C00BDF91870A9420ADA0C46164621460134B9
:10945C003B46324624B2FFF719FFAC42F6DBF8BDAF
:10946C002DE9F04F1E4685B083460F460392F21D40
:10947C00BDF9383048BF06F10E020193D3100293A8
:10948C00019B002B35DD00231D4698460093002ED2
:10949C001FFA88F822DD0F9B0022009903EB010ACA
:1094AC00039B08EB03090FFA89F912F0070F4FEA37
:1094BC00E2034FEA550594B208BF1AF80350E119BC
:1094CC0015F0010F09B205D000294A46584601DBB8
:1094DC00FFF7EEFA013422B29642E6D1009B08F176
:1094EC000108029A0FFA88F813440093019B434534
:1094FC00CDD105B0BDE8F08F2DE9F04F904690F836
:10950C00052491B0D0F80844022ABDF86870BDF863
:10951C006C60657800F0CE80032A00F0C780012AC9
:10952C0000F0CC80CE4200F1BE80B0F82064B14295
:10953C0000F3B98015EB080F00F1B5804645ACBFC0
:10954C0000220122002A40F0AE80002F00F0AB80F8
:10955C00013F89B29446E278013D0591013213FA3C
:10956C0087F1ED10013B019191000135A77807912E
:10957C0008F007015FFA85FB4FF0040A4FEAE80593
:10958C000C91B146C1F10801CDF82CB006950D91A6
:10959C00CDE90308E04613F8012F97427FD8D21B80
:1095AC0005200725D2B21AFB02A11AFB02001AFBF6
:1095BC000255615C205C12FB0AFE665D01EA000547
:1095CC00FF2D66D0039D049AB5F82254AA4260DCA4
:1095DC00059A08EB020C0FFA8CF51FFA8CFCEE4284
:1095EC0057D4A94555DB0EEB04029579002D68D0B4
:1095FC00B2B20292079ACDF82080A04610440A938A
:10960C00069E00EB0120039B0021099714FA80F0C1
:10961C0003E001318AB295425BD910F8014BB1FBE2
:10962C00FBF20CEB02070BFB1212BFB2324412FB23
:10963C00097212B2002AECDBB3F824E43FB2724593
:10964C00E7DA002FE5DBB945E3DD93F80674012F6B
:10965C005FD0022F42D0002FDBD1AEEB09070F9762
:10966C009F1897F804E00E970C9F04FA07F72EEA60
:10967C00070E0E9F87F804E00F9FBA42C9DA4A44DE
:10968C000D9F1A4444FA07F7147924EA070414715D
:10969C00BFE7B2B20292029A42441FFA82F8019AD0
:1096AC009A427FF478AF11B0BDE8F08FA8EB550269
:1096BC000FFA82F8A1EB560109B233E7891B09B204
:1096CC0030E70B9A02FB06F5B2B20292002D91D153
:1096DC00E1E744460A9BDDE90887DCE7AEEB0907C6
:1096EC000F979F1897F804E00E970C9F04FA07F752
:1096FC008EEA070E0E9F87F804E00F9F974288DDD5
:10970C004A440D9F1A4444FA07F7147967401771BD
:10971C007FE7AEEB09070F979F1897F804E00E97B9
:10972C000C9F04FA07F74EEA070E0E9F87F804E029
:10973C000F9FBA42BFF66DAF4A440D9F1A4444FACC
:10974C0007F714792743177163E700BF30B5D0F8DA
:10975C00084494F802E0C2B100250A44284612F8E5
:10976C0001CDACEB0E03BCF10A0F04EB8303DB79E8
:10977C00184480B203D1854238BF0546002091427F
:10978C00EDD1A84238BF284630BD104630BD00BFD1
:10979C00C0F80814704700BF2DE9F0410446174685
:1097AC001D46D0F82834D9200E4698473846D4F8B0
:1097BC0028349847D4F82834812098473046D4F878
:1097CC0028349847D4F82834DB2098472846D4F816
:1097DC0028349847D4F82834A4209847D4F828344F
:1097EC00A6209847D4F82834AF20BDE8F04118479C
:1097FC000B4607EE901A090682B014D4B8EEE77B3C
:10980C00002B4FEAD30314BFF12200229FED106B03
:10981C0027EE067BFCEEC77BCDED017A9DF804109C
:10982C0002B0FFF7B9BFB8EEE75BF122DB089FEDA2
:10983C00086B9FED097BA5EE067BFCEEC77BCDED9F
:10984C00017A9DF8041002B0FFF7A6BFAFF30080B9
:10985C0023DBF97E6ABCF23F00000000008045C0AB
:10986C0010B50446A120D4F828349847D4F82834ED
:10987C00C820BDE810401847B0F82424002104305B
:10988C0034F002BC90F80434042B00F08F8010B537
:10989C000446AE20D4F828349847D520D4F8283480
:1098AC009847F020D4F828349847A820D4F82834C6
:1098BC009847B4F82204D4F828340138C0B2984739
:1098CC00D320D4F8283498470020D4F8283498476B
:1098DC0094F80434032BD4F828340CBF0020402017
:1098EC0098478D20D4F8283498471420D4F828347D
:1098FC0098472020D4F8283498470020D4F82834EE
:10990C009847A020D4F828349847C020D4F828349D
:10991C009847D4F82834DA20984794F804349A1EDF
:10992C00012A01D9002B3AD1D4F8283412209847B7
:10993C00D4F828348120984794F804349A1E012ACC
:10994C0000D92BBBD4F82834CF209847D4F828342E
:10995C00D9209847D4F82834F1209847D4F82834E3
:10996C00DB209847D4F8283440209847D4F8283482
:10997C00A4209847D4F82834A6209847D4F8283443
:10998C002E209847D4F82834AF20BDE81040184753
:10999C00012BDBD1D4F828348F209847D6E7012B44
:1099AC00C6D1D4F8283402209847C1E7704700BFCD
:1099BC0070B50026D0F82C34C0F818140446C0F842
:1099CC000C64C0F81064C0F814649847054640B1A4
:1099DC002046FFF757FFB4F824243146201D34F0FD
:1099EC0053FB284670BD00BF2DE9F04182B0804684
:1099FC000846019136F00CFD86B2721C92B21046EC
:109A0C00009233F0D3FD0199E8B1009A074622F099
:109A1C0027FDB6B1013E7C1E002517FA86F6D8F854
:109A2C001C3414F8010F98476B1C08B178559DB283
:109A3C00B442F4D13D4400232B70384602B0BDE84B
:109A4C00F0813D46F7E70F46F7E700BF2DE9F047F9
:109A5C0006460F461946D0F8083482B015465C7895
:109A6C00FFF7C2FF96F8053482461FFA84F8032BE1
:109A7C002ED04FF000092049504631F089FB0446A6
:109A8C0000B3A5EB0905DFF87090ADB2204636F0B7
:109A9C00BFFC0346214630469CB22246FFF756FED9
:109AAC0084460B462AB2304639464544CDE9004C33
:109ABC00FFF722FD49460020ADB231F069FB0446A8
:109ACC000028E3D1504602B0BDE8F04733F076BD34
:109ADC0001780029CDD000231A4601330A2908BF8A
:109AEC0001329BB292B21AF803100029F5D104FB93
:109AFC0002F2C2F34F09BEE7283A002010B582B03B
:109B0C000446FFF771FF019036F082FC0246019982
:109B1C00204692B2FFF71AFE0446084633F04EFD7B
:109B2C00204602B010BD00BF22F044BB22F0B8BBEF
:109B3C0070B50E4C4FF6FF7E0D4E04F17E05A6F56A
:109B4C008053002102E0B34281B204D21A88481C2F
:109B5C0002337245F7D124F8021FAC4206F5805649
:109B6C00EDD1044B01221A7070BD00BF120501200B
:109B7C0000107C60FDFB012041F2BB0398422FD802
:109B8C00184B10B51B7804463BB3A008164B04F0D9
:109B9C000301164CA3FB0023C21A03EB5203144A15
:109BAC005B09C3EB831E9C46A0EB0E0341EA8C01C0
:109BBC00FF2034F813C01A444FEA4C0C13030CEB7F
:109BCC00023CBCEB023F07D91A880233D4B28C4258
:109BDC0008BF100A9C45F7D810BDFFF7A9FFD4E7C2
:109BEC00FF207047FDFB01200541100414050120E6
:109BFC00C00706005AB170B50C468D18461AA0194C
:109C0C00FFF7BAFF04F8010BA542F8D170BD7047FD
:109C1C0041F2BB03984200F28A80464B2DE9F04793
:109C2C001B78C2B005468946002B7DD0AB08424E4E
:109C3C0005F00305414FA6FB03269A1B06EB5206C3
:109C4C00760945EA8605C6EB86169E1B3C4B37F813
:109C5C0016C033444FEA4C004FEA033800EB033094
:109C6C00B0EB033F64D94346FF241A880233D1B2C8
:109C7C00A94208BF140A9842F7D8A14541D0BCF5B7
:109C8C00006F41D302AC4FF48072FF21204634F0B8
:109C9C00FBF908F5805008F102034246984234BFA4
:109CAC0001204FF4006008EB4000134602321B8881
:109CBC008242D9B24FEA13236354F6D104F80590CB
:109CCC000DF107090DF2071A00254C46404622F00B
:109CDC00E7FA14F801CF08EB450002220DF106015A
:109CEC00631EBCF1FF0FA3EB090306D043EA0C2360
:109CFC000135ADF8063022F05DFAA245E9D127F81E
:109D0C00165042B0BDE8F08745EA0925022202A9A7
:109D1C00ADF8085022F04EFA37F81630013327F818
:109D2C00163042B0BDE8F087FFF702FF7EE77047C0
:109D3C00FF24A2E7FDFB01200541100414050120BE
:109D4C00C00706005AB170B50C468D18461AA019FA
:109D5C0014F8011BFFF75CFFA542F8D170BD7047EA
:109D6C00024A034BC0E90223704700BF7572000022
:109D7C0025710000704700BFDFF89CC02DE9F04151
:109D8C00634606460F469046002402E00134802CC0
:109D9C0003D05D680C33002DF8D1A64217DC013ED0
:109DAC007300B8F1000F06D006EB46020CEB8202F2
:109DBC009268C8F8002027B19A190CEB82025268FD
:109DCC003A6033445CF823502846BDE8F081361BDA
:109DDC00FCF7A2F900EB46142546BCB110220D4944
:109DEC00204634F085F888B1A669FCF795F9B042A5
:109DFC000CD9B8F1000F02D06369C8F80030002FFD
:109E0C00E2D0A36928463B60BDE8F08100252846D6
:109E1C00BDE8F081A8700020ACF50120002801DD20
:109E2C00FFF7AABF38B50D46144611B1FCF774F90B
:109E3C00286014B14FF480532360002038BD00BF5C
:109E4C002DE9F843DFF844900646884617464C4601
:109E5C00002507E0216801350C3431F04DF878B15C
:109E6C00802D0FD0636820223046002BF2D105EBF9
:109E7C004505012049F8256009EB8509C9E90187E9
:109E8C00BDE8F8830020BDE8F88300BFACF50120E5
:109E9C00F0B5ADF5805D002640F6FC7241F2080588
:109EAC0083B0314603A8029634F0EEF80AACFCF706
:109EBC0033F94FF48052014602A802AF6D4422F0F0
:109ECC00CFFA09E031F090F8092804F1200408BF1A
:109EDC0004F8186CAC4212D02368204609210133D7
:109EEC00F0D16368221D0133ECD152F8043F0133E9
:109EFC00E8D153680133E5D12034AC42ECD1FCF706
:109F0C000BF94FF48052014602A833F0F1FFA8B9C7
:109F1C00FCF7FEF80190FEF79FFC019902461348EE
:109F2C00FFF78EFFFCF7F8F84FF48052014610480B
:109F3C00FFF786FF0DF5805D03B0F0BD0024FCF744
:109F4C00EBF8FFF7F3FDFCF7E7F84FF480722044D1
:109F5C0039461444FFF7E8FD07F58077B4F5805FC8
:109F6C00F1D104480FF070FCD2E700BFC87000209C
:109F7C00D0700020BC700020F0B583B0074636F0DE
:109F8C0047FA10284FF0010528BF102006466A46F4
:109F9C0001A928460135FFF7EFFE32463946044643
:109FAC0030B1019C002CF2D033F0A2FF0028EED18E
:109FBC00204603B0F0BD00BF2DE9F04F884689B0B4
:109FCC0006461746994638B1FCF7A6F80922014611
:109FDC00744833F08DFFF8B1FCF79EF80124FFF7BD
:109FEC00A5FD714DFCF798F809226E49FFF79CFD11
:109FFC0002E00134802C0DD0FCF78EF8102229469B
:10A00C0000EB441033F074FF0028F2D0204609B066
:10A01C00BDE8F08F002E4FD03378302B03D17378FE
:10A02C00782B00F08B80FCF777F84FF020098246F4
:10A03C00DFF874B109E033F05BFF0446002840D030
:10A04C00B9F5805FD5F818A036D0FCF765F8054651
:10A05C00304636F0DDF902464D443146102A09F1FE
:10A06C002009284628BF102233F042FF0346102255
:10A07C0059462846002BDED16B69BB4202D0B7F59E
:10A08C00805F59D8C7B10024A869204404F58054D6
:10A09C00FFF74CFDBC42F7D3B8F1000F0CD00024F5
:10A0AC00A86908EB04014FF48072204404F5807415
:10A0BC00FFF73AFDBC42F3D30024204609B0BDE8BB
:10A0CC00F08F32461021684636F010FA3A46414677
:10A0DC00204605970BF0C6F8B7F5805F049033481F
:10A0EC002CBFAAEB070AAAF5805A0AEA00000690D0
:10A0FC00CFB1264600E00698304406F58056FFF7AF
:10A10C0015FDBE42F7D3B8F1000F0CD0002606980F
:10A11C0008EB06014FF48072304406F58076FFF7A9
:10A12C0003FDBE42F3D3284620226946FFF7FCFC10
:10A13C00204609B0BDE8F08FF72467E70024B11C76
:10A14C0006226846CDE9004430F01CFFFBF7E0FF27
:10A15C00054621466846102230F0C0FE0544B9F190
:10A16C00000F01D0C9F800503A462946404633F05A
:10A17C00BFFE0028A0D0002F9ED00024281904F583
:10A18C008054FFF7D3FCBC42F8D3002408EB040145
:10A19C00281904F580744FF48072FFF7C5FCBC429B
:10A1AC00F4D389E778760020A870002000F0FFFF38
:10A1BC00014B024A1A607047880E0120D86C0120AE
:10A1CC00034B4FF480620021186833F05DBF00BF71
:10A1DC00880E012001460148FEF714BDD46C012005
:10A1EC0022B10AB201B20448FEF714BD0AB201B2A0
:10A1FC000148FEF715BD00BFD46C012003460AB21E
:10A20C00014819B2FEF706BDD46C012003460AB210
:10A21C00014819B2FEF704BDD46C01208C4601B282
:10A22C00054810B51CB282B013B20FFA8CF2009430
:10A23C00FEF734FD02B010BDD46C01208C4601B287
:10A24C00054810B51CB282B013B20FFA8CF2009410
:10A25C00FFF7C6F802B010BDD46C01208C4601B2D9
:10A26C00054810B51CB282B013B20FFA8CF20094F0
:10A27C00FFF7E4F802B010BDD46C01202DE9F041D9
:10A28C001C460C4D82B0174680460E4624B228461A
:10A29C000021FEF7B7FC28460FFA88F100943BB278
:10A2AC0032B2FFF7CBF80121284602B0BDE8F041ED
:10A2BC00FEF7A8BCD46C01202DE9F0411C460C4DD6
:10A2CC0082B0174680460E4624B228460221FEF77D
:10A2DC0099FC28460FFA88F100943BB232B2FFF792
:10A2EC00ADF80121284602B0BDE8F041FEF78ABC6A
:10A2FC00D46C01208446134603480AB21BB20FFAF1
:10A30C008CF1FEF737BD00BFD46C0120F8B50A4CB8
:10A31C00164607460D4620460021FEF773FC2046E4
:10A32C0039B233B22AB2FEF723FE20460121BDE832
:10A33C00F840FEF767BC00BFD46C0120844613467E
:10A34C0003480AB21BB20FFA8CF1FEF711BE00BF24
:10A35C00D46C012010B582B01CB213B20AB20094B6
:10A36C0001B2049801900248FFF77AF802B010BDD0
:10A37C00D46C01208446134602480AB20FFA8CF1C1
:10A38C00FFF764BBD46C0120012B2DE9F04104468E
:10A39C0082B00D46164610D00C4B0D48D3F80080F9
:10A3AC00FEF734FC074633462A46214640460097C2
:10A3BC0005F016FD02B0BDE8F08113460AB201B2F9
:10A3CC00034802B0BDE8F041FFF740BB880E012006
:10A3DC00D46C01202DE9F041984682B00646104617
:10A3EC0014460F4636F014F80546B8F1000F12D19A
:10A3FC00114B05EB85051148D3F80080FEF706FCE0
:10A40C00234600903A46A6EB5501404605F0E8FC81
:10A41C0002B0BDE8F08182B221460848FFF796F9F8
:10A42C002346A6EB500105483AB209B202B0BDE88A
:10A43C00F041FFF70BBB00BF880E0120D46C01204C
:10A44C002DE9F04F9DB0044600F5C87803464FF057
:10A45C007E590025DFF8C8E101AE4FF0000C6F4FBC
:10A46C00D3F85422B2B150334345F9D115B14FF062
:10A47C007C53019300250DF1480912F07FF9D4F8B3
:10A48C0054321B782E2B11D050344445F7D11DB0CB
:10A49C00BDE8F08F0125C3F89022C3F844C2C3F87D
:10A4AC004892C3F84C72C3E995E6DCE704F51773E0
:10A4BC0002AF04AEC9F808501B950DF1580A02956D
:10A4CC000395C4E99155C4E99355C4E9955593E8AE
:10A4DC000300CDE91055CDE90855CDE90A55CDE974
:10A4EC000C55CDE90E55C9E90055CDE91555CDE909
:10A4FC001955CDE9175586E8030097E8030083E862
:10A50C000300D4F86432D4F86822C4F86452069379
:10A51C000792C4F86852002B7AD003223146304699
:10A52C009847DDF854C0149B0495C6E90155CDF845
:10A53C001CC02BB1CDE9145599E8030086E8030043
:10A54C0096E8030004F51B7287E8030092E8030009
:10A55C0086E8030097E8030082E80300D4F874B29D
:10A56C00C4F87432D4F87832CDF818B0C4F878C284
:10A57C000793BBF1000F03D0032231463046D84776
:10A58C00199ADDF860C00495C6E901550792BCF133
:10A59C00000F05D0CDE918559AE8030086E80300B2
:10A5AC0096E8030004F51F7387E8030093E80300A3
:10A5BC0086E8030097E8030083E80300D4F88432AC
:10A5CC00D4F88812C4F884C20693C4F88822079180
:10A5DC001BB103223146304698471A9BC4F88C3283
:10A5EC001B9BC4F89032189B1BB10322514650465A
:10A5FC009847149B1BB10322494648469847109B29
:10A60C00002B3FF441AF0EA90322084698473BE7C5
:10A61C0004939C46C6E9013392E700BFABAA2A3DDE
:10A62C00BC3C00202DE9F04F4B4D0F468DB004463D
:10A63C0000212846FEF7E6FA7A1E0726A11E12B262
:10A64C0001232846009609B20392FEF7F7FE28462E
:10A65C000121DFF81C81FEF7D5FA611E039A27232E
:10A66C002846009609B23D4EFEF7E8FE0221284628
:10A67C0004F1110BFEF7C6FA00F088FB0368A6FB89
:10A68C00033900F083FB03682846D8F800A04FEA92
:10A69C005919A6FB03266422760902FB1636FEF72F
:10A6AC00B5FA3A4621462E4B0090504605F098FBE1
:10A6BC00D8F800A02846FEF7A9FA00905046DFF81B
:10A6CC00B4A0284B3A4604F10D01153405F088FB73
:10A6DC004A46514604A830F03BFDD8F80090284675
:10A6EC00FEF794FA04AB3A4659460090484605F0FA
:10A6FC0077FB04A835F08CFE0BEB8001D8F800B08A
:10A70C004FEA800928460391FEF780FA03993A46EE
:10A71C0000905846144B05F063FB144B514604A8AB
:10A72C00A3FB0636F20830F013FD04EB0901D8F850
:10A73C00004028460391FEF769FA039904AB3A46A8
:10A74C000090204605F04CFB01212846FEF75AFAF2
:10A75C000DB0BDE8F08F00BFD46C01201F85EB510C
:10A76C00B03F0020F09B0020BC3C0020CDCCCCCCDA
:10A77C00880E012078710020704700BF704700BF21
:10A78C00704700BF704700BF3AB10B461144C01A66
:10A79C001A5C03F8012B8B42FAD17047F0B516689E
:10A7AC0083B0056804460F680122AB680DF1070100
:10A7BC0068688DF8076098476B68246839460133E0
:10A7CC0032466B60A3686068984763683344636083
:10A7DC0003B0F0BDF0B5166883B0056804460F6889
:10A7EC000122AB680DF1070168688DF80760984786
:10A7FC006B6824683946013332466B60A368606825
:10A80C00984763683344636003B0F0BD21F028BE01
:10A81C00704700BF012A02D1016000207047022A54
:10A82C0005D0032AF9D0002AF7D10260F5E70B68AE
:10A83C000360F2E7012A034602D101600020704751
:10A84C00022A05D0032AF9D0002AF7D10260F5E7D5
:10A85C0003C983E80300F1E7012A034602D1016032
:10A86C0000207047022A05D0032AF9D0002AF7D11C
:10A87C000260F5E703C983E80300F1E7012A02D17E
:10A88C00016000207047022A05D0032AF9D0002A63
:10A89C00F7D10260F5E70B680360F2E7012A02D1F9
:10A8AC00016000207047022A05D0032AF9D0002A43
:10A8BC00F7D10260F5E70B680360F2E770B5D0E9F9
:10A8CC0000450646AC420AD004F12001A36A0322DB
:10A8DC003034084603B19847A542F5D1356825B107
:10A8EC00B1682846491B21F059FE304670BD00BFA7
:10A8FC00F0B5056883B0166804460F680122EB6852
:10A90C000DF10701686898476B6801336B609DF81F
:10A91C0007309E4205D0636840F23E521A6003B085
:10A92C00F0BD246832463946E3686068984763682E
:10A93C003344636003B0F0BDF0B5056883B01668AE
:10A94C0004460F680122EB680DF10701686898470F
:10A95C006B6801336B609DF807309E4205D06368CD
:10A96C0040F259521A6003B0F0BD246832463946A1
:10A97C00E3686068984763683344636003B0F0BD74
:10A98C00024A5268C0E90021704700BF001000E085
:10A99C00134B02685B689A4211D9013B4168DFEDA9
:10A9AC00116A9B1A91ED007A07EE903AF8EE677AED
:10A9BC0077EEC77AA7EEA67A81ED007A70479B1ADC
:10A9CC00DFED086A07EE903A4368F8EE677A93ED8C
:10A9DC00007A77EEC77AA7EEA67A83ED007A7047F5
:10A9EC00001000E00AD7233C064B074A1B6810688E
:10A9FC001B1A642B03D8003818BF012070470020A5
:10AA0C00704700BFA4F50120D818012030B41249BA
:10AA1C004EF66024114A04FB00F00B6814681B1BF3
:10AA2C000F4C03EB43032568DB00B0FBF3F0431B37
:10AA3C00002BB8BF5B42012B4FF0640303FB00F00B
:10AA4C0005DC401B074BA3FB003005EBD0000B686B
:10AA5C002060136030BC7047A4F501209C64012079
:10AA6C00CCCF0020CDCCCCCCF8B5864D2C6821F0C9
:10AA7C00D5FA854B1B7843B3844A4FF47A71012B7A
:10AA8C00A2FB00C24FEA921201FB120001FB040070
:10AA9C005DD0022B1DD0032B00F0BF807C4C2968AD
:10AAAC007C4A236811607C490A689A420AD07B4A26
:10AABC007B4803FB02F20B6002F15532B0EB321F04
:10AACC0080F0C380DBB21846F8BD714A184613609B
:10AADC00F8BD744B1B6813F001035FD06C4C2168FC
:10AAEC00002900F0BC80704A11684B1C102B01DD52
:10AAFC00A1F10F03136003EB43036C495A00DFED24
:10AB0C006C6A013281FB0231D317C3EB211303EBC7
:10AB1C004303A2EB4313614AA2FB03122360920985
:10AB2C0002EB4202A3EB421207EE902A614AF8EEC6
:10AB3C00E77A87EEA67A126858492D68A1FB0212B3
:10AB4C00544900EB92020D605B490A6061E05B4A7C
:10AB5C005B4912685B4BA1FB021256495209B3FBCD
:10AB6C00F2F3554A0B601168814259D9484B1A6867
:10AB7C004A49D3B2DFED4E6AA1FB02415248890922
:10AB8C0001EB4101A2EB411207EE902AF8EEE77AB5
:10AB9C0087EEA67A80ED007A1846F8BD46493C4C03
:10ABAC000A6882421CD83D4E2268484F06FB02FCC4
:10ABBC00B7EB7C0F14D2A6FB027C4FEA9C1C0CEB6F
:10ABCC004C0CA2EB4C12013222603A4A1268A6FBE2
:10ABDC00026200EB92020A6029682E4A116001E0C1
:10ABEC002C4A11682A683A48521A01688A4231D8AC
:10ABFC0023682A4ADFED2E6AA2FB0312920902EBAC
:10AC0C004202A3EB421207EE902AF8EEE77A87EEA7
:10AC1C00A67A2D4A82ED007A45E71D4B1B7852E748
:10AC2C001E492D68A1FB03431A4C00EB93031848F3
:10AC3C00256013600268A1FB02139B0903EB43031D
:10AC4C00A2EB43120132026092E73020FFF7DEFEE6
:10AC5C00236837E700229FED1F7A2260D9E7174B54
:10AC6C00174A1B68174EA2FB0323124A9FED1A7A50
:10AC7C005B09B6FBF3F6612316600B4E2360316063
:10AC8C0059E700BFA4F501200CFC0120D34D621044
:10AC9C0014190120D818012090640120ABAAAAAA8B
:10ACAC00555555056819012094640120ABAAAA2AB0
:10ACBC000000C042982A012098640120CCCF0020CB
:10ACCC001F85EB51C0E1E40024190120AAAAAA2A8D
:10ACDC00C4CF002000000000ABAA2A3C224B1B78FA
:10ACEC00022B2DD9002831DB204B1A681044602828
:10ACFC0010B5186025DD603818601D4C20601D4BA8
:10AD0C001D491E4A00FB03F3096803F1553311601A
:10AD1C001B4AB2EBF30F21D2164BDFED1A6AA3FBE1
:10AD2C000013194A9B0903EB4303A0EB431007EEF6
:10AD3C00900AF8EEE77A87EEA67A82ED007A10BDDB
:10AD4C0070470028D9DC0A4C2068D8E708496120F4
:10AD5C00064B4FF0FF3208601A6070471820FFF75F
:10AD6C0055FE2068D8E700BF0CFC0120942A012076
:10AD7C0014190120ABAAAAAAA4F50120D818012005
:10AD8C00AAAAAA0A0000C042241901200048704750
:10AD9C00CCCF00200023FD4A10B50446C0E90023A7
:10ADAC00C0E90231C0E99033C0E99233C0E9943371
:10ADBC00C0E99633C0E99833C0E99A33C0E99C33B3
:10ADCC00C0E99E33C0E9A033C0E9A233C0E9A43383
:10ADDC00C0E9A633C0E9A833C0E9AA33C0E9AC3353
:10ADEC00C0E9AE33C0E9B033C0E9B233C0E9B43323
:10ADFC00C0E9B633C0E9B833C0E9BA33C0E9BC33F3
:10AE0C00C0E9BE33C0E9C033C0E9C233C0E9C433C2
:10AE1C00C0E9C633C0E9C833C0E9CA33C0E9CC3392
:10AE2C00C0E9CE33C0E9D033C0E9D233C0E9D43362
:10AE3C00C0E9D633C0E9D833C0E9DA33C0E9DC3332
:10AE4C00C0E9DE33C0E9E033C0E9E233C0E9E43302
:10AE5C00C0E9E633C0E9E833C0E9EA33C0E9EC33D2
:10AE6C00C0F80034C0F80434C0F80834C0F80C340E
:10AE7C00C0F81034C0F81434C0F81834C0F81C34BE
:10AE8C00C0F82034C0F82434C0F82834C0F82C346E
:10AE9C00C0F83034C0F83434C0E9EE33C0E9F033D4
:10AEAC00C0E9F233C0E9F433C0E9F633C0E9F83352
:10AEBC00C0E9FA33C0E9FC33C0E9FE33C0F83834DA
:10AECC001030C0F82C34C0F83034C0F83434C0F82A
:10AEDC003834C0F83C34C0F84034C0F84434C0F8BE
:10AEEC004834C0F84C34C0F85034C0F85434C0F86E
:10AEFC005834C0F85C34C0F86034C0F86434C0F81E
:10AF0C006834C0F86C34C0F87034C0F87434C0F8CD
:10AF1C007834C0F87C34C0F88034C0F88434C0F87D
:10AF2C008834C0F88C34C0F89034C0F89434C0F82D
:10AF3C009834C0F89C34C0F8A034C0F8A434C0F8DD
:10AF4C00A834C0F8AC34C0F8B034C0F8B434C0F88D
:10AF5C00B834C0F8BC34C0F8C034C0F8C434C0F83D
:10AF6C00C834C0F8CC34C0F8D034C0F8D434C0F8ED
:10AF7C00D834C0F8DC34C0F8E034C0F8E434C0F89D
:10AF8C00E834C0F8EC34C0F8F034C0F8F434C0F84D
:10AF9C00F834C0F8FC34C0F80035C0F80435C0F8FB
:10AFAC000835C0F80C35C0F81035C0F81435C0F8A9
:10AFBC001835C0F81C35C0F82035C0F82435C0F859
:10AFCC002835C0F82C35C0F83035C0F83435C0F809
:10AFDC003835C0F83C35C0F84035C0F84435C0F8B9
:10AFEC004835C0F84C35C0F85035C0F85435C0F869
:10AFFC005835C0F85C35C0F86035C0F86435C0F819
:10B00C006835C0F86C35C0F87035C0F87435C0F8C8
:10B01C007835C0F87C35C0F88035C0F88435C0F878
:10B02C008835C0F88C35C0F89035C0F89435C0F828
:10B03C009835C0F89C35C0F8A035C0F8A435C0F8D8
:10B04C00A835C0F8AC35C0F8B035C0F8B435C0F888
:10B05C00B835C0F8BC35C0F8C035C0F8C435C0F838
:10B06C00C835C0F8CC35C0F8D035C0F8D435C0F8E8
:10B07C00D835C0F8DC35C0F8E035C0F8E435C0F898
:10B08C00E835C0F8EC35C0F8F035C0F8F435C0F848
:10B09C00F835C0F8FC35C0F80036C0F80436C0F8F6
:10B0AC000836C0F80C36C0F81036C0F81436C0F8A4
:10B0BC001836C0F81C36C0F82036C0F82436C0F854
:10B0CC002836C0F82C36C0F83036C0F83436C0F804
:10B0DC003836C0F83C36C0F84036C0F84436C0F8B4
:10B0EC004836C0F84C36C0F85036C0F85436C0F864
:10B0FC005836C0F85C36C0F86036C0F86436C0F814
:10B10C006836C0F86C36C0F87036C0F87436C0F8C3
:10B11C007836C0F87C36C0F88036C0F88436C0F873
:10B12C008836C0F88C36C0F89036C0F89436C0F823
:10B13C009836C0F89C36C0F8A036C0F8A436C0F8D3
:10B14C00A836C0F8AC36C0F8B036C0F8B436C0F883
:10B15C00B836C0F8BC36C0F8C036C0F8C436C0F833
:10B16C00C836C0F8CC36C0F8D036C0F8D436C0F8E3
:10B17C00D836C0F8DC36C0F8E036C0F8E436C0F893
:10B18C00E836C0F8EC36C0F8F03601E0CC80002090
:10B19C00C0F8F436C0F8F836C0F8FC36C0F8003702
:10B1AC00C0F80437C0F80837C0F80C37C0F81037AF
:10B1BC00C0F81437C0F81837C0F81C37C0F820375F
:10B1CC00C0F82437C0F82837C0F82C37C0F830370F
:10B1DC00C0F83437C0F83837C0F83C37C0F84037BF
:10B1EC00C0F84437C0F84837C0F84C37C0F850376F
:10B1FC00C0F85437C0F85837C0F85C37C0F860371F
:10B20C00C0F86437C0F86837C0F86C37C0F87037CE
:10B21C00C0F87437C0F87837C0F87C37C0F880377E
:10B22C00C0F88437C0F88837C0F88C37C0F890372E
:10B23C00C0F89437C0F89837C0F89C37C0F8A037DE
:10B24C00C0F8A437C0F8A837C0F8AC37C0F8B0378E
:10B25C00C0F8B437C0F8B837C0F8BC37C0F8C0373E
:10B26C00C0F8C437C0F8C837C0F8CC37C0F8D037EE
:10B27C00C0F8D437C0F8D837C0F8DC37C0F8E0379E
:10B28C00C0F8E437C0F8E837C0F8EC37C0F8F0374E
:10B29C00C0F8F437C0F8F837C0F8FC37C0F80038FD
:10B2AC00C0F80438C0F80838C0F80C38C0F81038AA
:10B2BC00C0F81438C0F81838C0F81C38C0F820385A
:10B2CC00C0F82438C0F82838C0F82C38C0F830380A
:10B2DC00C0F83438C0F83838C0F83C38C0F84038BA
:10B2EC00C0F84438C0F84838C0F84C38C0F850386A
:10B2FC00C0F85438C0F85838C0F85C38C0F860381A
:10B30C00C0F86438C0F86838C0F86C38C0F87038C9
:10B31C00C0F87438C0F87838C0F87C38C0F8803879
:10B32C00C0F88438C0F88838C0F88C38C0F8903829
:10B33C00C0F89438C0F89838C0F89C38C0F8A038D9
:10B34C00C0F8A438C0F8A838C0F8AC38C0F8B03889
:10B35C00C0F8B438C0F8B838C0F8BC38C0F8C03839
:10B36C00C0F8C438C0F8C838C0F8CC38C0F8D038E9
:10B37C00C0F8D438C0F8D838C0F8DC38C0F8E03899
:10B38C00C0F8E438C0F8E838C0F8EC38C0F8F03849
:10B39C00C0F8F438C0F8F838C0F8FC38C0F80039F8
:10B3AC00C0F80439C0F80839C0F80C39C0F81039A5
:10B3BC00C0F81439C0F81839C0F81C39C0F8203955
:10B3CC00C0F82439C0F82839C0F82C39C0F8303905
:10B3DC00C0F83439C0F83839C0F83C39C0F84039B5
:10B3EC00C0F84439C0F84839C0F84C39C0F8503965
:10B3FC00C0F85439C0F85839C0F85C39C0F8603915
:10B40C00C0F86439C0F86839C0F86C39C0F87039C4
:10B41C00C0F87439C0F87839C0F87C39C0F8803974
:10B42C00C0F88439C0F88839C0F88C39C4F8A03910
:10B43C00C4F8A439C4F8A839C4F8AC39C4F8B03984
:10B44C00C4F8B439C4F8B839C4F8BC39C4F8C03934
:10B45C00C4F8C43909F01CFF04F5947009F018FF06
:10B46C00204610BD10B540F6D41032F09FF80446BB
:10B47C0058B12821FFF78EFC0023054A84F8C839FF
:10B48C00C4F8CC392260C4F8D039204610BD00BFB6
:10B49C00C47F002070B5104B064600F6741400F5FE
:10B4AC00FA75036004F13801236C0322084603B1DA
:10B4BC00984704F12801236B0322084603B19847EF
:10B4CC0004F11801236A0322503C084603B1984743
:10B4DC00AC42E7D1304670BDCC800020034B10B598
:10B4EC0004460360FFF7D6FF204610BDC47F002042
:10B4FC00064B10B504460360FFF7CCFF40F6D411A1
:10B50C00204621F04BF8204610BD00BFC47F002020
:10B51C0070B5074C074EA4F51F55A4F51F642046C3
:10B52C0040F81C6FFFF7B6FFAC42F6D170BD00BF00
:10B53C00A0520120C47F0020012133F0D9BD00BFEF
:10B54C0008B132F03BB8704710B50446006838B10A
:10B55C0003681B6898472068FFF7F2FF00232360FD
:10B56C0010BD00BF4FF41F62014B02FB003070474F
:10B57C00E82A01204FF41F62024B02FB00F0185C1A
:10B58C00704700BFE02A012041F080011AB9054B39
:10B59C0023F810107047044B024A0B4322F810306A
:10B5AC00704700BF3C2201200080FFFFC36C13F0EA
:10B5BC00010205D1436904221B6810460B607047D9
:10B5CC0010B40468002C14DB4468FF2C06DC13F464
:10B5DC00805F436906D11B780B700EE0B4F5803F99
:10B5EC0007DA436902221B885DF8044B10460B8076
:10B5FC007047436904221B680B6010465DF8044BCE
:10B60C00704700BFC26C034610B512F0010482B043
:10B61C000FD0006800280CDB5868FF2806DC12F4F9
:10B62C00805F5A6915D10978117006E0B0F5803F3A
:10B63C000EDB5A690424096811601A6B2AB15A6B23
:10B64C0001A903F1280001939047204602B010BDD8
:10B65C005A69098802241180EFE700BF054B064A9E
:10B66C0003F1280142F8043B04338B42FAD1014820
:10B67C00704700BF502201202819012000280ADB46
:10B68C00092807DC094B0A4A03EB800383ED000A07
:10B69C0042F820307047064B044A03F1280182ED32
:10B6AC00000A43F8042B8B42FBD170475022012037
:10B6BC002819012028220021014832F0E5BC00BFE6
:10B6CC0028190120F8B505460E461746FBF7E8F990
:10B6DC000B4B04461B780BB1012D01D92046F8BD4C
:10B6EC003FB1864205DB361A06493846721C2FF0EC
:10B6FC002FFD054B1B7804EB43042046F8BD00BF1F
:10B70C0055D900201472002054D90020092805DCDA
:10B71C0000EB4000024B0001185A704700207047A4
:10B72C00D4160120092805D8054B03EB800393EDB3
:10B73C00000A7047034B03EB800313ED0A0A7047B2
:10B74C00DC180120945301200A4B1B68834208DD4E
:10B75C000123094A83401268134214BF01200020C0
:10B76C007047064AC01A105CA0F10F00B0FA80F0C6
:10B77C00400970479053012068190120E8530120BB
:10B78C00032830B443DC4FF41F62454B02FB0033FB
:10B79C005B68DA6812F001023ED0424900EB4002CD
:10B7AC00430051F82220002A5DD0D2ED007A9FEDA3
:10B7BC003E7A3E4CF4EEC77A14F81020F1EE10FAF3
:10B7CC004FEA021252B24BDC04F810201844384AEB
:10B7DC0001EB800102EB830001334968C0ED007A74
:10B7EC00002956D0D1ED007A02EB83029FED2E7A20
:10B7FC00E15CF4EEC77AC2ED007A0901F1EE10FAC1
:10B80C0049B2C8BF41F00F01E15430BC7047294B1D
:10B81C00DA6812F00102C0D100EB4001214C430068
:10B82C0089006558FDB10C44B1EE047AD5ED007A6F
:10B83C00013365681E4967EE877A1C4C04F81020AA
:10B84C0001EBC000E254C0ED007AE5B1D5ED007A11
:10B85C0001EB830167EE877A30BCC1ED007A70474B
:10B86C0042F00F02B0E701330024114A0F4901F8EE
:10B87C00104002EBC000CC5402EB8302002330BC1E
:10B88C0003601360704701EB8301002330BC0B6035
:10B89C007047002002EB8302E154106030BC70470B
:10B8AC00E02A0120B8530120CDCCCC3DE853012037
:10B8BC0094530120FC2A01200B4B1B68834209DDA9
:10B8CC004FF48033094A83401268134214BF01209D
:10B8DC0000207047C01A064B185CA0F1FF00B0FAAC
:10B8EC0080F04009704700BF905301206819012077
:10B8FC00E8530120411C05D0821C034B14BF0020CF
:10B90C001846704701487047A8520120085301207F
:10B91C00002833DBF1EE047A00EB4000224A01F1FF
:10B92C00600C224BC0EE275A02EB400203EB0013D3
:10B93C00B2F8780006EE100AB8EEC66A33F8020BBD
:10B94C0007EE900AF8EE677A77EEC67AF5EEC07AD3
:10B95C00F1EE10FA4CBFB2F87A00B2F87C0007EEA8
:10B96C00100AB8EEC77AC7EE876AF1EC017A8C45FB
:10B97C00E6EEA57A41ED017AE0D170470C4B01F16E
:10B98C00600210B40B4CB0F1FF3F18BF2346F1EC32
:10B99C00017AB3EC017A9142E7EE007A41ED017A3B
:10B9AC00F5D15DF8044B704780190120D4160120A5
:10B9BC0008530120A852012030B51C4D1C4B2C689B
:10B9CC001834A3FB04C39B0903EBC303A4EB43137D
:10B9DC00184C2B6004EB830403682BB3446012B344
:10B9EC004FF0180C9FED147A4FF0000E6245BCFB23
:10B9FC00F2FC4FEA8C0588BF0425182A0FD831F9C0
:10BA0C001E30204607EE903A0023F8EEE77A67EEF8
:10BA1C00877A0133E0EC017A6345FAD32C440EF1BA
:10BA2C00010E7245E9D130BD0460D8E720690120D0
:10BA3C00398EE338A06401200000003830B51C4D6D
:10BA4C001C4B2C681834A3FB04C39B0903EBC303E6
:10BA5C00A4EB4313184C2B6004EB830403682BB347
:10BA6C00446012B34FF0180C9FED147A4FF0000E97
:10BA7C006245BCFBF2FC4FEA8C0588BF0425182AF2
:10BA8C000FD831F91E30204607EE903A0023F8EE1D
:10BA9C00E77A67EE877A0133E0EC017A6345FAD3F3
:10BAAC002C440EF1010E7245E9D130BD0460D8E78B
:10BABC0020690120398EE338A0640120ABAA2A3A10
:10BACC0008B50A4B002903EBC103596808BF0021D4
:10BADC00D0F81031994203D190F81431934203D02D
:10BAEC0009F0F6FB012008BD002008BD441A012016
:10BAFC002DE9F04F2DED028BA7B006AB002800F01E
:10BB0C0046810193CDE906001846FEF729F9A64BAC
:10BB1C00A64A1C46CDE908320222A5490798A0473F
:10BB2C00079CA44B02341B780794002B00F039813E
:10BB3C000DF1380AA04E4FF00008A34608EE10AAEB
:10BB4C0008E09C4B08F1010806F51F661B7843457D
:10BB5C0040F2CB8056F8044C5846122231466368AA
:10BB6C000493089B98470798089B0422123004A959
:10BB7C0007909847079B03F1040B049BCDF81CB06E
:10BB8C00002BDED004F51175274604F6C41918EE07
:10BB9C0010AA04E0FFF70AFDA945824406D0284606
:10BBAC005146503555F8403C002BF3D118EE105A45
:10BBBC00584605A9089BAAEB050205920422984752
:10BBCC00079B059A18EE101A04330020079309F00E
:10BBDC0049FB0AAB04220A9019460798089B984720
:10BBEC000798059D18EE101A0430089B2A460790FA
:10BBFC009847079B2B44079300238DF80F30D4F8FC
:10BC0C00543253B122460123D2F8A412D8B2503286
:10BC1C0001330029F8D18DF80F002368019A1B68B5
:10BC2C000A92664A0D92664A0C9200220B92654A61
:10BC3C00934240F0A480624B0AA90322084698471D
:10BC4C00089B01220DF10F0107989847079B03F100
:10BC5C00010B9DF80F30CDF81CB0002B3FF471AFE9
:10BC6C00B1460024584D5846019E1EE0089B98474B
:10BC7C00D7F88C02079B002102680133DFF860A122
:10BC8C0092680793AA42514B0B910A960D93CDF8EB
:10BC9C0030A022D10AA903220846D04701349DF8CE
:10BCAC000F3007985037A34214DDD7F88C3201229D
:10BCBC00191D002BDAD18DF828300122089B0AA916
:10BCCC0098470134079850379DF80F300130A34244
:10BCDC000790EADC4E46834633E70AA99047DDF825
:10BCEC0030A0BAF1000FD9D0D4E75C4618EE10AAF8
:10BCFC002046089B04223649984707980024514651
:10BD0C000430089B04220E9407909847079B20460A
:10BD1C00043307930EF062FC089B51468DF83800F3
:10BD2C0001220798984701222A49DDE907030130CF
:10BD3C000790984701222849DDE907030130079055
:10BD4C00984707985146089B01308DF838400122DE
:10BD5C000790984701222149DDE907031044079019
:10BD6C0098470198DDE9062301339C1A0793FEF7E7
:10BD7C0001F8204627B0BDEC028BBDE8F08F2046C1
:10BD8C000AA998470C9B002B3FF45AAF54E718466E
:10BD9C0001934FF48073CDE90633FDF7E1FF089C66
:10BDAC00BAE60DF1380AA3E73D7D0000B57C000032
:10BDBC00D4C9002054D90020E82A0120CD7C0000F1
:10BDCC00CD7D00000D580000A97C0000057D000011
:10BDDC00CCCF00200CFC01200FFC01200DFC01201D
:10BDEC00AD7D0000032806DC4FF41F62034B02FB01
:10BDFC000033586870470248704700BFE02A0120A2
:10BE0C00FC2A01200E4B1B782BB903290DDD0D4BA1
:10BE1C00DB681B0610D503290ED84FF41F620A4BA2
:10BE2C0002FB0133987C01387047074B4FF41F62BB
:10BE3C0002FB01335B68EBE74FF0FF30704700BF4C
:10BE4C000FFC0120FC2A0120E02A0120B2F91C3051
:10BE5C009FED297A07EE903A9369FAEEE97A3C3B2A
:10BE6C0070B567EE877A0646DB01FDEEE77A17EED2
:10BE7C00904A00293AD0C86CC00732D4D1ED037A6D
:10BE8C00486967EE877AD0ED006AFDEEE77A17EE27
:10BE9C00900AF8EEE77AD6EE877AFDEEE77A17EE9F
:10BEAC00905A896C21B1097901F0FB01022920D14A
:10BEBC00A5F540655269134496F824211918D2014E
:10BECC0006F11000002309F06DFAD6F84022431950
:10BEDC0092F9041092F91120181902EBC1121044B6
:10BEEC0070BD48690568C8682D1ADAE70D46084622
:10BEFC00E0E705440020DBE70000C0442DE9F043F7
:10BF0C008DB0002848D0002403AE202204A821467E
:10BF1C00284F354632F0B8F8013439466846224687
:10BF2C002FF016F96846FEF727F8082C45F8040F91
:10BF3C00F2D100230124DFF87C8019461A461846FA
:10BF4C00FEF73AF8012181464FF4805033F0D0F8D7
:10BF5C00074656F8045F224641460134684675B1DF
:10BF6C002FF0F6F84FF480522946384620F078FA34
:10BF7C0000234FF4805239466846FEF71DF8092C11
:10BF8C00E7D13846FFF7DCFA49460B480DF05CFC6C
:10BF9C0048460DB0BDE8F083024603460146FEF765
:10BFAC000BF88146054849460DF04EFC48460DB04D
:10BFBC00BDE8F0832872002034720020407200200B
:10BFCC003B4B99422DE9F04F83B06DD8D0F800B0BF
:10BFDC00884683688146374ADC46A3EB0B031B116A
:10BFEC0002FB03F399425AD9D0F804A0AAEB0B0335
:10BFFC000193002956D001EB41084FEA081840463E
:10C00C0020F0C8FAD9F800B0D9F804A0DC460090AA
:10C01C00DA4531D0DDF800E00027DCF800300CF117
:10C02C0008050EF108040EF12006CEF80030DCF8FD
:10C03C000430CEF804300FCD0FC42B682360DCF82D
:10C04C001C30CEF81C30DCF82C30CEE90A73DCF84E
:10C05C002830CEE908774BB10CF1200292E80300AE
:10C06C00CCF8287086E80300CEF828300CF1300CA0
:10C07C000EF1300ED445D0D1BBF1000F06D0D9F85B
:10C08C0008105846A1EB0B0120F088FADDE90012EC
:10C09C000A4401EB0803C9E90012C9F8083003B0DF
:10C0AC00BDE8F08F0091B3E7034822F003FA00BF1C
:10C0BC00AAAAAA02ABAAAAAAA079002030B5B9B044
:10C0CC000024054601A8CDE90144FDF749FECC2228
:10C0DC0005A9049B02989847029A379B2146CC32BB
:10C0EC0017480292CC22AFF30080C42206A9204646
:10C0FC0009F0B8F84EF20673BDF8142001469A42C6
:10C10C0013D1379B834210D1BDF81640C42206A927
:10C11C00284620F0A5F921460A48AFF3008001A873
:10C12C00FDF728FE204639B030BD07484FF0FF34EC
:10C13C00AFF3008001A8FDF71DFE204639B030BDDD
:10C14C0088720020A4720020B072002038B51C4CFC
:10C15C00002589B2A44684F8B450C4F8C0509BB2F0
:10C16C00E646C4E92E553C346546AEF878100EF11F
:10C17C00060EAEF87430AEF87630A645F5D1114BFC
:10C18C00CCF80820CCE900020CF10C0C9C45F7D142
:10C19C0011F00AFFC4220A4920F062F90848FFF79F
:10C1AC008DFFD5F8B8300028BCBF43F08043C5F8EC
:10C1BC00B8309B0502D5044B01221A7038BD00BF64
:10C1CC0080190120F819012054D9002010B5B8B0FD
:10C1DC004EF20673002406A8ADF81430FFF76EFF7C
:10C1EC000130C4221249ADF8160006A820F038F927
:10C1FC0006A9C422002009F035F8034601A837939C
:10C20C00CDE90144FDF7ACFD05A9CC22DDE9020323
:10C21C0098470299CC2223468818BDF81610029034
:10C22C000448AFF3008001A8FDF7A4FD38B010BDA1
:10C23C0080190120C47400202DE9F04FD0E900983A
:10C24C001446794AA8EB09030F46784985B01B11AF
:10C25C00029002FB03F38B4200F0E380012B1A46A1
:10C26C00A7EB090638BF01229B1880F0D880002B61
:10C27C0040F0C58030220393CDE90023019A04F1EC
:10C28C00080C23684FF0000E9519D4F828A0935190
:10C29C00636805F1080605F1200B6B60BCE80F0024
:10C2AC000FC6DCF800303360E369C5F82CE0C5E953
:10C2BC00073EC5E909EEBAF1000F08D05846022234
:10C2CC0004F12001D047E36AEB62A36AAB624F45ED
:10C2DC003AD04C46019D4FF0000A04F1080C05F1D0
:10C2EC00080605F1200ED4E90023C5E90023BCE8BB
:10C2FC000F000FC6DCF80030E2693360E36AEB62D2
:10C30C00A36AC5E9072AC5E909AA43B104F12002C9
:10C31C0092E80300C4F828A08EE80300AB62303426
:10C32C003035A742D9D1A7F13003414AA3EB090319
:10C33C001B0902FB03F3019A23F07043023303EB56
:10C34C00430302EB03130093474544D0BC46DDF88E
:10C35C0000E04FF0000ABB46DCF800300CF1080599
:10C36C000EF10804DCF82870CEF800300EF120062F
:10C37C00DCF80430CEF804300FCD0FC42B682360EA
:10C38C00DCF81C30CEE9073ADCF82C30CEE909AAEF
:10C39C00CEF82C304FB10CF1200393E80300CCF80D
:10C3AC0028A086E80300CEF828700CF1300C0EF1B2
:10C3BC00300EE045D0D1A8EB0B031D4A303B1B09D6
:10C3CC0002FB03F3009A23F07043013303EB4303A6
:10C3DC0002EB03130093B9F1000F06D0029B484601
:10C3EC009968A1EB090120F0D9F8DDE901231A6065
:10C3FC00009A5A60039A9A6005B0BDE8F08F8B42A0
:10C40C0028BF0B4603EB43031D01284620F0C2F85E
:10C41C000346421901903033039200932EE7054DE9
:10C42C00F3E7054822F046F8ABAAAAAAAAAAAA02E0
:10C43C00ABAAAA0AE0FFFF7F847900202DE9F04324
:10C44C0093B0002403466A4A0EAE0F4608A8142186
:10C45C00119402ADCDE90D44CDE90644C6E9014481
:10C46C0034F044F808A833F0D3FF08A9024620465C
:10C47C0008F0F8FEBB680294CDE90540C5E901441B
:10C48C00002B00F0AC800222394628469847D7E9A9
:10C49C000232109C6F461093119B049405931192D9
:10C4AC0095E8030087E8030096E8030085E803009D
:10C4BC0097E8030086E803001CB1032229462846AE
:10C4CC00A04700F099F8D0E9004294423CD006997C
:10C4DC0002E03034A24237D02368A0468B42F8D118
:10C4EC000023DDF840900293C5E901330593B9F1BF
:10C4FC00000F7BD0022231462846C847DDE9109256
:10C50C0095E8030004F1200387E8030093E8030097
:10C51C0085E8030097E8030083E80300A36AE16A57
:10C52C000493C4F828900591E2621BB103222946BA
:10C53C0028469847109B1BB103223146304698473A
:10C54C00404613B0BDE8F08300F056F8044600F006
:10C55C0053F803462046D3E90031C91A254B09117B
:10C56C0003FB01F10131FFF72BFD00F045F8074605
:10C57C00D0E901539D4234D0069B08AC05F1080C60
:10C58C004FF0000E2B6005F12008079B6B600FCC61
:10C59C00ACE80F002368CCF800300D9BC5F820E008
:10C5AC00EB61C5F82CE0C5E909EE109B3BB102220A
:10C5BC00404631469847DDE91032C5E90A327B68BE
:10C5CC0030337B6000F018F8044600F015F8226850
:10C5DC00D0E900135B1A303B02EB0308AAE71A46BA
:10C5EC0057E706AA2946FFF727FEEBE74A4687E7F7
:10C5FC004C3D0020ABAAAAAA1A490B6813F0010300
:10C60C0010B5194C84B006D02268A3689A4210D099
:10C61C00154804B010BD0120144A23600860204660
:10C62C001349C4E9013321F007FF2268A3689A4239
:10C63C00EED101210C48FFF7C3FC0E4800230E4A33
:10C64C00039069460D480292CDE90033FFF7F6FEE0
:10C65C00029B002BDCD0694603220846984702480F
:10C66C0004B010BD7C0401208464012030D1002072
:10C67C00ED7D000095890000457D0000AC74002024
:10C68C0070B586B00446FFF7B7FFD0E900239B1ABC
:10C69C00302B2DD03A4BD3F8B8305B0006D40021A8
:10C6AC00204606B0BDE8704010F068B835491C2033
:10C6BC000DF0A6FF002304A80493ADF81430F9F78D
:10C6CC0005FE9DF815109DF814209DF813009DF89B
:10C6DC00123000902C48CDE901219DF810109DF8E6
:10C6EC0011200CF04FFE014624200DF089FFD6E7F7
:10C6FC00D4F8D05965B3254E29464FF48062306882
:10C70C001FF0AEFE94F8C83913F0010511D0204A81
:10C71C00D4F8CC1913685B1AB3F57A7F07D994F85F
:10C72C00C83912680133C4F8CC2984F8C83906B06A
:10C73C0070BD2846FDF74EFD2B46164A24214D2090
:10C74C00FDF722FE144A2C214E20FDF713FEDEE7E6
:10C75C0001214FF4806032F0CBFC0C4EC4F8D009B0
:10C76C00FDF72EFD28460D4908F0ACFC4FF4806215
:10C77C003168D4F8D0091FF073FED4F8D059BBE758
:10C78C00801901207470002088700020880E012010
:10C79C00A4F50120607000206C700020183A002075
:10C7AC002DE9F0410C460546FFF726FF394ED0E93E
:10C7BC0000239B1A1B1106FB03F3013B9C4249D837
:10C7CC0000236E682B705EB105F11C0305F10802A5
:10C7DC009E426B60C5F85C2232D11CB9BDE8F08179
:10C7EC00002C47D0FFF708FF076804EB440307EB66
:10C7FC0003104FEA0318037A002B36D04368013339
:10C80C004360836A002B43D0C36A203098470646A6
:10C81C00002838D057F8082005F10803103040F8EC
:10C82C000C2CC0F8303208F033FD2C7033681A4AE7
:10C83C005B686E609342D1D03046BDE8F04118473A
:10C84C00336830469B6998473046FEF779FE002CDA
:10C85C00C4D0C7E7FFF7D0FED0E90034E41A2411A6
:10C86C0006FB04F4013CE4B2AAE70C48BDE8F04135
:10C87C000CF0EABF05F11C0205F108036A60C5F86B
:10C88C005C32BDE8F0810648BDE8F0410CF0DCBF3D
:10C89C0021F044FEABAAAAAAC15400004C76002099
:10C8AC0034760020444B1968F0B587B008460191E6
:10C8BC0033F0AEFD019902464048FDF7C1FAC4229F
:10C8CC003F494048FDF7BCFA3F4B002203F5FA61A3
:10C8DC00C3F8C420C83343F8082C9942F8D13B4B19
:10C8EC0000203B4A03F12801106043F8042B8B42D3
:10C8FC00FBD1002002A902900590CDE9030006F0BF
:10C90C0053F9049B1BB102A9032208469847314BEB
:10C91C00314A324803F5C47C314901E050F8041F18
:10C92C00C3E90012083328329C45F7D1F9F7F8FB1C
:10C93C0001462C48AFF300800CF0D2F8A8B12A4C79
:10C94C0004F51F55204604F51F640021FFF728FF4E
:10C95C00AC42F7D1F9F7E4FB01462448AFF3008071
:10C96C0007B0BDE8F04008F09BBBFFF745FE06465C
:10C97C00D0E90075AF420BD03C4604F12001A36A0C
:10C98C0003223034084603B19847A542F5D17760AD
:10C99C0017480023174A02A9059017480492CDE9BD
:10C9AC000233FFF74BFD049B002BC8D002A90322D6
:10C9BC0008469847C3E700BFD4CF0020F47400208A
:10C9CC0080190120007500208022012028190120E7
:10C9DC0050220120441A0120A8680020E46700209E
:10C9EC00EC74002014750020E02A01202C75002026
:10C9FC0095890000457D0000AC7400202DE9F04FB6
:10CA0C00A9B00446FFF7F8FDD0E900239B1A302BA0
:10CA1C0000F0138100230793F6F752FEAD4B1B88F1
:10CA2C009B0700F1DD8108AB002C00F0CF8118468C
:10CA3C000193CDE90844FDF793F9A74BA74A1C468F
:10CA4C00CDE90A230DF14008022209984146A0477E
:10CA5C000998BDF840304EF218720230934209909A
:10CA6C0000F2C2819E4A134403939E4B1B78002B09
:10CA7C0000F05C810023DFF894A2DFF894B29A4FA7
:10CA8C00009309E0009A0AF51F6A964B01321B7855
:10CA9C000092934240F24A81039C0AF108010B9BDD
:10CAAC002246984709980B9B042220444146099042
:10CABC0098470998109E04300990002EE2D000256A
:10CACC002C4608E0FFF798FD03685B593035B342FC
:10CADC0000F0FC800134FFF78FFDD0E900239B1A96
:10CAEC001B110BFB03F39C42ECD300242146504654
:10CAFC00FFF756FE7D4B009ADAF8045023F81240EB
:10CB0C002B687B4A9B68934240F05D81042241462E
:10CB1C00099805F6C4160B9B98470998109C41463A
:10CB2C0004300B9B04220294099005F5117498476C
:10CB3C00099BA1464146043305930993109B04932A
:10CB4C0007E0484609F15009FEF730FD01444E4517
:10CB5C0003D0D9F81030002BF3D1029BA1EB0801C4
:10CB6C00602B00F25881029B05989942C0F0998085
:10CB7C0099461A4641460B9B9847099B4A464146A3
:10CB8C004B440020099308F06DFB049B834200F09A
:10CB9C002F812B680CAE57491A68019B8A420C9363
:10CBAC0007AB0D93544B0F93544B0E9340F0B68040
:10CBBC000322314630469847079B83BB0B9B0122CF
:10CBCC0009983146984709989DF830300130099002
:10CBDC00002B3FF457AF013B5022DFF83891DBB20A
:10CBEC0002FB035505F52575002301220DF11B01F0
:10CBFC008DF81B300B9B984709989DF81B20013032
:10CC0C000990002A43D03E49D7E900031B1A9B1018
:10CC1C0001FB03F39A4213D340F25D53079301983F
:10CC2C00FDF7A8F80799002940F0C98028220021B7
:10CC3C00344831F029FAFAF709FB29B0BDE8F08F36
:10CC4C0002EB82020C9400EB8200C368002B00F014
:10CC5C00E6800369314604309847A36C9DF81B208D
:10CC6C0001991A71A06CDFF8B0C00268264B92686B
:10CC7C000C9107A962450D91CDE90E390BD1032218
:10CC8C00314630469847079B002BC8D10998503441
:10CC9C00A542A9D1F6E6314690470E9B002BF2D067
:10CCAC00EDE7029E41460B9B32469847099B324664
:10CCBC00414633440020099308F0D4FA049B834284
:10CCCC003FF467AF4FF4A6630793A8E7E1B20C46B5
:10CCDC000DE700BFDEFB0120B97C0000417D0000A8
:10CCEC00FA18FFFF54D90020041901203C2201201E
:10CCFC00C55400000D580000217E0000897D000005
:10CD0C00CDCCCCCC28190120657D0000E02A012077
:10CD1C00ABAAAAAA697E0000A97C0000284631466D
:10CD2C0090470E9B002B3FF447AF41E704223D494F
:10CD3C000B9B98470998042241460B9B1044099081
:10CD4C00984709980122414604300B9B099098475B
:10CD5C00099B9DF84000013309930DF03FFC012223
:10CD6C00414609980B9B984709989DF840204146ED
:10CD7C0001302D4B09901A7001220B9B9847099892
:10CD8C009DF8402041460130284B09901A70012231
:10CD9C000B9B98470998012241460B9B1044099024
:10CDAC009847099B9DF84010214A01330198117056
:10CDBC000993FCF7DFFF079900293FF437AF1D48B3
:10CDCC000CF042FD32E7284698479FE6184601933F
:10CDDC004FF48073CDE90833FCF7C2FF0B9C31E6AE
:10CDEC0015480CF031FD1DE714480CF02DFD16E72D
:10CDFC00A1460294444608E0484609F150092146F0
:10CE0C00FEF700FC4E45044403D0D9F81030002B3B
:10CE1C00F2D1029CBDE640F21D530793FFE621F0D0
:10CE2C007DFB00BFCCCF00200CFC01200FFC0120AF
:10CE3C000DFC01201C760020EC75002004760020EF
:10CE4C002DE9F0474E4E0024DFF840813346424630
:10CE5C00197803F51F6332F8025BA94204D101343F
:10CE6C00042CF5D1BDE8F0874FF41F69454B002227
:10CE7C0005F07F0109FB04F9ED0B1A6006EB090ABA
:10CE8C00DAF804305046DF68FFF78AFC16F80930F0
:10CE9C0028F81430DAF80480D8F84062711E00E0EB
:10CEAC004BB10A4611F8013F0232B3FA83F3921BDD
:10CEBC005B09112AF4D91D4340F21442D8F80C3006
:10CECC0013425AD10DB9174253D021460220F9F71B
:10CEDC00A9FDC3B2B370D8F80C3019074BD50DB9F6
:10CEEC003A0742D421460020F9F79CFDC3B23370B7
:10CEFC00D8F80C30DB063AD50DB9F80606D4214625
:10CF0C000120F9F78FFDC3B27370CDB9337B082BB9
:10CF1C0002D8737B082B13D940F20443D8F80C20A9
:10CF2C00134203D03B4008BFC6F80630D8F8003097
:10CF3C00154A9B68934295D04046BDE8F047184788
:10CF4C00002508F110002A462946F570357408F0C2
:10CF5C00BFF980232146032035717574B573337383
:10CF6C007373F9F75FFDF072D6E7D906C5D40023C9
:10CF7C00CAE71A07B4D40023B9E70023AAE700BF15
:10CF8C00E02A01206C190120C55400003C2201202C
:10CF9C004FF41F633D4ADFF804C101FB03F32DE995
:10CFAC00F0413B4F0D4682B00646F95CFC1841F04F
:10CFBC0080031A432CF81020FFF742FF032DD4BF37
:10CFCC00656807F11C05032E5CDC4FF41F6303FB43
:10CFDC0006777968D5F8402201F51178D1F84032FE
:10CFEC0005F51177166805F6C41554689068D16874
:10CFFC001E605C609860D960128A264E1A8204E02A
:10D00C00503708F15008AF4239D03B69002B36D06D
:10D01C00D8F814103846FEF7C9FABB6C002BEFD0C9
:10D02C001B79306803EB8303CDF8048000EB83009D
:10D03C00C3684BB3036901A9043000249847BA6C48
:10D04C00D8F8483012791A710BE0D8F8482003F15F
:10D05C00080001341A440844D169FEF7A7FA182CC9
:10D06C00CED004EB8403B96C01EB03121B01926963
:10D07C00002AEAD1503708F15008AF42C5D102B0AE
:10D08C00BDE8F0810449A5E721F048FA0080FFFFD4
:10D09C00E02A012004190120FC2A01203C22012055
:10D0AC0000222DE9F041114610461546F9F7F8FC1F
:10D0BC001E4B80262A46294618600120F9F7F0FC01
:10D0CC001B4B1C4C2A46186029460220DFF8708046
:10D0DC0004F51F57F9F7E4FC2046282100F81C5BE7
:10D0EC00257260606572A572E57225736573C4F86C
:10D0FC000E50A574E57425756675A575E5752576D0
:10D10C006576FDF747FE84F8E459C4F8E859C4F88D
:10D11C00EC59C4F81C8004F51F64BC42DCD1064AEF
:10D12C0000200649BDE8F04121F086B9905301205A
:10D13C00F0530120E02A012030D10020418A000068
:10D14C00C47F002003681847012A02D10160002027
:10D15C007047022A05D0032AF9D0002AF7D10260C1
:10D16C00F5E70B680360F2E72DE9F04F036895B023
:10D17C0000F10804804608930AAD43682646D0F8AF
:10D18C0028C000270993C3690F93C36A13930FCE6A
:10D19C000FC533682B601297CDE91077BCF1000FE7
:10D1AC000AD008F12003CDF848C093E8030010AB77
:10D1BC00C8E90A7783E8030008F11C080DF110098F
:10D1CC004FF0000B584FA4F1080300253E46019385
:10D1DC0002E00135302D58D0142256F8041B0AA851
:10D1EC002DF08AFE0028F4D1A4F1300A002602E0CA
:10D1FC000136302E4CD0142257F8041B50462DF01B
:10D20C007BFE0028F4D1AE4246DDA4F131025AE98E
:10D21C000201CAE90A0112F8013F04F8013B444536
:10D22C00F9D1DAF81420C9F800B0CAF84420DAE9C8
:10D23C000865C9E901BB07953EB10AF1180292E8ED
:10D24C000300CAE908BB89E8030099E803000AF166
:10D25C00480202AB83E8030092E8030089E803006C
:10D26C0093E8030082E80300DAE91442CAF850603C
:10D27C000694CAF8545007921CB1032249464846FA
:10D28C00A047A8F1300854469CE76FF00045ABE787
:10D29C006FF00046AE42B8DC019A0AAE089B00273C
:10D2AC00139D1360099BDDF848E0536004970FCE83
:10D2BC002060A260E3603068019A0F9B616020617E
:10D2CC00D361C9E901770795BEF1000F06D010AB09
:10D2DC00CDE9127793E8030089E80300019A02ACC8
:10D2EC0099E8030002F1200384E8030093E80300AB
:10D2FC0089E80300D4E9000183E803001146936A2E
:10D30C00C2F828E0D26A0693CD6207921BB10322C1
:10D31C00494648469847129B1BB110A90322084660
:10D32C00984715B0BDE8F08FFCCE00202DE9F04FEA
:10D33C00884299B00190059100F0158100F13003FD
:10D34C00994200F0108100F1600300F1080B1E46B9
:10D35C00A6F12805DFF83492A6F1300800272C46F8
:10D36C00CA4603E00137302F00F0058114225AF829
:10D37C00041B28462DF0C0FD0028F3D14FF0000A05
:10D38C0005E00AF1010ABAF1300F00F0F78014221F
:10D39C0059F8041B58462DF0AFFD0028F1D1BA45C1
:10D3AC0040F3E4800EAF4FF0000C56F804EC56F846
:10D3BC0008AC0296CDF85CE056E90C930493CDE9E9
:10D3CC000C9356F8143C039313930FCD0FC72B6893
:10D3DC003B60CDF858C0CDE914CCBAF1000F0AD09F
:10D3EC00A6F11003CDF858A093E8030014AB46E95E
:10D3FC0002CC83E80300019BA8EB0308624B4FEAC5
:10D40C00281AB8F1000F03FB0AFA40F3BA80A6F110
:10D41C00140808AD06AF4FF00009039654F8382CE9
:10D42C002346A44644F8082C54F8342C44F8042C15
:10D43C00A4F13102303C12F8011F03F8011B4345E3
:10D44C00F9D15CF81C3CCCF81430C5F80890C5E94F
:10D45C0000995CF80C2C5CF8106C0B923EB1ACF1A2
:10D46C00180393E8030085E803004CE9049995E858
:10D47C0003000CF1180387E8030093E8030085E828
:10D48C00030097E8030083E80300DCF82030DCF8A5
:10D49C0024100A93CCF820600B91CCF824201BB1FB
:10D4AC000322294628469847BAF1010AA8F1300808
:10D4BC00B4D1DDF85CE0039EDDE90C930493139B7F
:10D4CC000393019B0EAC049A4FF0000CC3F8009030
:10D4DC005A60DDF85880C5F808C00FCCCBF80000B6
:10D4EC00CBF80820CBF80C302068019B039ACBF8C2
:10D4FC000410CBF81000DA61C5E900CCCDF82CE0B3
:10D50C00B8F1000F06D014ABCDE916CC93E80300AC
:10D51C0085E80300019A95E8030002F1200387E8EF
:10D52C00030093E8030085E8030097E8030083E811
:10D53C0003001146936AC2F82880D26A0A93C1F894
:10D54C002CE00B921BB10322294628469847169BC8
:10D55C001BB114A9032208469847059B3036029A42
:10D56C0093427FF4F5AE19B0BDE8F08F40460296B9
:10D57C00FFF7FAFDF1E76FF00047FFE66FF0004AA6
:10D58C000DE708AD06AF9CE7ABAAAAAAFCCE00201B
:10D59C002DE9F04F9FB00993531E0A920B9348BF8D
:10D5AC00134606915C100290B1EB630F089480F265
:10D5BC001D8201EB41040DF1380B0DF1480A89462F
:10D5CC0000EB0414CDF81CB0083409F101030299E6
:10D5DC00AD4F00255A004FEA8308BB46019208EB79
:10D5EC004308531E059303EB430301EB081801EBAF
:10D5FC00031308F10806039302E00135302D76D0B1
:10D60C0014225BF8041B30462DF076FC0028F4D174
:10D61C000495039B002503F1080B02E00135302D26
:10D62C0069D0142257F8041B58462DF065FC0028CD
:10D63C00F4D12B46049A934204DD059B5E46DDF83B
:10D64C000C80019309EB4909D8F80020029D731E48
:10D65C004FEA091004F1140105EB09192A50D8F806
:10D66C000420C9F8042013F8012F04F8012B8C4274
:10D67C00F9D10023D8F82C20D8F82840CAF8083063
:10D68C00CAE90033D8F81C301592C9F81C3044B1E3
:10D69C0008F1200393E8030000238AE80300C8E99B
:10D6AC000A339AE8030009F12003079D85E803007B
:10D6BC0093E803008AE8030095E8030083E803007D
:10D6CC00D9F82830D9F82C10C9F828401493C9F887
:10D6DC002C2015911BB10322514650469847019BB3
:10D6EC00089A93420ADA3446DDF804906DE76FF03D
:10D6FC00004304938DE76FF000439BE7DDF81CB00B
:10D70C000A9BDA0740F11981099B14AC4FF0000C0D
:10D71C005A6803F10807D3F800A01392D3F81CE061
:10D72C000392CDF848A0D3E90A950FCF0FC43B68FC
:10D73C0023601D95CDE919ECCDE91BCCB9F1000F97
:10D74C000BD0099ACDF8709002F1200393E80300F6
:10D75C001AABC2E90ACC83E80300019B069AB3F129
:10D76C00010948BF994693424FEA690940F34A813F
:10D77C000CAB049309EB4903029A434F344602EB7A
:10D78C00031800251B01BA4608F10806039302E0B2
:10D79C000135302D75D014225AF8041B30462DF06B
:10D7AC00ABFB0028F4D1AA46002502E00135302D50
:10D7BC006CD0142257F8041B14A82DF09DFB0028E4
:10D7CC00F4D12B465345019B65DD03EB430A04F171
:10D7DC001401DDE902534FEA0A12E85805EB0A1A64
:10D7EC0008F10703A850D8F80420CAF8042013F84D
:10D7FC00012F04F8012B8C42F9D1D8F82C200021F0
:10D80C00D8F81C30D8F82840CBF80810CAF81C30CF
:10D81C00CBE90011119244B108F1200393E8030005
:10D82C0000238BE80300C8E90A339BE803000AF1E4
:10D83C002003049D85E8030093E803008BE80300B4
:10D84C0095E8030083E80300DAF82830DAF82C10A6
:10D85C00CAF828401093CAF82C2011911BB103224E
:10D86C00594658469847B9F101030699CDF80490EA
:10D87C0048BF4B4649454FEA630380F2B580994651
:10D88C0078E76FF0004A8FE7FCCE00206FF0004382
:10D89C005345019B99DC03EB4303029A02EB0318FB
:10D8AC00DDF864E01D9DDDE912A30393039B14AE28
:10D8BC00C8F800A00027C8F80430DDF870C00E9737
:10D8CC000FCE206030686160A260E3602061C8F810
:10D8DC001CE0CBE901771195BCF1000F06D01AAB17
:10D8EC00CDE91C7793E803008BE803009BE8030069
:10D8FC0008F12003049A82E8030093E803008BE804
:10D90C00030092E8030083E80300D8F82830D8F825
:10D91C002C20C8F828C01093C8F82C5011921BB1B9
:10D92C0003225946584698471C9B1BB11AA903223F
:10D93C00084698471FB0BDE8F08F023B0B9A48BFD2
:10D94C001346019AB2EB630F7FF4DEAE5300029ADA
:10D95C0006F11401013303EB43040193230102EBA1
:10D96C000414D35804F10805C8F800306368C8F8EB
:10D97C000430E31D13F8012F06F8012B8E42F9D168
:10D98C00E2690023A66A0DF1480AC8F81C20E26A75
:10D99C0014931592CDE9123336B104F1200103C969
:10D9AC00C4E90A338AE803009AE8030008F120036B
:10D9BC008BE8030093E803008AE803009BE803006C
:10D9CC0083E80300D8F82830D8F82C10C8F8286061
:10D9DC001493C8F82C2015911BB1032251465046C4
:10D9EC0098472E46A0468FE6344659E7069B0DF124
:10D9FC00380B029A03EB4308019302EB081808F169
:10DA0C0008067DE60CAB344604934FE710B584B0A2
:10DA1C00F8F77EFB00F5FE24202120462DF0E4FAD9
:10DA2C000C4A00230C49202814BF204610460B4AF0
:10DA3C0001930B4B0091694602930392F9F7E2F8BC
:10DA4C00029B1BB16946032208469847F9F71AFC5A
:10DA5C00FCE700BFB4990020BDB7000075A600001C
:10DA6C0079A600002DE9F04FC36995B000F1080CC0
:10DA7C00D0F800900093864666460F93836A0C4656
:10DA8C00D0F804800AADD0F82CB04FF0000A019306
:10DA9C0010AFCDF82090CDF82480CDF84CB00FCE3F
:10DAAC000FC533682B60019BCDF840A0C7E901AAD4
:10DABC00002B00F09080019B12930EF1200393E851
:10DACC000300CEE90AAA87E8030022680EF11C00C5
:10DADC00CEF80020E21D6168CEF8041012F8011F88
:10DAEC000CF8011B6045F9D1E269002604ADD4F8AD
:10DAFC002CC0CEF81C2004F1200AA26ACDE90466E1
:10DB0C002AB19AE80300C4E90A6685E8030095E89F
:10DB1C00030002AE86E8030093E8030085E80300E7
:10DB2C0096E8030083E80300DEF82830CEF82820BE
:10DB3C00DEF82C200693CEF82CC007924BB10322B2
:10DB4C002946284698470F9BDDF84CB00093DDE939
:10DB5C000898009B0DF1280C4FF0000EE361CDF8F6
:10DB6C0010E0C5F804E0BCE80F00C4E90098A06020
:10DB7C00DDF84880DCF80000E16022616361A0619F
:10DB8C00B8F1000F05D0CDE912EE97E8030085E857
:10DB9C00030095E8030086E803009AE8030085E893
:10DBAC00030096E803008AE80300A36AE26AC4F85B
:10DBBC0028800693C4F82CB007921BB10322294687
:10DBCC0028469847129B1BB1032239463846984782
:10DBDC0015B0BDE8F08F0EF1200376E72DE9F04F7C
:10DBEC002DED048BA5B08DF824300B1A0490B3F5F1
:10DBFC00407F0892079140F37982089A002A00F03E
:10DC0C008382049B03F1300208EE902A03F1380260
:10DC1C00083309EE102A08EE103A049A0025079BE7
:10DC2C0019EE106ABC4C9B1A089A013A1B11089207
:10DC3C00BA4A02FB03F3002BB8BF013323F00107F0
:10DC4C0007EB6307079BA3F1300A049B03EB071751
:10DC5C0003E00135302D00F04E82142254F8041BE1
:10DC6C0030462DF049F90028F3D107F10806DFF80A
:10DC7C00A882002403E00134302C00F03F821422EF
:10DC8C0058F8041B30462DF037F90028F3D1079BC8
:10DC9C00AC42DFF884824FF00006A3F128091BDDAB
:10DCAC0003E00136302E00F05081142258F8041B8A
:10DCBC0048462DF021F90028F3D1B442C0F24A8134
:10DCCC00B54216DB18EE901A0498FFF7CBFE14E061
:10DCDC000136302E00F01582142258F8041B4846E9
:10DCEC002DF00AF90028F3D1B542EBDBB44280F2F7
:10DCFC00318151460498FFF7B5FE079B19EE10BA17
:10DD0C0018EE905A9846AA4618EE106A02E00AF1EC
:10DD1C00380B9A465746804C0025142254F8041BA5
:10DD2C0058462DF0E9F820B10135302DF5D16FF0C2
:10DD3C000045DFF8E4910024142259F8041B304606
:10DD4C002DF0DAF820B10134302CF5D16FF000440D
:10DD5C00AC420AF13003DADCA8F1300601970593E6
:10DD6C00B04606F10807DFF8B0910025142259F8E7
:10DD7C00041B38462DF0C0F820B10135302DF5D1FB
:10DD8C006FF00045AC42A6F13006E9DBC24580F0ED
:10DD9C00C78020ABDAF81C20DAF82C100AF1080541
:10DDAC001AAC0293039200260191DAF800E0DAF83B
:10DDBC0004C0CDF860E0CDF864C00694DAF8289081
:10DDCC000FCD0FC42B68039A23600199029BCDE9F8
:10DDDC001F26C3E901660AF120032391B9F1000F54
:10DDEC0008D0029A93E80300CAE90A6682E80300A5
:10DDFC00CDF88890D8F80020CAF800207A1ED8F800
:10DE0C000410CAF804100BF1140112F8010F0BF8EE
:10DE1C00010B5945F9D1D8F81C200026D8F8285008
:10DE2C000CACCAF81C2008F12009D8F82C200E964E
:10DE3C000F92CDE90C662DB199E80300C8E90A668A
:10DE4C0084E8030094E803000AAE86E8030093E834
:10DE5C00030084E8030096E8030083E80300DAF883
:10DE6C002830DAF82C10CAF828500E93CAF82C2057
:10DE7C000F914BB103222146204698471F9BDDE9A9
:10DE8C0018EC0393239B0193019B069D0F930FCDDD
:10DE9C00C8E900EC4FF0000C3860FB602868039B6D
:10DEAC00DDF888E0CDF830C07960BA603861C8F828
:10DEBC001C30C4E901CCBEF1000F06D0029B93E8E4
:10DECC000300CDE922CC84E8030094E8030086E843
:10DEDC00030099E8030084E8030096E8030089E84E
:10DEEC0003000199D8F82830D8F82C20C8F828E07D
:10DEFC000E93C8F82C100F921BB10322214620461A
:10DF0C009847229B1BB10299032208469847059D0E
:10DF1C000AF1380BF7E600BFFCCE0020ABAAAAAA88
:10DF2C009DF8243050460799089AFFF757FE049B3A
:10DF3C00AAEB0303B3F5407F40F3D880089A002A7C
:10DF4C0000F0E780CDF81CA067E66FF000439C4220
:10DF5C003FF4CFAE39460498FFF784FDCDE6169B0F
:10DF6C001BB1032259465846984718EE103ACDF883
:10DF7C0014A04FF00009013B0793019BA3F1280467
:10DF8C00A3F114050AAB0893049B03F120029A46F3
:10DF9C0009926369A4F10800626A2746216A0EAEF1
:10DFAC0001930292049154F808EC54F804CC0690B6
:10DFBC00CDF830E0CDF834C00FCF0FC63B68029AD5
:10DFCC0033600499019B1393CBF80890CBE900992B
:10DFDC001792002900F02381049B169304F1180377
:10DFEC0093E80300C4E908998BE80300DAF80020F1
:10DFFC00079944F8082CDAF8042044F8042C22463B
:10E00C0011F8010F02F8010BAA42F9D1DAF81C2021
:10E01C00DAF82C606261DAF82820C8F80890C8E9B0
:10E02C0000991B962AB1099903C9CAE90A9988E88B
:10E03C00030098E80300089F87E8030093E80300B7
:10E04C0088E8030097E8030083E80300236A226250
:10E05C00626A1A9366621B924BB103224146404698
:10E06C009847139BDDE90CEC0193179B0293069BDD
:10E07C000EAF039EA3EB0A03CDE918EC04934FEA11
:10E08C00231C684BDDF858E003FB0CFC0FCF0FC6CC
:10E09C003B68029A3360019B1F93059BC3E900996F
:10E0AC00C3F808902392BEF1000F07D0CDE9169962
:10E0BC009BE8030083E80300CDF888E04346624602
:10E0CC0000215046FFF764FA229B1BB105990322ED
:10E0DC0008469847169B1BB1032259465846984749
:10E0EC00049B303C303D302B3FF753AF25B0BDEC9B
:10E0FC00048BBDE8F08F6FF00045B6E56FF000447F
:10E10C00C5E56FF00046EFE5049A0191083208EE80
:10E11C00102A444A1B110DF1500B0DF1800A02FB21
:10E12C0003F30DF160089A1E08931AAB039322F0C7
:10E13C00010303EB620352100292049A02EB0319DF
:10E14C0009F12002D9F80030D9F81C6009F1080750
:10E15C000EAD0992D9F804200C930D9205930796F5
:10E16C002E460692039C0FCF0FC63B6800213360EE
:10E17C00079E059B13961893D9E90ACECBE900119B
:10E18C00CDF85CE0CBF80810BCF1000F36D0069A45
:10E19C0000231992099A92E80300C9E90A338BE823
:10E1AC0003000FCD0FC42B68236000231F9616931A
:10E1BC001793CDF88CE09BE803008AE80300CDF8B8
:10E1CC0088C043460299089AA9F130090498FFF7D0
:10E1DC00DFF9229B1BB10322514650469847029B04
:10E1EC00002B3FF4BCAE029B013B0293169B002B11
:10E1FC00A6D00322594658469847A1E7069B0EAD78
:10E20C00039C19930FCD0FC42B682360079B1F939E
:10E21C00CAF808C0CAE900CCCDF88CE0D1E704F10B
:10E22C001803E3E6ABAAAAAA70B5FEF7E5F9D0E9A4
:10E23C000065B54220D0AC1B13494FF000033046AB
:10E24C00221101FB02F22946B2FA82F2C2F11F023C
:10E25C005200FFF7C3FCB4F5407F0EDD06F54074A9
:10E26C0030462146FFF762F8A54205D020463034EF
:10E27C00FEF77AFFA542F9D170BD29463046BDE8BC
:10E28C007040FFF753B800BFABAAAAAA08B54FF469
:10E29C0000200AF063FCBDE80840FFF7C5BF00BFD3
:10E2AC00704700BF00F1200100224FF0FF0C00F579
:10E2BC00307000B54FF03C0EA1F120031A740833F6
:10E2CC0083F809E09A729A81DA7183F806C08B425E
:10E2DC00F4D103F12A018142EED15DF804FB00BFB9
:10E2EC000B68002210B41C6801781846E36A5DF8CC
:10E2FC00044B184703880868A3F50051036809B25A
:10E30C001B6B1847012A02D1016000207047022ABA
:10E31C0005D0032AF9D0002AF7D10260F5E70B8863
:10E32C000380F2E70B6810B41C6842780178184639
:10E33C00636B5DF8044B1847012A02D10160002081
:10E34C007047022A05D0032AF9D0002AF7D10260BF
:10E35C00F5E70B880380F2E7012A02D10160002067
:10E36C007047022A05D0032AF9D0002AF7D102609F
:10E37C00F5E70B780370F2E7012A02D10160002067
:10E38C007047022A05D0032AF9D0002AF7D102607F
:10E39C00F5E70B880380F2E70B6810B41C68427831
:10E3AC0001781846E36A5DF8044B184700234FF4D4
:10E3BC0070514FF47F024FF0FF0C0182A0F80EC099
:10E3CC0042610183C261018442620185A0F862C08E
:10E3DC00A0F864108266A0F86C108374837680F8C1
:10E3EC00223080F82A30838580F83C30C38780F84F
:10E3FC004430A0F8463080F84C30A0F84E3080F80D
:10E40C005430A0F8563080F8663030B5BA4C00F570
:10E41C00297EBA4D8463046484640465056080F8C5
:10E42C006E300267A0F874108267A0F87C10C0F8F8
:10E43C008C40C0F89440C0F89C40C0F8A440A0F8B0
:10E44C00B6C0A0F8B810C0F8BC20A0F8C010C0F836
:10E45C00C420A0F8C810C0F8CC20A0F8D01080F8C8
:10E46C00763080F87E30A0F8803080F89030A0F8BC
:10E47C00923080F89830A0F89A3080F8A030A0F84C
:10E48C00A23080F8A830A0F8AA3080F8BA3080F812
:10E49C00C23080F8CA3080F8D230A0F8D430C0F83E
:10E4AC00E040A0F8E8C0A0F8EA10C0F8F040C0F8CE
:10E4BC00F840A0F80AC1A0F80C11C0F81021A0F87F
:10E4CC001411C0F81821A0F81C11C0F82021A0F8D4
:10E4DC002411C0F83441C0F83C41C0F8444180F8E4
:10E4EC00E430A0F8E63080F8EC30A0F8EE3080F89C
:10E4FC00F430A0F8F63080F8FC30A0F8FE3080F84C
:10E50C000E3180F8163180F81E3180F82631A0F8D3
:10E51C00283180F83831A0F83A3180F84031A0F831
:10E52C00423180F84831C0F84C41A0F85EC1A0F8E7
:10E53C006011C0F86421A0F86811C0F86C21A0F833
:10E54C007011C0F87421A0F87811C0F88841C0F897
:10E55C009041C0F89841C0F8A041A0F8B2C1A0F811
:10E56C00B411A0F84A3180F85031A0F8523180F83B
:10E57C00623180F86A3180F8723180F87A31A0F813
:10E58C007C3180F88C31A0F88E3180F89431A0F871
:10E59C00963180F89C31A0F89E3180F8A431A0F817
:10E5AC00A63180F8B631C0F8B821A0F8BC11C0F87B
:10E5BC00C021A0F8C411C0F8C821A0F8CC11C0F833
:10E5CC00DC41C0F8E441C0F8EC41C0F8F441A0F8DB
:10E5DC0006C2A0F80812C0F80C22A0F81012C0F85D
:10E5EC001422A0F81812C0F81C22A0F8201280F8EF
:10E5FC00BE3180F8C63180F8CE31A0F8D03180F829
:10E60C00E031A0F8E23180F8E831A0F8EA3180F886
:10E61C00F031A0F8F23180F8F831A0F8FA3180F836
:10E62C000A3280F8123280F81A3280F82232C0F89E
:10E63C003042A0F838C2A0F85AC24FF0030CA0F830
:10E64C003A12C0F84042C0F84842A0F85C12C0F838
:10E65C006022A0F86412C0F86822A0F86C12C0F80E
:10E66C007022021DA0F874120121C0F88442C0F877
:10E67C008C42A0F8243280F83432A0F8363280F87C
:10E68C003C32A0F83E3280F84432A0F8463280F892
:10E69C004C32A0F84E3280F85E3280F8663280F848
:10E6AC006E3280F87632A0F8783280F88832A0F892
:10E6BC008A3280F89032A0F89232C0F89442C0F8B6
:10E6CC009C42022480F89832A0F89A3280F8A0324A
:10E6DC00A0F8A232C0F8A43213722A3242F82A3CB3
:10E6EC0002F826CC02F8254C02F8241C02F8233C34
:10E6FC007245F1D130BD00BFFF00003C587C0020BA
:10E70C002DE9F04F87B0DFF824814FF0000B454E18
:10E71C00019003910592FDF775FB2A23029003FBF0
:10E72C0000F3049398F800305FFA8BF20092002B00
:10E73C006DD000249DF808703B4D4FF0010AA146A6
:10E74C000DE049462846FDF75DFBB84209F1010989
:10E75C0098F8003001D10134E4B2994508DA3368F5
:10E76C00DB07EED42846FFF721FEC6F800A0E8E749
:10E77C00009A94424BD9009A0BF1010B019902F1CA
:10E78C000109049A039802EBC9020A449179814267
:10E79C00CAD1D3794BB9059B1B6933B9127A002ABC
:10E7AC0038D001220599CA6022E0059B012202990A
:10E7BC001A612A2301FB03F3019903EBC9030B44F0
:10E7CC000021D9711B7A23B9059BDA68003A18BF6E
:10E7DC000122059BDA602A23029A02FB03F3019AB9
:10E7EC0003EBC90313449B7A642B94BF00230123CE
:10E7FC000599029A8B602A2303FB02F202EBC903F0
:10E80C00019A1A441346527A9B898A618B8307B00A
:10E81C00BDE8F08F0599CA68003A18BF0122CA609A
:10E82C00E6E700BF68040120F854012054D9002009
:10E83C002DE9F04F9A4B89B000279A4E00928946E9
:10E84C000497054607938DF81120974B3278974C17
:10E85C008DF8101005970693002A34D0DFF85082FB
:10E86C004FF0010A09E039464046FDF7CBFAA842C1
:10E87C0011D0013733789F4223DA2368DA07F2D4B8
:10E88C004046FFF793FD39464046C4F800A0FDF71B
:10E89C00B9FAA842EDD13846FDF7A4FAC3681B06B5
:10E8AC00E7D53846FDF79EFA069B0390002B00F047
:10E8BC00F580079B03A904A80137984733789F423A
:10E8CC00DBDB069B1BB104A903220846984723688F
:10E8DC00DF0740F1CB803378002B00F0D08000278D
:10E8EC00DFF8CC814FF0010ABB460CE0594640469C
:10E8FC00FDF788FA854201D10137FFB20BF1010B0C
:10E90C003278934508DA2368D807EFD44046FFF7EE
:10E91C004DFDC4F800A0E9E72A20654905FB00F08D
:10E92C000B181F73002F00F0968000F1030E8E441D
:10E93C0000210B461EF801CF8A460CF07F0CE145F6
:10E94C0000F092800131CBB29F42F3D8C11D584BDD
:10E95C004FF0FF0801EB030A0B33554903EB000E94
:10E96C002A23D44603FB051351461CF801AFBA45C4
:10E97C0007D203EB0A0B9BF904B018EA2B0838BF3B
:10E98C00D046F445F1D1B8F1FF0F06D111F8013F93
:10E99C00BB4238BF98467145F8D1C246444B4FF044
:10E9AC002A0E00F10C0103F108070EFB053E194479
:10E9BC0007EB000C0EEB0A0069F07F0707710320D0
:10E9CC0011F8013D984503D0471E7044037278B28C
:10E9DC006145F5D12A21364BB8F1030F01FB053106
:10E9EC0081F8088037D82168C90750D54FF02A0B19
:10E9FC000AF1010301200BFB05FB01930BEBC30197
:10EA0C002B4B1944009B81F809908B720872C871CA
:10EA1C000AB30027DFF89890BA4603E00137337841
:10EA2C00BB4218DD2368DB0718D539464846FDF78D
:10EA3C00E9F9A842F2D10AF10103D045DBB29A46BA
:10EA4C00ECD1019B1A4A0BEBC30313449F710137A2
:10EA5C003378BB42E6DC09B0BDE8F08F4846FFF7DF
:10EA6C00A5FC01232360E0E7984697E71048FFF7E1
:10EA7C009DFC012323603378002B7FF430AF2A21D7
:10EA8C000B4A01FB0522137309B0BDE8F08F184641
:10EA9C00FFF78CFC012222603278A7E71FF03EFDC5
:10EAAC00C9B8000054D90020A9B80000680401209E
:10EABC00F85401202DE9F04F4C4B8BB04C4F0024F7
:10EACC00099380464B4B3A7806940291ADF8181096
:10EADC0007940893002A00F08580474E4FF00109F7
:10EAEC00464D09E021462846FDF78CF9404511D0EA
:10EAFC0001343B789C4222DA3368D807F2D428469A
:10EB0C00FFF754FC21462846C6F80090FDF77AF929
:10EB1C004045EDD12046FDF765F9C3681906E7D5E8
:10EB2C002046FDF75FF9089B0590002B5CD0099BF4
:10EB3C0005A906A8013498473B789C42DCDB089C6D
:10EB4C0024B106A903220846A0473B782A224FF09D
:10EB5C00000B294D02FB08F203925FFA8BF2019233
:10EB6C00002B35D00024254E4FF0010AA1460CE0B5
:10EB7C0049463046FDF746F9404501D10134E4B22F
:10EB8C0009F101093B78994508DA2B68DB07EFD4CA
:10EB9C003046FFF70BFCC5F800A0E9E7019A944258
:10EBAC0016D9029AA2F500542A68D20724B212D5BB
:10EBBC00019A0BF1010B039902F101090F4A01EBC8
:10EBCC00C9094A4494815FFA8BF20192002BC9D196
:10EBDC000BB0BDE8F08F0948FFF7E8FB01223B784A
:10EBEC002A60E5E71C46ACE71FF098FC25B800004E
:10EBFC0054D9002069B8000068040120F8540120A1
:10EC0C002DE9F047514B86B0DFF854910024059361
:10EC1C000F464F4B064699F8002002944D4D8DF847
:10EC2C00081003940493002A35D0DFF830814FF09C
:10EC3C00010A0AE021464046FDF7E4F8864212D06C
:10EC4C00013499F800309C4223DA2B68D807F1D4B0
:10EC5C004046FFF7ABFB21464046C5F800A0FDF748
:10EC6C00D1F88642ECD12046FDF7BCF8C3681906F2
:10EC7C00E6D52046FDF7B6F8049B0190002B62D038
:10EC8C00059B01A902A80134984799F800309C42D1
:10EC9C00DBDB049B1BB102A90322084698472B68B7
:10ECAC00DA0744D54FF02A0CDFF8B0800CFB06FCD9
:10ECBC0008EB0C03187BB8B30CF10302002442449C
:10ECCC00214603E00134E1B288422DD912F8013F0C
:10ECDC0003F07F039F42F5D14FF02A0E1E4A0CF130
:10ECEC000C030EFB068E944443440EEB0402177186
:10ECFC00032213F8010D884203D0571E7244107280
:10ED0C007AB29C45F5D12A2303FB068319722B6832
:10ED1C00DB0712D52A230134002206FB03F303EB95
:10ED2C00C403984488F8082006B0BDE8F0870B4867
:10ED3C00FFF73CFB01232B60B4E70848FFF736FBD9
:10ED4C0001232B60E6E71FF0E9FB00BF11B80000C0
:10ED5C0089B800006804012000550120F8540120F6
:10ED6C0054D900202DE9F04F6E4B00276E4E88468B
:10ED7C006E4C914605462DED028B8DB00B9333787E
:10ED8C00089709978DF820108DF821200A94002BF4
:10ED9C0035D0674C4FF0010BDFF89CA109E03946E8
:10EDAC005046FDF72FF8A84211D0013733789F4217
:10EDBC0023DA2368D907F2D45046FFF7F7FA39461D
:10EDCC005046C4F800B0FDF71DF8A842EDD1384606
:10EDDC00FDF708F8C3681A06E7D53846FDF702F8C0
:10EDEC000A9B0790002B00F09B800B9B07A908A89F
:10EDFC000137984733789F42DBDB0A9C24B108A982
:10EE0C0003220846A0473378002B65D04FEA49030C
:10EE1C00A8F1300B09EBC9129FED468ADBB24FF01B
:10EE2C00000A029201930BEB8B03414C1B01424FE6
:10EE3C0003F5117203F64443049203930AE051461E
:10EE4C003846FCF7DFFFA84212D00AF1010A3378EA
:10EE5C00534541DD2368DB07F1D43846FFF7A6FAAA
:10EE6C000123514638462360FCF7CCFFA842ECD175
:10EE7C005046FCF7B7FFB8F1070F45D0B8F10A0FB1
:10EE8C0048D0A8F11003072B2BD95FFA8BF3072B73
:10EE9C00DBD8049B184405900BF09CFF20EE080A6D
:10EEAC004FF68071059843F6FF72FCEEC07A17EEB0
:10EEBC00903A0B4043EA090393420AF1010A28BF36
:10EECC00134607EE903AB8EEE70A80EE080A0CF00B
:10EEDC009BFD33785345BDDC0DB0BDEC028BBDE81A
:10EEEC00F08F039B184405900BF074FF20EE080A7A
:10EEFC000299059843F6FF72FCEEC07A17EE903A31
:10EF0C0003F07F030B43D7E75046FCF72BFB019B29
:10EF1C0003739AE75046FCF725FB019B437394E778
:10EF2C001FF0FCFA55B8000054D9002035B8000089
:10EF3C006804012000FC7F46F8540120F8B5164601
:10EF4C00A1B10144441E124D4F1E0BE02B6803F07F
:10EF5C000F01013301312B60F7F7CCF9F7F7DEF92C
:10EF6C00BC4203D014F8010F0028EFD106B9F8BD4C
:10EF7C00074C0020236803F00F010133013123609B
:10EF8C00F7F7B8F9F7F7CAF900232360F8BD00BF0B
:10EF9C001C190120A0F15403F0B583B02A2B17D80B
:10EFAC00DFE803F01B2EA7161616161616161616E5
:10EFBC0016161616161616161616161616161616E5
:10EFCC0016161644581616161616161688919A000A
:10EFDC0003B0BDE8F0400FF00BB8002368460124E5
:10EFEC006D460093ADF80430F7F770F9E1B20134D7
:10EFFC0015F8010BF7F77EF9072CF7D103B0F0BD2C
:10F00C00444D2B784BB1002400222046013411468C
:10F01C00FCF7BAFA2B78A342F6DCFDF711FF0121BD
:10F02C00002003B0BDE8F040F7F764B93A4C012179
:10F03C00D4F8B800003818BF0120F7F75BF9B4F822
:10F04C00BA000121003818BF012003B0BDE8F04020
:10F05C00F7F750B94FF48070FCF76EFA2F4905465C
:10F06C002F4B0888FF212C462E4A24F8010B2046F2
:10F07C001B6831F03BFA0444274B611B2A4AD3F836
:10F08C00B8302046C1F5807131F030FA0444274A7B
:10F09C00611B2046C1F5807131F028FA044401222D
:10F0AC002846611BFFF74AFF284603B0BDE8F04035
:10F0BC00FCF746BA0020FCF721FF012103B0BDE8A4
:10F0CC00F040F7F717B90120FCF718FF012103B046
:10F0DC00BDE8F040F7F70EB9154C206808B1FCF705
:10F0EC002FFA00231349144A23600B60136003B0FA
:10F0FC00F0BD00240A4F03E0305D2C46F7F7FAF818
:10F10C003E68651C304631F083F9A042E9B2F3D871
:10F11C0085E700BF54D9002080190120807400209D
:10F12C00D4CF0020847400209874002040740020F8
:10F13C004C2201207C220120C8CF00202DE9F04F69
:10F14C0089B0F7F7EDF8002845D0B54A00F00F0666
:10F15C00B449C0F30325136804460135070A01338B
:10F16C001360C0F303130B70A6F10803062B1BD816
:10F17C00082EC0F3033359D1082B57D1EDB2C0F38D
:10F18C000746040EA84B681E80223146C0B21A7086
:10F19C00FFF736FDA54B0120A54A1D70A54B167037
:10F1AC001C7009B0BDE8F08FB31E5FFA87F8012B15
:10F1BC0015D9B8F1F70F18BFB8F1F00F01D9052E1A
:10F1CC000DD0042E00F05582731F022B40F2E48107
:10F1DC000F2E00F09680002009B0BDE8F08FA8F14A
:10F1EC00F108B8F10E0FF6D801A353F828F000BFC0
:10F1FC00E5C70000E5C70000E5C9000007C700002F
:10F20C0007C70000E5C7000007C7000041CA00009F
:10F21C0007C700005BCA00002BCA00009DC7000096
:10F22C0007C70000E5C70000F1C90000092E11D185
:10F23C00092B0FD1230EC4F30746EDB257D0DCB225
:10F24C009022794B681E31461A70C0B22246FFF7E5
:10F25C00EFFA9FE70A2E34D10A2B32D1724BA0223F
:10F26C00C4F30746EDB2240E1A7093E7DFF8E09171
:10F27C00DFF8C481D9F8003013F0010600F09B824E
:10F28C000023C8F8A4326C4800224FF03C0CFF2637
:10F29C0000F5287E0346002101311A7483F811C051
:10F2AC00083304299A729A81DA719E71F4D12A304A
:10F2BC007045EFD1C4F307465B4BEDB2240E1F70C3
:10F2CC0068E70B2E02D10B2B00F09B800C2E02D189
:10F2DC000C2B00F0C3800D2E3CD10D2B3AD1524B90
:10F2EC00D022C4F30746EDB2240E1A7052E74E4AF0
:10F2FC008021681E1C4611703146C0B2FFF780FC9D
:10F30C0048E7B8F1F70F3FF66AAFB8F1F00F04D049
:10F31C004A4B1B88002B3FF45EAF494F3B78002BC8
:10F32C003FF459AF0024474D04E001343B789C4234
:10F33C00BFF651AF2046FCF755FDC3681B06F4D54C
:10F34C002046FCF74FFD03689B6BAB42EDD041466A
:10F35C009847EAE70E2E7FF43EAF0E2B7FF43BAFBF
:10F36C004FEA544BC4F306426B1EDFF8E8800BF4F3
:10F37C007E5B2D49260C4BEA020BD8F800204BEA99
:10F38C00033BE0231FFA8BFB0B70002A40F0D98162
:10F39C002D4F3968002900F04F82DFF8BC90D9F866
:10F3AC000030002BC0F2D580002005F05BFFC0F3CD
:10F3BC000D018B4540F00E82D7F800A0082223499E
:10F3CC0050462EF095FD002840F04B82D8F80030C6
:10F3DC00102B00F066824FF0010AEDB25046691E08
:10F3EC00C9B2F6F787FF3868F6B2FCF7A9F8002324
:10F3FC00240E3B60C9F800304FF0FF33C8F80030E2
:10F40C00C8E6EDB2C4F30746074B240EB022681EC3
:10F41C0031461A70C0B22246FFF7A4FCBAE600BF10
:10F42C00442201202EFC012032FC01202FFC012063
:10F43C0030FC012031FC0120F8540120F8FB0120A4
:10F44C0054D90020D1B700004C220120E8720020D2
:10F45C0068040120C8CF00207C220120A54BEDB20E
:10F46C00A54FC02205F1FF3AC4F307461A703B784A
:10F47C005FFA8AFA002B00F08D804FF0000BDFF85A
:10F48C007C92DFF87C820AE059464046FCF7BAFCD5
:10F49C00824558D00BF1010B3A7893457ADAD9F8BA
:10F4AC000020D307F0D44046FEF780FF0123C9F8B3
:10F4BC000030E9E7C4F307463046FFF76BFDFBE687
:10F4CC008E4E3368DB0740F170818D4800224FF07F
:10F4DC003C0CFF2600F5287E0346002101311A74EE
:10F4EC0083F811C0083304299A729A81DA719E71DB
:10F4FC00F4D12A308645EFD1DCE6804E3368DA074A
:10F50C001BD57F4B0122C4F30746C3F8A422D3E6D4
:10F51C007A4E3368D80740F15781794BC4F30746CC
:10F52C00D3F8A402FBF7DAFBC6E6744E4FF0FF30BB
:10F53C00FBF7D4FB3368D907E3D47148FEF736FFE9
:10F54C0001233360DDE7584600223146FCF71CF8F6
:10F55C00A0E701F803B04FEA1B2BD9F800203B6859
:10F56C006848134483F801B0D9F80010D8F800208B
:10F57C000231C9F8001009F005FFD8F80020D9F8BD
:10F58C0000100AF041F93B681A78302A00F03B81F0
:10F59C00EDB2F6B2240EFDE5574F3B78002B00F090
:10F5AC0022810025DFF86C9103E001353B789D4208
:10F5BC000FDA2846FCF716FCC3681B06F5D528465F
:10F5CC00FCF710FC03689B6B4B45EED0414698470B
:10F5DC00EBE7052E1DD0C4F30749002B00F0068184
:10F5EC000025DFF8308104E001353B789D4280F244
:10F5FC00BE802846FCF7F6FBC3681806F4D52846EF
:10F60C00FCF7F0FB03689B6B4345EDD049469847EC
:10F61C00EAE73D493D4C0A883D482270120A002415
:10F62C0002700C80F021334A117003B3394D03E0A2
:10F63C0001343B789C421ADA2046FCF7D3FBC368B2
:10F64C001A06F5D52046FCF7CDFB03689B6BAB4245
:10F65C00EED0F7219847EBE72B492C4C0A882C4825
:10F66C000B80F021234B2270120A197002700120BA
:10F67C00B2E5214F3B78002B3FF4ADAD0025254E74
:10F68C0003E001353B789D420FDA2846FCF7AAFBD4
:10F69C00C3681806F5D52846FCF7A4FB03689B6BDA
:10F6AC00B342EED041469847EBE7C4F30746002B34
:10F6BC003FF491AD0025DFF85C8003E001353B7829
:10F6CC009D420FDA2846FCF78DFBC3681906F5D569
:10F6DC002846FCF787FB03689B6B4345EED031460D
:10F6EC009847EBE7240E002B3FF475AD0025094E2F
:10F6FC0017E000BF32FC012054D90020680401201F
:10F70C00F8540120D8720020F8FB012030FC0120B5
:10F71C0031FC0120D1B7000001353B789D42BFF68A
:10F72C005AAD2846FCF75EFBC3681A06F4D528468A
:10F73C00FCF758FB03689B6BB342EDD0214698470E
:10F74C00EAE7DFF8C891684FD9F8003039689A4277
:10F75C003FF7FFAE00297FF427AEEDB2CBF30B01E0
:10F76C00F6B2681E240EC0B2FFF7A4F912E5072EFC
:10F77C007FF44FAF240E002B38D000255B4E04E0F5
:10F78C0001353B789D42BFF644AF2846FCF72AFB77
:10F79C00C3681906F4D52846FCF724FB03689B6B59
:10F7AC00B342EDD021469847EAE75148FEF7FEFDFB
:10F7BC000123336089E64046FEF7F8FD0123C8F8C3
:10F7CC00A462C9F800305EE54948FEF7EFFD01235D
:10F7DC003360A2E64748EDB20AF036F8002108463D
:10F7EC00F6F788FDFFE5052E3FF436AF424A0020C0
:10F7FC00424C138842491080F020424A23701B0A65
:10F80C0010700B7033E75B78782B7FF4C1AE3E4FF2
:10F81C004FF000083B784BB10022404608F101083C
:10F82C001146FBF7B1FE3B784345F5DCEDB2F6B281
:10F83C00240EFDF705FBADE45846C8F800B0EDB258
:10F84C00FBF77AFE81463860002840D0691E012003
:10F85C00C9B2F6F74FFD2D4B0022F6B2240E1A60FA
:10F86C0098E40023524609216846CDE90033CDE9DE
:10F87C000233CDE90433CDE9063330F037FED8F846
:10F88C000020396800236846083A0831FAF794FBDF
:10F89C0000F1010A5A4639681D48534609F0D4FF55
:10F8AC009BE5DFF878C05146DAF808005A46DCF8D8
:10F8BC00B8300340CCF8B830DAF80C004FF0010A3D
:10F8CC0003431448CCF8B83009F0BEFF85E5D8F8EE
:10F8DC000010114809F0B8FF49464846C8F8009096
:10F8EC00F6F708FDB7E700BF4C220120D1B70000A6
:10F8FC00F854012020730020F8FB012030FC01207B
:10F90C0031FC012032FC012054D900207C22012042
:10F91C0008730020F4720020C072002080190120AE
:10F92C002DE9F84F01F0F009824601F00F04B9F10E
:10F93C00F00F1CD10F2C18D8DFE814F09200170030
:10F94C001700170017001700170017000001170009
:10F95C00F200E900CA0017001700B0009AF8022064
:10F96C0020469AF80110FFF7FDF9BDE8F88F834F98
:10F97C003B78002BF9D00026814DDFF80C82B34682
:10F98C000CE059464046FCF73DFAA0420BF1010B46
:10F99C0001D10136F6B23B789B4508DA2B68D907C2
:10F9AC00EFD44046FEF702FD01232B60E9E7002E61
:10F9BC00DBD0B9F1B00FD1D00ED8B9F1800F48D04F
:10F9CC00B9F1900FD1D19AF8022020469AF8011083
:10F9DC0082B3FEF72DFFC8E7B9F1E00F2ED0B9F1D5
:10F9EC00C00FC2D19AF80190002BBED00026DFF8D0
:10F9FC0098814FF0010A09E031464046FCF702FAC3
:10FA0C00A04211D001363B789E42AEDA2B68DA0761
:10FA1C00F2D44046FEF7CAFC31464046C5F800A079
:10FA2C00FCF7F0F9A042EDD1304600224946FBF735
:10FA3C00ABFDE7E7BDE8F84FFFF7E2B89AF8021024
:10FA4C0020469AF8013003EBC111FFF733F8BDE8FB
:10FA5C00F88F9AF801102046BDE8F84FFFF7D0B8A0
:10FA6C00464F46783B78002B3FF47FAF0024454D42
:10FA7C0004E001343B789C42BFF677AF2046FCF79C
:10FA8C00B1F9C3681B06F4D52046FCF7ABF9036843
:10FA9C009B6BAB42EDD031469847EAE7384C236874
:10FAAC00DB075ED5384800223C25FF2400F528767C
:10FABC000346002101311A745D74083304299A72CB
:10FACC009A81DA719C71F5D12A308642F0D14CE7DB
:10FADC002B4E2D4D336813F001043AD00023C5F89A
:10FAEC00A432294800223C25FF2400F52876034641
:10FAFC00002101311A745D74083304299A729A81B9
:10FB0C00DA719C71F5D12A30B042F0D12DE71C4D41
:10FB1C002B68DA070CD51C4B0122C3F8A42224E76E
:10FB2C00174D4FF0FF30FBF7D9F82B68D907F2D4FB
:10FB3C001548FEF73BFC01232B60ECE7104C2368C7
:10FB4C00D80714D5104BD3F8A402BDE8F84FFBF737
:10FB5C00C5B82846FEF72AFC0123C5F8A442336039
:10FB6C00BFE70948FEF722FC012323609AE7064809
:10FB7C00FEF71CFC01232360E4E700BF54D90020EE
:10FB8C0068040120D1B70000F85401204B4AF8B5A5
:10FB9C00136813F0010305D1494801240370037164
:10FBAC0043711460FE290DD0F72945D80806444C42
:10FBBC0009D42279531C2244DBB25170237162792F
:10FBCC009A422DD9F8BD01F0F00300220120B02B90
:10FBDC002271607110D00DD9E02B0DD0F02B0DD10E
:10FBEC0001F00F03013B012B06D911F00C0F18BFCC
:10FBFC00627103E0A02B0AD102236371F7291FD194
:10FC0C002378F02B3CD0002300222270D7E701F0A0
:10FC1C00E003802BF0D00023627921709A42D1D876
:10FC2C0021782748FFF77CFE22780023F02A2371E5
:10FC3C00C8D963712370F8BD2148FFF771FEF8BD78
:10FC4C00F029E8D11F4E21703378002BB7D0002556
:10FC5C001D4F03E0013533789D420FDA2846FCF73F
:10FC6C00C1F8C3681B06F5D52846FCF7BBF803683A
:10FC7C009B6BBB42EED0F0219847EBE723799EE7D4
:10FC8C00104E3378002BBFD000250F4F03E0013509
:10FC9C0033789D420FDA2846FCF7A4F8C3681A069D
:10FCAC00F5D52846FCF79EF803689B6BBB42EED05B
:10FCBC00F7219847EBE72379A6E700BF64040120FE
:10FCCC00F054012054D90020D1B7000010B5074CD6
:10FCDC002368DB0703D5064B064A1A6010BD05489E
:10FCEC00FEF764FB01232360F5E700BF68040120E5
:10FCFC0018190120F854012000B51FFA81FEBEF13D
:10FD0C007F0F04D81FFA82FCBCF13F0F01D95DF8BC
:10FD1C0004FB012B1CD0022B0ED0002BF7D1D210E0
:10FD2C0001230CF0070C01EBC21103FA0CF2435C3B
:10FD3C0023EA02034354EAE7D2100CF0070C012328
:10FD4C0001EBC21103FA0CF3425C53404354DEE75F
:10FD5C00D2100CF0070C01EBC21103FA0CF3425C4D
:10FD6C0013434354D3E700BF2DE9F0478846096895
:10FD7C009146203B184A00299DF820A052F8236098
:10FD8C0002DD164B33401BB300254FF40007002453
:10FD9C0002E00134062C13D005EB840C47FA0CFC62
:10FDAC001CEA060FF5D004EB090229440134534632
:10FDBC0009B212B2FFF7A0FF062CD8F80010EBD155
:10FDCC000135042DE3D10531C8F80010BDE8F087EA
:10FDDC000139C8F80010D7E7A433002088888800C0
:10FDEC00F0B51C461B7885B01546312B9DF8286064
:10FDFC0003911AD0BBB1002708E00A2B05F10605C8
:10FE0C00039700D1013423786BB103997C29F4DC7E
:10FE1C000A2BF2D001342A4603A90096FFF7A4FF5F
:10FE2C002378002BF1D105B0F0BD01390391E2E745
:10FE3C00704700BF00000000F8B505460C4616469A
:10FE4C0002F092FB2B7903B9F8BD06F1280304F1FB
:10FE5C004002601C1946FAF7E1F995ED7A6AB5EEA5
:10FE6C00C06AF1EE10FA1BDB2034B7EEC66A06F15D
:10FE7C002A052E3607EE904A9FED195BB8EEE77B0C
:10FE8C00A6EE057BFDEEC77B17EE907A2B46294636
:10FE9C0001353A462046FAF7C1F9AE42F6D1F8BD23
:10FEAC0004F12103B7EEC66AB0EE085B06F12A0531
:10FEBC0007EE103A1F342E36B8EEC77BA6EE057B44
:10FECC00FDEEC77B17EE907A2B462946013522466C
:10FEDC003846FAF7A3F9B542F6D1F8BDAFF3008076
:10FEEC00CDCCCCCCCCCC084070B50D4690F8F131D3
:10FEFC0090F8F0110446DB0182B0C90104F5FA76E2
:10FF0C00A0F806320223A0F8041240F20111C0F846
:10FF1C002C320023A0F81412B0F91C12A0F8F831FE
:10FF2C00C0F8303202291E48C4F8F40105DDA4F8EB
:10FF3C001C32C4F82432A4F8203294F8F20158BBD5
:10FF4C001069003818BF01200023ADF8043018B137
:10FF5C0040F20243ADF8043030460DF1060201A91F
:10FF6C00012303F04DF9BDF906309FED0E6AF2EE58
:10FF7C00046A07EE103A94ED7B0A2846B8EEC77A6D
:10FF8C00C7EE067A67EEA67A27EE800AC4ED7A7A77
:10FF9C000AF032FD02B070BD0138FBF7D5FBD3E798
:10FFAC000000FF7F00FEFF4630B5002383B00D46F6
:10FFBC0090F8F111ADF804300446B0F8F43180F843
:10FFCC00FA11A3F50043B0F8F211A0F8FC31A0F837
:10FFDC00F81190F8F00138B1012829D113691BB13F
:10FFEC0040F20243ADF8043000210DF1060204F595
:04FFFC00FC70012371
:02000004600199
:10000000ADF8061001A902F0FDFFBDF906309FED25
:10001000106AF2EE046A07EE103A94ED7B0A284665
:10002000B8EEC77AC7EE067A67EEA67A27EE800AA0
:10003000C4ED7A7A0AF0E6FC03B030BD0238FBF773
:1000400089FB0028D6D040F20243ADF80430D1E756
:1000500000FEFF46012A02D022B100207047016055
:100060000020704702600020704700BF012A02D0C4
:1000700022B100207047016000207047026000201C
:10008000704700BF012A02D1016000207047022A98
:1000900005D0032AF9D0002AF7D10260F5E70B68F2
:1000A0000360F2E7012A02D1016000207047022AB2
:1000B00005D0032AF9D0002AF7D10260F5E70B68D2
:1000C0000360F2E7012A02D1016000207047022A92
:1000D00005D0032AF9D0002AF7D10260F5E70B68B2
:1000E0000360F2E70368126893F8F131042B1CD81F
:1000F000DFE803F0090D11150300104B18689B8809
:100100001060938070470E4B1868106070470D4B5D
:100110001868106070470C4B1868106070470B4BE4
:1001200018689B88106093807047094B18689988FD
:100130009B79106091809371704700BFE478002034
:10014000D0780020D4780020D8780020DC780020F7
:10015000EC7800200368126893F8F01149B1012986
:1001600003D002390020FBF7B3BA044B1B8813807D
:100170007047034B1B881380704700BFF478002042
:100180003C7300200368126893F8F21119B9044B0C
:100190001B881380704701390020FBF799BA00BF14
:1001A000F478002070B5104B064600F5CC74A0F131
:1001B0004805036004F13801236C0322084603B1AB
:1001C000984704F12801236B0322084603B198479E
:1001D00004F11801236A0322503C084603B19847F2
:1001E000A542E7D1304670BDAC80002070B5104B01
:1001F000064600F5CC74A0F14805036004F138010F
:10020000236C0322084603B1984704F12801236BAD
:100210000322084603B1984704F11801236A032218
:10022000503C084603B19847A542E7D1304670BD1F
:10023000AC80002070B5134B054600F5CC74A0F1DE
:100240004806036004F13801236C0322084603B119
:10025000984704F12801236B0322084603B198470D
:1002600004F11801236A0322503C084603B1984761
:10027000A642E7D128464FF40E711CF095F92846A6
:1002800070BD00BFAC80002070B5134B054600F573
:10029000CC74A0F14806036004F13801236C0322FA
:1002A000084603B1984704F12801236B032208464E
:1002B00003B1984704F11801236A0322503C084611
:1002C00003B19847A642E7D128464FF441711CF08C
:1002D0006BF9284670BD00BFAC80002070B500F5FA
:1002E000F97288B001268B680692079653B30C46C4
:1002F0000546CB6807AA06A92046984705F5F87376
:10030000A268CDE90436EAB1E36805AA04A920464B
:10031000984705F2F113A268CDE9023692B1E3687D
:1003200003AA02A92046984705F5F6750422A3689A
:10033000CDE9005233B1E3686A44694620469847E4
:1003400008B070BD1EF0F0F870B5012388B000F25F
:10035000F11207938B6806925BB30C460546CB6897
:1003600007AA06A920469847022605F5F973A26850
:10037000CDE90436EAB1E36805AA04A92046984706
:10038000042305F5F672CDE90223A3688BB1E36877
:1003900003AA02A92046984705F5FA75A368CDE996
:1003A000005633B1E36801AA69462046984708B071
:1003B00070BD1EF0B9F800BFF0B54FF40E7087B0F5
:1003C0000F68FBF7BFF80546002800F0B98000244D
:1003D00000F1080300F5F47604711846502200215C
:1003E0002DF058FE034600F1280100F13802503389
:1003F0000462B342C0E9064443E90B44C1E9014445
:1004000043E90744C2E9014443F80C4CE5D1002319
:10041000504A05F5FA70C5F8F041C5F8EC312A608C
:1004200002F0D0FE002295F8F26111461046FBF76B
:100430004FF9AC60C0B205F5F97202AC00218642FA
:10044000E860EA616A4628BF0646FF2802950CBFAD
:100450000823012303912B61012385F8F2616B6569
:1004600005F12003DFF80CC13B4E94E8030082E85D
:1004700003003A49A96193E8030084E8030092E885
:10048000030083E80300AB6AEA6AC5F828C0049356
:10049000EE620592002B59D0032221462046984750
:1004A0006A6D42F400720023B7EE007AD5ED7B7AD4
:1004B00005F5F87085F8F031AB65F4EEC77AC5F84C
:1004C000A830274B6A65FF22C5F808310123EA6589
:1004D000F1EE10FAC5F8AC204FF00802C5F8A430D0
:1004E000C5F8F4304FF07F031E492A66C5F8B020E6
:1004F00085F8F13105F2F1131B4AC5F8BC30C5F897
:10050000B820C5E91A1005F5F6701CDCBFEE007ABC
:10051000F4EE477AF1EE10FA48BFF0EE477A4FF06A
:100520007E531249124AC5F8FC304023C5ED7B7A50
:10053000C5F80C01C5F8F810C5F80021C5F844311C
:10054000BD6407B0F0BDF0EE477AE8E740F2012263
:10055000A9E700BF587B0020A9D600004C790020F5
:1005600064790020547900205C790020000080BF6D
:10057000ABAAAA3DE9D50000F0B54FF4417087B0B1
:100580000E68FAF7DFFF0446002800F00C81002512
:1005900000F1080300F5F477057118465022002198
:1005A0002DF078FD034600F1280100F138025033A8
:1005B00005629F42C0E9065543E90B55C1E9015563
:1005C00043E90755C2E9015543F80C5CE5D1002326
:1005D000794A04F5FC70C4F8F051C4F8EC314FF4DA
:1005E0000043C4F800532260A4F8F43102F0DCFCAC
:1005F000B4F8F211B4F8F4310022A4F8F81147F677
:10060000FF71A3F500431046C4F804121146A4F884
:10061000FC31C4F8005294F8F071FBF759F801303E
:1006200004F5F872A56002ADC0B2E2612122DFF8E4
:10063000B0C18742E060626528BF0746FF285F4A75
:100640000CBF0823012384F8F0716F462361002357
:10065000A2615B4ACDE9024304F1200395E803005F
:1006600087E8030093E8030085E8030097E80300A8
:1006700083E80300A36AE16A0493C4F828C00591E3
:10068000E262002B00F09580032229462846984715
:10069000636D43F4007394F8F12104216365002332
:1006A000042ADFF840C184F8FA3128BF0422A36588
:1006B00084F8F121434AA26604F2F112E2660122B3
:1006C000C4E917122122C4F8A4203F4ACDE902430D
:1006D00004F1700395E8030087E8030093E8030042
:1006E00085E8030097E8030083E80300A36FE16F48
:1006F0000493C4F878C00591E2671BB10322294630
:1007000028469847B7EE007A00224FF6FF73D4EDE3
:100710007B7A4FF40041C4F8F820F4EEC77AC4F8AD
:10072000FC302A48A4F8F211F1EE10FAA4F8F41102
:1007300004F5FA71C4F8B80004F5F670C4F80C11A9
:10074000C4E92A234FF00103214AC4F8F430C4F865
:10075000443104F5F973C4F8582140F6AA22C4F8CC
:10076000BC301C4BC4F8B020C4F80021C4F80831D8
:100770001CDCBFEE007AF4EE477AF1EE10FA48BFC7
:10078000F0EE477A4FF07E531349144AC4F84C31C7
:100790004023C4ED7B7AC4F85C01C4F84811C4F866
:1007A0005021C4F89431B46407B0F0BDF0EE477A3C
:1007B000E8E740F221236EE77C7D00204C790020A1
:1007C00079D600006879002009D6000070790020F1
:1007D0006479002078790020000080BFABAAAA3D90
:1007E000C9D50000A9D5000000B5134885B0002385
:1007F000124A0390694612480292CDE9003302F092
:10080000D9F9029B1BB103226946684698470D48F7
:1008100000230D4A694603900C480292CDE900334B
:1008200002F0C8F9029B1BB16946032208469847AB
:1008300005B05DF804FB00BFDDD8000079D50000ED
:10084000682E00209DDA000091D500006C2E00205B
:100850000368B3F8F611D3F80022A3F8FA11C3F82D
:10086000FC2170470368B3F8F611D3F80022A3F80F
:10087000FA11C3F8FC21704703680349106893F824
:10088000F4212AF06BBC00BF787100200368034993
:10089000106893F8F3212AF061BC00BF7871002042
:1008A000F8B5044690F8F1010F461646002854D1D9
:1008B0001369002B45D094F8F201002878D1B4F8E0
:1008C000F621D4F80012404B404D03FB0155404B3C
:1008D000A3FB05134FF40041C4F80052DB0803EBFF
:1008E0008303A5EB430594F8F331013B1941530809
:1008F000114094F8F421A4F8F631954226D239B388
:100900001B0AB2EE047ADFED336A07EE903A84F800
:10091000F531F8EE677A67EE877A87EEA67A84ED8E
:100920007A7A336913B1022384F8F93194ED7B0AA2
:100930003846D4ED7A7ABDE8F84020EE270A0AF06E
:1009400061B894F8F2010028F0D027E00029D7D050
:1009500043F40043A4F8F631D2E7012815D1137906
:1009600094F8F0219A4210D01B4A84F8F031A2FB8F
:10097000031294F8F201920802EB4202A3EB420345
:10098000DDB2D8B9012D9AD0CBE70238FAF7E2FEF2
:10099000002890D194F8F2010028C2D00138FAF76B
:1009A000D9FE0028BDD0D4F8FC11B4F8FA218AE7AA
:1009B0000138FAF7CFFE002881D0F4E70138FAF7C2
:1009C000C9FE0028EFD1DDE70D6619005FF36E3C2C
:1009D000CDCCCCCC00007F43ABAAAAAA10B588B07E
:1009E00004461823084602AA94F8F211CDE9002320
:1009F000D4F8FC31B4F8FA210393D4F8EC31ADF813
:100A00000820059394F8F33194F8F8218DF8193003
:100A1000B4F8F6318DF810108DF8182094F8F41110
:100A200094F8F121ADF81C3083688DF81A108DF818
:100A30001E203BB3C36801AA69469847BDF81C3025
:100A40009DF81E009DF81A109DF81920A4F8F631A3
:100A5000059B84F8F10184F8F4119DF818009DF8C5
:100A6000101084F8F321C4F8EC31039ABDF8083073
:100A700084F8F80184F8F211C4F8FC21A4F8FA31E2
:100A800008B010BD1DF050FD2DE9F0411546064699
:100A900082B0C81C0C4606F1080205F10A0101905B
:100AA0000BF0ACFB06F1580205F1110101980BF0B7
:100AB000A5FB06F1A80205F1180101980BF09EFBB9
:100AC000019806F1F80205F11F010BF097FB0123D5
:100AD0002A4AA91E04F1270005F12907F9F75AFC53
:100AE00006F5A47205F1080104F133000BF050F88B
:100AF00005F1270304F14002601C1946F9F794FB45
:100B000096F8F93193B305F12B01022204F10A00A2
:100B10000191F9F719FC0222019904F10B00F9F790
:100B200013FC96F8F931013B86F8F93110340025B1
:100B30004FF0800805E00135F9F796FB0634082DE3
:100B400011D096F8F50148FA05F20523394610420E
:100B500020461A46EFD10523013506341A46F9F727
:100B600073FB082DEDD102B0BDE8F081022205F142
:100B70002B0104F10A00F9F7C3FBD7E7E83B00209B
:100B8000012A02D022B10020704701600020704786
:100B900002600020704700BF012A02D022B100206D
:100BA000704701600020704702600020704700BF5E
:100BB000012A02D022B10020704701600020704756
:100BC00002600020704700BF012A02D101600020AE
:100BD0007047022A05D0032AF9D0002AF7D1026013
:100BE000F5E70B680360F2E7012A02D101600020FB
:100BF0007047022A05D0032AF9D0002AF7D10260F3
:100C0000F5E70B680360F2E7012A02D101600020DA
:100C10007047022A05D0032AF9D0002AF7D10260D2
:100C2000F5E70B680360F2E7012A02D101600020BA
:100C30007047022A05D0032AF9D0002AF7D10260B2
:100C4000F5E70B680360F2E70B6812685B691978D7
:100C500019B9044B1B881380704701390020FAF73B
:100C600037BD00BF3C7300200B6812685B691978C0
:100C700049B1012903D002390020FAF729BD044BFC
:100C8000186810607047034B1B881380704700BFC3
:100C90008C780020F478002070B5104B064600F5E3
:100CA000CC74A0F14805036004F13801236C0322E1
:100CB000084603B1984704F12801236B0322084634
:100CC00003B1984704F11801236A0322503C0846F7
:100CD00003B19847A542E7D1304670BDAC800020F3
:100CE00070B5134B054600F5CC74A0F148060360BF
:100CF00004F13801236C0322084603B1984704F13C
:100D00002801236B0322084603B1984704F1180118
:100D1000236A0322503C084603B19847A642E7D114
:100D200028464FF401711BF03FFC284670BD00BF00
:100D3000AC8000200022F0B50446114687B0104672
:100D400094F8F151FAF7C4FC0130AC4A00236E4626
:100D5000C0B2A26104F2F112A3608542E060E261D8
:100D60004FF0010228BF0546FF2862650CBF08212D
:100D7000012184F8F15102AD2161A14ACDE900338E
:100D800004F1200393E8030085E8030096E80300DC
:100D900083E80300A36AA262E26ACDE90432994AB9
:100DA000E262002B00F0238103222946284698475F
:100DB000636D43F400730022636594F8F271114689
:100DC0001046FAF785FC04F5F972C0B2E26600221B
:100DD0008742E065A26528BF0746FF2800920CBF46
:100DE00008230123726023660123874AC4F8A430D4
:100DF00004F1700384F8F271A266844A844F93E888
:100E0000030085E8030096E8030083E80300A36F6E
:100E1000A267E26F0493E7670592002B00F0EA8077
:100E20000322294628469847D4F8A43043F4007397
:100E30000022C4F8A430774901230392C4F8A82003
:100E40000922C4F8B810C4F8AC200522C4F8B030A8
:100E5000C4F8F43004F1C00384F8F42104F5FA7204
:100E60000294C4F8BC206C4A95E8030086E80300AD
:100E700093E8030085E8030096E8030083E8030095
:100E8000D4F8C830C4F8C820D4F8CC20CDE9043256
:100E9000624AC4F8CC201BB1032229462846984751
:100EA00000235F4A5F4FCDE9024304F1D00395E888
:100EB000030086E8030093E8030085E8030096E852
:100EC000030083E80300D4F8D830C4F8D820D4F85D
:100ED000DC200493C4F8DC7005921BB10322294680
:100EE000284698470123504A08210294C4F8F83054
:100EF000C4F80031C4F8443104F2F313C4F80821F3
:100F00000022C4F80C31102384F8F3110392C4F8C2
:100F1000FC3004F58873454A454F95E8030086E8A0
:100F2000030093E8030085E8030096E8030083E8E4
:100F30000300D4F81831C4F81821D4F81C21049304
:100F4000C4F81C7105921BB1032229462846984714
:100F50000023384A384FCDE9024304F5907395E8F1
:100F6000030086E8030093E8030085E8030096E8A1
:100F7000030083E80300D4F82831C4F82821D4F80A
:100F80002C210493C4F82C7105921BB1032229462D
:100F900028469847B7EE007AD4ED7B7A274A04F5C5
:100FA000F673F4EEC77AC4F85821F1EE10FA1BDCA0
:100FB000BFEE007AF4EE477AF1EE10FA48BFF0EE99
:100FC000477A1F484FF07E511E4AC4F85C314023D7
:100FD000C4ED7B7AC4F84801C4F84C11C4F8502120
:100FE000C4F8943107B0F0BDF0EE477AE9E740F27B
:100FF0000123E0E640F201231AE700BF4C7900200C
:10100000A5E000008DE10000D83B0020BDE000001D
:101010006DE10000E03B00204DE100009DDD00009F
:101020002DE1000075DD0000DC7800200DE10000FE
:10103000B1DD0000EDE0000089DD000064790020F2
:10104000000080BFABAAAA3DF8B54FF401700F684D
:10105000FAF778FA054600283CD0002400F108038E
:1010600000F5F47604711846502200212DF012F894
:10107000034600F1280100F1380250330462B34204
:10108000C0E9064443E90B44C1E9014443E907448C
:10109000C2E9014443F80C4CE5D100230E4A0F4944
:1010A00028462A604FF48052C5F8E831C5F8EC3183
:1010B0000B4BC5F8FC11394685F8F141C5F8F841EC
:1010C000A5F8F221C5F80052C5F8F431BD64FFF768
:1010D00031FEF8BDB864F8BD5C7D002024433201C8
:1010E0000500008000B50A4885B00023094A039036
:1010F000694609480292CDE9003301F05BFD029B8D
:101100001BB1694603220846984705B05DF804FB09
:101110006DE50000D5E00000142E002000220B68D1
:101120009A6470470346126801201B6893F8F11116
:10113000FAF7CEBA38B5044690F8F1010D4660B919
:1011400013697BB994ED7A0AD4ED7B7A284620EEB8
:10115000270ABDE8384009F055BC0138FAF7FAFA19
:101160000028EFD0D4F8F421B3EE047A0A49BAEE9D
:10117000040A0A4BDFED0A6A01FB023307EE903ADC
:10118000C4F8F431F8EE677A67EEA67AA7EE870A1C
:1011900084ED7A0AD8E700BF0D6619005FF36E3C54
:1011A0000000802F38B5044690F8F1010D46FAF79B
:1011B000BFFA94ED7E7A94ED7D6A30EE477ADFEDEA
:1011C000207AD4ED7F6A84ED7E0AA6EE277AF0EECF
:1011D000C77A84ED7D7AF4EEE67A76EEE76AF1EE90
:1011E00010FACCBF94ED807A94ED817AE7EE267AFE
:1011F000DFED146AB2EE047AC4ED7F7A67EE877A87
:10120000F4EEE67AF1EE10FA14D4F4EEC77AF1EEC9
:1012100010FA0ADCC4ED7A7A94ED7B0A284627EEB0
:10122000800ABDE8384009F0EDBBF0EE477A84ED66
:101230007A7AF1E7F0EE667AC4ED7A6AECE700BFFD
:1012400052B87E3F0000000070B5044690F8E801F7
:101250000D461646002852D11369003B18BF0123E2
:1012600023B1D4F8FC310133C4F8FC3194F8E9011E
:10127000002870D1327994F80032934202D0612A6A
:1012800000F08380D4F8FC31032B84F8002202D9CB
:10129000043BC4F8FC31EA6C510749D4D20718D595
:1012A00004EB8303D3F8EC31D5E9001203EB83039D
:1012B000521A5B00802A07EE903AF8EEE77A55DD85
:1012C0009FED590A284627EE800ABDE8704009F0D4
:1012D00099BB023303EB830304EB031303F1080010
:1012E00009F07EFDB6EE007AF2EE047A284630EE82
:1012F000470ABDE8704020EE270A09F083BBE36887
:101300001A1F824248DC327994F8001291421ED0B2
:101310001B1A042BAAD801A151F823F087E700007B
:10132000EDE8000029E90000CBE8000007E9000033
:1013300004EB8303F2EE087A284693ED7B0AB8EEBD
:10134000C00ABDE8704080EE270A09F05BBB94F844
:10135000E901002896D00138FAF7FCF988B100239A
:10136000C4F8FC31327984F8002294E707EE102AA1
:101370002846B8EEC77ABDE8704087EE870A09F0C4
:1013800041BB3279D4F8FC317EE70323C4F8FC3149
:10139000327984F800227EE70138FAF7DBF9002879
:1013A0007FF45FAF62E702EBC20302EB430202EBA2
:1013B000C2025532C2F3C40343EA4213DBB20A2B22
:1013C0008CBF002301234BE702EBC20302EB430374
:1013D00003EBC3035533DBB2542B8CBF0023012333
:1013E0003EE702EBC20302EB430202EBC2025532BC
:1013F000C2F3421343EAC203DBB2022B8CBF0023C9
:1014000001232DE702EBC20302EB430202EBC2020F
:101410005532C2F3460343EAC213DBB22A2B8CBF18
:10142000002301231CE700BF0000803C38B50446C0
:101430000D46E3682DED028B90F8F80194ED7B8A60
:1014400098420CBF0123002384F8F0312BD094F88C
:10145000F931CBB1D4F8F421184693424FDDB0EB0B
:10146000420F0ADDD4ED7A7A28EE270A2846BDEC31
:10147000028BBDE8384009F0C5BA0538FAF722FA00
:101480000028EFD094F8F801FAF752F9F0EE407A1C
:1014900020EE080A2846BDEC028BC4ED7A7ABDE83E
:1014A000384009F0AFBA04F1A80009F099FCDFED6B
:1014B0001C6A9FED1C7A284620EE260ADFED1A7A78
:1014C000BDEC028BBCEEC00A10EE103A9BB200EEEF
:1014D000103AB8EEC00A20EE070ABDEEC00A10EEC0
:1014E000103AA3F2E73300EE103AB8EEC00A20EE4D
:1014F000270A84ED7A0ABDE8384009F083BA581EFD
:10150000FAF728F90028BDD1D4F8F42194F8F901AC
:101510008242A4DBD4ED7A7A28EE270AA6E700BF40
:1015200000FF7F47FAC0F93C0AD7233C012A02D0CA
:1015300022B1002070470160002070470260002047
:10154000704700BF012A02D022B10020704701601D
:101550000020704702600020704700BF012A02D0BF
:1015600022B1002070470160002070470260002017
:10157000704700BF012A02D022B1002070470160ED
:101580000020704702600020704700BF012A02D08F
:1015900022B10020704701600020704702600020E7
:1015A000704700BF012A02D1016000207047022A63
:1015B00005D0032AF9D0002AF7D10260F5E70B68BD
:1015C0000360F2E7012A02D1016000207047022A7D
:1015D00005D0032AF9D0002AF7D10260F5E70B689D
:1015E0000360F2E7012A02D1016000207047022A5D
:1015F00005D0032AF9D0002AF7D10260F5E70B687D
:101600000360F2E7012A02D1016000207047022A3C
:1016100005D0032AF9D0002AF7D10260F5E70B685C
:101620000360F2E7012A02D1016000207047022A1C
:1016300005D0032AF9D0002AF7D10260F5E70B683C
:101640000360F2E7012A02D1016000207047022AFC
:1016500005D0032AF9D0002AF7D10260F5E70B681C
:101660000360F2E7012A02D1016000207047022ADC
:1016700005D0032AF9D0002AF7D10260F5E70B68FC
:101680000360F2E710B50468DFED200ADFED205AB1
:10169000F0EE607A9FED1F6A2DED068B94F8F23123
:1016A000F7EE008A9FED1CAA06EE903A94F8F3310B
:1016B0009FED1A9A07EE103AF8EEE66ADFED189AF7
:1016C000B8EEC77AE6EEA57AB0EE690AE7EE060A4A
:1016D000B0EE608A67EE8A0A60EE890AC8EEA00A58
:1016E00025F038FF68EE0A0AF0EE407AB0EE690A9B
:1016F00060EE890AC4ED807AC8EEA00A25F02AFFC0
:1017000084ED810ABDEC068B10BD00BFCDCCCC3D75
:10171000A1A0A03CA1A0A03D00803B476F12833A4E
:101720000AD7233C0368126893F8E91119B9044BEE
:101730001B881380704701390020F9F7C9BF00BF2B
:101740003C7300200368086893F8E8111268B9B187
:101750004368181F884207DC5B1A042B0FD8DFE8A8
:1017600003F0211F0719130001390020F9F7B0BF5A
:101770000D4B186899889B79106091809371704720
:101780000A4B1B8813807047094B18689B881060B0
:1017900093807047074B18689B8810609380704750
:1017A000054BE6E7054BE4E728790020F4780020B4
:1017B0001879002020790020307900203879002025
:1017C0000368126893F8F11119B9044B1B88138050
:1017D000704701390020F9F77BBF00BFF478002083
:1017E000036810B493F8F9111468A1B1D3F8F42187
:1017F000914209DDB1EB420F15DC8A1A20460D49F2
:101800005DF8044B29F0AABC0A4620460A495DF857
:10181000044B29F0A3BC094B18681B792060237185
:101820005DF8044B70472246013900205DF8044BF7
:10183000F9F74EBF0879002000790020F8780020E1
:101840000368126810B593F8F8110446DB689942F2
:1018500006D00120F9F73CFF2368054A9A6610BDBF
:10186000044B05491B8813800368996610BD00BFAF
:101870001479002010790020BC3C002070B5D0E91C
:1018800000450646AC4209D0211DE368032214340A
:10189000084603B19847A542F6D1356825B1B1682D
:1018A0002846491B1AF080FE304670BD30B5012332
:1018B00085B000F2F11203938B680292A3B10C463B
:1018C0000546CB6803AA02A92046984705F5F67598
:1018D0000422A368CDE9005233B1E3686A44694643
:1018E0002046984705B030BD1CF01EFE70B5104B69
:1018F000064600F5CC74A0F14805036004F13801F8
:10190000236C0322084603B1984704F12801236B96
:101910000322084603B1984704F11801236A032201
:10192000503C084603B19847A542E7D1304670BD08
:10193000AC80002070B5104B064600F5CC74A0F1C9
:101940004805036004F13801236C0322084603B103
:10195000984704F12801236B0322084603B19847F6
:1019600004F11801236A0322503C084603B198474A
:10197000A542E7D1304670BDAC80002070B5104B59
:10198000064600F5CC74A0F14805036004F1380167
:10199000236C0322084603B1984704F12801236B06
:1019A0000322084603B1984704F11801236A032271
:1019B000503C084603B19847A542E7D1304670BD78
:1019C000AC80002070B5104B064600F5CC74A0F139
:1019D0004805036004F13801236C0322084603B173
:1019E000984704F12801236B0322084603B1984766
:1019F00004F11801236A0322503C084603B19847BA
:101A0000A542E7D1304670BDAC80002070B500F52E
:101A1000FC7286B001268B6804920596FBB10C46D9
:101A20000546CB6805AA04A92046984705F2F91394
:101A3000A268CDE9023692B1E36803AA02A9204662
:101A4000984705F5F6750422A368CDE9005233B135
:101A5000E3686A4469462046984706B070BD1CF0AA
:101A600063FD00BF70B5134B054600F5CC74A0F1C3
:101A70004806036004F13801236C0322084603B1D1
:101A8000984704F12801236B0322084603B19847C5
:101A900004F11801236A0322503C084603B1984719
:101AA000A642E7D128464FF4FC711AF07DFD284686
:101AB00070BD00BFAC80002070B5134B054600F52B
:101AC000CC74A0F14806036004F13801236C0322B2
:101AD000084603B1984704F12801236B0322084606
:101AE00003B1984704F11801236A0322503C0846C9
:101AF00003B19847A642E7D128464FF406711AF081
:101B000053FD284670BD00BFAC80002070B5134B5C
:101B1000054600F5CC74A0F14806036004F13801D5
:101B2000236C0322084603B1984704F12801236B74
:101B30000322084603B1984704F11801236A0322DF
:101B4000503C084603B19847A642E7D128464FF4D7
:101B500002711AF029FD284670BD00BFAC8000203C
:101B600070B5134B054600F5CC74A0F14806036030
:101B700004F13801236C0322084603B1984704F1AD
:101B80002801236B0322084603B1984704F118018A
:101B9000236A0322503C084603B19847A642E7D186
:101BA00028464FF4FE711AF0FFFC284670BD00BFB6
:101BB000AC80002070B500F5F47288B001268B6807
:101BC00004920596002B38D00D460446CB6805AA32
:101BD00004A92846984704F2E913AA68CDE9023619
:101BE0005AB3EB6803AA02A928469847D4F8F4210F
:101BF000D4E97B138DF8062004228DF80530D4F843
:101C0000F8318DF8041001A98DF80730AB68CDE9E3
:101C1000061293B1EB6807AA06A9284698479DF9D2
:101C200004009DF905109DF906209DF90730C4E9CF
:101C30007B01C4E97D2308B070BD1CF075FC00BFBA
:101C400070B500F2F11288B001268B6806920796F3
:101C500053B30C460546CB6807AA06A92046984709
:101C600005F5F973A268CDE90436EAB1E36805AA7F
:101C700004A92046984705F2F313A268CDE902367D
:101C800092B1E36803AA02A92046984705F5F675C4
:101C90000422A368CDE9005233B1E3686A4469467F
:101CA0002046984708B070BD1CF03EFC2DE9F04F6F
:101CB00016460F46CD1C04460123881C06F12F0151
:101CC0004FF000092DED028B9BB003923E22F8F7F6
:101CD000DBFA3423F11E781C402201940297F8F7B6
:101CE000B3FA01992846E03406F1180701F1080219
:101CF00006F10A010AF082FA3346284606F12C055D
:101D00002E36029A019908EE905A049625464E46C0
:101D100002F1080801F1580203F111010AF06EFA0C
:101D20000594019B08F1010AD3F8FC314B4500F002
:101D30003D8155F8383CA5F12001069355F8343C17
:101D4000079355F8303C089355F82C3C099355F807
:101D5000283C0A9355F8243C0B9355F8183CCDE9E0
:101D60000C66CDE90E6643B102220CA8984755F8DF
:101D7000143C0F9355F8183C0E9355F8083CA5F108
:101D80001001CDE91066CDE9126643B1022210A818
:101D9000984755F8043C139355F8083C1293AB68E8
:101DA000CDE91466CDE916663BB10222294614A896
:101DB0009847EB681793AB6816932B6906A808F150
:101DC000030B18936B69199309F00AF8199C08F131
:101DD000050250463B4604F080043946B0EE408A86
:101DE0000092F8F721FA504618EE903A009A18EE51
:101DF000901A4FF0000AF8F717FA002C14BF0124CC
:101E0000022407EB0A01A24401225846F8F7EEF932
:101E1000BAF1130FF5DDF7EE007AB3EE047A77EE40
:101E2000C87A67EE877ABDEEE77A17EE101A0029B6
:101E300000F09D80142900F09A8007EE107A394452
:101E400008F106024046B8EEC77A77EE277AFDEE33
:101E5000E77A17EE903AF8F7E7F9169B1BB114A949
:101E6000032208469847129B1BB110A9032208467B
:101E700098470E9B1BB10CA903220846984709F10D
:101E8000010908F10E085035B9F1040F7FF449AF8C
:101E9000029B0025059C5E1E03F13707039B03F19F
:101EA0001D08994654F8383CA4F120010E9506937C
:101EB00054F8343C0F95079354F8303C089354F889
:101EC0002C3C099354F8283C0A9354F8243C0B9377
:101ED00054F8183CCDE90C5543B102220CA89847A0
:101EE00054F8143C0F9354F8183C0E9354F8083CE3
:101EF000A4F11001CDE91055CDE9125543B10222EC
:101F000010A8984754F8043C139354F8083C1293D3
:101F1000A368CDE91455CDE916553BB102222146FF
:101F200014A89847E3681793A36816932369189336
:101F300063691A0623D41993169B1BB114A90322B3
:101F400008469847129B1BB110A9032208469847E0
:101F50000E9B1BB10CA90322084698470E3650343D
:101F6000BE429FD11BB0BDEC028BBDE8F08F39445F
:101F70000223072240460139F8F776F96DE723F08E
:101F80008003301D41461122199309230090F8F770
:101F90007BF90098414609231122F8F755F906AA62
:101FA00009F11F0130460AF029F9C5E7012305228E
:101FB00004995046F8F786F9BBE600BF00222DE9E8
:101FC000F041044688B010460F46114694F8E85197
:101FD000F9F77EFB0530634B04F5F472C0B202AE34
:101FE000A36100238542E26105934FF0010228BFFF
:101FF0000546FF28A36084F8E85108BF082304AD14
:1020000018BF012304946265574ADFF868C1C4E928
:10201000030395E8030004F1200386E8030093E836
:10202000030085E8030096E8030083E80300A36A41
:10203000A262E26A0693C4F82CC00792002B00F05B
:102040008C800322294628469847636D43F4007329
:102050000022636594F8E98111461046F9F738FBD0
:10206000424AC0B20494A26604F2E9128045E065D7
:10207000E26628BF8046FF283D4A0CBF08230123A3
:1020800084F8E98123660123DFF8ECC0C4F8A430AA
:1020900000230593A36504F1700395E8030086E827
:1020A000030093E8030085E8030096E8030083E853
:1020B0000300A36FA267E26F0693C4F87CC0079287
:1020C000002B47D00322294628469847D4F8A4304D
:1020D00043F40073C4F8A430FB6CDB0708D5D7E9E0
:1020E0000035ED1A48BF01356D106E1C3F2E37DDEF
:1020F0006FF03F05402604F5F67204F2012104F169
:10210000A8000023CDE9005609F0D4FC04F5F872CC
:1021100004F2062104F1F8000023CDE9005609F08D
:10212000C9FC04F5FA7204F20B2104F5A470002333
:10213000CDE9005609F0BEFC002304F5FC7204F55D
:10214000047104F5CC70CDE9005609F0B3FC08B079
:10215000BDE8F08140F20123BCE740F2012377E7BC
:10216000ED43C8E74C79002029EB0000D83B002064
:1021700009EB000069EC000049EC0000F8B54FF4F1
:1021800006700E68F9F7DEF90546002843D04FF4D3
:10219000067200212BF07EFF05F5F47705F10803A8
:1021A00000241846502200212BF074FF034600F152
:1021B000280100F1380250330462BB42C0E90644F2
:1021C00043E90B44C1E9014443E90744C2E901443E
:1021D00043F80C4CE5D1114AA5F8E841C5F8EC41AB
:1021E0002A60FF22C5E97C44C5E97E440C4C85F891
:1021F00000220FCCC5F801022068C5F8051231464F
:10220000C5F811022846C5F80922C5F80D32B56493
:10221000FFF7D4FEF8BDB064F8BD00BF8C8000208D
:10222000B82B0020F0B54FF4FC7087B00F68F9F7B9
:1022300089F90546002800F09080002400F1080389
:1022400000F5F47604711846502200212BF022FF8D
:10225000034600F1280100F13802503304629E4227
:10226000C0E9064443E90B44C1E9014443E907449A
:10227000C2E9014443F80C4CE5D13C4B0022A5F8DF
:10228000F0412B60002311461046C5F8EC31C5F82B
:10229000F451F9F71DFA364BC0B2AC60AB6105F2F0
:1022A000F112FF2885F8F1414FF0000102AC0CBF9C
:1022B00008230123E8602B610123EA616A466B650C
:1022C00005F1200302950391DFF8B8C0294E94E888
:1022D000030082E8030093E8030084E8030092E827
:1022E000030083E80300AB6AEA6AC5F828C00493D8
:1022F000EE620592002B36D00322214620469847F5
:102300006B6D43F40073B7EE007AD5ED7B7A1A4A11
:1023100000216B65F4EEC77AAA66C5F8A41005F52E
:10232000F672F1EE10FA1BDCBFEE007AF4EE477A9B
:10233000F1EE10FA48BFF0EE477AD5F8F4300F49C5
:1023400043F04003EA664FF07E52C5ED7B7AC5F854
:10235000F4300B4BA965EA652B66BD6407B0F0BD90
:10236000F0EE477AE9E740F20123CCE76C800020E9
:102370004C790020E5EC000064790020000080BF6B
:10238000ABAAAA3D49EB0000F0B54FF4FE7087B050
:102390000E68F9F7D7F80546002800F0CB80002436
:1023A00000F1080300F5F47704711846502200216B
:1023B0002BF070FE034600F1280100F13802503383
:1023C00004629F42C0E9064443E90B44C1E9014469
:1023D00043E90744C2E9014443F80C4CE5D100232A
:1023E000002285F8F0410120C5F8EC311146564B2A
:1023F0006F46A5F8F8412B600423C5F8F431F9F7CE
:1024000067F9524BC0B20121AB6105F5FC73FF289F
:1024100085F8F841AC6002ACEB6114BF0A460822B3
:102420000023E8602A616965039305F120030295A2
:10243000DFF838C1464A94E8030087E8030093E8D0
:10244000030084E8030097E8030083E80300AB6A15
:10245000E96A0493C5F828C00591EA62002B6FD0A1
:1024600003222146204698476B6D43F480636B65D9
:10247000D5F8F43195F8F9215B00DFF8F4C0DBB250
:102480009A42EB6528BF1A4605F2F91385F8F9213F
:102490000122EB6600232A66C5F8A4202D4AAB650D
:1024A000AA662D4ACDE9025305F1700394E80300B2
:1024B00087E8030093E8030084E8030097E803003B
:1024C00083E80300AB6FE96F0493C5F878C005910A
:1024D000EA671BB10322214620469847D5ED7B7A57
:1024E000B7EE007ADFED1D6A05F5F6721C4B77EE4C
:1024F000A67AC5F8B830F4EEC77AF1EE10FA1CDC13
:10250000BFEE007AF4EE477AF1EE10FA48BFF0EE33
:10251000477A4FF07E531349C5F8BC20C5F8AC305C
:102520004023114AC5ED7B7AC5F8A810C5F8B02044
:10253000C5F8F430B56407B0F0BDF0EE477AE8E7CF
:1025400040F2014393E700BF2C80002080790020F7
:1025500065ED00001479002005ED00006F12033ACC
:1025600064790020000080BFABAAAA3D89EB00007F
:1025700069EB00002DE9F04F034681B091468B4690
:1025800002F10A0700269A695033002A40D001362A
:10259000062EF8D1042E00F108044FF001050BF1CE
:1025A000030ACCBF4FF006084FF0070807E02E2BB8
:1025B00010D16B1CAE4204F150041D4613D923699F
:1025C0003946224650461B78252BF0D1062D0DD0DA
:1025D000236E5BB109F012FE6B1CAE42474404F15E
:1025E00050041D46EBD801B0BDE8F08F224609F13A
:1025F00008010BF1330009F0CBFA0123064AA9F1D7
:1026000002010BF1270001B0BDE8F04FF7F7C2BEA1
:10261000002EBFD1E7E700BFE83B00202DE9F041E5
:1026200004460D461646FFF7A5FF23790BB9BDE812
:10263000F08194ED7B7AD4ED7A7A114867EE877A4F
:10264000B7EEE77A53EC172B06F0A2FE06F127034C
:10265000074605F140021946681CF7F7E5FD3846C4
:102660002DF0DCFE3235C0EB80733A4606F12901CD
:10267000C0EB830000232844BDE8F041F7F78ABE91
:10268000807200202DE9F04300F10803002487B098
:10269000054600F5F47604711846502200212BF00F
:1026A000F9FC034600F1280100F1380250330462BE
:1026B000B342C0E9064443E90B44C1E9014443E99C
:1026C0000744C2E9014443F80C4CE5D10023002241
:1026D00080490120C5F8EC3102AEC5F8F4316F46EF
:1026E00029601146C5F8F831C5F8FC31C5F8F0414C
:1026F000F8F7EEFF0138002385F8F141C0B2AC6075
:10270000FF28E860CDE90253734B0CBF0822012279
:10271000AB6101232A6105F2F1126B6505F120031B
:10272000EA616E4A96E8030087E8030093E8030035
:1027300086E8030097E8030083E80300AB6AAA6217
:10274000EA6ACDE90432664AEA62002B00F0BC80F6
:1027500003223146304698476B6D43F480636B65C6
:10276000FF2300240295EB6505F1D009C5F8AC30D4
:102770000823039405F1A8082B66C5F8B03001239F
:10278000584AC5F8A430C5F8F43005F5F973AA66BF
:10279000EB66554B85F8F241C5F8B8307F23AC6540
:1027A00085F8F33105F2F313C5F8A840C5F8BC303D
:1027B0004E4ADFF848C196E8030087E8030099E82D
:1027C000030086E8030097E8030089E80300D5F8D2
:1027D000D830C5F8D8200493D5F8DC10C5F8DCC093
:1027E0000591002B6AD00322314630469847029467
:1027F000C6E901440594D5F8D840002C5CD00222EB
:1028000049463046A047D5E9364296E8030005F12F
:10281000800387E8030093E8030086E8030097E855
:10282000030083E80300D5F88830D5F88C10C5F88C
:1028300088400493C5F88C2005911BB103223146D2
:1028400030469847D5F8D830CDF80880002B3ED0D8
:10285000D5F8DC30314648469847B7EE007AD5EDDA
:102860007B7A05F5F673224AF4EEC77AC5F808219B
:10287000F1EE10FA1DDCBFEE007AF4EE477AF1EECD
:1028800010FA48BFF0EE477A1A484FF07E511A4AC4
:10289000C5F80C314023C5F8F8002846C5ED7B7A11
:1028A000C5F8FC10C5F80021C5F8443107B0BDE8F3
:1028B000F083F0EE477AE7E72246A6E70293144654
:1028C000C6E9013305939AE740F2014347E71BF05D
:1028D0002BFE00BF4C80002080790020E9EA000038
:1028E00049E60000187200201C720020C9EA0000AE
:1028F00064790020000080BFABAAAA3DA9EB0000CC
:1029000038B54FF402700D68F8F71CFE044608B1A4
:10291000FFF7B8FEAC6438BD2C4B99422DE9F04767
:1029200050D8D0F800E00E46836880462849A3EBD3
:102930000E027346921001FB02F296423ED9D0F885
:1029400004A0AAEB0E07002E3AD006EB8606B600CE
:10295000304619F025FED8F800E08146D8F804A0EA
:102960007346F2451AD0CC46002419686246DD68E9
:1029700042F8041B1969CCF80440C2E90144CCF8C0
:10298000101035B1191D03C9DC6082E80300CCF8D2
:102990000C5014330CF1140C5345E6D1BEF1000F6A
:1029A00006D0D8F808107046A1EB0E0119F0FCFD16
:1029B0004F444E44C8E90097C8F80860BDE8F08766
:1029C000B146CEE703481BF07BFD00BF6666660696
:1029D000CDCCCCCCA07900202DE9F04FD0E90096E9
:1029E0005E4B9346A6EB09055D4A83B0AD1003FB31
:1029F00005F5954200F0AF80012D2B4607460C46A9
:102A000038BF0123ED18A1EB090380F0A280002D4F
:102A100040F08E804FF0140AA8460095DBF80010B5
:102A200008EB0302002548F8031002F1040EDBF85E
:102A30001030D5601361DBF80C30C2E901553BB1B1
:102A40000BF1040103C9CBE903558EE80300D36001
:102A50004C452FD04B46C44600251868624619697C
:102A6000D3F80CA042F8040BCCF80450C2E901558D
:102A7000CCF81010BAF1000F06D0191D03C9DD60A3
:102A800082E80300CCF80CA014330CF1140C9C4227
:102A9000E3D1A4F1140A334BAAEB090A4FEA9A0ACC
:102AA00003FB0AFA2AF0404A0AF1020A0AEB8A0AF0
:102AB00008EB8A0AB4422BD02346D446002562464E
:102AC0001968D3F80CB042F8041B1969CCF804500B
:102AD000C2E90155CCF81010BBF1000F06D0191D4A
:102AE00003C9DD6082E80300CCF80CB014330CF1AC
:102AF000140C9E42E3D1331B1A4A143B9B0802FB81
:102B000003F323F04043013303EB83030AEB830A0F
:102B1000B9F1000F05D0B9684846A1EB090119F0D9
:102B200043FD009BC7E9008ABB6003B0BDE8F08F9E
:102B3000954228BF154605EB8505AD002846019353
:102B400019F02EFD4319804600F1140A0093019BF1
:102B500064E7054DF2E705481BF0B2FCCDCCCCCCC8
:102B600066666606CDCCCC0CF8FFFF7F847900202A
:102B70000A4670B5D0E901418C4217D01168A446CD
:102B80000025D6684CF8041B034611696560CCE942
:102B90000155216136B1111D03C9D56015618CE85D
:102BA0000300E6605A6814325A6070BD2146FFF790
:102BB00013FF70BD70B5494E86B005460C463268AD
:102BC000B3689A4227D025B34448D6E90031C91AE0
:102BD000434B891003FB01F10131FFF79DFE0023F8
:102BE000A6680593CDE90153CDE903333EB1022236
:102BF000214602A8B047D4E90232CDE9043201A946
:102C00003648FFF7B5FF049B1BB102A90322084613
:102C1000984706B070BD08213046FFF77DFE0023BF
:102C2000304A3046039301A9CDE901232E4B059389
:102C30002E4B0493FFF79CFF049B1BB102A90322B8
:102C400008469847002301A92948CDE90133294BBB
:102C50000493294B0393FFF7ADFF039B1BB101A91D
:102C6000032208469847002301A92448CDE90133EF
:102C7000234B0493234B0393FFF79CFF039B1BB150
:102C800001A9032208469847FDF7AEFD002301A9DC
:102C90001D48CDE901331D4B04931D4B0393FFF7F2
:102CA00089FF039B1BB101A9032208469847FEF741
:102CB00019FA002301A91748CDE90133164B0493F3
:102CC000164B0393FFF776FF039B002B3FF47BAF7C
:102CD00001A903220846984775E700BF041901209F
:102CE000CDCCCCCCB074002041E6000051EA00000D
:102CF000B4740020ADF8000069EA0000B874002048
:102D000049F7000081EA0000BC74002025FE0000A5
:102D100099EA0000C0740020A1F60000B1EA0000AA
:102D200004480023044A05490360C0E901331BF04D
:102D300089BB00BF0419012030D10020A1ED0000A3
:102D40002C49D0F8E43001F1020C9A0D31F912103F
:102D50003CF9122010B5521AB0F904E0C3F38F10F9
:102D6000BEF1000F00FB02F201EB22411FFA81FCD1
:102D700009B220DDCEEB4E13CEEBC323DB1303F5FC
:102D8000006301FB03F303F10043980DC3F38F12BB
:102D9000194B9C1C33F9103034F91000C01A00FB99
:102DA00002F203EB224000B2401A0EFB00F00CEBE3
:102DB000E03000B210BD13F18043104ACEF1000E96
:102DC00054BF5B006FEA4303941C980DC3F38F1349
:102DD00032F9102034F91000801A00FB03F302EBE3
:102DE000234212B2521A0EFB02F20CEBE23C0FFA33
:102DF0008CF010BDE05F0020C4410020CC4B0020CF
:102E0000B0F90430B0F9FC209A4210B43CD0A3F5DC
:102E1000004292B2012A20D94FF00061C2F5803CF5
:102E2000B1FBF2F4B1FBFCF11204A0F8FC30C0E9F4
:102E30003D14C0F8F020D0F8E430934212D21B0BBE
:102E4000D0F8F80003FB00F0002815DBC00B5DF89C
:102E5000044BA0F5004000B270474FF000644FF4FF
:102E60000061E1E79B1AD0F8F420180B02FB00F098
:102E700000F100400028E9DA47F6FF735DF8044BE3
:102E8000A3EBD03318B27047D0F8F020D3E700BFDF
:102E9000B0F90420D0F8E83002F500425B001104DC
:102EA000B3EB024F03D8CA1834BF0B46DB43D0F84C
:102EB000E40047F6FF71034A984234BF08461046C3
:102EC000704700BF0180FFFFB0F904304FF6FF717B
:102ED000D0F8E42003F50043002AC3EB03134FEAC4
:102EE000234303F102039BB203F1FF30B1FBF0F186
:102EF000ACBF50006FEA4200000C03FB00F010FB77
:102F000021F0A0F5004000B2704700BF70B5D0E9D5
:102F10003924D0E9401394420CD91F4C19461F4E56
:102F20002568C0F800311E4B06FB053323601B14D7
:102F3000C0F80431A3EB010EB0F904C0530CBCF18E
:102F4000000F0EFB03F34FEAE3331ADB5818154961
:102F5000140EC2F30F228D1C31F8141035F81440F2
:102F6000641A04FB02F201EB1241C1F34E010EFBA5
:102F700001F1C3EBE1330CFB03F300EBE33000B2F0
:102F800070BD47F6FF72624410B203FB00F001EB24
:102F9000E03000B270BD00BFF8CE00200D66190011
:102FA0005FF36E3CD455002070B547F6FF730025E3
:102FB0000221134A044624260580183000F8161C06
:102FC000294620F8145C40F8105C00F8085CA0F872
:102FD000E43040F8042C802240F80C3CC0F8C85083
:102FE0002BF058F83246294604F198002BF052F89D
:102FF0003246294604F1BC00BDE870402BF04AB8C7
:1030000000DC05002DE9F04F9146027C85B00446B6
:103010000D4682B90288684E110AD0B24A1C56F891
:10302000211056F82220521A521000FB02F201EB36
:10303000E211C4F8E810002B49D005EB030ADFF8D1
:1030400080B163690133636115F8012B910722D5C3
:10305000217C002943D059498B4254D812F00802F0
:103060004DD1B3F5F06F5ED2D4F8EC0000EB400127
:103070001944B0EB910F4FEA91030BD062614FF00E
:10308000FF32C4F8EC30B2FBF3F1D4F8E430C4F80A
:10309000E81002E06261D4E93931A2780B440BEB0D
:1030A000C201C4F8E4304868C30713D541105BF887
:1030B000323004EB60006258D3589847E3685545B6
:1030C00003FB00F04FEAE03029F8020BB9D105B05C
:1030D000BDE8F08F5BF8323004EB6000EDE7D4F828
:1030E000E810A368D9E7019B04EB870E013303F0D6
:1030F0001F03DDE902A5C4F8E030DEF8BC30D4F8E7
:10310000EC20934204D10023D4F8E8106361E8E78F
:103110004FF0FF32C4F8EC30B2FBF3F10023C4F8F7
:10312000E8106361DDE7D4F8E00004F1940C04F1E9
:10313000B80E4FF0010804EB8001174601908B6137
:1031400000F12101CDE902A58A4613E001F01F013B
:1031500004EB81018969CEF8001004EB8701D1F8F6
:103160009810B142C8BF1746B8F1090FBBD0013261
:1031700008F101085EF8040F5CF8045FC11A002929
:10318000B8BF4942491B002905EBE106C8BF05EB62
:103190006106AAEB0201CCF80060002AD6D104EB4C
:1031A00087011844D1F898104010B142C4F8BC000F
:1031B000DADD1746DBE700BFDC5B0020FFDB050044
:1031C000D0CE00204FF480424FF0005100234FF446
:1031D000817C016103218385A0F820C0816280F891
:1031E000403010B4084CC0E9004247F6FF725DF869
:1031F000044B8282012280F8222002F10212C0E9EF
:103200000C33C0E90E2370470000FF7F002B00F055
:10321000B780CB1884462DE9F04F87B04FF0000BF4
:103220008E460193009252E0BCF83850BCF9283029
:10323000AB4200F083809CF84030002B7ED1BCF97B
:103240002C3000244FF0020A0120ACF82A30A046AE
:1032500027462246ACF828B0CCF830B0AA4255D068
:1032600002F10801474D3CF81110090A55F82110E8
:103270000F4462443CF91050CCF834100DF10C09A5
:1032800092F8206006AAED1A02EB86063E4A07CAAB
:1032900089E8070056F80C1C31F8082031F80A10AC
:1032A000CCF83070891A04FB01F102EB1142C2F331
:1032B0004E0205FB02F203EBE233009A1BB2ACF8BC
:1032C0002C3022F8023B019B00929E4555D01EF8FF
:1032D000011B11F00204A7D14D07BCF83A0017D525
:1032E000B0B102B2BCF92C30BCF838504FF0020A31
:1032F000A0462746CCF83040ACF82820ACF82A305D
:10330000904219D1C90702F10100A7D50021B0E709
:10331000DCE90C739F4214D34FEA1768BCF92820EC
:10332000BCF92A30C7F30F244FEA480808F1020A13
:10333000BCF838500028E3D1501C8FE7BCF90030AE
:103340007FE7BCF928304FF0020ABCF83E40013359
:103350001AB23CF91330CCF830B0A242ACF82820B5
:103360004FF00004ACF82A3008BFBCF93C20A0465E
:10337000274608BFACF82820DAE707B0BDE8F08F91
:10338000704700BFD8570020CC2B0020012810B573
:1033900035D01C4B4FEAE07C202883FB00230344FC
:1033A000CCEBA30C0CF1020423D004EB400E0CF187
:1033B000010C82004FEA4E0EBCF1000F4FEA4C03A5
:1033C00002F10A020EF1010E9EFBF3FE4FEA4E0ED1
:1033D0000BDD0CF1010C8C4463460CF8012DA2EBC3
:1033E0000E02023B5B1A002BF6DC062320460B7014
:1033F00010BD4FF01A0E8A224FF0050CE9E70024A9
:10340000204610BD9324499208B54B1E272B26D881
:103410000731164B0138A3FB01310909072817D8DA
:10342000DFE800F00408160C16161410104B53F8C1
:10343000210008BD0F4B53F8210008BD0E4B53F877
:10344000210008BD0D4B53F8210008BD002008BD28
:103450000B4B40F2FA310B4A0B482AF0FBFD0B4BA9
:1034600040F2F231074A08482AF0F4FDF1F0F0F09A
:10347000D4C00020C8C00020BCC00020B0C00020C4
:10348000289B00203C840020149B0020CC9A002024
:103490002DE9F84F0E4618B9002943D1354629E0E9
:1034A0000029FBD04FF000099046044601274D4605
:1034B0000AE0043050440544B5F5004F18DA09F12C
:1034C000010910344E4515D0D4F804B0D4F80CA03E
:1034D000BBF5004F11D2BAF5004F15D24146207806
:1034E000FFF792FF102816D807FA00F35B45E0DCDF
:1034F0004FF0FF352846BDE8F88F0E4B4FF478713A
:103500000D4A0E482AF0A6FD0D4B40F2E1310A4A61
:103510000A482AF09FFD0B4B40F2E331064A074868
:103520002AF098FD084B40F2DB31034A03482AF0A9
:1035300091FD00BFAC98002050840020149B002017
:10354000D49800200099002090980020102938B5C8
:103550001FD830FA01F41CD101F1FF3EC1B1196846
:1035600020FA0EFCCC43C9100EF1FF3E0CF0010C0A
:1035700004F00704555CBEF1FF3F0CFA04FC4CEA72
:10358000050C02F801C0196801F101011960E7D1C9
:1035900038BD034BBA21034A03482AF05BFD00BF44
:1035A0002488002014840020149B002008B5431EAA
:1035B000272B28D800F10803024600FB03F3012A59
:1035C00003F104034FEA031017D0164BD117062A54
:1035D00083FB02C31344C1EBA30101F1020101EB20
:1035E000810303EB8303A3F10A0301FB03F3A3F1BC
:1035F0003703A0EB0300C8BF2438A0F1D003B3F514
:10360000E64F07D808BD084B4FF4AA71074A08488F
:103610002AF020FD074B4FF4AE71044A04482AF00B
:1036200019FD00BF932449922C980020A883002004
:10363000149B00206C98002008B50378A3F1150CAA
:10364000BCF19C0F0ED88B420CD993420AD902FBD5
:10365000031200EBE20002F007014078084100F09D
:10366000010008BD034B40F20231034A03482AF02F
:10367000F1FC00BFCC9700208C830020149B00201D
:1036800008B590F800C0ACF1150EBEF19C0F1BD828
:103690008C4519D9944517D902FB0C124FEAE20C5C
:1036A00002F007010CF101024FF0010C2BB1835C19
:1036B0000CFA01F10B43835408BD835C0CFA01F151
:1036C00023EA0103835408BD034B40F20B31034A44
:1036D00003482AF0BFFC00BFCC9700208083002065
:1036E000149B002001EB41014368994210B524DB93
:1036F000002B02DD82689A4201D0002010BD02EB4F
:103700004201C4688C42F8D101699142F5D1426905
:103710008A42F2D102684FEA830C8169B2EB830FCF
:1037200006DA00208C45E9DC9A42A8BF013010BDC2
:103730009942B4BF00200120F4E7034B4FF43371EA
:10374000024A03482AF086FCBC97002048830020E8
:10375000149B0020002B2DE9F041069C27DD8E46AE
:103760005F1816180125002A1DDD01462378A3F1F4
:10377000150CBCF19C0F1CD899421AD2734518D96C
:103780000EFB031301314FEAE30C03F007038E42F3
:103790000CF1010C05FA03F314F80C8043EA08035A
:1037A00004F80C30E2D10EF1010EBE45DBD1BDE8CC
:1037B000F081034B40F20B31024A03482AF04AFCE5
:1037C000CC97002080830020149B002083002DE9EB
:1037D000F04F03F1110789B00C46002107FB07F2F7
:1037E0000590204607320493D21001322AF052FC91
:1037F000002F277013DD00252A46013501230621FD
:103800002046FFF73DFFAF42F6D10025294601359E
:10381000012306222046FFF733FFAF42F6D10026F0
:10382000002529460135012332462046FFF728FFAF
:10383000092DF6D10136092EF2D1049B4FF0000874
:1038400003F109094E464D462946013501234246FA
:103850002046FFF715FFAF42F6D108F10108B8F195
:10386000090FEFD1002529460135012332462046B4
:10387000FFF706FF092DF6D10136B742F2D106A9AE
:103880000598FFF783FDB0F1000B6CDD0BF1FF3302
:103890004FF0000A01250393039B0DF118094FF027
:1038A000000EB3EB0A0318BF012302935EEA0A037A
:1038B0003BD0BAF1000F40D0BEF1000F01D1029B06
:1038C0004BB306AB99F8006013F80A00B11E03363B
:1038D000871E03303A462378A3F1150CBCF19C0FE8
:1038E0003AD8934238D98B4236D901FB03230132AF
:1038F0004FEAE30C03F0070390420CF1010C05FAC8
:1039000003F314F80C8043EA080304F80C30E2D106
:103910000131B142DED10EF1010309F101099B45EC
:1039200014D09E465EEA0A03C3D1BBF1010F09F130
:10393000010918D04FF0010EB8E7039B7345BBD1C6
:103940000EF1010309F101099B45EAD1D6450AF1BF
:10395000010308D09A469FE70F4B40F20B310F4A04
:103960000F482AF077FB059B062B02DC09B0BDE867
:10397000F08F049D0623032200210635009428467B
:10398000FFF7E8FE03230622294600200094FFF7F4
:10399000E1FE09B0BDE8F08FCC97002080830020C5
:1039A000149B00202DE9F04F85B00290002A00F012
:1039B000818013780393153B9C2B74D8039B03F1F0
:1039C000FF39B9F1000F63DD4FEAC10A4F46002508
:1039D0001046CB46CDF800A0062F039B4BD0002B02
:1039E0003DD007F1010909F00209D846A7F1020A02
:1039F00005E0013CA24509D1B8F1010831D3ABEB98
:103A000008063C46B9F1000F08BF46460378A3F10B
:103A100015029C2A35D89C4233DA9E4231D203FBF0
:103A2000064300EBE30203F00703527842FA03F384
:103A3000DB07DED4009BAB42DBDD029AEB102146B4
:103A40000190D35CEA43013502F00702134132468C
:103A500003F00103FFF714FE0198CAE70127A7F15D
:103A6000020ABAF10007B7DCDDF800A0AA4513D1BD
:103A700005B0BDE8F08F002BF0D04FF0020905270C
:103A8000B3E7104B40F202310F4A10482AF0E2FA35
:103A900000254FEAC10AE9E70D4B40F257210D4AD4
:103AA0000A482AF0D7FA0C4B40F2F1210B4A07489A
:103AB0002AF0D0FA0A4B40F2EF21084A03482AF0D4
:103AC000C9FA00BFCC9700208C830020149B0020F3
:103AD0003897002098830020DC960020EC8400209A
:103AE000CC960020CBB2072B2DE9F04173D81646B7
:103AF000474A0A2352F8202041EAC20140F23752D5
:103B00000C466512013B02FB05F585EA4404F8D139
:103B100044EA812445F212476740E41370D11D4600
:103B200047FA05F32A460135082103F00103304620
:103B3000FFF7A6FD062DF3D1C7F380130722082156
:103B40003046FFF79DFD0822C7F3C01330461146EB
:103B50000925FFF795FDC7F300230822072130460A
:103B6000FFF78EFD47FA05F3C5F10E010135082276
:103B700003F001033046FFF783FD0F2DF2D1C6B3EA
:103B800096F80080A8F115039C2B2BD808F1FF357F
:103B900047FA04F3291B0134082203F001033046DD
:103BA000FFF76EFD082CF3D1A8F10F0547FA04F3D7
:103BB0002A190134082103F001033046FFF760FDA4
:103BC0000F2CF3D1A8F10802304601230821BDE8EB
:103BD000F041FFF755BD0F4B40F206210E4A0F484A
:103BE0002AF038FA0E4B40F2F1210E4A0B482AF027
:103BF00031FA0D4B40F2EF210A4A08482AF02AFA1E
:103C00000A4B40F20D21044A04482AF023FA00BF6F
:103C1000A0C000204C9700202C830020149B002083
:103C2000DC960020EC840020CC96002070970020C9
:103C30001346D2B2072A2DE9F04F85B000F29E80DC
:103C40000F46002900F0A88091F80080A8F1150225
:103C50009C2A00F29A80B8F1000F53D0013B06462F
:103C60004FF0000B02930BF0010A4FEA6B030025A3
:103C700000938AF00103A946DDF808A0039301939D
:103C80003378A3F115019C2971D84B456FDD5B4555
:103C90006DDD0BFB039306EBE30103F007034978AB
:103CA00041FA03F3DB0724D4BAF1060F7BD8DFE82F
:103CB0000AF0473E53492F2C040009EB0B0404F093
:103CC00001043C4BA3FB053121F0010303EB51033D
:103CD000EB1A1C44E44304F001045A4649463846B2
:103CE000FFF7AAFC60405A464946C3B23846FFF780
:103CF000C7FC09F101095D44C145C1D10BF1010BBC
:103D0000C345B0D105B0BDE8F08F05F00104D8E798
:103D1000284B05F00101A3FB053020F0010303EB64
:103D20005003EB1AD9420CBF01240024D5E7214BE4
:103D300003FB09F4B4F1553F8CBF00240124CCE708
:103D4000019CCAE71B4BA3FB0934009B03EB540403
:103D5000E44304F00104C0E709EB0B04154B03FB3B
:103D600004F4B4F1553F8CBF00240124B5E7124B95
:103D700040F20231114A12482AF06CF9114B40F21C
:103D80006121114A0E482AF065F9104B40F2F121E9
:103D90000F4A0B482AF05EF90E4B40F2EF210C4A15
:103DA00007482AF057F9039BA3EB090404F0010428
:103DB00093E700BFABAAAAAACC9700208C8300206F
:103DC000149B00204C9700203C830020DC960020B0
:103DD000EC840020CC960020032910B53BD8431E6C
:103DE000272B46D800F10803012800FB03F303F159
:103DF00004034FEA031318D0214A4FEAE07C062857
:103E000082FB00420244CCEBA20C0CF1020C0CEB46
:103E10008C0202EB8202A2F10A020CFB02F2A2F176
:103E20003702A3EB0203C8BF243BA3F1D002B2F5D3
:103E3000E64F17D801EB8102124C01EBC201124A86
:103E400004EB010C11441CF90020095612FB01F08F
:103E5000C0EBE30010BD0D4B40F249110C4A0D4878
:103E60002AF0F8F80C4B4FF4AE710C4A09482AF0CE
:103E7000F1F80B4B4FF4AA71084A06482AF0EAF809
:103E800093244992A02C0020442D00201C9800204F
:103E900028840020149B00206C980020A883002018
:103EA0002C9800202DE9F04F2DED028B95B0099351
:103EB0004B1E0490272B00F21B81032A164600F2AA
:103EC000178106EB8603914A08460D4606EBC303AD
:103ED0001A4412F901A08E4A13445B560193FFF76E
:103EE00065FB00283146B8BF0730C4102846FFF7ED
:103EF00073FF019A059002F1FF3894FBFAF30AFB75
:103F000013409B1AB8F11D0F0793AAEB0003069309
:103F100000F2F580019D00210CA801242A462AF018
:103F2000B9F808F15003002D6B4403F8204C47DD2D
:103F3000019B4FF0000E022730330DEB030C0CA851
:103F400010F8011B07220023DD095B00C5EBC50645
:103F5000DBB205EB8605EDB25D4044FA02F3013AAF
:103F600003F00103561C13FB01F383EA0503DBB2E4
:103F7000EAD1844500F8013C04D00278534000F8AF
:103F8000013CDDE707210023DA095B00C2EBC20038
:103F9000DBB202EB8002D2B25A4047FA01F3013998
:103FA00003F001034D1C13FB04F383EA0203DBB2AD
:103FB000EAD10EF1010E019A724501D01C46BEE70E
:103FC000BAF1000F40F38F80002308EE108A0393AC
:103FD000DDE9043203EB020903994846DDE90623D3
:103FE0008A42D8BF0133019A00211C4608932AF067
:103FF00051F8002C5CDD049B09F101025E1E18EEF5
:10400000103A09EB030137460291019909EB0105CA
:104010000899CDE90AA606EB0108924618EE106A47
:1040200099F80030324617F8014F514648465C4037
:1040300029F094FF029B4FF000021A70019B002BA5
:1040400021DD0DF1300BCE461BF8011B07220023AA
:10405000D8095B00C0EBC00CDBB200EB8C00C0B237
:10406000584044FA02F3013A03F0010313FB01F351
:104070004340501CDBB2EBD19EF8002053400EF8B9
:10408000013B7545E0D1B845CAD1099CDDE9033251
:10409000DDE90AA6C2F10101DDE906508A19904264
:1040A00016F8012F08BF5B1BB045E2545344F5D10D
:1040B000039B059A9A18019B002B0ADD01994B4638
:1040C000099C09EB010013F8011B9842A1545244CA
:1040D000F9D1039B049A013308999A450A44039342
:1040E00004927FF479AF15B0BDEC028BBDE8F08F80
:1040F000084B4FF49471084A084829F0ABFF084B6D
:1041000040F26711074A054829F0A4FF442D00201A
:10411000A02C00208087002000840020149B002019
:10412000E8870020C08300202DE9F04F89B004917A
:10413000002800F03B8102780746A2F115030592A2
:104140009C2B00F22C81D51F072D0FDD0724224662
:10415000002306213846FFF793FA21460234002354
:1041600006223846FFF78CFAAC42F0DB059B4FF095
:10417000FF3A4FF0140B3846083B994602936FEA1A
:104180000A03AAF10306029D4FF0FF34DB0F002E55
:104190000093DBB2B8BF7642019303E001340135EE
:1041A000082C2BD0E31E002BB8BF5B42B342B8BF34
:1041B00033462BFA03F3DB07F0D50378E7439C4241
:1041C0004FEAD7771A466ADA002F68D0009A9A45E4
:1041D000ACBF002202F001029046002A40F093801A
:1041E0009945DBD22146013400234A460390FFF76C
:1041F00047FA082C039805F10105D3D10AF1010A09
:1042000009F10109BAF1080FB9D1074606A90498C6
:10421000FFF7BCF8B0F1000B40F389800BF1FF33DE
:1042200088464FF0000AB9460193019B002706AE6D
:10423000AAEB0303B3FA83F35B09009357EA0A037B
:1042400025D0BAF1000F45D00FB9009BBBB94FF094
:10425000FF354FF0FF3498F8001055EA0403327828
:104260004846214404F101040CBF012300232A44E1
:10427000FFF706FA022CEED10135022DE9D17B1CA5
:1042800001369B452DD01F4657EA0A03D9D1BBF111
:10429000010F06F1010649D001231F46F4E79542BC
:1042A000BFF47CAFDDF80480924522DAB8F1000F4C
:1042B0001FD00023524629460390FFF7E1F90398E7
:1042C00003789C42ACBF002707F00107002F3FF4A2
:1042D00065AF85E7019B9F42B6D17B1C01369B45AC
:1042E000D1D157450AF1010308F101081ED09A46C1
:1042F0009BE79442ACBF002707F001071346002F4D
:104300003FF44CAF6CE70023524621460390FFF781
:10431000B7F9039803789D421A46C5D39C42ACBFB7
:1043200000270127002F3FF439AF59E74F46049B80
:10433000062B2ADD1D460C2241F62571EB12013AAF
:1043400001FB03F383EA4505F8D1049B45EA0335F5
:10435000AE141DD1059BDDF80890A3F10B0844466F
:1043600005F001032146324638460093FFF788F9ED
:1043700022460134009B314638466D10FFF780F924
:10438000A145EDD10136062EE9D109B0BDE8F08F87
:104390000A4B4FF4F9710A4A0A4829F05BFE0A4BAE
:1043A00040F2F121094A074829F054FE084B40F237
:1043B000EF21064A034829F04DFE00BF80970020F8
:1043C00064830020149B0020DC960020EC840020F5
:1043D000CC9600202DE9F04F8BB0002800F04F81E3
:1043E00006780446A6F1150233469C2A00F24E8157
:1043F000002E00F042814FF00009C8464FF0000A3D
:104400005546D3465746CDF814A0CDE903AACDE9C9
:1044100006AACDE908AA0BE00BF1010BBBF1050FD1
:1044200000F0F98001DD08F101080135B54220D026
:104430004A4629462046FFF7FFF8B842ECD0BAF1C9
:10444000000F00D1B344182203A904A829F086FD67
:10445000CDF80CB0002F00F0E180294601354A4626
:104460002046FFF7E9F8B542DA4607464FF0010B60
:10447000DED1002F40F0F4800BEB0605BAF1000FFF
:1044800000D13544182203A904A809F1010929F033
:1044900065FD314603A80395FFF724F9B14500EB0C
:1044A000800008EBC008A9D14FF000094FF0000AC6
:1044B0005546D3465746CDF814A0CDE903AACDE919
:1044C00006AACDE908AA0BE00BF1010BBBF1050F21
:1044D00000F0AD8001DD08F101080135B54220D0C2
:1044E0002A4649462046FFF7A7F8B842ECD0BAF171
:1044F000000F00D1B344182203A904A829F02EFD0F
:10450000CDF80CB0002F00F095802A4601354946C1
:104510002046FFF791F8B542DA4607464FF0010B07
:10452000DED1002F40F08F800BEB0605BAF1000FB3
:1045300000D13544182203A904A809F1010929F082
:104540000DFD314603A80395FFF7CCF8B14500EB0C
:10455000800008EBC008A9D1731E009331D000235E
:104560000193019B002599460133019302E0009BD2
:104570009D4223DA29464A462046AA460135FFF7DE
:104580005BF883464A4629462046FFF755F85845CA
:104590000746ECD15146019A2046FFF74DF8B84244
:1045A0008246E4D1019A29462046FFF745F8009B50
:1045B000504508BF08F103089D42DBDB019A934296
:1045C000CFDC0027B94600253A4629462046FFF7AA
:1045D00033F808B109F101090135B542F4D10137C9
:1045E000B742F0D109EB89094FEA890316FB06F6B9
:1045F0006FF0090202FB0633002BB8BF5B42334465
:10460000013B93FBF6F3013B03EB830308EB430011
:104610000BB0BDE8F08F08F1030806E7314603A8A8
:10462000FFF760F800EB800008EBC00815E708F121
:10463000030852E7314603A8FFF754F800EB800067
:1046400008EBC00861E7BAF1000F00D1B3441822AB
:1046500003A904A8354629F081FCCDF80CB069E720
:10466000BAF1000F00D1B344182203A904A83546BB
:1046700029F074FCCDF80CB004E7B046B6E7074B60
:1046800040F2EF21064A074829F0E4FC064B40F2CD
:10469000F121034A034829F0DDFC00BFCC9600203D
:1046A000EC840020149B0020DC9600202DE9F04FC4
:1046B00087B01D46174606469DF848309DF9449040
:1046C00002910193DDE913A420B919B1934BCE21D6
:1046D000934A09E0002D04DD109B9D4201DC282B4C
:1046E00005DD904BCF218E4A8F4829F0B3FC032F74
:1046F00004D809F10103DBB2082B04D98B4BD0217C
:10470000874AF1E7013539462846FFF765FB2A4617
:10471000834602993046FEF7BBFEB0F1FF3F80466C
:1047200002D0B0EBCB0F05DD109B9D42EAD10020FB
:104730002070EFE0CDF80C904FF0010BB146019BDB
:104740004BB15FFA8BF628463146FFF745FBB8EBD5
:10475000C00FD8BF37460BF1010BBBF1040FEED1F0
:10476000AA00002120464E461132DDF80C9052433B
:104770000732D210013229F08DFC002305930193FA
:104780004B46C1469846DDE9013293422BD005AB3A
:10479000224604213078FEF7D9FE4FF0000B29465F
:1047A0003078FEF731FE05AB014622467068FEF711
:1047B000CDFEF3685B4511DD4FEAEB03B16822469D
:1047C000C85C6FEA0B0301210BF1010B03F0070337
:1047D000184105AB0840FEF7B9FEEAE7019B103629
:1047E00001330193CFE74346C8469946059B4345AD
:1047F00003D04F4BF2214A4A76E739462846FFF765
:10480000EBFAB8EBC00F4FEAC00603DD494BF621C7
:10481000434A69E7A6EB080105AB224600200429BC
:10482000A8BF0421FEF792FE0599224600204B42C4
:1048300001F0070103F0070358BF594205AB494295
:1048400001F00701FEF782FE059B5B0703D03A4BA0
:10485000FC21334A48E74FF0EC08059BB34208DAE5
:10486000404605AB2246082188F0FD08FEF76EFEA3
:10487000F3E753463A4629462046FFF713FB214605
:104880002846FEF7A3FF2846FEF790FE00282246A2
:10489000B8BF0730C1105046FFF784F829462046BC
:1048A000FFF742FC51462846FEF790FFB9F1FF3F63
:1048B0001CD100256FF000486EB2214650463246AA
:1048C000FFF7B6F9224631463846FFF70BF9204686
:1048D000FFF780FD404501DA8046B146013532469A
:1048E00021465046FFF7A4F9082DE5D15FFA89F378
:1048F000072B04D9114B4FF48C71094AF4E64A4650
:1049000021465046FFF794F9384622464946FFF7BC
:10491000E9F8012007B0BDE8F08F00BF90980020B3
:1049200060840020D6C90020149B00203DCA0020CE
:1049300081CA002098CA0020B3CA00204C970020EA
:1049400008B528B10078A0F115039C2B07D808BD45
:10495000064B40F2EF21064A064829F07BFB064B46
:1049600040F2F121024A034829F074FBCC96002062
:10497000EC840020149B0020DC96002008B558B180
:1049800003788B4202D99A42964601D3002008BD93
:10499000BDE80840FEF750BE034B40F2F921034A40
:1049A000034829F057FB00BFCC960020D884002094
:1049B000149B002038B578B10178044651B10A4DF6
:1049C00002E014F8011F29B128462AF031FB002823
:1049D000F7D138BD012038BD044B4FF44D71044A66
:1049E000044829F037FB00BFC49B0020F49B002043
:1049F000BC840020149B00202DE9F04784B00029DE
:104A000000F0A280054608460F4614462BF006FD2E
:104A10000123B0F5004F8DF8003080F08E8000EB60
:104A200080034D4A4D495B009E1C8B42A2FB06262B
:104A30004FEA560600F381800190002E5ED13B784C
:104A40000396002B50D04FF0000CE04661466046C4
:104A500002E017F8013FBBB3A3F13002092A5FD887
:104A600000EB8000013103EB40030329A3F1300088
:104A7000EFD1830A5BD16FF009014FF0090CA1EB74
:104A8000080108EB0C0EAEEB0C0220FA0CF301EB64
:104A90000C090CF1FF3CD21003F0010309F00709E7
:104AA000BCF1FF3F14F802A003FA09F343EA0A033A
:104AB000A354E8D1002017F8013F08F10A084FF08D
:104AC000010C0146002BC7D1BCF1000F01D0CDF87D
:104AD0000C8031B101EB410103AB22460131FEF7FD
:104AE00035FD039B9E4214D104AB029413E90F00E1
:104AF00085E80F00284604B0BDE8F087F21D0021CC
:104B00002046D20829F0C6FA002303933B78002BF5
:104B100099D1134B4FF46571124A134829F09AFA50
:104B2000124B40F289310F4A0F4829F093FA104B8B
:104B3000BA21104A0C4829F08DFA0F4B40F27F3110
:104B4000084A094829F086FA0C4B40F27A31054AA6
:104B5000054829F07FFA00BFABAAAAAAFD7F010091
:104B60004C9C0020E8830020149B0020349C0020F3
:104B70002488002014840020249C0020149C002001
:104B80002DE9F04F83B0002900F0AF808046084641
:104B90008A4615462BF042FCB0F5004F019080F09C
:104BA0009D8000EB800300EB43030133B3F5803FAE
:104BB0004FEA630980F29280B9F1000F4ED19AF862
:104BC000001000297BD00026DFF84CB13746344670
:104BD00003E01AF8011F012789B358462AF028FA82
:104BE00000286ED004EB4404A0EB0B00C4EB0414CB
:104BF0000444002FEDD0E30A6AD16FF00A000A22C4
:104C0000801B06EB020CACEB020124FA02F300EB72
:104C1000020E013AC91003F001030EF0070E03FA69
:104C20000EF315F801E043EA0E036B54511CEAD170
:104C300000241AF8011F0B3627460029CDD1FFB9F1
:104C4000B14516D10223019A4046C8F80C6088F895
:104C50000030C8E9012503B0BDE8F08F09F1070273
:104C600000212846D20829F015FA9AF800100029E8
:104C7000A9D1214B40F2B631204A214829F0EAF966
:104C8000A30925D16FF005000522801B06EB020C5D
:104C9000ACEB020124FA02F300EB020E013AC91058
:104CA00003F001030EF0070E03FA0EF315F801E00E
:104CB00043EA0E036B54531CEAD10636C0E70E4696
:104CC000C0E7104B40F2AB310C4A0D4829F0C2F955
:104CD0000D4BBA210D4A0A4829F0BCF90C4B40F2A1
:104CE000A131064A064829F0B5F90A4B4FF467711D
:104CF000024A034829F0AEF94C9C002010830020A2
:104D0000149B0020049C0020248800201484002090
:104D1000249C0020F49B0020C49B00202DE9F04F30
:104D200091B00E460746904699462BF077FB9DF9C9
:104D300070A001469DF874B0002850D01B9B9B00CA
:104D4000113303FB03F53B780735ED10013563B3F1
:104D50003A461C4602E012F8014F34B3303C092CAD
:104D6000F9D93846CDE90613FFF724FEDDE906132D
:104D700000285FD1A9422BD8721E3846541801E092
:104D800010F8013F02F8013FA242F9D10423B1F526
:104D9000004F8DF830301BD2CB00B3F5004F17DA3F
:104DA0000CAC0F93CDE90D1633E0B1F5004F0FD2E7
:104DB00001EB81012E4A2F4849008B1C8142A2FB46
:104DC00003234FEA530303DC0733B5EBD30F15D2AC
:104DD0000023184688F8003011B0BDE8F08FDDE9F7
:104DE0001A344A46CDF808B0CDF804A00094CDE9B5
:104DF0000368FFF75BFC11B0BDE8F08F08AD3946E2
:104E000032460CAC2846FFF7F7FD95E80F0084E822
:104E10000F001B994A461A9B204600910121CDF8AC
:104E200008B0CDF804A0CDE90368FFF73FFC11B04E
:104E3000BDE8F08FB1F5004FCAD201EB810301EB61
:104E400043030133B3F5803F4FEA6302C0DAD31D59
:104E5000B5EBD30FBCD308AD394632460CAC28466F
:104E6000FFF78EFE95E80F0084E80F00D1E700BF42
:104E7000ABAAAAAAFD7F010000B504304FF0000ED6
:104E800051F82E200AB113680361134602F1100C89
:104E90006AB1D3ED007A90ED007AF0EEE77AF4EEA5
:104EA000C77AF1EE10FA77FE877AC0ED007A043304
:104EB0009C45EDD10EF1030E0430BEF10C0FDFD195
:104EC0005DF804FB2DE9F04F764B4FF0000B00F13D
:104ED00004094FF48062186859464FF0070A2DED17
:104EE000048B85B0F1EE048A9FED6F9A29F0D2F819
:104EF0005846F6F77DFFC36813F0010300932CD0EA
:104F0000B1EE087AD9ED047A67EE877AFDEEE77A9A
:104F100017EE903A002B19DD0E22C3F12001504606
:104F2000F5F7A2F940230E2200215046F5F78CF93F
:104F30000BF1010B0AF1200A09F10409BBF1040F7E
:104F4000D6D105B0BDEC048BBDE8F08F5B420E22DC
:104F500020215046F5F788F9E4E7D9ED007A27EEED
:104F6000A87AB4EEE87AF1EE10FA76D4B0EE677A69
:104F70000E234FF0070809EE903A4123BEEECF7A98
:104F8000029317EE106A032E40F38280402304261A
:104F900003934FEA4B13B0EE088A0AF11007482436
:104FA000002501930CE00135F5F7AAF921464246A8
:104FB0003846103CF5F7A4F9AE42D9ED007A14DD7D
:104FC000F4EEC87A424621465046F1EE10FAEAD491
:104FD0000135F5F7B9F9214642463846103CF5F758
:104FE000B3F9AE42D9ED007AEADCB0EE007ADDE941
:104FF0000043F4EEC77A1C44DDE90232F1EE10FA08
:105000002046A3EB020119EE903A19EE902A009186
:1050100017D5F5F719F919EE903A19EE902A00997B
:1050200004F11000F5F710F9D9ED007AF5EEC07A29
:10503000F1EE10FA7FF77CAF77EEC97AC9ED007A0E
:1050400076E7F5F711F919EE903A19EE902A0099E2
:1050500004F11000F5F708F9E6E7F0EE006A37EE24
:10506000267ABDEEC77A17EE108AB0EE677AC8F1DD
:105070000703BEEECF7A0093C8F1480317EE106A1B
:1050800002934FEA4803032E09EE903A3FF77EAFB2
:105090003301002E03933FF77CAF4FEA4B1301938C
:1050A000A3E700BF880E0120CDCC4C3E10B52420D4
:1050B00017F076FA24220021044628F0EBFF024A7A
:1050C000024B22601C6010BDD07B00201019012013
:1050D0002DE9F043ADF5F75D804687B0002900F07B
:1050E000B580894600230493ADF81430B8F1000F61
:1050F00000F0A98040460124F1F7EEF898F8051079
:1051000098F8013006A898F80020039198F8041048
:10511000029198F80310019198F8021000915149FA
:1051200026F01CF828234FF0FF320DF6A87106A8D0
:1051300003940094CDE90132002316AAFFF7EEFD97
:1051400020B90DF5F75D07B0BDE8F08316A8FFF7AD
:10515000F7FB06462046F5F743F80021402380225E
:105160000846F5F781F80020F5F73AF8002E20DD23
:1051700003270025002403E0631C9E4211D01C4637
:1051800021462A4616A8FFF7F9FB0028F4D002238F
:10519000600039461A460330F5F766F8631C9E42F4
:1051A000EDD1AC4205F1010307F1020701D01D4624
:1051B000E0E70020F5F714F81E2220216020F5F723
:1051C000C3F80120F5F70CF81B2220216020F5F729
:1051D000BBF80020F5F704F8494606A825F0BEFF05
:1051E0005F2106A829F024FFA0B30446002106AAE7
:1051F000012304F8011B60202221F5F7F1F80123B7
:1052000022462A216020F5F7EBF898F8051098F867
:10521000013098F80020039198F80410029198F852
:105220000310019198F802000F49009006A825F09C
:1052300095FF06AA10214E20F5F7A2F80DF5F75DAF
:1052400007B0BDE8F0830DF1100853E7074BD3F822
:10525000009047E701234A4628216020F5F7C0F86F
:10526000D3E700BFD870002010710020D4CF0020F9
:105270006FEA000C72B10A44074811F8013B83EA57
:105280000C039142DBB250F8233083EA1C2CF4D19A
:105290006FEA0C00704700BFF835002000214FF086
:1052A000400C4FF460430246C0F80C11A0F800C057
:1052B000C0F81011C0E9411103F1800122F8023F4A
:1052C0008BB2B3F5005FF7D1704700BF00EB41012F
:1052D000B1F90200704700BF407870472DE9F04FE8
:1052E00021B1D1F80490B9F1000F17D14023002467
:1052F000014680F8142103804FF46043C0F80C414C
:10530000C0F81041C0E9414403F1800221F8023F96
:1053100093B2B3F5005FF7D1BDE8F08FB1F900505B
:10532000002DE3D000238646C0F8101100F182085A
:105330009C46C0F80C3180F8142109F1FF3A64460C
:1053400047F6FF77194EC0E941334FF4A07300F5DB
:1053500080702EF8803BAAEB0C030CF104026FEA7C
:10536000040B0CF1010C31F91220043305FB04226B
:1053700031F91330BA4205FB0B33A8BF3A46BB42A2
:10538000A8BF3B46B242B8BF3246B342B8BF33466D
:10539000E1452EF8022F28F8023D02D801344FF0E3
:1053A000000C7045D7D1BDE8F08F00BF0180FFFF32
:1053B0002DE9F04105468F1A0846D5F80811B94283
:1053C00003DCD5F80C11B94269DA0FFA87F805F158
:1053D00008044FF07B0C07E034F916E00CF1FF3CB9
:1053E000C645D4BF8C1CB4462CF001014FEA6C06B4
:1053F000BCF1000F2144ACEB060CEDDCA91C641AD7
:105400004FEA640E44F34F04AEF1020E0FFA8EFE23
:1054100074454BDB4FF0FF384FF4804105EB4E0CE9
:105420000EF10106BCF902C0A7EB0C0CBCF1000F99
:10543000B8BFCCF1000C0FFA8CFC8C4501DAF046B9
:1054400061460FFA86FE7445E8DA4FFA88F708F1EC
:10545000FF3408F1010105EB480805EB4101B8F9FB
:10546000026005EB44042F70B1F90210C6EBC607C9
:10547000648801EBC101C5F8046139440911C5F81C
:105480000C11092114FB01710911C5F80811697883
:1054900051B913B195F900201A70BDE8F08169780F
:1054A0000029F6D0D5F804619019F2E74FF0FF37E4
:1054B00000216FF00104B846CDE700BF014B18682A
:1054C000704700BFA4F5012070B500F5805494F832
:1054D0000D33EBB1D4F8C832D3B10A880D4DA4F81E
:1054E000B8224A882E68A4F8BA22B1F90420A4F898
:1054F000BC22CA880021A4F8BE2284F8C012D4F8C5
:10550000A82205492A600860984794F8C0322E60A6
:10551000184670BD00000020B46C012038B501228F
:1055200000F58053074C084DA3F8FC23D3F8A822BC
:1055300028602568A3F8FE132260D3F884349847C6
:10554000256038BD00000020B46C012038B50B0682
:1055500003D4431803F5A0531A7000F580530A4C86
:105560004FF0020C83F8FD13A3F8FE230749D3F88C
:10557000A822256883F8FCC30860D3F8843422602D
:105580009847256038BD00BF00000020B46C0120A2
:1055900038B5032200F58053094C4FF0000C83F816
:1055A000FC2383F8FD13D3F8A82206492568A3F845
:1055B000FEC30860D3F8843422609847256038BD64
:1055C00000000020B46C01200C4B196801F5117328
:1055D00001F6C4115A69824206D01A6950335AB191
:1055E0008B42F7D100207047D3E91230C0F3C010CE
:1055F0001BB140F00200704710467047B46C0120A8
:10560000084B1A6802F5117302F6C41C5A698242EB
:1056100005D01A6950330AB16345F7D17047196153
:10562000704700BFB46C0120034B1B6803F5805327
:10563000C3F81401704700BFB46C0120034B1B6812
:1056400003F58053C3E9C501704700BFB46C012066
:10565000704700BF044A054B1268D2F84022D27846
:1056600053F83200704700BFB46C0120441A012087
:10567000034B1B6803F58053C3F8CC01704700BF90
:10568000B46C0120B2EE087ADFED565AB7EE005A3C
:105690009FED556AB4EEE00A21EE071AF8B5C1EEA7
:1056A000077A90ED027A05460C46F8EEC76A90ED4F
:1056B000037AF1EE10FAB8EEC77A2DED0C8BC5EE39
:1056C00026BA90ED06AAC7EE256A77EE867AF0EE46
:1056D000409AB0EE609AFEEEE47A6BEEA6BA6BEEFC
:1056E000A7BA7ADDF1EE6BBAB0EE40DAF0EE60CA3E
:1056F000F6EE00DAD5ED077A04F160069FED3BBACD
:105700000DE0F4EC017A77EE877AA64244ED017A57
:10571000D5ED077A7BEEA77AC5ED077A4ED0F4EE89
:10572000E7CAB0EE4B7AF1EE10FAEAD8B4EEE7DA57
:10573000F1EE10FAE5DD95ED027A28462B68F8EED9
:10574000C7AA1B686AEEA7AAFDEEEA7A17EE907A5E
:10575000F8EEE77A791E7AEEE7AA98472B68394681
:105760002846B0EE40CA1B6898472B68791C28462B
:105770001B68B0EE408A98472B68F0EE408AB91C4F
:1057800028461B68984730EE480A38EECC7A78EE07
:10579000688AF0EE687AE7EE2D7A78EEA78AE0EE76
:1057A0002D8A77EEA87ADAEEA87A6AEEA77AE7EE83
:1057B0002D7AAAEEA78A2AEE087AA2E7D5ED067A14
:1057C00095ED087AC5ED0A9A67EE877A85ED0B9A12
:1057D000BDEC0C8BC5ED067AF8BDB0EE60DAF0EEEC
:1057E00040CA85E700803B470000FE420000000001
:1057F000704700BF00207047002070470048704786
:10580000DC710120006800B180687047006800B159
:1058100040687047F0B400241C60B2B1A4460FE0A9
:10582000D4E90165AE4205F101070ED9266862454B
:10583000A760745D0C701C6804F101041C6004D046
:1058400004680CF1010C002CEAD10020F0BC704778
:105850000020704703683BB1996029B158688142C4
:1058600034BF00200120704701207047012070479D
:1058700010B5044618B112B1C9B228F00BFC20468D
:1058800010BD00BF0A68044B52691B681278D3F838
:105890004032DA70704700BFB46C01200C4B844674
:1058A000106830B41D680B68D5F840125A69C97881
:1058B000084C11705B69DCF800201B6893FBF2F167
:1058C00002FB1133044954F8332030BC25F046BCA8
:1058D000B46C0120441A0120747800202DE9F04FA7
:1058E00000F5805999F8A01203292DED048B83B09F
:1058F00000F0258199F80D33824643B3D9F8CC41A5
:1059000014B1002900F0A980D9F8FC309A0630D5EE
:10591000002940F096805046F4F798FDD9F8E0321F
:105920004BB1924CD9F8A82291492568C1F800A042
:10593000226098472560D9F89C321BB1D9F8FC3019
:10594000DB061CD403B0BDEC048BBDE8F08FF4F78C
:105950003DFCD9F804430AF6CC45CCB900232A46CD
:105960001946184603B0BDEC048BBDE8F04FF4F7C0
:1059700011BD00296BD1504606F006FFCEE701218C
:10598000452003B0BDEC048BBDE8F04FF4F750BEEA
:10599000D9F808232846774924F00104C9F8D450DF
:1059A00025F0DCFBD9F8D430D9F8A8221844724984
:1059B000C9F8D40025F0D2FBD9F8D430D9F8D422D4
:1059C00018446E49C9F8D40025F0C8FBD9F8D43082
:1059D000D9F8082318446A49A21A2388C9F8D400C0
:1059E00025F0BCFBD9F8D4302246D9F80813184466
:1059F00032F8023FC9F8D400521A614925F0AEFBD3
:105A0000D9F8D4302246D9F80813184432F8043FA4
:105A1000C9F8D400521A5A4925F0A0FBD9F8D4305D
:105A2000D9F80813184434F8063FC9F8D400621AAC
:105A3000534925F093FBD9F8D4301844C9F8D40061
:105A40008CE70AF59550EEF7F7F8014663E70AF59B
:105A50009550EEF7F1F801468DE794ED0A9A00258E
:105A6000D4ED0B7A9FED477A2E4677EEC97ADFF8B0
:105A70001C81C7EE879A0BE03046C5F132035A46C7
:105A8000C7F13201F4F7D0FBBBF17F0F5E4635D092
:105A9000D4ED027A204623682F46F8EEE77A06F125
:105AA000010B1B6867EE897AFDEEE78AB8EEE87AAB
:105AB00018EE901A37EEC78A9847236818EE901AA6
:105AC000F0EE408A20461B680131984708FB06F338
:105AD00030EE680AB3F1553F39EE299AE8EE008AB4
:105AE000F0EE687AFEEEEE7ACDED017A9DF9045083
:105AF000C2D830463221F4F787FBBDE7D4ED0B6AFC
:105B000094ED0A7AF4EEC76AF1EE10FA1FDDD4EDD7
:105B1000077A9FED1C6A37EEC77AC7EE267A67EEE2
:105B2000867AFDEEE77A17EE902A10463A232A216C
:105B3000F4F77AFB00215046F4F788FCEEE61249B0
:105B400003B0BDEC048BBDE8F04F06F01DBE94ED34
:105B5000076ADFED0C7A76EE666A86EE876AE6EE15
:105B6000677AFDEEE77A17EE902ADEE70000002064
:105B7000B46C0120783B0020883B0020983B00203B
:105B8000A83B00200000FE4264760020ABAAAAAA2F
:105B90000B4B196801F5117C01F6C411634602E054
:105BA00050338B420BD05A698242F9D1A3EB0C00DF
:105BB000044B001103FB00F040B204F077BD7047C6
:105BC000B46C0120CDCCCCCC0146014803F042BEE0
:105BD0004C3D0020124B1A6870B502F6C8130646F9
:105BE00002F6C83C01E0634516D01C460433226827
:105BF000002AF8D13046F5F7A5FCB0FA80F3054647
:105C000020605B0906B10BB9284670BD31460548D6
:105C1000F2F720FB284670BD01230025F2E700BF04
:105C2000B46C01201CC500202DE9F04180463020D5
:105C30001F460E461546FFF7CDFF302200210446D1
:105C400028F028FA054B2046C4F810806360044B06
:105C500067612360C4E90265BDE8F081183A00205D
:105C6000C47B00202DE9F0418046154630201F46B8
:105C70000E46FFF7AFFF302200210446ADB228F0F8
:105C800009FA064A064B2046C4F810806761A660F0
:105C90006260E5602360BDE8F08100BF183A002033
:105CA000B87B0020124B1A6870B502F6C8130E4676
:105CB00002F6C83C01E0634517D01C460433226855
:105CC000002AF8D106FB00F0F5F73CFCB0FA80F3AF
:105CD000054620605B0906B10BB9284670BD314608
:105CE0000448F2F7B7FA284670BD01230025F2E711
:105CF000B46C012000C50020124B1A6870B502F682
:105D0000C813064602F6C83C01E0634516D01C469F
:105D100004332268002AF8D13046F5F713FCB0FAB4
:105D200080F3054620605B0906B10BB9284670BDBB
:105D300031460548F2F78EFA284670BD012300254A
:105D4000F2E700BFB46C0120D0850020FFF7D4BF7C
:105D5000024B18681030FFF7BFBA00BFB46C0120C7
:105D600030B5194D0B46044683B02A6802F58051C0
:105D7000D1F80C01A8B1D2F8401201930A7CC9787D
:105D8000F5F7A4FE2A68019B214602F58052D2F85D
:105D90000C0190F81421D20103B0BDE83040FFF7A8
:105DA00007BB4FF48C700193FFF714FF2A6802F5CC
:105DB0008052C2F80C01FFF771FA2A68019B02F5C4
:105DC0008051D1F80C01D6E7B46C012038B5154DDF
:105DD00004462B6803F58052D2F80C0180B1D3F849
:105DE00040321A7CD978F5F771FE002C01DA0020D8
:105DF00038BD2868E1B21030BDE83840FFF766BA18
:105E00004FF48C70FFF7E6FE2B6803F58053C3F860
:105E10000C01FFF743FA2B6803F58052D2F80C010E
:105E2000DDE700BFB46C0120DFED1E7A90F824207E
:105E300061EE277A80ED070AC0ED060AFCEEE77AEC
:105E400010B582B0CDED017A9DF804309A4226D08B
:105E5000DFED157AB3EE086A90ED027ABFEE000A24
:105E600021EE271AD0ED037AB8EEC77A9FED0F5ACC
:105E7000F8EEE76ADFED0E5A044680F8243027EE8C
:105E8000017AC7EE267A77EE857A67EEA57A67EE15
:105E9000867A80EE270A20F07BFB84ED080A02B0A8
:105EA00010BD00BF00007F43ABC2224700007A4410
:105EB0006F12833A2DE9F8430F4F002406460D4632
:105EC000D7F80080DFF8349006E03B68D9F8082066
:105ED000A3EB0803934209D2291B301918F008F8E4
:105EE0000444A542F1D82046BDE8F88301232046AA
:105EF00089F80C30BDE8F883A4F50120ACCC002073
:105F000018F088B8F8B50F4E3378D3B100250E4F8E
:105F10002C4603E03378ECB2A34212D92046013577
:105F2000F5F766FF3B688342F4D12046F5F728FB7E
:105F3000002201462046F5F72DFB3378ECB2A34250
:105F4000ECD8F8BD54D90020B46C01202DE9F04103
:105F50000023804682B00846C8F800300E46019300
:105F60002AF05CFA08284FF0010428BF08200746F1
:105F70006A4601A920460134F3F756FF3A463146F6
:105F8000A8B1019B002BF3D027F0B8FF05460028ED
:105F9000EED10C20FFF71EFE8560DDE90032C0E97E
:105FA0000023C8F80000284602B0BDE8F0810425AF
:105FB000284602B0BDE8F0810FB400B583B0074CAD
:105FC000402104AB204653F8042B019327F0BCFA80
:105FD000002122460846F4F7D3F900BFF86A0120F1
:105FE000844608461146DCF840222DE9F041147839
:105FF00034B90CF580575D69D7F81021954208D067
:10600000DC6C1A4624F48074DC64BDE8F04105F0D1
:10601000BFBDDA6CA0F10806A1F1080542F4807258
:10602000DA6497F8C0314BB341F23B18E04412E018
:106030001A4606EBC00029460134F4F715F998F822
:106040000030013B88F8003097F8C0319C4215DAE7
:10605000082C08BF0835072318F8012F04EA0300AD
:10606000002AE5D1072306EBC000294601341A4671
:10607000F4F7EAF897F8C0319C42E9DBBDE8F0811B
:10608000F8B5144B0746144A1B68DB680260DB0551
:1060900002D5124B01221A7007F6C41407F6C43554
:1060A0000026F5F70DFB54F8040F10B1F5F74EFA82
:1060B0002660AC42F7D107F58053D3F8A80208B1A7
:1060C000F5F744FA064B38463B60F5F7E9F93846F0
:1060D000F8BD00BFB46C0120087C002056D9002018
:1060E000807F002083688B4212DD002910DB9FED4A
:1060F0000A7ADFED0A7AD0E9043291405B5C00EE67
:10610000103AB8EE400A30EE470A20EE270A7047F0
:106110009FED030A704700BF0000FE420000003CF4
:106120000000000083688B4216DD03695A565B5CF1
:10613000002A104A13DB32F9133007EE903AF8EEDA
:10614000E77ADFED0D6A90ED050A87EEA67AB8EEE4
:10615000C00A20EE070A70479FED080A704703F057
:106160007F0332F913305B4207EE903AF8EEE77A9C
:10617000E7E700BFD081002000FEFF4600000000DE
:106180002DE9F04100F5805584B095F8A0322BB987
:10619000D5F8D03013B995F80D6316B104B0BDE849
:1061A000F08104464FF4F062314600F5117027F09B
:1061B00071FF264F41F2A42001AA394603962044DC
:1061C000CDE90166EDF758FF019700283BD0204F3D
:1061D000D5F8A8321F4ED7F8008034603B60029B90
:1061E0009847C7F80080D5F8D43283B1184FD5F856
:1061F000A822D7F8008034603A609847D5F8EC328E
:10620000C7F80080003B18BF012385F80D33D5F88F
:10621000FC20570603D5E36843F00103E3603168CF
:106220001006CB6804D543F08003CB60D5F8FC2082
:10623000920502D543F40073CB60DB05AED5064B67
:1062400000221A70AAE7034ECDE700BF683B00208A
:1062500000000020B46C012056D90020012A02D091
:1062600022B10020704701600020704702600020CA
:10627000704700BF012A02D1016000207047022A46
:1062800005D0032AF9D0002AF7D10260F5E70B68A0
:106290000360F2E7012A034602D101600020704743
:1062A000022A05D0032AF9D0002AF7D10260F5E7C7
:1062B00003C983E80300F1E7012A02D1016000204D
:1062C0007047022A05D0032AF9D0002AF7D10260CC
:1062D000F5E70B680360F2E7012A02D101600020B4
:1062E0007047022A05D0032AF9D0002AF7D10260AC
:1062F000F5E70B680360F2E7012A02D10160002094
:106300007047022A05D0032AF9D0002AF7D102608B
:10631000F5E70B680360F2E7012A02D10160002073
:106320007047022A05D0032AF9D0002AF7D102606B
:10633000F5E70B680360F2E7012A02D10160002053
:106340007047022A05D0032AF9D0002AF7D102604B
:10635000F5E70B680360F2E70B68596910B404684D
:1063600010681A680B6840219B1A54F823205DF8C6
:10637000044B2AF0C1B800BF0968034610684A6997
:106380000968126810B4A2EB010C4021D3E9002483
:1063900054F82C305DF8044B2AF0AEB80B4640217F
:1063A00010B41C680368106862695DF8044B1278C9
:1063B00053F822202AF0A0B838B50B4614680A49D1
:1063C0001D680268204624F0C9FE6B6922181978FE
:1063D00019B9064B1B88235238BD01390020BDE88E
:1063E0003840F5F775B900BF807800203C73002075
:1063F00070B500F58053D0F84042D2B193F8C05147
:10640000BDB124784CBBD3F814416CB1A44604F55B
:10641000807505E0A14233D00CF1020CAC4503D0ED
:106420009CF80040002CF5D1A1F13C04E5B20F2D01
:106430002AD91D4C4FF0000C83F8FD13A3F8FE235E
:106440001A49D3F8A822256883F8FCC30860D3F85A
:10645000843422609847256070BDD3F81061346899
:106460001C4494F81C51154484F81C5134681C4495
:1064700094F81C51AA42DCD26D0884F81C51D8E76C
:106480009CF801401F2CD4D80126D3F81851A640FF
:106490001C443543C3F8185194F81C511544EDB20F
:1064A000AA42E9D3E9E700BF00000020B46C012054
:1064B00017F01ABE2DE9F0410D464E4906462DED66
:1064C000028BF0EE408AB0EE608A27F0BBFE68B91E
:1064D000494B1B68DA6803F5805142F40072C1F839
:1064E000C851DA60BDEC028BBDE8F081424F3A68DA
:1064F00002F5117402F6C41205E063699D4205D0ED
:106500005034A242EED02369002BF6D1236C3BB16C
:1065100004F138010322084698470023C4E91033E8
:10652000236B3BB104F1280103220846984700235E
:10653000C4E90C33DFF8CC803046414627F082FEB8
:1065400070BBB1EE007AD5ED007AC4F81080F4EE9D
:10655000C77AF1EE10FA49DCB9EE007AF4EE477A28
:10656000F1EE10FA48BFF0EE477A4FF08143C5EDE7
:10657000007A3968214A224801F594716360042346
:10658000A0602046E3646561226003F067FB3B681E
:10659000BDEC028B03F58053C3F80841BDE8F081E0
:1065A000D5ED007A00232661B4EEE78AE364F1EECC
:1065B00010FA18D4F4EE678AF1EE10FA78FEA77A92
:1065C00078EE686AC5ED007AB3EE087AC4ED008A09
:1065D00084ED018A6561C6EE877ABDEC028BC4ED5D
:1065E000027ABDE8F081F0EE487AE9E7F0EE477A0A
:1065F000BBE700BF989B0020B46C0120000080C066
:10660000ABAAAA3DA49B00202DE9F84F00F58054C9
:106610000E460546BF48D4F8A8121746F1F71AFEF1
:10662000BD4BB64604F5777C93F80080BEE80F00BA
:10663000ACE80F009EE80F008CE80F00B8F1000FE7
:1066400040F01B814346C4F89C3294F8C0312BB112
:10665000D5F840321B78002B00F09280EB68990649
:1066600000F19580D4F8C82142B1D5F84012897B59
:1066700007EE901AFAEECC7AC2ED007A5A0700F1D2
:10668000088140F20442134240F0FB80D80512D545
:10669000337903EBC30203EB420303EBC30355332C
:1066A000C3F3421242EAC303DBB2022B7BD994F854
:1066B000E830002B7AD194F8C031002B40F0BE8036
:1066C000D4F8F83094F80D231833C4F8F83062B1D8
:1066D000924B934E1D60D4F8A832D6F800803360F8
:1066E000D4F8EC329847C6F80080D4F8F03063B1A3
:1066F000D4F8F83042F22632A3F6B931914298BF6D
:10670000C4F8F4300023C4F8F830D4F8FC30002288
:10671000D907C4F8F0200FD541F2DC122A443A60C0
:1067200099071AD541F23C232B447B600021BDE838
:10673000F84F0846F1F78EBD5A07F1D5EB6841F2E4
:10674000DC1118223846DE07294440F1D580F5F7E0
:106750007BF9D4F8FC309907E4D41A07E6D5EB6846
:1067600041F23C2118223846DB07294440F1C98018
:10677000F5F76AF90021BDE8F84F0846F1F76ABD60
:106780003C23C4F8F433EB6899067FF56BAF41F214
:10679000DC32D4F8081128462A44F5F75DFBC4F82A
:1067A000D001EB685EE7012384F8E830B368002B82
:1067B00000F095800423C4F8EC303279594BA3FBE8
:1067C00002139B0903EB4303A2EB431294F8E93055
:1067D000D2B293423FF46FAFD4F8D820D4F8E0108F
:1067E000013294F8DC309142C4F8D82000F3C18023
:1067F000521A01339142DBB2FADD0121C4F8D820EC
:1068000084F8DC3094F8E4209A4202D89B1A84F889
:10681000DC30D4F8F0300B44C4F8F030414B32791E
:10682000A3FB02139B0903EB4303A2EB431294F86F
:10683000C03184F8E920002B3FF442AFD5F8403254
:106840000022D4F818B1C4F818211E78D4F8EC133B
:106850003EB3D4F8103141B11A684FF0010B8021DA
:106860000BFA02FB224482F81C111A6801239340A0
:10687000C4F85C31C4F8ECB322E7F4F78DFA03688E
:10688000E1E64FF0FF30F5F73BF8EB68C4F8D801CC
:10689000FCE66FF00100F5F733F8EB68C4F8D401BB
:1068A000EFE641F21C1801224FF0020AC4F85C61C5
:1068B000A84409E098F84400B0BB013694F8C03110
:1068C00008F101089E42D5DA02FA06F919EA0B0F1F
:1068D000F0D0D4F810311E6088F820A0EDE73279AE
:1068E000612A3FF467AFD4F8EC10012934D00029B5
:1068F0007FF764AF4B1E5EE7F5F764F8D4F8FC3021
:106900000EE7F5F75FF80021BDE8F84F0846F1F70C
:10691000A1BC00BFB43B00200CFC0120B46C0120E2
:1069200000000020ABAAAAAAD4F85C31013843EADF
:106930000903C4F85C31F4F70DFF01220028BCD034
:106940006FF07F034BEA090B88F80030D4F8103160
:106950001E6088F820A0B0E7D4F8E02084F8DC308E
:10696000002AC4F8D83000DCFEE70222C4F8F02088
:1069700021E7002146E700BF00F58052D2F8F83247
:1069800053B1D2F8A8220B4970B50B4C08602568AA
:1069900022609847256070BD084B186810B10368E5
:1069A0001B681847064B01464FF48062186827F0B1
:1069B00071BB00BFB46C0120000000201019012041
:1069C000880E0120F8B5164B0746164A1B68DB688F
:1069D0000260DB0502D5144B01221A7007F6C414BD
:1069E00007F6C4350026F4F76BFE54F8040F10B117
:1069F000F4F7ACFD2660AC42F7D107F58053D3F82D
:106A0000A80208B1F4F7A2FD084B38463B60F4F742
:106A100047FD384641F28C4115F0C6FD3846F8BDB9
:106A2000B46C0120087C002056D90020807F002013
:106A300070B500F580568AB00C4696F8C03183B91F
:106A4000D6F814335BB1D6F81813A268CDE9083133
:106A5000002A3CD0E36809AA08A9204698470AB052
:106A600070BD012300F58E520546CDE906238B68E3
:106A7000002B2CD0CB6807AA06A92046984796F889
:106A8000C02105F58B530592A2680493FAB1E3681F
:106A900005AA04A92046984796F8C02105F58C530D
:106AA0000392A268029392B1E36803AA02A9204666
:106AB000984705F58D5596F8C021A368CDE9005299
:106AC0002BB1E36801AA694620469847B8E717F05A
:106AD0002BFD00BF084B1A6802F6C81302F6C83C2B
:106AE00001E0634506D01A46043311688842F8D1A4
:106AF00000231360F4F72ABDB46C0120084B1A6818
:106B000002F6C81302F6C83C01E0634506D01A46F7
:106B1000043311688842F8D100231360F4F716BDDE
:106B2000B46C0120084B1A6802F6C81302F6C83C80
:106B300001E0634506D01A46043311688842F8D153
:106B400000231360F4F702BDB46C0120084B1A68EF
:106B500002F6C81302F6C83C01E0634506D01A46A7
:106B6000043311688842F8D100231360F4F7EEBCB7
:106B7000B46C0120084B1A6802F6C81302F6C83C30
:106B800001E0634506D01A46043311688842F8D103
:106B900000231360F4F7DABCB46C012020B505467D
:106BA000006898B10A4B1A6802F6C81302F6C83C8E
:106BB00001E0634506D01A46043311688842F8D1D3
:106BC00000231360F4F7C2FC00232B60002020BDDB
:106BD000B46C01202DE9F04F814691B0002900F0FE
:106BE0009C800C464F49204624F072FC80460028C9
:106BF00064D0031B01274FF0000B3B440393234653
:106C00004C46994600E0013705AA06A93846F3F735
:106C10000BF9054600284ED008F102010846029102
:106C200029F0FCFB02990246069827F067F9002834
:106C3000E9D12F21284628F0FBF900285FD00BAEC0
:106C40001421B2462B46384A504629F055FC0128FB
:106C50000EDD0AEB0002012301E0984208DD12F884
:106C6000011D01332E2908BF82F800B0052BF4DD89
:106C70002E4B304607A9069D0A932D4BCDE9074BB5
:106C80000993F5F7E1FB099BC561002BBBD007A970
:106C9000032208469847B6E7204629460C93CDF8CC
:106CA0002C90CDE90D67F5F7CFFB0D9B1BB10322AF
:106CB00029462846984711B0BDE8F08F0BAD1B4F11
:106CC0001B4E3B21204628F0B3F9034622462846B6
:106CD000002BE1D0191B5C1C013129F00DFC07A928
:106CE0002846CDE90798CDE90967F5F7ADFB07A977
:106CF000099B03220846002BE3D09847E1E70BAE3F
:106D00001421039B0B4A3046CDF8009029F0F4FB88
:106D100006EB000AC0F1140194E7EDF78DF9044683
:106D200060E700BFE07400204C3D00202D500100C2
:106D30005D380100E47400202DE9F04F594C93B008
:106D4000594B22689A4202D013B0BDE8F08F20461A
:106D5000EDF7B6F9024621460020A458FEF788FA5E
:106D60008442F1D1DFF84CB19BF80030002BEBD01E
:106D70000025DFF844812C4605E001359BF8003002
:106D8000ECB2A342E0D92046F5F732F8D8F800304B
:106D90008342F2D12046F4F7F3FB07460190F5F762
:106DA00031FC3BB20668002703EB430306EB0316F6
:106DB000B36ACDE90577CDE90777002B68D006F1F6
:106DC0002009022205A80DF1380A49469847F36ABE
:106DD00011970893B36ACDE90D670793CAE9017764
:106DE0003BB1022205A950469847089B1193079B87
:106DF00010930027142009970C97CDE90A7715F016
:106E0000CFFB03460D980DF1240C1A46DDE910E185
:106E100042F8040B5F60C2E901771961BEF1000F0F
:106E200007D011979AE80300109782E80300C3F88F
:106E30000CE0099303AB1D4A9CE8030083E80300C0
:106E400099E803008CE8030093E8030089E8030055
:106E50001749B36AB262F26A0B93F1620C921BB1EA
:106E60000322614660469847109B1BB1032251469E
:106E700050469847019920460022F4F78BFB079B68
:106E8000002B3FF47AAF05A903220846984774E720
:106E90000DF1380A06F120091193CDE90D63CDE912
:106EA0000F33A6E7DC71012055444C4D4D480100DD
:106EB000B14F010054D90020B46C01202DE9F041FC
:106EC00041F2A42700F5805488B000230221074432
:106ED00005461A4600913846D4F80011ECF7D0FE6A
:106EE000064684F8A002002840F038813846EDF7C5
:106EF00005F9C4F8B402D4F80001EDF79DF8B04BE1
:106F0000C4F8B002FF22C5F8543241F20C3384F8C1
:106F10000C6301212B44C5F84462C5F8482202AA3B
:106F2000C5F858320823C5F89012C5F84C3205F55B
:106F30001F73DFF8C8E2DFF8C8C2CDE9045604AE1B
:106F400096E8030082E8030093E8030086E8030064
:106F500092E8030083E80300D5F88432D5F888224C
:106F6000C5F884E20693C5F888C207921BB10322D4
:106F7000314630469847D4F800219249D4F8D400DD
:106F800024F0ECF8D4F8D430D4F8A82218448E4970
:106F9000C4F8D40024F0E2F8D4F8D4308B49184473
:106FA000D4F8A432D3E90423C4F8D4001A4424F05A
:106FB000D5F8D4F8D430D4F8A4121844CA888B88F1
:106FC0008968C4F8D4000091814924F0C7F8D4F846
:106FD000D430D4F8A8221844D4F8A4327D499B8830
:106FE000C4F8D40002EB8302C4F8002324F0B6F8FE
:106FF000D4F8D430D4F8CC2018447749D4F8D03021
:10700000C4F8D40024F0AAF8D4F8D4301844D4F842
:10701000D030C4F8D4004BB1D5F8C80CA0F1005062
:10702000B0FA80F0400908B0BDE8F0816B4E41F243
:10703000D02238462A443146EDF71EF8C4F8D06213
:10704000002800F09E80D4F8D43232466449D4F847
:10705000D40024F083F8D4F8D4301844C4F8D40011
:10706000604E41F2E82238462A443146EDF704F8F2
:10707000C4F8E862002800F09D80D4F8EC32324673
:107080005749D4F8D40024F069F8D4F8D43018441F
:10709000C4F8D400544E41F2DC2238462A4431462A
:1070A000ECF7EAFFC4F8DC6200287ED0D4F8E032C6
:1070B00032464B49D4F8D40024F050F8D4F8D430F8
:1070C0001844C4F8D400494E41F2F42238462A4408
:1070D0003146ECF7D1FFC4F8F462002860D0D4F850
:1070E000F83232463E49D4F8D40024F037F8D4F8C8
:1070F000D4301844C4F8D4003D4E41F2C42238467E
:107100002A443146ECF7B8FFC4F8C462002842D0E4
:10711000D4F8C83232463249D4F8D40024F01EF8EC
:10712000D4F8D4301844C4F8D400324E05F5A4582D
:10713000384642463146ECF79FFFC4F8806428B3D6
:10714000D4F8843432462649D4F8D40024F006F822
:10715000D4F8D4301844C4F8D4005DE700230246C4
:107160002549C4F8A832D4F8D40023F0F7FFD4F8A6
:10717000D430024601201344C4F8D43008B0BDE82E
:10718000F081C4E9B400C4F8D80269E7C8E9000096
:10719000C8F8080040E7C4E9B100C4F8CC02C4E76D
:1071A000C4E9BD00C4F8FC02A6E7C4E9B700C4F80E
:1071B000E40288E7C4E9BA00C4F8F0026AE700BF55
:1071C000A0720020D43A0020883B0020DC3A002046
:1071D000EC3A0020783B0020003B00200C3B0020D4
:1071E000143B0020203B0020283B0020303B0020A7
:1071F0003C3B0020503B0020C83A00201D380100D5
:10720000294701000968B9B9424A2DE9F0410468EB
:1072100084B023689B68934221D104F5805595F88A
:10722000A0322BB9D5F8D03013B995F80D63E6B17B
:10723000012004B0BDE8F081036803F58053D3F862
:1072400004231AB9D3F80023C3F8082300294FF008
:107250000100CCBF0432043AC3F80423704720462F
:107260009847012004B0BDE8F0814FF4F062314648
:1072700004F51170284F26F00DFF41F2A42001AA59
:10728000394620440396CDE90166ECF7F5FE0197F7
:1072900000283CD0214FD5F8A832214ED7F80080E5
:1072A00034603B60029B9847C7F80080D5F8D43221
:1072B00083B11A4FD5F8A822D7F8008034603A601D
:1072C0009847D5F8EC32C7F80080003B18BF01237F
:1072D00085F80D33D5F8FC30580603D5E26842F046
:1072E0000102E260326813F0800FD3681CBF43F0E4
:1072F0008003D360D5F8FC10890502D543F40073F0
:10730000D360DB0594D5074B00221A7090E7044E3A
:10731000CCE700BFA5360100683B0020000000203C
:10732000B46C012056D90020012A2DE9F041054610
:1073300004D10B6803600020BDE8F081022A1446E6
:1073400012D0032A03D0002AF5D12A60F3E704689B
:10735000002CF0D0E36813B1211D08469847142192
:10736000204615F021F9E6E7D1F80080142015F049
:1073700017F90023D8F800200646D8F80C7040F81A
:10738000042B7360C0E9013333613FB1224608F139
:107390000401B847D8E90332C6E903322E60CAE7D0
:1073A0002DE9F047DFF83C931F4688B00646D9F830
:1073B00000300D46904603F5117403F6C41322699C
:1073C00042B16269954205D05034A342F7D108B06A
:1073D000BDE8F087236C3BB104F138010322084675
:1073E00098470023C4E91033236B3BB104F1280113
:1073F0000322084698470023C4E90C33236A3BB1B3
:1074000004F118010322084698470023C4E9083311
:10741000A549304626F016FF00284AD0DFF8C8A25A
:107420003046514626F00EFF002800F0BD809F49EF
:10743000304626F007FF814600285CD06369AB42E6
:1074400000F0008101972A462B6831462046CDF88E
:10745000008004F02FFB109B002BB8D094493046DD
:1074600024F036F804AB002800F00E81109A02AD2B
:107470000496059204F118028E4F8F4E93E8030094
:1074800085E8030092E8030083E8030095E8030021
:1074900082E80300256A626A06952762079266629F
:1074A000002D94D0032219461846A84708B0BDE81D
:1074B000F0874FF4C05331462A4620460193A3F586
:1074C000405300932B6804F0F5FAE36CD9F80010F0
:1074D000802243F00503204601F59471A260E36425
:1074E00002F0BCFBD9F8003003F58053C3F8084123
:1074F00008B0BDE8F087714A05E009F10109B9F16A
:10750000FF0F00F0CE8052F83930002BF5D1B9F1E1
:10751000000F3FF45CAF09F1FF33002704AE2A46A9
:1075200067492046CDE900732B6802AD04F0C2FA2A
:1075300004F11803634ACDE9049796E80300624F0B
:1075400085E8030093E8030086E8030095E803005C
:1075500083E80300236A616A0693276207916262E7
:107560001BB10322314630469847002204F128031C
:10757000564F0492726002926A60554A93E8030083
:1075800086E8030095E8030083E80300236B616B42
:107590000693276307916263002B3FF418AF032221
:1075A00031463046984712E7D9F80030FFB25FFA0B
:1075B00088F1DA6842F08802DA6003F58053109AA5
:1075C000C3F81051C3F8C4217A1C83F8C0212B786A
:1075D000C4F810A09F4231D38B4238BF0B462B70AA
:1075E0006561C4E9001759BBFF2F29D10822212367
:1075F000A260E364109B002B3FF4E9AE04AB0022D1
:10760000109902AD059204F11802049193E8030069
:1076100085E8030092E8030083E8030095E803008F
:1076200082E803002B49D4E90852069521620792AB
:10763000294A6262002D7FF435AFC8E63B46CEE7AB
:107640000122D4E7204603F0CBFB0197A7EB080704
:1076500007EE908A2A46314607EE107AF8EEE77A6E
:107660002046CDF80080B8EEC77AE0EE077AF8FE43
:10767000677AFDEEE77A17EE903A04F01BFAE36CB6
:1076800043F48053E364E6E6109A02AD0590049259
:1076900004F11802114F124E93E8030085E803002D
:1076A000F0E6FE2339E700BFA49B0020B49B002036
:1076B0004C3D0020B93701009D380100441A0120DB
:1076C000BC9B0020C12D0100DD3701008137010086
:1076D000A92D0100FD370100C138010099370100D3
:1076E0007D380100B46C0120AC9B002008292DE9F5
:1076F000F04F064689B0154641D0DB689A0403D5A1
:10770000B1F5005F00F09980DB0435D5B1F5805FFD
:1077100032D196F8B0207AB306F1900300214FF0F1
:10772000080E4FF0F80C0124102713F8400CF8B1A4
:107730002A68D6F8B40050F8218002F15000286081
:107740001878C2F86080082838BF0820F82828BFB9
:10775000F82018709465C2F89C405366C2E914EC96
:107760002A68D06C976040F40160D06496F8B0202D
:10777000013101338A42D8DC09B0BDE8F08FD3F87B
:1077800040321B78002BF7D190F8B020002AF3D0BC
:10779000984600F1500A0DF1080904AF2C68002248
:1077A000D6F8B43004F15001104653F8283008F1EF
:1077B0000108296011469AF800B00193F3F788FF99
:1077C000019BC0B204938345374B28BF8346FF28F3
:1077D00023664FF000030CBF082201220593534695
:1077E0000AF801BB63660023606523650123C4F8C2
:1077F0009C302B68A265032203F1180497E803006C
:1078000089E8030094E8030087E8030099E803008F
:1078100084E8030025491C6A25481962596A0694C0
:107820005862079114B139463846A04796F8B030EF
:107830004345B3DC09B0BDE8F08F90F8B020002AD2
:107840009AD000F1700300214FF008084FF0F80EB5
:10785000012440F6080C102713F8200CF8B12A6810
:10786000D6F8B40050F8219002F150002860187842
:10787000C2F86090082838BF0820F82828BFF820F0
:1078800018709465C2F89C405366C2E9148E2A6849
:10789000D06C976040EA0C00D06496F8B0200131BB
:1078A00001338A42D8DC67E7D82B00203D3801003D
:1078B000DD38010030B583B00D461446019007F065
:1078C0006BFA019B41F210102A4621461844FFF73B
:1078D0000DFF03B030BD00BF2DE9F8430F46002176
:1078E0000646F3F75DFA654B4FF40072002106F689
:1078F000CC49336006F6C81026F0CCFB4FF48072FA
:10790000002106F6C83026F0C5FB4FF48062002146
:10791000484606F5805426F0BDFB062300254FF0AF
:107920008008B822C4F8E03041F27073294604F5AB
:107930008870C4F8F430C4F8D85084F8DC5084F867
:10794000E850C4F80C5184F8E480C4E93355C4E924
:107950003B55C4E93E55C4E9415526F09BFB6022E6
:10796000294604F5EE70C4E97255C4E9755526F050
:1079700091FB6022294604F50F7026F08BFB4FF433
:107980007A7342462946C4F810333C2306F5A050CA
:10799000C4F89C5284F8A052C4F8BC52A4F8C05257
:1079A000A4F80C53C4E9A955C4E9AB55C4E9AD55D5
:1079B000C4E9B155C4E9B355C4E9B555C4E9B755EF
:1079C000C4E9B955C4E9BB55C4E9BD55C4E9BF55BF
:1079D000C4E9C155C4E9C555C4F8DC53C4F8F4334F
:1079E00084F8E053A4F8F853C4F8FC53C4E9F955FB
:1079F000C4E9FB5526F04EFB06F5A4532022414670
:107A00009D6006F58C50C3E900551D4B1E6026F0A5
:107A100041FB4146202206F58D5026F03BFB194BD9
:107A2000C4F80071C6F8C83CC4F8D4903B78552B14
:107A300014D0154B0A22186884F8A0229A889B79E2
:107A4000C6F8CC0CA9F8042089F80630D4F8D43054
:107A50000633C4F8D4303046BDE8F8837B7801376C
:107A6000442BE6D117F8013F4C2BE2D17B784D2B0C
:107A7000DFD12846ECF71EFBEDE700BF087C0020B5
:107A8000B46C012000000020D03B0020F0B587B08E
:107A90000023066802AC3568C4E90133F768029335
:107AA000059367B30222311D2046B847D6E9037C0F
:107AB00094E803006A4605F1200382E8030093E896
:107AC000030084E8030092E8030083E80300AB6A44
:107AD000EA6AAF620493C5F82CC005921BB1032279
:107AE00021462046984741F28C40F3F72BFD04468F
:107AF00010B10449FFF7F0FE204607B0F0BDBC46C8
:107B0000D6E700BFDC71012038B5054641F28C4054
:107B1000F3F718FD044610B12968FFF7DDFE204693
:107B200038BD00BFF3F70EBD084B1A6802F6C81344
:107B300002F6C83C01E0634506D01A4604331168DA
:107B40008842F8D100231360F3F700BDB46C012024
:107B5000704700BF10B51D49044626F073FB48B3BB
:107B60001B49204626F06EFB10B31A49204626F02A
:107B700069FB18B31849204626F064FBE0B11749A9
:107B8000204626F05FFBD8B11549204626F05AFB67
:107B9000C0B11449204626F055FBA8B11249204631
:107BA00026F050FB114B00280CBF1846002010BDDA
:107BB0000F4810BD0F4810BD0F4810BD0F4810BD35
:107BC0000F4810BD0F4810BD0F4810BD40C5002024
:107BD00048C5002050C5002058C5002060C50020C1
:107BE0006CC5002074C500207CC50020912D0100CB
:107BF000392D010071340100312D0100292D0100C2
:107C0000752D0100792D0100C1400100F8B5AB4D83
:107C10002E68002E00F0C584044606F58050D0F88A
:107C2000CC300133C0F8CC302178002900F06E86CA
:107C3000A64601224FF0000C0A441EF8011F94448E
:107C40000029F9D192B29E4B42EA0C429A4200F0CE
:107C50007D8622D89B4B9A4200F0A8865BD99A4B2E
:107C60009A4200F0A08640F2C880984B9A4200F0F9
:107C7000978640F2BA82964B9A4200F08E8640F286
:107C8000A982944B9A4200F0C685934B9A4240F0E9
:107C90003B834FF0FF373846F8BD904B9A4200F0D7
:107CA0004A861BD98E4B9A4200F0748640F282803D
:107CB0008C4B9A4200F05E8640F299818A4B9A4240
:107CC00000F0518640F26D81884B9A4200F05F8649
:107CD000874B9A4240F0D983864FDCE7864B9A4225
:107CE00000F04A854ED9854B9A4200F0748640F2E6
:107CF0006781834B9A4200F0658640F24581814B53
:107D00009A4200F0568603F5EC0318339A4240F08D
:107D10006C837D4FBFE7A3F15F73923B9A4200F003
:107D2000288514D9794B9A4200F0208540F22582AB
:107D3000774B9A4200F0178540F21182754B9A42B8
:107D400000F00E85744B9A426FD1744FA3E7A3F5F0
:107D5000E2031C3B9A4200F0FB8440F2EA82704B43
:107D60009A4200F0F28440F2D7826E4B9A4200F0C1
:107D7000E98403F5DF2303F2FD739A4240F0128396
:107D8000694F88E7694B9A4200F0D98440F25083EA
:107D9000674B9A4200F0CC8440F23783654B9A429D
:107DA00000F0C38403F5281311339A4240F0258371
:107DB000614F70E7614B9A4200F0AE8440F27683E7
:107DC0005F4B9A4200F0998440F266835D4B9A4281
:107DD00000F0808403F5F01306339A4240F0B48338
:107DE000F16841F2D81240F2044306F624473244C7
:107DF0000B43C6F8242CF3604DE7A3F50903213BA0
:107E00009A4200F064842DD94F4B9A4200F0B78417
:107E100019D94E4B9A4200F0738503F5DF2303F224
:107E2000FE739A4207D14A4F35E74A4B9A4240F0D7
:107E30006D85494F2FE7A3F59203073B9A4240F027
:107E40006585464F27E7A3F59F23A3F2FB739A426C
:107E500000F0538503F57F3303F2FE339A421DD1C0
:107E60003F4F18E7A3F5F203193B9A4200F02A8529
:107E70007ED93C4B9A4200F0188503F54033063317
:107E80009A4212D1F36841F2DC0206F543673244AC
:107E900043F48973C6F8302CF360FCE6A3F5A8130D
:107EA0009A4240F03385304FF5E603F1F43303F1A5
:107EB0000B239A4240F02A852C4FECE6B46C01204B
:107EC0002D03D90D4502CB079A023709E3029D0B1A
:107ED0000703420C1403580C1003B30D0B05C52007
:107EE000870678377D07DF46A70882654109136F4B
:107EF0003D0B8AA4E5B902004A04B1179C04461B55
:107F0000E304111FEC04BA1F5D42010004020106E4
:107F1000190268063102AC060A02AE07012D030001
:107F2000AA013904B40146040DB80200E503751333
:107F3000110455161604EC16E9770000C805452A09
:107F4000DA05193177064E368902D90894021C09E0
:107F50005DB6030019026F0639C60300E12901006E
:107F6000952D010075027A0891990200C93101002E
:107F7000A3F560239A4200F08B847CD9AD4B9A42E2
:107F800040F0C484AC4F86E6A3F1D1739E3B9A4285
:107F900000F07B8403F5102303339A4242D1A74FAC
:107FA00079E6A74B9A4200F06984A64B9A4240F0CA
:107FB000A480A54B06F6E4371B68C6F8E43B6AE6E6
:107FC000A3F528037E3B9A4200F0558440F28A8054
:107FD0009E4B9A4200F0348403F5302311339A42C9
:107FE0006FD19B4B06F6DC37C6F8DC3B53E6994B6A
:107FF0009A4200F01E8431D9974B9A4200F0778361
:1080000003F54F2303F6F9739A421AD1F36841F24C
:10801000F40206F54467324443F48973C6F8402CF1
:10802000F36038E68D4B9A4240F070848C4B1B789D
:10803000002B00F04983F3688A4F43F48073F360A8
:1080400029E603F17E43393B9A4240F05F84F3F71F
:108050000BFB06F53D67C6F8D00B1CE6A3F1996350
:108060003B3B9A4200F0DD8351D97F4B9A4240F06E
:108070004D847E4F0FE6A3F56C13103B9A4200F03F
:108080001D8303F52C1309339A4240F03F840023EB
:1080900006F64847C6F8483CF4F7B4FAD0E9003091
:1080A00098423FF4F8AD2A68516803E030339842B3
:1080B0003FF4F1AD1A688A42F8D1DB69C6F8483C52
:1080C000E9E5A3F51013013B9A4240F01F84F368E1
:1080D00006F58D5206F63C4743F48053C6F83C2C17
:1080E000F360D8E5624B9A4200F0988328D9614B3F
:1080F0009A4240F00B84604FCDE5604B9A4240F0CD
:108100000584F3685E4F43F04003F360C3E5A3F5D5
:108110004F23A3F6F9739A4200F0CD8203F57F3323
:1081200003F2E9339A4240F0F1834D4B1B78002B68
:1081300000F0C782F368534F43F48073F360AAE5FD
:10814000514B9A4200F0B08203F540339A4240F01E
:10815000DD830A2306F6CC37C6F8CC3B9BE5A3F5B6
:108160002413053B9A4200F0718303F55F2303F665
:10817000FE739A4211D1454F8DE5A3F54813063B96
:108180009A4200F0698318D9414B9A4200F061830A
:10819000404B9A4209D1404F7DE5A3F53813073B88
:1081A0009A4240F0B3833D4F75E5A3F5E0130B3BD6
:1081B0009A4240F0AB833A4F6DE5A3F5A403603BD0
:1081C0009A4200F0978220D9364B9A4240F09E8323
:1081D000354F60E5A3F5DE03103B9A4200F01883AB
:1081E000324B9A421DD1324F55E5A3F57703293B17
:1081F0009A4200F00A837AD92E4B9A4200F0028309
:108200002D4B9A4262D12D4F45E52D4B9A4200F0FD
:10821000E38103F5C81310339A4240F07783294F66
:1082200039E5A3F53813063B9A4240F06F83264F99
:1082300031E500BF3D02280839430300C54801006D
:108240008707B34769087A5D880E01207204E81A2F
:10825000F58B0000CC06AC3C7C07EF457C045F1B33
:1082600056D90020D93301000306533C893101005F
:108270005A04041A19046B1AA9B8020085073B476F
:108280004D330100253401006F04A819552E030059
:108290000902EA05E601F805A53B0300994303003E
:1082A0003D3D0300F301BE0571320100EC02EF0B0E
:1082B000792B0100D602690BD5027B0BA974000053
:1082C000BD016504B5BD0300ED300100A3F5040355
:1082D0000A3B9A4240F01A83F36806F59F5206F66D
:1082E000FC3743F00203C6F8FC2BF360D3E4A3F1A0
:1082F000B073143B9A4200F0A6825BD9B84B9A4205
:1083000040F00483B74FC6E4A3F1B573083B9A422B
:1083100040F0FC82B44FBEE4A3F52023043B9A4214
:1083200000F06D821FD9B14B9A4240F0EF82B04FFE
:10833000B1E4A3F1A673493B9A4200F05D8226D9CD
:10834000AC4B9A4200F05582AB4B9A4219D1F3687C
:1083500041F2D01206F60847324443F02003C6F833
:10836000082CF36097E4A3F56023033B9A4200F0E6
:10837000308103F5002309339A4240F0C7829F4FB2
:1083800089E49F4B9A4240F0C1829E4F83E49E4B0A
:108390009A4200F02B821AD99C4B9A4240F0B68246
:1083A0009B4F78E4A3F59013053B9A4240F0AE82D0
:1083B000984F70E4984B9A4200F0088103F5FF3320
:1083C00003F5FD739A4240F0A182944F63E4A3F554
:1083D0006813103B9A4200F0F08003F52C1313331E
:1083E0009A4240F093828E4F55E4A3F56A03453BD1
:1083F0009A4240F08B828B4F4DE4A3F5BA03013BC8
:108400009A4240F08382884F45E4A3F59603103BDF
:108410009A4200F0DD811BD9844B9A4240F076826B
:1084200041F2B82306F6E8373344C6F8E83B32E4B5
:108430007F4B9A4200F0D7811CD97E4B9A4200F0C4
:10844000CA8103F544130F339A420BD17A4F22E4C9
:108450007A4B9A4200F0AE80794B9A4240F05682B5
:10846000784F18E4A3F10873213B9A4240F04E8202
:10847000754F10E4754B9A4200F0A78177D9744B81
:108480009A4240F04382734F05E4734B9A4240F0A6
:108490003D82724FFFF7FFBB714B9A4200F084811F
:1084A000704B9A421FD1704FFFF7F5BB6F4B9A424A
:1084B00000F0778131D96E4B9A4200F0638103F569
:1084C000C01306339A421FD141F23C2306F541679F
:1084D0003344C6F8103CD0F8FC3043F00203C0F837
:1084E000FC30FFF7D8BB634B9A4240F00F82F36831
:1084F00041F2F00206F63447324443F48973C6F879
:10850000342CF360FFF7C7BBA3F5FC03413B9A4251
:1085100040F0FC81584FFFF7BEBBA3F57013123B30
:108520009A4200F0F08130D9544B9A4240F0EE81EB
:10853000F36806F58C5206F6384743F40053C6F844
:10854000382CF360FFF7A7BB4D4B9A4240F0DE8119
:1085500041F23C2306F61C473344C6F81C3CD0F8D5
:10856000FC3043F00803C0F8FC30FFF794BBA3F5E0
:108570001013073B9A421AD003F5F81301339A42BD
:1085800040F0C4813F4FFFF786BBA3F15F73263BEA
:108590009A4209D03C4B9A4240F0B8813B4FFFF7DA
:1085A0007ABB37463846F8BD394FFFF774BB394FB1
:1085B000FFF771BB384FFFF76EBB41F2DC3306F6B5
:1085C00004473344C6F8043CFFF765BB334FFFF75D
:1085D00062BB334FFFF75FBB324FFFF75CBB00BF9F
:1085E000AF027A0AF93F010029840300A90135048A
:1085F000753C03005701A8029801D903E9B80200AD
:108600004B019C0285B9020043018C0244018F0298
:108610008DB9020091B90200990240091532030098
:1086200075B90200252B0100B97800001E04281638
:1086300064033A0F8703A711AD770000EB03DF1344
:10864000FA03D8156D7800001DDA03003D03900E83
:108650004F03ED0E2D770000B808FA654D2B010091
:10866000C305482BFB054730612B01004E0524252F
:1086700070050E26A405722A4D3101005B051D25EB
:10868000E0053D314D7700001F05C023ED2A0100B4
:10869000752B01008D7700006DAA030041D90300FE
:1086A00049400100794A03000A2306F6D437C6F888
:1086B000D43BFFF7F0BACB4FFFF7EDBACA4FFFF745
:1086C000EABACA4FFFF7E7BAC94FFFF7E4BAC94F92
:1086D000FFF7E1BAF36841F2D41206F5426732447B
:1086E00043F00403C6F8202CF360FFF7D4BAC24F5E
:1086F000FFF7D1BAC14FFFF7CEBA41F2DC1306F64D
:1087000018473344C6F8183CD0F8FC3043F0040353
:10871000C0F8FC30FFF7BFBA41F2FC0306F614477D
:108720003344C6F8143CFFF7B6BAB54FFFF7B3BAF7
:10873000F368B44F43F04003F360FFF7ACBAB24FB5
:10874000FFF7A9BAB14FFFF7A6BAB14FFFF7A3BA27
:10875000D6F8403206F62C47C6F82C3CFFF79BBAF9
:10876000AC4FFFF798BAAC4FFFF795BAAB4FFFF796
:1087700092BAAB4FFFF78FBAAA4FFFF78CBAAA4F46
:10878000FFF789BA41F2DC1306F60C473344C6F80A
:108790000C3CD0F8FC3043F00103C0F8FC30FFF78C
:1087A0007ABAA24FFFF777BAD0F80001EBF788FC4E
:1087B0002A6802F5805302F65447D3F80031043397
:1087C0001844C2F8540CFFF766BA994FFFF763BA22
:1087D000984FFFF760BA06F5A05306F65C47C6F857
:1087E0005C3CFFF758BA944FFFF755BA934FFFF729
:1087F00052BA934FFFF74FBA924FFFF74CBA924FCE
:10880000FFF749BA914FFFF746BA914FFFF743BAC6
:10881000904FFFF740BA904FFFF73DBA8F4FFFF7E9
:108820003ABAD0F8003106F54567C6F8503CFFF774
:1088300032BA8B4B06F6D837C6F8D83BFFF72BBABF
:10884000884FFFF728BA884FFFF725BA874FFFF701
:1088500022BA874FFFF71FBA41F29C2306F628473A
:108860003344C6F8283CD0F8FC3043F01003C0F87D
:10887000FC30FFF710BA7F4FFFF70DBAF3687E4F59
:1088800043F04003F360FFF706BA7C4FFFF703BAEB
:10889000F36841F2E83206F6F437324443F0080355
:1088A000C6F8F42BF360FFF7F6B9F36841F2EC3247
:1088B00006F53F67324443F00803C6F8F02BF36037
:1088C000FFF7E9B96E4B06F64447C6F8443CF3F7A8
:1088D00099FED0E9003098423FF4DDA92A6851683A
:1088E00003E0303398423FF4D6A91A688A42F8D19F
:1088F0000833C6F8443CFFF7CEB9624FFFF7CBB957
:10890000614FFFF7C8B9614FFFF7C5B92046FFF7C0
:1089100021F9074600287FF4BEA92046F1F732FB73
:108920000646002800F0CA800420FDF753F90746E8
:108930000660FFF7B0B9564B1B78002B4ED0F3689A
:10894000544F43F48073F360FFF7A5B9F36841F225
:10895000E43206F6F837324443F01003C6F8F82B39
:10896000F360FFF798B94C4B06F53E67C6F8E03B5D
:10897000FFF791B9F36841F25C1206F64C473244B6
:1089800043F48053C6F84C2CF360FFF784B9434F8F
:10899000FFF781B9424FFFF77EB9424FFFF77BB92E
:1089A000414FFFF778B9414FFFF775B9404FFFF7D7
:1089B00072B941F21C1306F658473344C6F8583CC6
:1089C000FFF769B941F2FC3306F6EC373344C6F8D9
:1089D000EC3BFFF760B9374FFFF75DB9364FFFF754
:1089E0005AB900BFF55D0000214001001D2D0100B6
:1089F000192D0100F9300100E19E020095270100C8
:108A000075320100952B0100F1320100B53A0300E7
:108A1000012E0300BD2D0300612D0300492F03002B
:108A200089B9020085320100D52F0300212D0100F4
:108A30006D77000025780000E97400007DB9020020
:108A400081B9020079B9020049C6030085780000A7
:108A50007140010081B40300B58403003D7800003B
:108A6000DC180120B5300100E1BB03003D430300E9
:108A70001D320100D9B70200A92B0100D93901002C
:108A8000702E00204D950200DD340100FD370000FE
:108A900056D90020D53901006819012095B9020086
:108AA000057900008186030001C7030069B7030050
:108AB0009940010029340100152D01002968234641
:108AC00001F58051D1F8CC20D1F8D400064922F02C
:108AD00045FB2B6803F58053D3E934210844013268
:108AE000C3E93420FFF7D7B838C5002010B5044CCF
:108AF000206818B1EDF712FB2368184410BD00BFC1
:108B0000DC2A012010B50446007882B0422802D049
:108B1000002002B010BD607804F1010C4C28F7D1A0
:108B20001CF8010F4F28F3D19CF801004228EFD127
:108B3000201D08602021CDE9002322F05BFA411DB1
:108B4000019B21F0030160180C3142680C441A604B
:108B5000049A806810601868009A0844146020F035
:108B600003000430D5E700BFF0B50546434C87B09D
:108B7000F1F794F925601DB1EDF7D0FA25680544A9
:108B800005AE3F4F0FE0DDE90312FCF771FB059BDB
:108B9000834269D13C40029804F580542544DDE9C4
:108BA0000312F1F753F904AB03AA02A92846009671
:108BB000FFF7A8FF04460020002CE4D10024304F2A
:108BC00003E004343C4004F580542E193046EBF7A2
:108BD00077FA02463146002012B31444FCF748FBF2
:108BE0002A59904214D1002EEBD03378552BE8D17E
:108BF0007378721C442BE4D112F8013F4C2BE0D166
:108C000053784D2BDDD100213046FDF7E3FFD8E747
:108C100001461C4800F01EFE4FF4806000F07EFF0D
:108C2000EDF77CFA0124184B301A1860204604AA8C
:108C300003A90134F1F7F8F8A0B103980028F5D0A2
:108C40000378552BF2D14378421C442BEED112F815
:108C5000013F4C2BEAD153784D2BE7D10021FDF792
:108C6000B9FFE3E707B0F0BD02460299074800F0FC
:108C7000F1FD4FF4806000F051FF9FE7DC2A0120F6
:108C800000F0FFFF6C7200202019012054720020B8
:108C9000704700BF704700BF704700BF014B002204
:108CA0001A807047E4FB01202DE9F047D1F800A0BD
:108CB000D2F80080DAF814301B787BB30025064622
:108CC000194FA9462C462046F2F752FC3B785BB17F
:108CD000DAF81420817A1278914205D17268013550
:108CE000A242C8BF09F101090134042CEBD1012DC6
:108CF0000BD053B1DAF8142009F1410340460B4977
:108D00001278BDE8F04722F029BADAF8143040466C
:108D100007491A78BDE8F04722F020BA054B1B88B6
:108D2000A8F80030BDE8F0870FFC0120A0780020F3
:108D3000787100203C730020054B10B51B7803EBC5
:108D4000830303EB83039C00F2F726F8046010BD55
:108D500016FC0120EEF780BA70B5054600200C46DF
:108D6000F1F73EFA1C237C2216210220F1F77CFA4F
:108D70000120F1F735FA1923782217210420F1F7A1
:108D800063FA17237A2218210320F1F75DFA0123F1
:108D90002A465CB11C214020F1F722FB2246002329
:108DA00026214020BDE87040F1F71ABB2021402069
:108DB000BDE87040F1F714BB012A02D022B10020B7
:108DC000704701600020704702600020704700BFBC
:108DD000012A02D022B100207047016000207047B4
:108DE00002600020704700BF012A02D022B100209B
:108DF000704701600020704702600020704700BF8C
:108E0000012A02D022B10020704701600020704783
:108E100002600020704700BF012A02D022B100206A
:108E2000704701600020704702600020704700BF5B
:108E3000012A02D022B10020704701600020704753
:108E400002600020704700BF012A02D022B100203A
:108E5000704701600020704702600020704700BF2B
:108E6000012A02D022B10020704701600020704723
:108E700002600020704700BF0B6812685B691978B8
:108E800019B9044B1B881380704701390320F2F78E
:108E90001FBC00BF3C7300200B46DFED096A106861
:108EA0001B6808495B691B8807EE903AF8EE677A01
:108EB00087EEA67AB7EEC77A53EC172B22F04EB99D
:108EC0000000C044C87800200B68012012685B696C
:108ED00019780439F2F7FCBB0B469446102102685E
:108EE0001B68DCF800005B691B6827F005BB00BF4E
:108EF000012A02D1016000207047022A05D0032A0E
:108F0000F9D0002AF7D10260F5E70B680360F2E7B9
:108F1000012A034602D1016000207047022A05D0D1
:108F2000032AF9D0002AF7D10260F5E703C983E8E4
:108F30000300F1E7012A034602D1016000207047D7
:108F4000022A05D0032AF9D0002AF7D10260F5E7FA
:108F500003C983E80300F1E730B5002304460D6838
:108F60002DED028B83B08DF807304368DA6CD207A1
:108F700009D51A68002A34DB281E18BF012003B067
:108F8000BDEC028B30BD5B699FED298AD3ED007A81
:108F90000DF10703006867EE887A90F81421FDEE62
:108FA000E77AD20117EE901AFCF702FA9DF8071043
:108FB00020682944C9B2FCF789F907EE900A636872
:108FC000F8EEE77A5A6987EE887A82ED007AD3ED77
:108FD000007AB4EEE77AF1EE10FA1BD5C2ED007A12
:108FE000CAE700685B6990F8142119680DF107035E
:108FF000D201FCF7DDF99DF8071020682944C9B2B9
:10900000FCF764F963685A6910601968884209DAE4
:109010001160B1E7D3ED017AB4EEE77AF1EE10FA20
:10902000AADDDBE75B689842A6DD1360A4E700BF1A
:109030000000C04470B5104B064600F5CC74A0F19A
:109040004805036004F13801236C0322084603B18C
:10905000984704F12801236B0322084603B198477F
:1090600004F11801236A0322503C084603B19847D3
:10907000A542E7D1304670BDAC80002070B5134BDF
:10908000054600F5CC74A0F14806036004F13801F0
:10909000236C0322084603B1984704F12801236B8F
:1090A0000322084603B1984704F11801236A0322FA
:1090B000503C084603B19847A642E7D128464FF4F2
:1090C000F47113F071FA284670BD00BFAC80002027
:1090D000836810B5044613B1032201469847204621
:1090E00010BD00BF8B4B2DE9F0411F6882B0036CAF
:1090F00004460D46884E5BB1436C3830019101A99E
:109100008DF803200DF103029847002840F0B2804B
:1091100033689C4204D020220021804824F0BAFF0A
:109120007F497E480B68E26C03F1010C03F00703F2
:1091300040F823705007C1F800C022D4D107DFF8EF
:10914000F08125D5D4E90023002A7DDBFF2B1846CA
:1091500000F398803168D4F814E08C429EF800C087
:1091600000F0C580A168022940F3C88005EB0C011E
:109170008B4203DB8A42B8BF0A4610468EF80000D5
:109180003DE0DFF8AC81D1073460C8F80070D9D475
:10919000D4F814C053069CED007A3ED5614BF6EE30
:1091A000007AA7F5AF7003F1200153F8042F824233
:1091B00088BF77EEA77A9942F7D1DFED5B4A06EEDA
:1091C000905A94ED006A84EEA75AF8EEE65AD4ED70
:1091D000016A76EEC64AC4EE857AA7EEA57AB4EEA9
:1091E000E67AF1EE10FA08DCB4EEC67AF1EE10FA87
:1091F00054BFF0EE476AF0EE466ACCED006A236B8E
:109200002BB1636B01A904F12800019498473460E5
:10921000C8F8007002B0BDE8F08133689C424AD0C3
:10922000A368022B4DDD07EE905AD4ED016A94ED50
:10923000006AF8EEE75A9FED3D5A76EEC67A67EE81
:10924000857AA7EEA57ACAE73068D4F814C08442BC
:10925000DCF8001042D0981A48BF7F30C01105FBDF
:1092600000118B4203DB8A421346B8BF0B46CCF891
:109270000030C4E7DFF8B8803460C8F8007002B08E
:10928000BDE8F081B3F5803FDEDA3168D4F814E050
:109290008C42BEF800C034D0991A48BF7F31C91142
:1092A00005FB01C18B4203DB8A42B8BF0A46104668
:1092B000AEF80000A3E7D8F8003064339F42AFD87F
:1092C000A36807EE905A06EE903A94ED006AF8EE25
:1092D000E77AA7EEA67AD4ED016A80E7D8F8000015
:1092E00064308742B7D8A06800FB0511B9E7D8F809
:1092F000001064318F423FF635AFA16801FB05C114
:1093000036E7D8F8001064318F42C5D8A16801FB58
:1093100005C1C7E7A4F50120885301206853012047
:10932000B45301206453012000C0F9440000003C04
:109330008C530120114B12681B786BB1012B19D093
:10934000022B13D0032B0BD00D4B186899889B79F7
:1093500010609180937170470A4B1B88138070478F
:10936000094B18681B79106013717047002108467B
:10937000F2F7AEB9054B1868106070470CFC01207D
:10938000C07800203C730020B8780020B47800201A
:109390000FB410B582B0074C402104AB204653F8FF
:1093A000042B019324F0D0F8204602B0BDE8104011
:1093B00004B07047746C01202DE9F04FBF4D0024BC
:1093C00007460E462DED028B89B02878B0EE408A14
:1093D0008DF81F40F2F70CFD82462878F2F7C8F8A6
:1093E00022460AF59478C178751C4046F2F76EFB68
:1093F0004046FBF771FF002840F0B480F2EE046AAB
:109400009FEDAF6AB9EE007A034677EE487A37EE01
:10941000067AF0EEE77AF4EEE67AF1EE10FA03D58A
:10942000F0EE676A5CB201200133612BEDD10028B8
:1094300000F095808DF81F40A24B4FEAE478ADB262
:10944000A14883FB042339B2EA1F07F1220AC8EBC3
:10945000630806F1020912B2053D08EB48034FF01C
:109460000A0BA4EB83040E2300931F23EFF7BEFF28
:10947000964B64B29448039353F824300493EFF767
:10948000CBFB321F049B514600909148BEB2049220
:10949000F6F7ACFC4FFA88F18E48FFF779FF05909C
:1094A00089480FFA85F8EFF7B7FBB51C514606F16E
:1094B0001E0A00904A468648ADB2059B1FFA8AFAFA
:1094C000F6F794FC804829B2043503234246ADB236
:1094D000CDF800B0EFF7B8FF7B48AA45F3D1351DB2
:1094E000002101264FF0050BADB2DFF8DCA1EFF74C
:1094F0008FFB02E004350136ADB2032329B24246A8
:1095000050469E42F6D0CDF800B0EFF79DFF062EF4
:10951000F0D102216C48EFF77BFBFB1C039A042C73
:1095200003EB4403049852F82420C8BF0233527856
:109530001BB2002A18BF8146194609F103000FFA31
:1095400089F200B200906048EFF7AEFB01215E485F
:10955000EFF75EFB09B0BDEC028BBDE8F08F9DF923
:109560001F4069E7DFED5C7A0DF11F039AF83C229A
:10957000404628EE278AD201FDEEC87A17EE901AEF
:10958000FBF716FF9DF91F303F2B70DCDAF838022D
:109590001A464FF0040903E041680A443F2A07DCF9
:1095A00009F1FF390028F7D10C210A443F2AF7DDE1
:1095B000403B0B44002B1A46FBDB002800F0908058
:1095C0004368B2FBF3F80C2B03FB182800F09180E2
:1095D0009B003D48ADB2DC1C0E23EA1F39B200935C
:1095E00023B23C4412B2EFF701FF321F0334B8F14B
:1095F000000F40F0FA80394B3348CDE90323EFF7F1
:109600000BFB214600903248DDE90323F6F7EEFB21
:10961000494630484FF00009FFF7BAFE03902A4848
:10962000EFF7FAFAB21C2146BE1C6C1F0090039B98
:10963000B6B2274824B2244FF6F7D8FB11E05B6896
:1096400099454FF00A0285D200920323224631B297
:109650003846EFF7F9FEC14509F1010916D0043685
:10966000B6B2DAF83832002BE9D10C23E8E7403BF8
:10967000DAF838024FFA83F9002800F0BE80426819
:10968000B9FBF2F95AB209F1040996E7384602210A
:10969000EFF7BEFA711CAA1C012309B2384612B2B8
:1096A00004910392EFF76CFB3846DDE90321EFF7F5
:1096B000B7FA01213846EFF7ABFAD0E705FC0120F5
:1096C000ABAAAA3DABAAAA2AD46C0120CCCD00201B
:1096D000D86C0120787100200000C04454B20020F2
:1096E000474BA3FB02384FEAD80808EB4808A2EB27
:1096F0008808ACB20E2339B24248E21F00931F2300
:1097000007F1220512B2053CEFF770FE3E4B3D48D3
:109710001FFA87FB039324B253F828304FF00A0A4C
:109720000493EFF779FA321F049B294600903748DB
:1097300002360492F6F75AFB49463548FFF728FEF1
:10974000059030480BF11E09EFF766FA29460BF138
:1097500002050090059B32462C48ADB2F6F746FB59
:1097600028481FFA89F929B2043503232246ADB2ED
:10977000CDF800A0EFF768FE2248A945F3D10BF120
:10978000040500214FF001094FF0050AADB2DFF8E2
:1097900074B0EFF73DFA03E0043509F10109ADB209
:1097A000032329B222469945F6D05846CDF800A0A9
:1097B000EFF74AFEB9F1060FEED102211148EFF79B
:1097C00027FAFB1C039AB8F1040F03EB4803049833
:1097D00052F8282088BF023352781BB2002A18BFE3
:1097E00006461946F01C32B2ABE6414608480392E1
:1097F000FFF7CEFD039A0346FEE60C2240E700BFCA
:10980000ABAAAAAAD46C0120CCCD0020D86C012030
:109810007871002080B19446C9010346074A084880
:1098200091FBFCF110B4C1F18001064C21603F2195
:109830005DF8044B26F060BE704700BF103F00206B
:10984000E0090120840A0120037803B97047FFF77B
:1098500083BA00BF0FB400B583B04021074804AB02
:1098600053F8042B019323F06FFE054B80221A60FE
:1098700003B05DF804EB04B0704700BFE0090120BD
:10988000840A01209C4B002270B51A60831E82B0AE
:10989000112B10D8DFE803F0090909110F161E3744
:1098A00043485058729E880F0FB3944A1368012B97
:1098B00018BF0120106002B070BD02B0BDE870405A
:1098C00006F04CBC8D4B1A68012A00F0E2800122A0
:1098D0001A60F0E78A4C2368002B01DD5B422360AD
:1098E000581C00F0EF80991C00F0F880DA1C00F0A2
:1098F000F9800433DFD106F031FC2368002BDADD78
:109900005B422360D7E77F4B18680028D3D1F2F77A
:10991000F5F87D4802B0BDE87040FFF79BBF02B08C
:10992000BDE87040ECF7D0BC754A1368002B40F3DB
:109930009680013B1360BEE7714A1368002B40F329
:109940009B8001331360B6E7704A714B11781A7827
:109950000A44D2B2B2FBF1F001FB102212F0FF0276
:1099600006D1664A106801280CBF03200120106050
:10997000B1FBF1F202FB111119709CE7634A644BD1
:1099800011781A780A44D2B2B2FBF1F001FB10222E
:10999000D2B2012A00F08E804A1CD2B2B2FBF1F0A2
:1099A00001FB10221A7086E7584A594B11781A7831
:1099B0000A44D2B2B2FBF1F001FB1022D2B2032A68
:1099C00000F08480CA1CD2B2B2FBF1F001FB10227D
:1099D0001A7070E74D4A4E4B11781A780A44D2B289
:1099E000B2FBF1F001FB1022D2B2022A5AD08A1C3B
:1099F000D2B2B2FBF1F001FB10221A705BE7444CCB
:109A00002078F2F7F5F90122034620789A60F1F701
:109A1000AFFD837A002B3FF44EAF30231F22207816
:109A20000DF105068DF801306C46ADF804308DF867
:109A30000220F1F79DFD837A364DA3F171017F334A
:109A4000C9B28DF803308DF8001001E014F8011F41
:109A5000286803685B689847A642F7D12BE72C4932
:109A60002A4A0B7812781344013BDBB2B3FBF2F0C5
:109A700002FB10330B701EE72549244A0B7812783D
:109A800013440133DBB2B3FBF2F002FB10330B7073
:109A900011E71F4B204A1B78D156002926DBFF21F6
:109AA000D15408E7154A106801280CBF0320012093
:109AB00010609CE7114A106801280CBF03200120A8
:109AC000106069E70D4B02221A60F4E60B4A106839
:109AD00001280CBF03200120106073E7074B03220D
:109AE0001A60E8E6054B04221A60E4E6044A1368AB
:109AF0005B421360DFE600BF800A0120C8CD002072
:109B0000BCCE0020840A01207C3F002054D90020D4
:109B100005FC012018190120C8CE0020024B1A684C
:109B200002B11860704700BF840A0120064B03F1A0
:109B3000C0011A681AB10C338B42FAD1704707C8BA
:109B400083E80700704700BFFCCD0020054A0620CF
:109B50000549D2F8B830086043F00053C2F8B83075
:109B6000704700BF80190120C8CD00200629F0B53C
:109B70002DED028B83B05FDD0E4607460021344891
:109B8000EFF746F87F234021314D31480A220091FA
:109B90001946EFF789F8012128460A24EFF738F82B
:109BA00022B202347F212846EFF73AF83C2CF7D155
:109BB00006EBC606052F07EE906AF8EEE77A38DD69
:109BC000053FC7EB4773A7EBC30707EE107AB8EE64
:109BD000C77ADFED206A87EE278AC6EEA78A28EECD
:109BE000268A68EEA68AF5EEC08AF1EE10FA1CDD30
:109BF000B2EE067A0024DFED187A154D38EE078AAA
:109C000077EE887A01347F212846FDEEE77A17EE59
:109C1000903A1AB2EFF704F807EE904AF8EEE77AB6
:109C2000F4EEE78AF1EE10FAEADC03B0BDEC028B49
:109C3000F0BD9FED097ACCE77F2340240A22044837
:109C400019460094EFF730F803B0BDEC028BF0BD7D
:109C5000D46C0120000048420000000070B586B0BE
:109C60000346114E0DF1080C03F13802EE460F4D7C
:109C7000CDE902109CE803008EE8030092E803009F
:109C80008CE803009EE8030082E803001C6C5A6C19
:109C90001E6404945D6405921CB103226146604613
:109CA000A04706B070BD00BF596401007D6401008B
:109CB0002DE9F0471446127898469DF820303E2A48
:109CC00007460D469DF824A008BF0134ABBB0A210E
:109CD000204625F0ADF90646A8B1A5F10508011BFF
:109CE00022462A48FFF754FB4146024600233846E5
:109CF000F0F750FB6A1C334639B212B22448BDE873
:109D0000F047EFF7A9BE0921204625F091F98146D9
:109D1000E0B1011B22461D48FFF73AFBA91F02468E
:109D200001233846F0F736FB334609F10102A91C3E
:109D3000781CBDE8F047F0F72DBBCA1EC11F154BBC
:109D400012B2134809B2EFF787FEC0E7BAF1000F6D
:109D500013D0AA1F234639B20D4812B2EFF77CFE8A
:109D60000B48EEF759FF04464346AA1C791C089499
:109D70000948BDE8F047F6F739B8EA1E234639B27C
:109D8000034812B2BDE8F047EFF766BEE474002066
:109D9000D46C01202CBC0020D86C01202DE9F04FA0
:109DA0002DED028B85B09DF84080DDF8449072B1B6
:109DB000144612785AB1252A06460D4620D0242A88
:109DC0000AD0402A08D03E2A0AD02E2A1FD105B038
:109DD000BDEC028BBDE8F08F627801343E2AF4D1ED
:109DE000EA1EB8F1000F40F0EC8012B2631C31B2F1
:109DF000934805B0BDEC028BBDE8F04FEFF72CBEE9
:109E000062784FF000090134242ADAD1E4E707EE42
:109E1000903ADFED8C5ADFED8C6AF8EE677A9FEDB1
:109E20008B8ADFED8B8A9FED8B7A87EEA56AA6EE93
:109E3000268AFCEEC87A17EE903A9BB207EE903A6B
:109E4000F8EE677A87EEA80A20EE070A14F04CFABB
:109E500020EE280ABDEEC00A10EE103A1FB2002F05
:109E600002DA07F5FF571F37BDEEC88A43F6FF73C6
:109E7000DFED778A7F139FED777A18EE102A1A4468
:109E80001346754A82FB0312D9171A44C1EBE2321A
:109E900013449BB207EE903AF8EE677A87EEA80A71
:109EA00020EE070A14F020FA20EE280ABDEEC00AC0
:109EB00010EE103A1BB2002B02DA03F5FF531F33EA
:109EC00022785B13092A02D16278123601347E2A85
:109ED00000F0818008EE907A08EE103A05270A21FA
:109EE000204625F0A5F8824600284CD0011B2246CA
:109EF0005A48ACB2FFF74CFA00230246A91F06F1FC
:109F00000C00F0F747FA0AF101021FFA86FA012362
:109F1000294606F10B00F0F73DFA31B22AB2B8F14A
:109F2000000F27D0FB1C4648CDE90212EEF728FFB0
:109F3000F8EEE88AB8EEC88ADFED497A68EEA78ABB
:109F400028EE278AFDEEE88ABDEEC88ADDE9021216
:109F500018EE103A3A481C4418EE903AAAEB030364
:109F600024B21BB2109405B0BDEC028BBDE8F04FDB
:109F7000EEF79ABE3B463248CDE90212EEF700FFFB
:109F8000DDE90212E4E70921204625F051F8834675
:109F9000B0B3011B22463148ACB2FFF7F9F9A91F53
:109FA0000246012306F10C00F0F7F4F953460BF1D9
:109FB0000102A91C06F10D001FFA86FAF0F7EAF972
:109FC000ABE7F11F12B2274B09B21D480292EFF71F
:109FD00043FD029A0AE707EE907A013407274FF013
:109FE0000008F8EEE78A07EE903AB8EEE78A78EED6
:109FF000A88A38EE088AFDEEE88ABDEEC88A6EE7C8
:10A000001FFA86FA23460E48ACB20AF10C0109B2D7
:10A01000B9F1000F0FD0A21F12B2EFF71DFD0848D3
:10A02000EEF7FAFD4B460090AA1C06F10D010E4812
:10A03000F5F7DCFE71E7E21E12B2EFF70DFD6CE7FB
:10A04000D46C012000FF7F4700FF3F47000000461F
:10A0500000FEFF46DB0F494001800080E4740020D1
:10A06000333313402CBC0020D86C01202DE9F04F75
:10A07000164687B007460846F1F7BAFE814606EB5A
:10A0800086034FEA860800EB0313D3F88C52002DA9
:10A0900000F0A7802B4600229C695CB121782E2914
:10A0A00003D0596D090600F14B8101325033062A65
:10A0B000F2D10024D9F85432002B00F03D814B46F8
:10A0C0000021D3F8A42201315033002AF9D1092903
:10A0D00077DC052E1DDD3B88012B00F08F807A8810
:10A0E000B2F5007F00F02381042B4FF0000124D053
:10A0F000022B39D0032B40F0B981002C00F01781DE
:10A10000E36C012723F08003E364384607B0BDE821
:10A11000F08F092955DC3B88F243012B02F0010244
:10A1200000F0E980002ADAD07A88B2F5807F00F06A
:10A13000FE80042B4FF00101DAD1002C00F02C81BD
:10A140002369B7F90410F888002B00F0CF80636909
:10A15000002B00F0CB80821A20460127B2FA82F24F
:10A160005209FEF7BFFFD0E7002C00F0D680236C29
:10A170006BB10023666C0DF1130205A904F13800E0
:10A1800005938DF81330B047002840F0AF8005F5F7
:10A19000F472944280F0BD80E36C04F1500523F02A
:10A1A0008003AA42E36408D8A0E01B782E2B40F07D
:10A1B00059815035AA4240F299802B69002BF4D185
:10A1C00094E03B88012BAFD13F2346264FF0470A4E
:10A1D0004FF0420B4FF080081F464FF040090393A9
:10A1E00019E0AA4DDFF8A8B22B6813F0010400F0C3
:10A1F000AD800023A64D8BF804304BE74FF0FF33C2
:10A2000006264FF0070A4FF0020B4FF040081F469A
:10A210004FF00009039300219E48EEF7F9FC32232A
:10A220000C2249469B48B4FA84F400934023EFF78C
:10A230000BF9042243463946009264099548EEF72B
:10A2400033FD01219348EEF7E3FC3923052249460B
:10A25000904800934023EFF7C9F8072349460522A9
:10A260008C4800934023EFF7EFF8052239468948E0
:10A27000EEF7DCFC052241468648EEF7D7FC39466E
:10A280003B228448EEF7D2FC3B2241468148EEF760
:10A29000CDFC00217F48EEF7BBFC7E48EEF7BCFC0E
:10A2A0007D4B0622594600907C48F5F79FFD012121
:10A2B0007848EEF7ADFC00222B795046112101922F
:10A2C0000094774AFFF76AFD2B79764A314603EB13
:10A2D00083037048126852F823300E22EFF7BCFB5C
:10A2E0002B68714A5B69934240F0AB800127384686
:10A2F00007B0BDE8F08F930199461A4603F1020BAF
:10A3000003F1070A013B09F14008961D1FB20393B0
:10A3100081E7E36C23F08003E364AB690835002B2D
:10A32000E4D0EB6C012743F08003EB64EDE60027FB
:10A33000384607B0BDE8F08F052E3FF7CCAEEAE611
:10A3400002EB820205EB02140834B3E60BF10803BA
:10A350000BF5F47A8BF8044018465022002123F0C4
:10A3600099FE034650339A45C0E90644C0E90844C3
:10A37000C0E90A44C0E90C44C0E90E44C0E91044F5
:10A38000EAD14A4B4A4ACBF80030012349494048B8
:10A390002B6014F057F82CE72B7906EB860AB7F9F7
:10A3A00004504FEA0A1AED1851D43E4A4249D2E904
:10A3B00000239B1A9B1001FB03F39D42A8BF03F1EE
:10A3C000FF3508EB060309EB0313D3F88C326BB1AE
:10A3D0001B79AB428AD00AF523704844F1F7BAF8EA
:10A3E00008EB060309EB0313D3F88C32002DD4BF1E
:10A3F00000270127002B18BF0027002F3FF476AF5E
:10A40000284B2D4AD3E900031B1A9B1002FB03F3D0
:10A41000AB427FF66BAF0AF511734B44059305EB26
:10A42000850300EB8300C36873B3036905A9043097
:10A43000984708EB060309EB0313D3F88C321D7120
:10A4400063E60E2203992846012798475DE608EB4C
:10A45000060309EB0313D3F88C32002B3FF446AF0D
:10A460002546B5E7AA423FF65CAF3FE78B01994628
:10A47000194603F1020B03F1070A013B09F14008F9
:10A480008E1D1FB20393C6E614F04EF8700401202F
:10A49000B8570120D46C0120783E0020D86C0120F0
:10A4A0002CBC002004190120B5610100648100204A
:10A4B00030D1002059650100CDCCCCCC07EE901AEC
:10A4C0009FED2C7AF8EEE77A2DE9F0410D4606462D
:10A4D0002DED028B87EE278A84B092BB012126489E
:10A4E000EEF796FB002D27DDF1EE488A00244FF0B1
:10A4F0000408214F01E0AC421ED0A64204F1010441
:10A50000F9D107EE904A3C223846CDF80080B8EEEB
:10A51000E77AF0EE687AE7EE087ABDEEC87A8DED5C
:10A52000037ABDF90C30FDEEE77A17EE901A09B206
:10A53000EEF78AFFAC42E0D104B0BDEC028BBDE87F
:10A54000F081042400210C48EEF762FB80233C22BA
:10A55000002109480094EEF777FF01210648EEF745
:10A5600057FB80233C22002103480094EEF73EFF76
:10A57000B4E700BF00000043D46C0120184B1B68F7
:10A5800070B5012B174E0546347812D021467CB1A8
:10A59000002402E03178A1420ADDA54204F1010461
:10A5A000F8D101222846FFF789FF3178A142F4DC77
:10A5B00070BD032CEAD12246302310217D20EFF715
:10A5C00063FE2246302310217D20EFF73DFE691CFB
:10A5D0002246102309017D20BDE87040EFF744BEFC
:10A5E000C8CD002054D900200649074B1A780B78B3
:10A5F00013441844C0B2B0FBF2F302FB1300C0B224
:10A600000870704705FC012054D9002070B505463C
:10A6100008460C4625F002FF02460948214692B240
:10A62000EFF79AF8D0F1800123462A4648BF01315E
:10A63000034841F34F01BDE87040EFF70DBA00BF8A
:10A64000D46C0120024B1B6803B17047FFF71AB9A5
:10A650004C22012091F900C05CEA020301D50A7086
:10A66000704702EB820300EB0313D3F88C32002B0C
:10A67000F5D00CEB8C0C00EB0C1070B5D0F88C42C4
:10A68000A64604F5F075586D20F08000586534B189
:10A69000DEF8546006F0800C4CEA000058650EF1BC
:10A6A000500E5033AE45EED10A7070BDC30770B581
:10A6B000044601D404280EDD124D134B287803EB19
:10A6C000400393F901205C70A24203D00F4E335631
:10A6D000002B0DDA70BD0B4D0B4B287813F91020B1
:10A6E00003F81040A242F5D0084E3356002BF1DBA0
:10A6F000F1F77EFB297822463144BDE87040FFF730
:10A70000A9BF00BF05FC0120C0CE0020C8CE00209C
:10A7100070B505460E46F1F76BFBD0F85432002BAE
:10A720003AD002460123D2F8A4429C46503201336B
:10A73000002CF8D1194B9EB9BCF1060F13F9152066
:10A74000174902F10202A8BF4FF0060C6245B4BFE0
:10A7500052B2324603F815204A57002A14DA70BD67
:10A7600003EB4502690092F901201944042ACCBF89
:10A770000124022422446245B4BF52B272B24A702C
:10A7800007494A57002AEADB03EB450329449A5755
:10A79000BDE87040FFF75EBF9C46CBE7C0CE00200F
:10A7A000C8CE00200346034A102103481B6925F048
:10A7B000A3BE00BF4C3D0020280A01202DE9F04F28
:10A7C000924683B012681C460E46CDE9000302EBA8
:10A7D000820304EB03131F6917B13B783D2B3CD078
:10A7E000012E2ADD10223946674820F08BFB20B36A
:10A7F00097F800B00024019DB946DFF88C8108E08D
:10A800002F69394620F07EFB98B101345035A642BD
:10A8100012D0BBF13D0F4FF010024046F0D199F835
:10A8200001303D2BF1D02F69394620F06BFB002819
:10A83000EBD1B946CAF800404F463B46534A102177
:10A84000514825F059FE009B1B88042B15D0022B84
:10A850003DD0002003B0BDE8F08F7B783D2BBFD109
:10A86000013292FBF6F306FB1322CAF8002002EB3A
:10A87000820204EB02121769B2E7009B5B88B3F512
:10A88000807F06D0B3F5007F42D0012003B0BDE841
:10A89000F08F009BDAF80020B3F904108A1832D444
:10A8A000B2420198A8BF06F1FF3202EB8203CAF858
:10A8B000002000EB03131B6913B118783D2841D029
:10A8C000324A1021304825F017FE0120C2E7009BD4
:10A8D0005B88B3F5007FD8D1DAF800301021019CF5
:10A8E000013393FBF6F206FB1233284A03EB830095
:10A8F000CAF8003004EB00182348D8F8103025F0CF
:10A90000FBFD0120A6E70022019BCAF80020D2E748
:10A91000DAF80000019B00EB800003EB00100369F4
:10A92000002BB2D04369002BAFD0009BDA88B3F97B
:10A930000410A2F50072B2FA82F25209FEF7D2FBBD
:10A94000012087E758783D28BAD10A44002ACAF87E
:10A95000002008DBB2420CDA019B02EB820203EB1F
:10A9600002121369ACE70022019B1B69CAF80020A0
:10A97000A6E7013E019A06EB8603CAF8006002EBE7
:10A9800003131B699CE700BF280A01204C3D0020EF
:10A99000114B02461B786BB1012B19D0022B13D03F
:10A9A000032B0BD00D4B186899889B791060918010
:10A9B000937170470A4B1B8803807047094B1868D6
:10A9C0001B7910601371704700210846F0F780BEB4
:10A9D000054B1868106070470CFC0120C0780020FF
:10A9E0003C730020B8780020B478002010B40469CB
:10A9F0002CB143691BB15DF8044BFEF773BB5DF8E6
:10AA0000044B7047C26C034650074AD5D10716D491
:10AA10005A6983ED030AD2ED007A77EE807AC2EDAF
:10AA2000007A1A6B002A3BD05A6B03F1280000B55C
:10AA300083B001A90193904703B05DF804FB1A6845
:10AA4000DFED877A002A596920EE270AC0F2A78035
:10AA50000888BDEEC00AD3ED017A06EE900AB8EE82
:10AA6000C07A83ED030AF8EE666AF8EEE77A37EE0D
:10AA7000267AF4EEC77AF1EE10FA09D407EE902A9E
:10AA8000F8EEE77AF4EEC77AF1EE10FA77FE877AFD
:10AA9000FCEEE77A17EE902A0A801A6B002AC3D1DF
:10AAA0007047F2EE047AD20780EE276A2BD5D3E9FD
:10AAB0000012002947DBFF2A00F3958007EE902A59
:10AAC000521A5869B8EEE77A07EE902A0278F8EE43
:10AAD000E77A05EE902A67EE867AF8EE655AFDEE83
:10AAE000E77AF8EEE76AC3ED037A76EEA57AB4EE7C
:10AAF000E77AF1EE10FA40F19D80FCEEC77A17EE8E
:10AB0000902A02708DE7D3ED016AD3ED005A5A699D
:10AB100036EEE57AD2ED007A27EE067A77EE277ADE
:10AB200083ED037AF4EEE76AF1EE10FA02D5C2ED96
:10AB3000006A76E7F4EEE75AF1EE10FA75FEA76ABE
:10AB4000C2ED006A6DE707EE902A521A5869B8EE16
:10AB5000E77A07EE902AD0ED006AF8EEE77AF8EE91
:10AB6000E65A67EE867AFDEEE77AF8EEE76AC3ED1D
:10AB7000037A76EEA57AB4EEE77AF1EE10FA09D40C
:10AB800007EE101AB8EEC77AB4EEE77AF1EE10FAD3
:10AB900037FE277ABDEEC77A80ED007A41E7BDEE39
:10ABA000C00A91ED007AD3ED017AF8EEC76AB8EEEB
:10ABB000C07A83ED030AF8EEE77A37EE267AF4EEF0
:10ABC000C77AF1EE10FA09D407EE902AF8EEE77A88
:10ABD000F4EEC77AF1EE10FA77FE877AFDEEE77AA7
:10ABE000C1ED007A1DE7B2F5803FACDA07EE902A9E
:10ABF000521A5869B8EEE77A07EE902A0288F8EE02
:10AC0000E77A05EE902A67EE867AF8EE655AFDEE51
:10AC1000E77AF8EEE76AC3ED037A76EEA57AB4EE4A
:10AC2000E77AF1EE10FA10D5BCEEC77A17EE102ACB
:10AC30000280F6E607EE101AB8EEC77AB4EEE77AAD
:10AC4000F1EE10FA37FE277A57E707EE101AB8EE42
:10AC5000C77AB4EEE77AF1EE10FA37FE277AE3E727
:10AC60000000C044C36CDB0759D510B4D0E90034F0
:10AC7000FF2C28DC002B7FDA426907EE903AC1688E
:10AC80001268F8EEE76A0A4407EE902AB8EEE77A0F
:10AC9000B4EEE67AF1EE10FA6BD407EE904AF8EED5
:10ACA000E77AB4EE677AF1EE10FA37FE877AE31AA4
:10ACB00037EE667A5DF8044B07EE903AF8EEE77AE5
:10ACC00087EE270A7047B4F5803FD5DA002BD3DB37
:10ACD00007EE903A4269C168B8EEE77A12880A44F2
:10ACE00007EE902AF8EEE77AF4EEC77AF1EE10FA62
:10ACF00033D406EE904AF8EEE66AF4EE667AF1EEA8
:10AD000010FA76FEA77AE31A77EEC77A5DF8044B5D
:10AD100007EE103AB8EEC77A87EE870A70474369A4
:10AD200090ED037AD3ED007AD0ED006A77EE877A62
:10AD300090ED017AF4EEE76AF1EE10FA10DCB4EE71
:10AD4000677AF1EE10FA48BFF0EE477A37EE667A8E
:10AD500077EEE67A87EE870A7047F0EE477AD2E719
:10AD6000F0EE667A37EE667A77EEE67A87EE870A55
:10AD70007047B0EE667A9AE7426907EE903AC1688A
:10AD8000B8EEE77A1278AAE7C36C13F0010313D088
:10AD9000D0E9003210B4FF2A10DC002B11DB44692B
:10ADA000247891B9A34203DCA2421346A8BF2346EC
:10ADB00018465DF8044B704718467047B2F5803F5F
:10ADC00006DB446924680029ECD0C1680C44E9E73B
:10ADD000002BF6DB446924880029E3D0F5E700BFA7
:10ADE000C36CDB0731D5D0E90023FF2B14DC002A2C
:10ADF00039DA416907EE902A9B1A91ED007AF8EE54
:10AE0000E76A07EE903AB8EEC77AF8EEE77A37EEDF
:10AE1000667A87EE270A7047B3F5803FE9DA002AA1
:10AE2000E7DB07EE902A41699B1AF8EEE76A0A8889
:10AE300007EE102A07EE903AB8EE477AF8EEE77A76
:10AE400037EE667A87EE270A70474369D0ED006ACD
:10AE5000D0ED017A93ED007A77EEE67A37EE667AF6
:10AE600087EE270A704707EE902A41699B1AF8EE91
:10AE7000E76A0A78DCE700BF2DE9F04FAD4C914658
:10AE80008B4684FB0324DB17C3EB64032DED048B9B
:10AE900099458BB0059040F39581A9EB0303C3EB73
:10AEA0004372C3EBC20303F10C06BBF1000F40F386
:10AEB000A4804FF00008771C9FED9F9ADFED9F8ADA
:10AEC0004546CDF81090731E3A2B00F28C8005EBAE
:10AED0008504059B03EB041422691AB113783D2BFA
:10AEE00000F00A81964B04989649DFF85C92404541
:10AEF00008BF1946484620F031F923691B785BB931
:10AF0000236A4BB109F1010309AA08A904F1180049
:10AF100009930894636A9847E36C1A0500F1E3808B
:10AF20000921894824F084F8A0EB0901002907DDF4
:10AF3000854A8648FEF72CFA0146834823F0BEFB7B
:10AF4000814A31460120EFF71BFAE36C13F0180F2A
:10AF50005CD02046DFF8F8A1FFF742FF7C48BBB287
:10AF6000B0EE408A3AB219460693632307920C1D4D
:10AF7000194624B20094EDF797FE7B23B1B20094FA
:10AF8000079A0C46079172481946EDF78DFEE21CB0
:10AF900063240FFA82F94B46A9461D4623B20234B8
:10AFA0002A465046A4B219460095EDF77DFE7B2C4B
:10AFB000F4D1B3EE087A069AF0EE687A6448531D2D
:10AFC000013A4D46E8EE077A1BB212B20093FDEE4D
:10AFD000E77A17EE903A1BB21946EDF765FE049B2F
:10AFE000434500F0D280013509360937EDB2AB4553
:10AFF000A8463FF768AFDDF81090594648460BB0B9
:10B00000BDEC048BBDE8F04FFEF7B0BD4E49504893
:10B01000EEF77AFD236A8246002B77D008A904F167
:10B02000180009AA636ACDE90849984709214648EA
:10B0300023F0FEFF18B1411C434823F03FFB424977
:10B040004348EEF761FDC0F34F0013283CD80AEBEC
:10B05000400A0446BAF1740F36DC0F283A4B32B27C
:10B0600094BF6F216B218946091A394809B2EEF75E
:10B07000F3FC049B4345B6D1A9F1060133B2344831
:10B08000091BB4B202931FFA81F8A21C09B208F19D
:10B09000040308F1020812B20FFA88F81BB20092FA
:10B0A000CDF80480CDE90613EDF7EEFF221D06343E
:10B0B000274812B2CDF8048024B200920294DDE950
:10B0C0000613EDF7E1FF8EE71F484FF07E0925F0EC
:10B0D000A5F9002300EB80041B4A3946C4F17E0029
:10B0E000EFF758F9C5E71B491648FEF751F9014635
:10B0F000184823F0E3FA13E753783D2B7FF4F2AEC0
:10B10000002339460120EFF745F96CE7E36CDB07D4
:10B1100028D56368FF2B57DC6369A06C1A780E4949
:10B120000E4B002808BF0B460D49074820F016F8C3
:10B1300085E700BF398EE33800FF7F470000C64235
:10B14000843E0020B0710020400A0120E4740020F9
:10B15000D46C0120410A0120183A0020883E0020CA
:10B160008C3E00206369A16CD3ED007A214A224B0A
:10B17000B7EEE77A2148002908BF1346204900931B
:10B1800053EC172B1FF0EAFF59E7079B5E245C2165
:10B190001C489A1C33B2019412B2029360230092AD
:10B1A000EDF772FF079B5C2116481A1D03F1060A92
:10B1B00001940FFA8AF312B2029360230092EDF722
:10B1C00063FF10E70C2670E62046FFF709FE20EE2D
:10B1D000090AA16C074AFCEEC07A074B0748002910
:10B1E00008BF1346084917EE902AC2F346221FF003
:10B1F000B5FF24E7183A0020883E0020400A0120CD
:10B20000943E0020D46C01208C3E00202DE9F047B4
:10B21000ADF5A15DAD4F804682B03878F0F7E8FD1E
:10B2200006460AAD3878F0F7A3F9002381462A468E
:10B23000136202F1380102F12804C2E90033C2E9C5
:10B240000233C2E90433C2E90633503242E90B3318
:10B25000C4E9013342E90733C1E9013341F228412E
:10B2600042F8043C69448A4242E90333E0D103AA2C
:10B27000EB64002303A930462B606B60AB6033683E
:10B280001560934ADB682A612A1D6A610222984789
:10B290003368082203A9DB683046984733681022D8
:10B2A00003A9DB68304698473368202203A9DB688E
:10B2B00030469847336830464FF0FF32DB6803A9C9
:10B2C0009847844B1B78002B4AD13878F0F790FDD3
:10B2D000C3681B0644D43E7803A9304604F0F4F852
:10B2E00003AB7D4A1B687D4E5B1B1B1102FB03F306
:10B2F0003A7856F8221003F101090029C0F2E280E1
:10B300004945A8BF46F8223006EB820240462B464C
:10B310004946FFF753FA0446002877D041F2D83463
:10B320006C4404F13801236C0322084603B19847AA
:10B3300004F12801236B0322084603B1984704F166
:10B340001801236A0322084603B19847A4F1500369
:10B35000A5421C46E5D10DF5A15D02B0BDE8F08720
:10B36000039B00224FF0000C5D491A6506AC5A653C
:10B3700003A89A6503F15402C3F89CC05A664A4672
:10B38000196699F80A10DFF860E110293E78C3F8D1
:10B39000B0E028BF1021C4F80090666002F80A1FD0
:10B3A0001021C3F8B4200122C3F8A41003F1A001B6
:10B3B000C3F8A0C003F1B80CC3F8A820C3F8EC2070
:10B3C00004AA0160DFF824A1DFF824E194E8030077
:10B3D00082E803009CE8030084E8030092E803008D
:10B3E0008CE80300D3F8C090C4F80890D3F8C420C8
:10B3F000C3F8C0A0C3F8C4E0E260B9F1000F3FF4A5
:10B400006BAF032221462046C84764E73548EEF774
:10B4100039FA01213348EDF7FBFB40232246214650
:10B42000009380232F48EDF7E1FF3B7849462846FB
:10B4300056F823202923FFF71FFD0A2280232146E7
:10B44000009222462748EDF7FFFF21462548EDF7F9
:10B45000DFFB3878F0F794F80646F1F7D3F8006888
:10B4600033B22146012241F2D83403EB43036C444A
:10B4700000EB03131B480833EEF7EEFA01211948DD
:10B48000EDF7C6FB00E01C4604F13801236C0322F3
:10B49000084603B1984704F12801236B03220846AC
:10B4A00003B1984704F11801236A0322084603B147
:10B4B0009847A542A4F15003E5D10DF5A15D02B076
:10B4C000BDE8F087002346F822301DE705FC012087
:10B4D000AC3D00200FFC0120CDCCCCCCA4570120EA
:10B4E000C83D0020D46C0120E43D002035640100FB
:10B4F000CD6101002DE9F04FADF5797D00240746BF
:10B5000008ADF8AE2B4618465022002122F0C2FDAD
:10B51000034600F1280100F13802503304629E42D4
:10B52000C0E9064443E90B44C1E9014443E9074447
:10B53000C2E9014443F80C4CE5D10022DFF8C48194
:10B54000032004AE114698F80090F0F7C1F80023EC
:10B55000C0B22C6002AC0EAA81456860C5F81480A8
:10B5600028BF8146FF280CBF0821012188F80090E0
:10B57000A960696AF160594929610121E964584962
:10B58000C4E900332B6A29625649B360696292E8C4
:10B59000030086E8030094E8030082E803001BB17F
:10B5A00003223146304698476A6B0023D5F8308035
:10B5B000F2604D4AC6F808802A634C4AC4E9003359
:10B5C00012AB6A6393E8030086E8030094E8030083
:10B5D00083E80300B8F1000F03D003223146304660
:10B5E000C047DFF824910DF1880C41494FF0000865
:10B5F00099F800A04FF0010B2B6F6A6FBAF1030F9F
:10B6000029673C4928BF4FF0030AF26069673A4A4C
:10B61000C5F864902A660322C5F8508089F800A016
:10B62000C5F858B0C5F89CB0B3606A659CE80300E3
:10B63000C4E9008886E8030094E803008CE803006E
:10B640003BB131463046984799F800A0BAF1030F54
:10B650005ED8BAF1010F0DF1700800F00581A8EB7A
:10B660000503264ADFF8A4A01B11254E02FB03F3B5
:10B670009AF8002056F8221003F101080029C0F2C0
:10B6800084814145A8BF46F8223006EB8202384645
:10B690002B464146FFF792F80446002800F025812A
:10B6A000F8AC54F8103C0322503C1BB104F13801B3
:10B6B0000846984704F12801236B0322084603B18A
:10B6C000984704F11801236A0322084603B19847FA
:10B6D000AC42E6D10DF5797DBDE8F08F183F002032
:10B6E000DD6201009D630100F562010079620100E5
:10B6F0000D63010059680100283F0020CDCCCCCC5F
:10B70000AC5901200FFC01200CFC012005FC01209C
:10B71000D5F8C41036ABC5F8A0A0F160A849C5F8AB
:10B72000B490C5F8B010FF21C5F8A8B0C5F8A410B2
:10B73000A449C5F8ECB0C4E90088D5F8C080C5F8C4
:10B74000C010A149C6F80880C5F8C41093E80300EA
:10B7500086E8030094E8030083E80300B8F1000FD3
:10B7600003D0032231463046C04700223AABD5F819
:10B77000D080C4E90022D5F8D420C6F80880F26051
:10B78000924AC5F8D020924A93E80300C5F8D42025
:10B7900086E8030094E8030083E80300B8F1000F93
:10B7A00003D0032231463046C0478A4A00214FF475
:10B7B00070504AABC5F8F010C5F80421D5F81081D7
:10B7C000C4E900111188C6F80880B1F5705F28BF80
:10B7D0004FF470511180D5F81421F2607E4AC5F8FB
:10B7E00000210222C5E93D020122C5F83C217B4A25
:10B7F000C5F810217A4A93E80300C5F8142186E8B9
:10B80000030094E8030083E80300B8F1000F03D0BD
:10B81000032231463046C04700224EABD5F8208186
:10B82000C4E90022D5F82421C6F80880F2606D4AE8
:10B83000C5F820216C4A93E80300C5F8242186E866
:10B84000030094E8030083E80300B8F1000F03D07D
:10B85000032231463046C04799F800A00DF588789C
:10B86000BAF1010F7FF4FBAEEFF796FA03685F4879
:10B8700008F178025E49A0FB0303DFF890E1C8F805
:10B880006410C3F34713C8F858A0C8F89CA008F187
:10B89000500A1E2BDFF878C138BF1E230B701E2103
:10B8A000544BC8F86030FF23C8E914130023D2E9D1
:10B8B0000001C4E9003386E8030094E80300C2E90C
:10B8C0000001D8F88030D8F88420C8F880E0B36050
:10B8D000C8F884C0F2601BB1032231463046984755
:10B8E0000123C8F85830D046B9E64348EDF7CAFFFF
:10B8F00001214148EDF78CF940232246214600936F
:10B9000080233D48EDF772FD99F80030002B40D1BF
:10B910009AF8002032234146284656F82220F8ACF7
:10B92000FFF7AAFA00220A2080231146009032482D
:10B93000EDF78AFD00213048EDF76AF901222F4B1F
:10B9400011462D48EEF788F801212B48EDF760F9F4
:10B9500054F8103C0322503C1BB104F13801084656
:10B96000984704F12801236B0322084603B1984746
:10B9700004F11801236A0322084603B19847AC4238
:10B98000E6D10DF5797DBDE8F08F002346F8223031
:10B990007BE61B4B1B4819681B4B1A68FDF7F8FC2C
:10B9A0002346024638210420EEF7F4FCEFF722F894
:10B9B0000028ADD038214520EEF73AFEA8E700BFB9
:10B9C000383F002025630100ED6301003D63010065
:10B9D000BD610100E4FB0120443F002055630100EC
:10B9E000BD6301006D630100C16101001F85EB5162
:10B9F00016FC0120543F0020D46C0120703F002031
:10BA0000982A0120643F0020141901208563010059
:10BA10005D620100C36CDB0718D5416911B3D0E941
:10BA20000032FF2A1FDC002B20DBD21A07EE903AEF
:10BA300007EE102AF8EEE77AB8EEC77AE7EE007A5A
:10BA4000FCEEE77A17EE903A0B70704743694BB102
:10BA5000D0ED007A90ED017A37EE677AE7EE007A62
:10BA6000C3ED007A7047B2F5803F0FDBD21A07EEC4
:10BA7000903A07EE102AF8EEE77AB8EEC77AE7EECA
:10BA8000007AFDEEE77AC1ED007A7047002BEDDB1E
:10BA9000D21A07EE903A07EE102AF8EEE77AB8EEDF
:10BAA000C77AE7EE007AFCEEE77A17EE903A0B8061
:10BAB000704700BF2DE9F04186B00E4601610121BB
:10BAC0000D9D04460C9FAB42C1644CDCBB42B8BF29
:10BAD0003B46FF2D13606261C4E900753CDDEB1B42
:10BAE000264A82FB0312DB17C3EBA203A36024499F
:10BAF00030461FF0EDFC60B300230DF1080C6A46E0
:10BB0000DFF88480DFF884E0CDE9026304F11803F4
:10BB10009CE8030082E8030093E803008CE803003C
:10BB200092E8030083E80300236A626AC4F8208075
:10BB30000493C4F824E005921BB1032261466046D9
:10BB40009847104930461FF0C3FC10B1ED1B642D1F
:10BB50000BD006B0BDE8F0810123A360E36C43F095
:10BB60002003E364C3E72B46B3E7E36C052223F02D
:10BB70002003A260E36406B0BDE8F081ABAAAA2A64
:10BB8000787100207071002015640100FD630100D0
:10BB9000B44B1B682DE9F04F9342D66C1446054612
:10BBA0000F4606F080062DED028B87B000F0D580A1
:10BBB000A36C4FF00009B3F1000818BF4FF0010863
:10BBC000D4F810B09BF80030092B04D19BF8013059
:10BBD00006350BF1010B232B00F0CD805F2B00F01D
:10BBE0000D822E2B20D0A36CF3B1B9F1000F1BD125
:10BBF000002E00F07A820623A7F10802A5F10801C1
:10BC0000994812B2009309B2EDF71EFC49469648D6
:10BC1000ECF7FEFF944829B208233AB2EDF7AEF9EB
:10BC200001219148ECF7F4FF236AC3B1B8F1000F8A
:10BC300003D0E36CD80700F12F81DFF858A205AAE2
:10BC4000636A04A904F118000494CDF814A098477D
:10BC50009AF80030002B00F00D82DFF838B2003E79
:10BC6000E36C18BF012659072DD59BF80090B9F158
:10BC70003E0F00F05D82B9F12E0F40F0C480DA076C
:10BC800040F1A580236841462046002BC0F2458242
:10BC9000FFF77AF807EE900ADFED746AB1EE047AE6
:10BCA000F8EEE77A87EEA60A30EE470AB9F1000F00
:10BCB0004ED0394605F10C0007B0BDEC028BBDE853
:10BCC000F04FFDF779BB9B0624D523691B78402BE9
:10BCD00020D0242B1ED041462046FFF755F8C1B294
:10BCE0006348FDF755FB9BF8002003462E2A2FD012
:10BCF000B9F1000F05D1A26CB2F1000918BF4FF0E5
:10BD000001095A4639462846CDF804900096FDF7B9
:10BD1000CFFF1DE02046B8F1000F40F0DC80FFF7B8
:10BD20005FF8DFED547A20EE270ABCEEC00A10EE71
:10BD3000103A1FFA83FAB9F1000F40F0128253460D
:10BD40005A4639462846CDF804900096FEF726F864
:10BD500007B0BDEC028BBDE8F08F474B1A68474B2C
:10BD60001B6803F57A7393427FF622AF4FF0010907
:10BD70004FF0000824E73F2D0BF101014048D4BFEC
:10BD8000083D2935FDF704FB00230246B91F28466C
:10BD9000EEF700FB41462046FEF7F6FF0146394824
:10BDA000FDF7F6FA0446002E40F01A81B8F1000FB4
:10BDB00043D1791C681C01232246EEF7EBFA0120DF
:10BDC00007B0BDEC028BBDE8F04FEEF709BA63692E
:10BDD000D3ED007AB8F1000F40F0C9819FED2A7AC7
:10BDE00077EE877A94ED000AF4EEC07AF1EE10FA5D
:10BDF0003FF55CAF94ED010AF4EEC07AF1EE10FA73
:10BE000030FE270A52E72046FEF7EAFFDFED197AF7
:10BE100000231E4A20EE270A394601932846009641
:10BE2000BCEEC00A10EE103A9BB2FDF7B7FFE36C10
:10BE30009BF80090DA07CAD524E70F4A144B126822
:10BE4000A3FB02134FF4FA715B0901FB1322F92AD9
:10BE5000AFD8791C0223012228460291EEF704FA9A
:10BE60000299A7E788530120D46C01200000C04448
:10BE70007871002000FF7F47A4F501208C5301203A
:10BE80004C3D0020943F002000000000F88F00206F
:10BE9000D34D6210400A01202046DFF83CA3FEF794
:10BEA0009FFF0121FEF770FF6369B0EE408A1870B2
:10BEB000236A0494CDF814A0002B00F07A8104F1D9
:10BEC0001800636A05AA04A99847B0EE480A2046FC
:10BED000FFF7A0FDBCE6FEF7C5FEDFEDB77AB74879
:10BEE00020EE270AFCEEC07A17EE90AACAF346218C
:10BEF0001FFA8AFAFDF74CFA38B123691B78242B14
:10BF000000F03B81402B00F0468153465A463946AB
:10BF1000CDE900602846FDF741FF9BF80030252B56
:10BF20007FF416AFB9F1000F3FF412AFA5F10B008B
:10BF3000B91C09231722CDE90201EEF7A5F9172252
:10BF40000923DDE90201EEF77FF9E36C9FED9C7AAE
:10BF5000204603F04003DFED9B7ADFED9B5A002B78
:10BF60009FED9A6A47FE255A07FE866AFEF738FF5C
:10BF7000DFED917AB6EE007A954820EE270AFCEEC6
:10BF8000C07A17EE903A9BB207EE903AF8EEE77A55
:10BF900067EEA57AFDEEE77AF8EEE77AE6EE477A05
:10BFA000FDEEE77A17EE904A17EE901AFDF7F0F9DA
:10BFB0000246002C00F0F8801046029224F02EFA7F
:10BFC0000A35C0EB8073029A391DC0EB8300002351
:10BFD000284407B0BDEC028BBDE8F04FEEF7DAB9AC
:10BFE000284609230E223946EEF73EF90220EEF7E5
:10BFF000F7F8B8F1000F7FF420AFDAE60BF101019A
:10C000000846029124F00AFA3F2D00EB80000299C5
:10C010003DDDC0F170054FF0710B4FF07009A7F1D5
:10C02000060A6C48FDF7B4F900230246514628463B
:10C03000EEF7B0F9236A83B3674D04F11800636A21
:10C0400005AA04A90494059598474EB9B8F1000FC4
:10C0500001D0624B1B68584600232A465146ACE685
:10C060004846F91F07231022EEF7FEF80220EEF7EC
:10C07000B7F8EBE75A4BDFF860B193E80300AAF892
:10C080000410090CCAF800008AF80610E7E5083D1C
:10C0900000EB050909F1010BC1E7E36C2046DD0760
:10C0A0000DD56368FF2B0ADC4146FEF76DFE0146A5
:10C0B0004C48FDF76DF90546002EC7D0D0E7FEF7D6
:10C0C0008FFEB8F1000F55D1DFED477A30EE270A29
:10C0D0004448F0EE407AFEEEEC7A17EE901AFDF747
:10C0E00057F90546002EB1D0BAE703237A1F691F1E
:10C0F0003E48009312B209B2EDF7A6F931463B482B
:10C10000ECF786FD394829B205233AB2ECF736FF41
:10C1100001213648ECF77CFD86E5FEF735FE07EE9B
:10C12000900A9FED337AF8EEE77A87EE870ABDE54D
:10C130002046FEF755FEDFED207A0023284620EE4C
:10C14000270A2C4A0193394600960B3DFCEEC07A33
:10C1500017EE903A9BB2FDF721FE9BF80090E36C3E
:10C160008DE54FEA5A211548FDF712F9C4E694ED22
:10C17000037A35E6D4ED037AA8E741462046FEF778
:10C1800003FE802805D0A0F180011148FDF700F9D9
:10C19000BBE61948B9E641462046FEF7F5FD0146E3
:10C1A0000648FDF7F5F8B0E61348FDF7F1F802464A
:10C1B00002E712F0B9F900BF00FF7F477871002055
:10C1C0008000003B00000043FAC0F93C00C0F94485
:10C1D000A43F00204C3D0020400A0120A4F501208E
:10C1E000702E00209C3F002000000000D46C012035
:10C1F0000000C0442CBC00202C7100202DE9F0412F
:10C200000E461169144686B00A7805463E2A73D058
:10C21000774B1B68A34250D0A36C002B55D0236AE8
:10C22000002B00F0A28067690121204697F800806A
:10C23000FEF7AAFD387002AF236ACDE90047002B54
:10C2400000F0D480636A01AA694604F11800984797
:10C25000636983F800804FF00108E36C1B0644D447
:10C260002269053513785BB9B8F1000F1DD10023A1
:10C270003A4631462846EEF78DF806B0BDE8F08123
:10C28000002331462846EEF785F8206924F0C6F8E9
:10C29000002300EB8000574A31462844C51C013872
:10C2A000EEF778F8B8F1000FE1D0022328463146C6
:10C2B00003351A46EDF7D8FFD9E74F4B4F4A1B68B5
:10C2C000126803F57A739342A6D9236A4BB302AF7F
:10C2D000636A01AA694604F118004FF00008CDE92D
:10C2E00000479847E36C1B06BAD50023444A314601
:10C2F000681CEEF74FF8B3E7E26C10060CD401317E
:10C300004048FDF745F8024600233146284606B06E
:10C31000BDE8F041EEF73EB83B48FDF739F802467C
:10C32000F2E7E26C12F0010241D1636990469FEDA1
:10C33000377AD3ED007A37EE277AD4ED007AB4EE6F
:10C34000E77AF1EE10FA07D4D4ED017AB4EEE77A89
:10C35000F1EE10FA77FE877AB7EEE77A2C4853ECC5
:10C36000172BFDF715F8074677E7E36CDA0707D4D4
:10C3700063694FF0010894ED037AD3ED007ADAE7B0
:10C380004FF001082368002B23DB636841462046F9
:10C390007F2B04DDFF2B0CDDB3F5803F11DBFEF7B7
:10C3A000F3FC01461B48FCF7F3FF074655E79846A8
:10C3B000E8E7FEF7E9FC41101648FCF7E9FF0746FD
:10C3C0004BE7FEF7E1FC41121248FCF7E1FF07469C
:10C3D00043E76369196821B90F48FCF7D9FF07469D
:10C3E0003BE70E48FCF7D4FF074636E712F09CF80F
:10C3F00088530120F09B00208C530120A4F50120DC
:10C400002CBC0020B07100204C3D0020000000003A
:10C41000A83F00207871002030760020A43F002043
:10C420002DE9F04FBE4B8DB0D0F8546207461C7812
:10C43000029196B103460121D3F890221846503359
:10C440000E4622F08002D0F8A4020131C3F8402247
:10C450000028F1D10A2E00F34381B24D15F91430B2
:10C46000B34209DA03EB830307EB0313D3F8543227
:10C470001978002900F0438105EB440898F9011070
:10C48000B14245DB8A0015F914300A44042E03EB4F
:10C49000830307EB021207EB0313D3F8901241F06A
:10C4A0008001C3F89012D2F8903243F08003C2F8B2
:10C4B000903200F31081032E4FF01409B4BF4FF0F7
:10C4C00022084FF01608062EB24607F511744FF0F9
:10C4D0000005A8BF4FF0060A0BE03B682246082083
:10C4E000D3F810B0904B9B4524D1FFF751FB023598
:10C4F000A03455454FEA650122DA236909FB018121
:10C500001B785F2BE9D1E36C41461B06EFD5E4E7CE
:10C5100001EB81038A0007EB0313D3F854321B7835
:10C52000002BB0D17E4B01211878FEF7F1F898F975
:10C530000110A7E70A46234608213846D847D6E720
:10C54000062E00F38680012E19DD07F5257B0124D8
:10C55000DFF8D4A1DBF8103061101B7809FB0181F2
:10C560005F2B66D03B681D6955456CD15A46482003
:10C57000FFF70EFB02340BF1A00BB442EADB002103
:10C580006A48ECF745FB0022092180236748644D87
:10C5900000911146ECF758FF01216448ECF738FB95
:10C5A0002878EEF7EDFF0446F0F72CF8036821B287
:10C5B00000225E4801EB410103EB01134FF0FF3114
:10C5C0000833EDF749FA8023082200215748ECF799
:10C5D00053FE2A7803216E20EAF7E2FD029B1BB18D
:10C5E0001B78002B40F08680514BD3ED007AF5EE9E
:10C5F000C07AF1EE10FA15DD494B4E481A784E4BD1
:10C6000003EB8203D3ED006A86EEA77AB7EEC77A12
:10C6100053EC172BFCF7BCFE0023024635216020AB
:10C62000EDF7B8FE3E4B18780DB0BDE8F04FFDF7C2
:10C63000A5BFDBF84C30414613F0800F9AD03B6821
:10C640001D69554592D00A465B4648213846A847A1
:10C6500090E70A2E74D0DFF8E4E0092E0DF1100CFB
:10C6600003AC0BBF4FF0060A4FF0070A052504255F
:10C67000CDF80CA00DF12C0BA9EB0505B24607F582
:10C680002579BEE80F00ACE80F009EE80F008CE8AB
:10C690000F000DE03968244B0E699E423AD14146A5
:10C6A0004820FFF775FAA345A8443FF468AF039DFF
:10C6B00054F8042F02EB8201524507EB0111BFF63B
:10C6C0005EAF012A4A46E5D001F51172432041468A
:10C6D000FFF794FDE7E74FF010094FF01208F2E67C
:10C6E000104B314607F5117013F914202923FEF77A
:10C6F000C3FB44E700210298FCF72EFB74E705EB2F
:10C7000044082046FEF704F898F90110B142FFF6FC
:10C71000FFAEB7E64B46424648213846B047C2E72F
:10C7200005FC0120C0CE0020D5540000D46C0120AF
:10C73000D0CF00208C3F00206C190120DC2B002082
:10C74000DFF840C004AEA8F1070403AD08F13108DA
:10C75000BCE80F000FC69CE80F0086E80F0055F8F4
:10C76000043F03EB8302092B07EB02123FF707AFED
:10C770002146073402F511724320FFF73FFD44457F
:10C78000EDD1FCE6DC2B002038B5074B04460D4606
:10C790001878EFF72DFB844200D038BD2946BDE85C
:10C7A0003840FFF73DBE00BF05FC012000B583B057
:10C7B0008DF80320826801913AB1C3680DF103023C
:10C7C00001A9984703B05DF804FB11F0ADFE00BF6E
:10C7D00049B33E4A2DE9F84306460D46DFF8F4E03A
:10C7E000D6F808C0D0E90001ACEB01030C1A9B108D
:10C7F000A71002FB03F302FB07F79D42AEEB070213
:10C8000012D80B46AC460022BCF1010C9A60C3E979
:10C81000002203F10C03F7D105EB450501EB85057B
:10C820007560BDE8F8837047AA424CD3BD42A84664
:10C8300038BFB84617EB080342D283BB98469946E7
:10C8400009EB040300222C46013C9A60C3E9002254
:10C8500003F10C03F8D1814210D003464C461A680C
:10C860000C330C3444F80C2C53F8082C44F8082CE6
:10C8700053F8042C8B4244F8042CF0D118B1ACEBE3
:10C8800000010FF091FE2F44C6F80090C6F8088012
:10C8900007EB470709EB87077760BDE8F883734527
:10C8A00028BF734603EB43084FEA880840460FF061
:10C8B00077FED6F808C081468044D6E90001BFE77C
:10C8C000DFF81480F2E7024811F0FAFDABAAAAAA39
:10C8D000B0790020AAAAAA0AF8FFFF7F2DE9F84F35
:10C8E000D0E900890F4692466FF06041A9EB08023B
:10C8F000B1EBA20F54D093100646A7EB0805012B0D
:10C900001A4638BF01229C1848D2002C3CD1A346BD
:10C91000DAF80030002D4BF8053024DCA9EB0709CC
:10C920000435B9F1000F5D4413DC4D44B8F1000F3C
:10C9300004D1B460C6E900B5BDE8F88FB168A1EBD9
:10C94000080140460FF030FEB460C6E900B5BDE80E
:10C95000F88F284639464A464D440FF087FDB8F116
:10C96000000FE6D0EAE7A9EB07092A4641465846F8
:10C97000043521F0F3FAB9F1000F5D44E9DCB16848
:10C980004D44A1EB0801DCE78C4228BF0C46A40013
:10C9900020460FF005FE83460444B9E7024CF7E752
:10C9A000024811F08DFD00BFFCFFFF7F847900205D
:10C9B0002DE9F04FD0E9007983B00C466FF070415B
:10C9C0000192A9EB0702B1EBE20F49D0D310064662
:10C9D000A4EB070A012B1A4638BF01229D183DD24D
:10C9E00085BB4FF0080BA846019B08EB0A02BC422E
:10C9F00093E8030082E803000FD008F1080C3B46DF
:10CA000093E803000833A3420CE903000CF1080C7F
:10CA1000F6D10AF1080308EB030B4C4506D0A9EB4D
:10CA200004025846214693440FF020FD27B1B16817
:10CA30003846C91B0FF0B8FDB560C6E9008B03B0DE
:10CA4000BDE8F08F8D4228BF0D46ED0028460FF05F
:10CA5000A7FD8046054400F1080BC5E7024DF5E748
:10CA6000024811F02DFD00BFF8FFFF7F8479002000
:10CA70008B4A03462DE9F04F002495B01078894E7B
:10CA800005930894EEF77CFD8346242006940FF06E
:10CA900087FD06F1200C00F12407824605460E9022
:10CAA00010973446103510360FCC644545F8100CFD
:10CAB00045F80C1C45F8082C45F8043CF1D13068C9
:10CAC000286000250F971395CDE91155EFF79AFDD2
:10CAD0000390D0E900639E42029300F03284A7EBFA
:10CAE0000A03CDF810B0984605EB4501B8F1000FE8
:10CAF0004FEAA80406EB011101F1080B40F3838013
:10CB00004FF0000901E0A1457DDA5AF82900022220
:10CB1000594609F101091EF0F5F90028F3D10298F0
:10CB20000135614B821B121103FB02F23346954221
:10CB3000DAD35D4EDDF810B0DDE91125A91A8910B0
:10CB400006FB01F18C4200F25583C0F0E782984267
:10CB500000F0FD820022CDF810B0914609EB4902A9
:10CB60002F2103EB021303F1080B584622F060FA61
:10CB7000002856D0431C0293A7EB0A02002A4FEA72
:10CB8000A20832DDAAF10406002401E0A0452CDD54
:10CB90000222594656F8040F254601341EF0B2F918
:10CBA0000028F3D105EB4505119C029B04EB85059C
:10CBB000CDF830900D93D5E90132934234D00CA9D1
:10CBC00003F1080203C983E803006A60039A09F1CC
:10CBD0000109354913685268D21A121101FB02F299
:10CBE000914527D2DDE90EA7B8E7109ACDF830B00D
:10CBF000BA4200F0588247F804BB0F97A7EB0A0728
:10CC0000BD10013DCEE7109BCDF830B0BB4200F027
:10CC1000528247F804BB0F97A7EB0A084FEAA80413
:10CC20007DE7CDF808B0A7E7194628460CAAFFF71C
:10CC3000BFFECBE7DDE90EA7DDF810B0BA4500F086
:10CC40008A82129B4FF00008D146CDF808B00493B9
:10CC500009E009F104090F9FA9EB0A08B945C34689
:10CC60004FEAA80656D04FEAA806C34606EB46028E
:10CC700004EB820554F822006A688242E9D105F18A
:10CC80000C02049B9A422CD0991A074B8A10002957
:10CC900003FB02F225DD03941835144608E000BFBB
:10CCA00005FC0120102C0020ABAAAAAA55F8180CEC
:10CCB00055E9041345F8183C091A55F8083C45F89D
:10CCC000143C55F8043C45F8103C002345E9033377
:10CCD00045F8043C0C3508B10FF066FC013CE5D189
:10CCE000039C049BA3F10C0553F80C0C129520B186
:10CCF00053F8041C091A0FF057FC09F10401B9425A
:10CD000003D07A1A484621F029F9043F0495B94521
:10CD10000F97A8D1DFF84092CDF824B0D9F80030B1
:10CD2000DDF808B0002B00F08182824B0793824B24
:10CD30000693059B5B88B3F5807F00F01D82B3F5F9
:10CD4000007F00F0CC817D4B08937D4B03937D4B9E
:10CD500005937D48ECF796FD01217B48EBF758FFE2
:10CD6000002240237848114600938023ECF73EFBD5
:10CD700000220B237448114600938023ECF764FBD8
:10CD800000217148EBF744FF0222704B11466E48B8
:10CD9000ECF762FE069D079A95F9003092F90020A3
:10CDA00003EB43036A4854F8233013F83210FCF7BE
:10CDB000EFFA0222034631216348ECF74DFE0221CF
:10CDC0006148EBF725FF2E233B225F48194600926E
:10CDD0000022EBF769FF039895F9002090F90030E5
:10CDE000D91C8A4202DDD31E5BB203709A42C0F2A4
:10CDF00072810E250027DFF86491DFF84C813B44F7
:10CE000048460137B342B4BF5AF823105149FCF7E2
:10CE1000BFFA2F21029022F00BF984462AB2029B1E
:10CE2000032140464FF0000EBCF1000F01D08CF8FA
:10CE300000E00A35ECF710FE052FADB203D0039BDE
:10CE400093F90030DBE70598079A90F9003092F9E2
:10CE50000020D91C8A4202DDD31E5BB203709A42C5
:10CE6000C0F235810025DDE9058797F900205919C1
:10CE700002EB420304EB830054F82320436802EBE7
:10CE8000C100A3EB0209B1EBE90F4FEAE90380F01F
:10CE90000881426810460292002A00F0028123F0C5
:10CEA000BDFA0D2805EB850C4FF00003029A4FF0F8
:10CEB000310061464FEA41018C4601F10F0107D96B
:10CEC0000135EDF767FA052D0AD098F90030CCE767
:10CED00001350CF10E013120EDF752FA052DF4D198
:10CEE000069B93F9003003EB430304EB830254F8F1
:10CEF00023305268A2EB03094FEAE9030293099B2E
:10CF0000002B44DDB9F1280FA0464FF000070E4872
:10CF1000D4BF50234E23CDE90949069CDDF80C907F
:10CF20000B93D8E900239B1A002B4FEAE30127DD7E
:10CF3000002518E012FC012013FC0120800A0120CA
:10CF400015FC012014FC0120D46C0120F43D0020CC
:10CF5000FC3D0020183A0020B45701204C3D002031
:10CF600001358D420CDA12F835309B45F8D199F92C
:10CF70000030BB4240F3878094F90030BB426FD051
:10CF8000013708F10C08B742CBDBDDE90949079E00
:10CF90000B25029996F90000FCF7E8FD01219A485B
:10CFA000EBF736FE0A227F219748EBF739FE069B06
:10CFB000039A022193F9003092F9002092489B1ABB
:10CFC000009503EB83035A002B230C32ECF70EFA87
:10CFD000059A0095B9F1290F92F900204FF0300120
:10CFE00096F900308848A3EB020303EB83034FEA72
:10CFF0004302B4BF50234E230C32ECF7F7F9089BE1
:10D000001968012900F07E81022900F08081002941
:10D0100040F054817D4B1878FDF7B0FA049BA34291
:10D020000BD02546049E2B6818461BB1A968C91A67
:10D030000FF0BAFA0C35B542F5D124B11399204658
:10D04000091B0FF0B1FABAF1000F00F0D08010996F
:10D050005046A1EB0A0115B0BDE8F04F0FF0A4BA9D
:10D06000059B93F90030AB428ADCED1A0B2330218B
:10D0700005EB850500930B9B6A000C3212B2ECF7AE
:10D08000E3F961487CE7FB1A0B22022103EB8303DF
:10D0900000925A002B230C3212B2ECF7D5F95A4801
:10D0A0006AE702932BE739460CAA0EA8FFF716FC95
:10D0B000DDE90EA7A2E539460CAA0EA8FFF70EFC83
:10D0C000039BD3E90063DDE90EA70293A4E5059B6A
:10D0D0001A701346C6E6039B1A70134689E6059B31
:10D0E0001B88022B00F01881032B00F0F380042B27
:10D0F0007FF429AE464A059B11680892002900F08A
:10D100004381B3F904300B4411461360414A12784D
:10D11000002B40F06D8101230A460CE104EB44042E
:10D1200002EB8404A5423FF412AD2646336818464C
:10D130001BB1B168C91A0FF037FA0C36B542F5D1F8
:10D14000039B1294D3E9003098427FF403ADBA45B3
:10D15000119C7FF476AD304B1E68129B049306B190
:10D1600000262E4B099607932D4B0693059B5B8853
:10D17000B3F5807F7FF4E3AD059B1B88042B7FF420
:10D18000E2AD0699059B9A880B781344204A5BB25E
:10D1900008920B701146002293420A60C0F213817C
:10D1A000B342C0F2E780721E52B202EB4203114654
:10D1B00004EB830306988E42027000F3DF80194A65
:10D1C00003920798D3E9003290F90010D31AB1EB1B
:10D1D000E30F4FEAE30201DB013A0270182B124B16
:10D1E00000F3EF801A46059300231370B1E515B0E4
:10D1F000BDE8F08F611A11A8FFF7EAFA039BDDE999
:10D200000EA7D3E90030A2E4D46C012005FC012074
:10D21000800A012054D90020B457012012FC0120BB
:10D2200013FC012015FC012014FC0120B8F1000FB3
:10D230007FF77BAD02969C4625461F46089E0394C9
:10D24000CDF828A0DDE906E8D5E900031B1A002B7C
:10D250004FEAE30115DD00237CB200F1040A10F867
:10D26000332093450AD199424FFA83FE26464FF068
:10D27000010C8CBF5AF833804FF0000801338B4209
:10D28000EDDB0137029B0C359F42DDDB039CDDF8B3
:10D2900028A0CDF818E0CDE90786029EBCF1000F6A
:10D2A0003FF443AD079B069AC9F80030584B1A70FB
:10D2B0000793089A574B06931A703AE50239564875
:10D2C000FCF766F80378002B3FF4A4AE5349FBF754
:10D2D00043FD9FE6524A11680892002947D002296F
:10D2E00074D9504B03391878EFF758FE4E4B012292
:10D2F0001A60059BDA884D4B1A804D4B03934D4BBA
:10D30000059326E545494C48FBF726FD82E643494F
:10D310004A48FBF721FD7DE6414B1A680893022A33
:10D3200011D9404BD11E1878EFF738FE3E4B012241
:10D330001A600023089A13603D4B03933D4B0593FD
:10D3400007E5092157E7069B003A079993F9003052
:10D3500018BF012291F9001003EB430354F8233066
:10D3600013F831102F4B1878EEF714F9DEE701238C
:10D370001360BEE703EB430304EB83032C4A11461F
:10D38000039200220A701CE79888079F069B93F976
:10D3900000203B7802EB4202034404EB820554F880
:10D3A00022005BB26A68002B2CDB121AD110B3EB9F
:10D3B000E20F079AA8BF01F1FF3313701C4B0393D0
:10D3C0001C4B0593C5E423461146F3E6069B079ADA
:10D3D00093F9003092F9002003EB430354F8233013
:10D3E00013F8321001220F4B1878EEF7D3F87DE7CF
:10D3F00002329342E2D9089B1A600D4B03930D4B06
:10D400000593A6E40A4B397003930A4B0593A0E4F5
:10D4100012FC012013FC0120443E00200C3E0020A1
:10D42000800A012005FC0120C8CD0020E2FB01207C
:10D4300015FC012014FC01201C3E0020303E002081
:10D440002DE9F04FB04D8DB0DFF8F88295F800A0CF
:10D45000EFF7FCFC2878EEF7CBFC98F80030002BB7
:10D4600040F02B8104462E78A84F17F9163003EBB5
:10D47000830304EB0313D3F89032DB0500F118812A
:10D4800007EB460393F9013003EB830304EB03132B
:10D49000D3F890227300D005029300F10481DFF8E5
:10D4A000A892D9F80020002A79D0994B1968C907A9
:10D4B00040F1F0809748DFF894C20168DCF8003052
:10D4C0005B1A0C2B11D9DCF800305B1A9249A1FBD6
:10D4D0000313D908B2EBD30F8CBF511A02F1FF31FD
:10D4E000DCF80020C9F8001002608C4D40228C4E00
:10D4F00000202946F7F7BCFE33680446834200F05B
:10D50000E0808848ECF7BEF9012186483460EBF7EB
:10D510007FFB2B782E2B00F01F810A21284621F05B
:10D5200087FD0446002800F0308100232846237040
:10D5300022F074FF024629467A4892B2ECF70CF9C1
:10D54000D0F180014FF018022B4648BF01317548D9
:10D5500041F34F01ECF780FA0A2304F8013B20461F
:10D5600022F05CFF024621466E4892B2ECF7F4F8D6
:10D57000D0F1800123464FF0200248BF01316948B5
:10D5800041F34F01ECF768FA674B00206749D3F885
:10D5900080200880C3F884200DB0BDE8F08F624978
:10D5A0005E480270D1F88400D1F88030C01A5C4B1C
:10D5B0001A60030731D1E2685006EDD55C48036874
:10D5C000002BE9D05B4A1268012AE5D1DFF87CC163
:10D5D000DCF80020DFF878C1DCF800C0A2EB0C0218
:10D5E0000A2AD9D99C46D1F88020D1F88430013A52
:10D5F000D21A1207F7D063465A1C0023026001209A
:10D60000D1F8842021F83200101801EBC20200F09A
:10D610000F0053605380C1F88400D1F8802008AB1C
:10D62000DFF830B101EBC200013202F00F02C1F8A5
:10D630008020DBF8002003C8002A83E8030058DBC1
:10D640003A4B1A88002A51D0BDF82090B9F1020F48
:10D6500000F08F82B9F1010F354800F0F88041F2F7
:10D6600070720260334B1A680493062A00F0A88097
:10D67000314A1268B2F5FA6F40F29D802F4A128843
:10D68000012A40F09880049900230A60274903602A
:10D690000A8081E7DFF8B4C001241E48DCF80010DE
:10D6A0001C6001600AE701212878FDF731F8F6E6F1
:10D6B00000213046FDF72CF8E2E6EBF71BF90446B3
:10D6C000D1E62B782E2B7FF467AF6B782E2B7FF46F
:10D6D00063AFD9F8003006242A220021C3F1800369
:10D6E000104800941BB2EBF7AFFE55E7BDF8209051
:10D6F000B0E713488268002AA2D0C26808A9904700
:10D7000000289DD048E700BF05FC0120C0CE0020C6
:10D7100074040120A8590120ABAAAAAAE00901209B
:10D72000200A0120D46C0120EC080120E2FB01203A
:10D73000C0CF0020C8CD0020B8090120DEFB0120A9
:10D74000A80901200EFC0120840A0120A4F5012073
:10D75000DC090120BCCE00206B782E2B7FF4DDAEDF
:10D76000062480232A220021634802350094EBF727
:10D770003DFED9F800302A220021C3F180035E4823
:10D7800000941BB2EBF760FEC7E6284622F046FE87
:10D7900002462946584892B2EBF7DEFFD0F18001ED
:10D7A0002B464FF0200248BF0131534841F34F014F
:10D7B000ECF752F9E8E6DBF80020002AC0F2878196
:10D7C0004E4B0393BDF8260040F20112DFF858C11A
:10D7D000904262D04A4B4B4ADCF80010049311602F
:10D7E0001A68039B062A5344059370D0464B198848
:10D7F000002975D1DFF834818C46BDF82090434B69
:10D8000008F1C00206E008F10C08424500F09080E3
:10D81000BDF8260038F8081C022908BFBDF8220010
:10D820004945F0D158F8041C8142ECD1196839B946
:10D8300058F80C0CFCF726F8BDF82090334B344A0E
:10D84000B9F1030F00F08E814FF0010CDBE70268A5
:10D85000F2B92B4B1A68062A0AD02E4A116842F2F6
:10D860001072914204D92C4A1288012A00F00082D9
:10D8700023682A4A5B6A934240F02D82284B19683C
:10D88000002900F03C820B6808461B68984783E635
:10D89000013A0260002A93D0E4E62249DCF8002035
:10D8A0000B68D21AB2F57A7F94D9DCF80030164AA8
:10D8B0000B60194B03991B881380FF2298F80030E6
:10D8C00001F80A2083F0010388F8003064E6BDF80F
:10D8D0002030032B00F03C8108A801F057FF5BE6E5
:10D8E000BDF82090B9F1030F49462FD0022A35D157
:10D8F00008A8FFF7BDF84FE6D46C0120C8CE002081
:10D90000C8CD0020DC090120E2FB01204C220120CF
:10D91000C8CE0020B8090120DEFB0120E154000040
:10D9200010190120A4590120A4F5012008CE0020DF
:10D93000BCF1000F7FF430AE049BB9F1030F4946F0
:10D940001A6840F00881062A00F00081012A00F0E0
:10D950002F81049B1A68022ACAD00321042A00F0EE
:10D960002381052A00F07581BDF82200B0F5807F83
:10D97000844600F00581B0F5007F00F00181049B32
:10D980001B68032B00F06981BDF82090B9F1010FED
:10D990007FF402AE0020E8F7B9FBBD4B4FF4806284
:10D9A00000210646186820F075FB4946B948EBF798
:10D9B0002FF92368B84A1B6A934240F01D822878E9
:10D9C000EEF716FA844202D10021FEF729FD039BEF
:10D9D00013F90A20002A0CDB08AB93E803000AAB1A
:10D9E00083E80300184601232978ADF82830FCF7B6
:10D9F0003DFBDBF80030002B65DB0025002404F044
:10DA00000100214601342844ECF706FC402CF6D1F5
:10DA10000235802DF2D1ECF7D9FB18239F4A132150
:10DA20000620DBF8005000921A46ECF799FC1E2302
:10DA3000102103201A46ECF707FC012D00F0CF81DE
:10DA40001823974A1321252000921A46DBF800403C
:10DA5000ECF786FC1E23102122201A46ECF7F4FB7B
:10DA6000022C00F0AF8118238E4A1321442000922B
:10DA70001A46DBF80040ECF773FC1E23102141200E
:10DA80001A46ECF7E1FB032C00F08F811823864A3D
:10DA90001321632000921A46DBF80040ECF760FC8B
:10DAA0001E23102160201A46ECF7CEFB042C00F058
:10DAB0006F81DBF80030002B40F36681042B02DD20
:10DAC0000123CBF800303046E8F720FB64E5049BE7
:10DAD000B9F1010F1968754BA1F101010393B1FA76
:10DAE00081F14FEA511108BF002100293FF46AAECD
:10DAF00013F90AC0BCF1000F1BDBD4F854225AB151
:10DB000021460022D1F8A43250310132002BF9D144
:10DB1000092ACCBF00210121BCF1050F40F3DE80B2
:10DB2000002900F0DB80BDF82220B2F5807F3FF4B1
:10DB300049AE22685E49926A8A423FF443AE08A920
:10DB40002046904700287FF427AD3BE6BDF826002D
:10DB5000584B188020E5022A3FF4CAAE062A7FF40B
:10DB6000FDAEB9E6BDF826104FF0010C514801801A
:10DB700049E6BDF8223022EA03024E4B1A800BE53B
:10DB8000032A00F0B880022900F0988004297FF46D
:10DB9000FDAEDBF80020002AC0F24381BDF924303D
:10DBA0001344CBF80030F1E608A8FDF7A3FCF3E43A
:10DBB000BDF8261011F4407F56D031F4407153D196
:10DBC000BDF82200B0F5807F00F01981029BF818A3
:10DBD00090F901C0502000FB0C40D0F8843200F5D1
:10DBE0001F70002B00F06B810CEB8C0C0A918DF8F0
:10DBF0001F200AA904EB0C1C0DF11F02DCF888821F
:10DC0000C04700287FF4C8AC039B13F90A20002A00
:10DC100080F25B81BDF82220B2F5807F00F0668142
:10DC2000029B204605993B4493F90120FCF712FD25
:10DC3000039B13F90A3003EB830304EB0313D3F8BC
:10DC40005432002B00F04881BDF82630194A138069
:10DC5000A2E408A802F0D8FA9EE408A8FDF7D6FAD4
:10DC60002878FCF78BFC97E4049B03211A687BE679
:10DC7000104A0625104941F27074A2F80090D1F8BC
:10DC8000B8201D6042F000520460C1F8B82083E45F
:10DC9000880E0120D46C0120CD54000088D00020D3
:10DCA00040D00020D0D00020F8CF0020C8CE0020E7
:10DCB000C9540000E2FB012080190120DBF800209C
:10DCC000002A23DB9E4B1B68002B7FF45FAE0820ED
:10DCD000FBF7D8FD53E6204698475DE41CF0010FA2
:10DCE00002D0092A7FF71FAFBDF82220B2F5007FCE
:10DCF0007FF41FAF66E508A8FDF788FA4CE4914B66
:10DD00004FF48062186820F0C5F945E4039B297838
:10DD100013F90A20002A07DB08A8FCF7A7F9002856
:10DD20007FF42DAEBDF822C0BCF5807F00F0E88006
:10DD3000029B3B4493F90100502303FB0040D0F8C1
:10DD4000843200F51F7033B100221146FEF72EFD1C
:10DD500000287FF421ACD4F8543253B1224600237A
:10DD6000D2F8A412503201330029F9D10A2B3FF71F
:10DD700006AEBDF822302878B3F5807F0CBF0021B5
:10DD80000121FCF7C5FCFAE50423CBF800309AE644
:10DD90001C23112161201A46ECF794FA01236A4AE8
:10DDA00033214020ECF71CFB83E61C231121422089
:10DDB0001A46ECF787FA0123644A33214020ECF736
:10DDC0000FFB63E61C23112123201A46ECF77AFA95
:10DDD00001235F4A33214020ECF702FB43E61C237A
:10DDE000112104201A46ECF76DFA2B46594A2046B9
:10DDF0003321ECF7F5FA23E620469847E7E517F9D3
:10DE000016004FF0500C0CFB0040D0F8843200F5A7
:10DE10001F70002B65D0FEF7C9FC00287FF4BCAB57
:10DE2000F2E6039B297813F90A20002A07DB08A8E9
:10DE3000FCF71CF900287FF4A2ADBDF82200BDF864
:10DE40002620824201D1444B1880D4F8541271B379
:10DE5000A4464FF0000EDCF8A43271460CF1500CD1
:10DE60000EF1010E002BF6D1BEF10A0F1FDDB0F549
:10DE7000807F17F916C046D00CEB8C06BDF9241034
:10DE800004EB0616D6F85432002B3FF478ADD6F8E2
:10DE90005832002B3FF473AD131A5A425A415023A3
:10DEA00003FB0C4000F51170FBF71CF967E5B0F5BA
:10DEB000807F22D0029B3B4493F901C0DCE7039BA7
:10DEC00013F90A20002AFFF6ABAE297808A8FCF760
:10DED000CDF800287FF4B8AEFF23039A02F80A3089
:10DEE000B2E6039B13F90A20002AEEDA17F916208E
:10DEF00020460599FCF7AEFB9AE617F916C0BBE77A
:10DF000017F9160018E7BDF9242012EB0C0214D4FF
:10DF10009645C8BF1146039B4AB213F90A00029BFB
:10DF2000002807F816203B445A70FFF635AB0599D8
:10DF30002046FCF78FFBFFF72FBB1946EBE700BF2E
:10DF40004C220120880E0120003F0020EC3E0020E2
:10DF5000E03E0020CC3E0020E2FB012004480023EC
:10DF6000044A0549C0E90033C0E9023310F06ABA37
:10DF7000A809012030D10020F56501000B460221DF
:10DF800010B50446184623700EF0B4F8204610BDB4
:10DF90000378064A190102EB03135258DB689268B2
:10DFA0001A4214BF01200020704700BF5C9300207C
:10DFB000704700BF004870472C54012070B40E4DCC
:10DFC000D5F88040D5F8846004F1FF3CACEB060C3A
:10DFD0001CF00F0FF4D0D5F88440661C25F83400EF
:10DFE00005EBC40006F00F064180C5F8846082800E
:10DFF000C38070BC704700BFEC080120A0F1300363
:10E0000010B54F2B5FD8DFE813F01301CD00C1002E
:10E010005E005E005E005E005E005E005E005E0010
:10E020005E005E005E005E005E005E005E00B500A9
:10E030005E00A9005E009D005E005E0099008B00FE
:10E040007D00DC00F2005E005E005E005E003801D4
:10E0500034015E005E005E005E00280150006E002C
:10E060005E005E005E005E005E005E005E002401F9
:10E07000D900E0005E005E005E005E005E008B0086
:10E080007D000F015E005E005E005E005E000B0121
:10E090005E005E00FF005E005E005E0057007500DF
:10E0A0005E005E00E6005E0021014FF480730022F6
:10E0B00003201946FFF782FF00234FF480710220EE
:10E0C0001A46FFF77BFF6F4A01240020D2F8843004
:10E0D00042F8334002EBC3012344486003F00F03CE
:10E0E000C2F8843010BD4FF400730022032019469B
:10E0F000FFF764FF00234FF4007102201A46FFF778
:10E100005DFFE0E76B284FF000034FF400714FF024
:10E1100004000CBF4FF0FF320122FFF74FFFD2E7A0
:10E120006A284FF000034FF480714FF004000CBFD9
:10E130004FF0FF320122FFF741FFC4E70720FCF751
:10E1400081FAC0E7504AD2F8B83083F01003C2F821
:10E15000B830EEF741F8E8F7B7F8B4E74A4AD2F832
:10E16000B83083F04003C2F8B830EEF735F8E8F77E
:10E17000ABF8A8E7444AD2F8B83083F02003C2F8DD
:10E18000B830EEF729F8E8F79FF89CE73E4AD2F856
:10E19000B83083F48073C2F8B830EEF71DF8E8F7B2
:10E1A00093F890E7384AD2F8B83083F08003C2F889
:10E1B000B830EEF711F8E8F787F884E700231B7012
:10E1C000FFDE0220FCF73EFA7DE7304A137883F049
:10E1D0000103137077E72C4AD2F8B83023F40073A8
:10E1E000C2F8B830EDF7F8FFE8F76EF86BE7284BA8
:10E1F000012200241A702046EDF7BAF9631C042BA3
:10E200001C468372F7D15EE71F4AD2F8B83083F01C
:10E210008053C2F8B830EDF7DFFFE8F755F852E762
:10E220000C20FCF70FFA4EE70B20FCF70BFA4AE73D
:10E23000154AD2F8B83023F0804383F00053C2F877
:10E24000B830EDF7C9FFE8F73FF83CE7E8F73CF8EE
:10E2500039E7104B00221A6010BD0B4AD2F8B830D3
:10E2600043F08043C2F8B830EDF7B6FFE8F72CF87A
:10E2700029E70920FCF7E6F925E70320FCF7E2F996
:10E2800021E700BFEC080120801901200EFC0120CD
:10E290000FFC0120C0CF0020054B0649D3F8B83051
:10E2A000054AC3F3400003F00103C870D370704700
:10E2B0008019012074090120840901202DE9F04F03
:10E2C0008146BD489046D0F8B8002DED028B8FB046
:10E2D00008EE101A19469DF87C409DF870309DF8A4
:10E2E00074509DF8787005930694C4069DF88030AC
:10E2F0009DF8686007939DF86C20219B089509970D
:10E300000BD5084606991446059A09910799059474
:10E31000089131460646CDE906754FF0000AA74838
:10E32000A74F4FF4FA7CA0F800A04FF0010BA548CE
:10E33000A54CC0F800A0A548A54DC0F800C00DA888
:10E34000C7F800B0C4F884A0A5F800A0C4F880A065
:10E35000CDE90A23FFF712FE9DF834003146FF266F
:10E36000387102207E71B8600DA8FFF707FE0A9A87
:10E370007E730DA811469DF834203A734FF48072D5
:10E380003A61FFF7FBFD9DF834207E750DA83A75C4
:10E390004FF400720599BA61FFF7F0FD9DF8342043
:10E3A0007E770DA83A770899FFF7E8FD894E9DF82A
:10E3B00034200DA809993270FFF7E0FD9DF8342054
:10E3C0000DA8069972704FF6FF72A6F802A0B281EE
:10E3D000814FC6E901AAFFF7D1FD9DF834C0079926
:10E3E0000DA887F800C0FFF7C9FD4FF6FF72594628
:10E3F00018EE100AA7F802A0BA819DF83420C7E9E8
:10E4000001AA7A700DF076FE594648460DF072FE6C
:10E41000594640460DF06EFE0B9BDA7C002A31D047
:10E4200072B6DA7CD00708D54FF0E02C5869DCF8DA
:10E43000801101409962CCF88011910708D54FF006
:10E44000E02C9869DCF884110140D962CCF8841181
:10E45000500708D54FF0E02CD869DCF8881101404E
:10E460001963CCF88811110708D54FF0E02C186A11
:10E47000DCF88C1101405963CCF88C11D20600F104
:10E48000918062B655489A68824200F0FC80544AF6
:10E49000986092695349C2F3011EC2F38262DFF8A9
:10E4A00050C151F82E100132B1FBF2F161456BD829
:10E4B0000021D9601A684FF0000A03204FF0010BC9
:10E4C000C2F810A0506240461164072105931166FE
:10E4D0005146C2F810B00DF0D1FD374B484618EE4A
:10E4E000101AD3F8B8C04246059BCCF3401ECDF8B5
:10E4F00008E0CCF3001ECCF3002CCDF804E0CDF8FE
:10E5000000C0E7F7A9FDE9F71DFE059B814600283D
:10E5100070D050460593E7F741FC594640460DF050
:10E52000ADFD059BDA7C002A72D1E5F7CFF8D4F86F
:10E530008030C4F884302B88C3B9D4F88430D4F840
:10E5400080209B1A180711D1E5F7C0F8D4F8803065
:10E55000C4F88430F0F7F8FD0028FBD1012002F068
:10E5600083F80028F6D12B88002BE6D0124BD3F885
:10E57000B830C3F3400203F00103FA70F3700FB038
:10E58000BDEC028BBDE8F08F174AA2FB01C2D20C92
:10E59000B1FBF2F1814288BF0132B2F5817F77D3BE
:10E5A000124986E74FF0E021586AD1F890210240E5
:10E5B0009A63C1F8902164E780190120E0FB0120F3
:10E5C000BC090120B8090120EC08012094090120B0
:10E5D000DEFB0120840901207409012080841E00D3
:10E5E00000C00F40C081002083DE1B43FF7F7F00FF
:10E5F0007F841E000146F6F76BFD4846E7F7CEFB29
:10E60000594640460DF03AFD059BDA7C002A3CD085
:10E61000D00704D5996A4FF0E020C0F800119107A7
:10E6200004D5D96A4FF0E020C0F80411500704D592
:10E63000196B4FF0E020C0F80811110704D5596B91
:10E640004FF0E020C0F80C11D20604D59A6B4FF0C1
:10E65000E023C3F81021E5F739F8B9F1000F7FF492
:10E6600066AF104BD3F8B830990003D42A88D2078C
:10E670007FF57FAFFBF76AFA0FB0BDEC028BBDE808
:10E68000F04FEDF71DB8D96814E7E5F71FF8E8E794
:10E69000022A7FF60DAF023A5008010441EA002138
:10E6A000114306E78019012010B50A4B00240A48DF
:10E6B0000A4A0B4904601C711C731C751C770FF00F
:10E6C000C1FE0848054A04600549BDE810400FF046
:10E6D000B9BE00BFBC0901208409012030D100204F
:10E6E000D5B40100740901200B6802685B691B78CE
:10E6F000803B1371704700BF0B6802685B691B7831
:10E70000803B5374704700BF134602490268186883
:10E710001CF024BDA87800200B68022012685B69F9
:10E720001978ECF7D5BF00BF1068FCF731B900BF0E
:10E73000012A02D022B100207047016000207047FA
:10E7400002600020704700BF012A02D022B10020E1
:10E75000704701600020704702600020704700BFD2
:10E76000012A02D022B100207047016000207047CA
:10E7700002600020704700BF012A02D022B10020B1
:10E78000704701600020704702600020704700BFA2
:10E79000012A02D022B1002070470160002070479A
:10E7A00002600020704700BF012A02D022B1002081
:10E7B000704701600020704702600020704700BF72
:10E7C000012A02D022B1002070470160002070476A
:10E7D00002600020704700BF30B5046885B015683E
:10E7E0002269636802EB8202D4E9020101EB810134
:10E7F00000EB0110D0F88C1201EB02121249906963
:10E800002268009028461CF0A9FCA168D4E90323E3
:10E8100002EB820203EB830301EB02111B01D1F82F
:10E820008C1203F120020A44946854B10544C818BC
:10E830000833C46A10460B4403AA02A90395029345
:10E84000A04705B030BD00BF4079002003681268C2
:10E85000197819B9034B1B881380704701390020C0
:10E86000ECF736BF3C7300200B6812685B691978BF
:10E8700019B9044B1B881380704701390020ECF74D
:10E8800027BF00BF3C7300200B6812685B691978D2
:10E8900019B9044B1B881380704701390120ECF72C
:10E8A00017BF00BF3C730020096810684A69034B1A
:10E8B000127853F832101FF001BF00BF441A012034
:10E8C000096810684A69034B127853F822101FF048
:10E8D000F5BE00BFCCCD00200B6812685B691978CB
:10E8E00019B9044B1B881380704701390120E8F7E0
:10E8F000DDB800BF3C730020012A02D10160002076
:10E900007047022A05D0032AF9D0002AF7D1026005
:10E91000F5E70B680360F2E7012A70B5044603D1FE
:10E920000B680360002070BD022A0CD0032A03D0BC
:10E93000002AF7D10260F5E700680028F2D0142120
:10E940000DF032FEEEE70D6814200DF029FE0646AC
:10E95000AC460546BCE80F000FC5DCF80030266069
:10E960002B60DFE7012A02D1016000207047022AF4
:10E9700005D0032AF9D0002AF7D10260F5E70B6829
:10E980000360F2E7012A02D1016000207047022AE9
:10E9900005D0032AF9D0002AF7D10260F5E70B6809
:10E9A0000360F2E7012A02D1016000207047022AC9
:10E9B00005D0032AF9D0002AF7D10260F5E70B68E9
:10E9C0000360F2E7012A02D1016000207047022AA9
:10E9D00005D0032AF9D0002AF7D10260F5E70B68C9
:10E9E0000360F2E7012A02D1016000207047022A89
:10E9F00005D0032AF9D0002AF7D10260F5E70B68A9
:10EA00000360F2E7012A02D1016000207047022A68
:10EA100005D0032AF9D0002AF7D10260F5E70B6888
:10EA20000360F2E70368106893F9112012B90349F3
:10EA30001CF094BB02491CF091BB00BF7871002010
:10EA4000A43F00200368106893F9042012B9034919
:10EA50001CF084BB02491CF081BB00BF7871002010
:10EA6000A43F00200368106893F90420183A02D1EB
:10EA700002491CF073BB02491CF070BB7871002086
:10EA8000A43F00202DE9F043044687B00D46ECF783
:10EA90006FFD06462046EDF7ABF92C6800234FF0DA
:10EAA000000807460220236542466365A365624B62
:10EAB000C4F89C80236604F15403636604F1A00348
:10EAC0002B6096F80B904946ECF702FE431E324647
:10EAD0005A49DBB20DF1080CC4F8B0109945DFF8C3
:10EAE0006CE128BF9946FF2B02F80B9FC4F8A430B5
:10EAF0000CBF08230123C4F8B420C4F8A080C4F8D4
:10EB0000A8300123C4F8EC306C462B6803F11802DE
:10EB100092E80300CDE900888CE8030094E8030044
:10EB2000DFF82C8182E803001C6A5A6AC3F820804F
:10EB30000494C3F824E005921CB1032261466046A8
:10EB4000A047FB68DB0774D42B6831463C484FF084
:10EB5000080C03F150022A60727B18663846082AB6
:10EB600038BF0822F82A28BFF82201F80D2FF82212
:10EB700059662946C3E914C201229A65C3F89C204C
:10EB80002B68DA6C42F01002DA6410229A604FF4BB
:10EB900080523B68DB689847F37A022B2AD0052B1A
:10EBA00028D02B6803F150022649F8202A60327BD6
:10EBB00019660121082A38BF0822F82A28BFF8223E
:10EBC00006F80C2F08225E661A652A68C3F89C10A6
:10EBD0003C68C3E91501D36C1020294643F00803B3
:10EBE00090603846D3644FF40052E36807B0BDE844
:10EBF000F0431847FB689C05D3D52B68124803F1F6
:10EC000050022A603246B17B186602F80E1F0021BE
:10EC10005A66FF22C3E9141208229A650122C3F83A
:10EC20009C202B68DA6C42F00802DA6410229A60A9
:10EC3000B8E707B0BDE8F0839C3E0020B83E002056
:10EC4000C03E0020C43E00209C9B00203DBC010033
:10EC5000CDBC01002DE9F04186B00A680023D1F84F
:10EC6000208002AD026002930E4605930446C5E97A
:10EC700001334B6843608B688360CB68C3600B696A
:10EC800003614B694361B8F1000F7ED00222183155
:10EC90002846C047D6E9088295E8030004F1180326
:10ECA0006F4687E8030093E8030085E8030097E8D0
:10ECB000030083E80300236A616AC4F82080049398
:10ECC000626205911BB1032229462846984700231A
:10ECD000D6F830800293C5E901330593B8F1000FEF
:10ECE00057D0022206F128012846C047D6E90C82F7
:10ECF00095E8030004F1280387E8030093E8030084
:10ED000085E8030097E8030083E80300236B616B49
:10ED1000C4F830800493626305911BB10322294635
:10ED2000284698470023D6F840800293C5E901336E
:10ED30000593B8F1000F2AD0022206F138012846C7
:10ED4000C047D6E9108295E8030004F1380387E84C
:10ED5000030093E8030085E8030097E8030083E8D5
:10ED60000300236C616CC4F84080049362640591D5
:10ED70001BB103222946284698472046D6E912238C
:10ED8000C4E9122306B0BDE8F081424684E742465A
:10ED9000D9E74246ACE700BFC3682DE9F04F1546FE
:10EDA00003F0020283468946AA42D0F840722DED54
:10EDB000028B89B000F0E18203F00802AA4200F061
:10EDC0008E8203F01002AA4200F0A88003F0200314
:10EDD000AB4200F01883013540F07A824FF0000A10
:10EDE000D84601209FED478A5646CDF804B005E08D
:10EDF000013608F15008182E00F06A82D8F8543213
:10EE0000002B00F06582D8F88C32002BF0D0002463
:10EE1000009649E0D9F8000004EB840150300DF170
:10EE2000100A03EB0111C9F800000831FFF712FFC7
:10EE3000D9F800B0344B00211420CBF81030CDE9C4
:10EE40000411CDE906110DF0ABFB019B04610BF140
:10EE500018048360009B0490C3602C4A2C4BC0E9CB
:10EE600000659AE8030002AE86E8030094E8030018
:10EE70008AE8030096E8030084E80300DBF82040FA
:10EE8000DBF824100694CBF820200791CBF824302F
:10EE90001CB1032251465046A0470020062F3C4695
:10EEA00000F01B82D8F88C321A79002A00F0158203
:10EEB000671C07EB870103EB0111496811F4C06F70
:10EEC000ECD0D8F8546202EB82023178413939290A
:10EED0001049096888BF013651F82250002899D09E
:10EEE000D9F800000022C0F89C200B4A80ED148A5B
:10EEF000026600F1540280ED158A503080ED028ADE
:10EF0000426189E700000000FC2B00203DBE0100AB
:10EF1000FDBC010004190120D0750020D9F8006063
:10EF200006F15002C9F8002013F0080240F05882A0
:10EF3000114610467C78ECF7CBFBC0B2C44923469F
:10EF4000844207F1010428BF0346FF280CBF0822B2
:10EF50000122316601217B70D9F80030746604AC5F
:10EF600003F1180CC6F89C10DFF80CE3C6E9150293
:10EF70000022326502AE049262609CE80300CDE993
:10EF8000022284E8030096E80300B24A8CE80300FA
:10EF9000D3F82080596ACDF81880C3F820E0079193
:10EFA0005A62B8F1000F03D0032221462046C04721
:10EFB000DBF80C3003F020039D4240F08981D9F842
:10EFC00000500022012005F150031146C9F800301D
:10EFD00097F80280ECF77CFBC0B23B469E4A804526
:10EFE000DFF898E22A664FF0000228BF8046FF282B
:10EFF000029203F8028F08BF08216B6618BF012137
:10F00000D9F80030A965012103F1180C2A6568655B
:10F01000C5F89C10049262607260904A9CE80300FC
:10F0200084E8030096E803008CE803001D6A596A2F
:10F030000695C3F820E007915A621DB103222146CC
:10F040002046A847DBF80C309B064DD584490B6859
:10F05000002B49D0D9F80000002300F15002C9F874
:10F060000020013351F83320002AFAD1DBF8401296
:10F07000013BDFF80CE24FF0010CCD78DBB2C0F8B9
:10F0800060E09D420292726028BF1D46DFF8F4E105
:10F0900001F8035F4365D9F800300265C0F858C035
:10F0A000C0F89CC041660492626003F11802DFF868
:10F0B000D8C192E8030084E8030096E8030082E8E0
:10F0C00003001D6A5A6A0695C3F820E00792C3F848
:10F0D00024C01DB1032221462046A847DBF8403258
:10F0E000DA78002A40F09D81D9F8003050255D493A
:10F0F0005033C9F800303B7983F08003502B0B70FC
:10F10000D9F8002038BF50235161B02B28BFB0235D
:10F110000B7001239360D364B023C2E90053524BB8
:10F120001361DBF8903213F0040300F06F810022CA
:10F13000D9F80030DFF854E1059203F11802DFF846
:10F1400050C1049794E8030086E8030092E80300A6
:10F1500084E8030096E8030082E803001D6A5A6A07
:10F160000695C3F820E00792C3F824C01DB103221E
:10F1700021462046A847D9F800300022049705927E
:10F1800003F12802DFF80CE1DFF80CC194E803007A
:10F1900086E8030092E8030084E8030096E8030091
:10F1A00082E803001D6B5A6B0695C3F830E00792A6
:10F1B000C3F834C01DB1032221462046A847D9F820
:10F1C0000030FF20DBF8402250332849DFF8CCE044
:10F1D000C9F80030537C0022DFF8C4C0803B0B70BC
:10F1E000D9F80030596122491A6019610821C3E930
:10F1F00001010121D964CDE9047203F1180294E8F8
:10F20000030086E8030092E8030084E8030096E820
:10F21000030082E803001D6A5A6A0695C3F820E0DD
:10F220000792C3F824C01DB1032221462046A847F7
:10F23000D9F800300022DFF86CC0CDE9047203F188
:10F2400028020C4F94E8030086E803002CE000BF7E
:10F25000747500208DBD01009C750020ADBD0100BE
:10F26000441A012058D90020BC75002057D900202D
:10F27000C87500201DBC01006DBC010085BC0100EB
:10F28000A87500209DBC0100CDBD010009BF010093
:10F2900089BF0100C9BE01000DBC0100A9BE01006B
:10F2A00049BF010089BE010092E8030084E8030021
:10F2B00096E8030082E803001D6B5A6B0695C3F8BD
:10F2C00030C007925F631DB1032221462046A84744
:10F2D00009B0BDEC028BBDE8F08F009E88E5D9F83F
:10F2E0000080002204AC02AE08F150031146104623
:10F2F000C9F8003097F800A0ECF7EAF9C0B2664B05
:10F300000022DFF8ACE18245C8F86030DFF8A4C124
:10F3100028BF8246FF280CBF0821012187F800A0E2
:10F32000D9F80030C8F858100121C8F85020C8F8A2
:10F330005400C8F86470C8F89C10CDE9047203F159
:10F34000180294E8030086E8030092E8030084E8CA
:10F35000030096E8030082E803001E6A5A6A0696D4
:10F36000C3F820E00792C3F824C01EB1032221464F
:10F370002046B047DBF80C3023E50B680021002263
:10F3800002AE03F1500003F1680C04ACDFF828E191
:10F39000C9F800001965596599654049C3F89C2072
:10F3A000196603F154015966CDE904229CE8030073
:10F3B000CDE9022284E8030096E80300384A8CE88D
:10F3C00003001E6F596F0696C3F870E007915A67E5
:10F3D0001EB1032221462046B047DBF80C30EBE497
:10F3E000002297F801807C1C11461046ECF770F95A
:10F3F0004346C0B22B49804528BF0346FF280CBFB7
:10F4000008220122A5E504AC02AED8E5CDE90473DB
:10F41000D9F80030DFF8A4E0DFF8A4C003F1180247
:10F4200090E6D9F8002018461F4D002102F1500C3B
:10F430000291C9F800C01B7C15660B2B7160DFF8C8
:10F4400084C028BF0B2300F8103F50660120D9F874
:10F4500000309065C2F89C0003F118050B2011657F
:10F46000506504916160114A95E8030084E8030047
:10F4700096E8030085E803001D6A596A0695C3F8FB
:10F4800020C007915A62002D3FF42EAE0322214680
:10F490002046A84728E600BF907500208075002010
:10F4A0004DBC010064750020B4750020E5BD01006D
:10F4B00029BF010071BD010055BC0100E9BE01007A
:10F4C00069BF0100B5BC01002DE9F04F06468DB0C3
:10F4D0000C46ECF74DF8034630460093ECF788FCF9
:10F4E00040F20442C36880461A4206D19C4B1B6816
:10F4F000002B66D00DB0BDE8F08F236800220120FC
:10F50000984D503311460DF1200A974F2360E7F7CD
:10F51000CDFA0428009AC8BF013023685179C0B2DF
:10F520001D61DFF85CC2814228BF0146FF2802F856
:10F53000051F4FF00001586008BF08205A6118BF2E
:10F54000012022689860012002F118051960D86432
:10F5500004AB0891CAF80410CDE9041195E8030042
:10F560008AE8030093E8030085E80300136A516A00
:10F570000A93C2F820C00B9157621BB10322514677
:10F5800050469847794B1B78C3B1009B0025A14694
:10F590009F1D0CAB03EB860301932846ECF728FC78
:10F5A000C46814F0010444D0AE4200F0A5806F4B53
:10F5B000013501371B78AB42EFDC4C46684B1B68CA
:10F5C0001BB921463046FFF75DFA40F20442D8F8F5
:10F5D0000C301A428ED0009B5B79002B8AD02368B6
:10F5E00008AA009E01205033236071790139ECF79D
:10F5F0006FF808A95E482568F9F7CAFEF37B314623
:10F6000028610020642B4FF0010228BF642301F819
:10F610000F3F236828606420AA6068600520EA64C0
:10F62000DA6C696142F008029860DA640DB0BDE8F6
:10F63000F08FD9F800300DF1100EDFF840C15033D3
:10F64000C9F800304B4B0FCB8EE80F00019B2846CA
:10F6500043F820CCEBF794FFAE4283465ED00028FF
:10F660005CD03A780121D9F800300FFA8BFB642A7C
:10F6700041480BEB4B0B28BF642218613A7064229F
:10F680001C609960D9645A605F61ECF7BBFF006849
:10F690002F2100EB0B1008301FF0CAFCD9F8003006
:10F6A0000130099403F1180202AC0890DFF8D4E0AD
:10F6B000DFF8D4C09AE8030084E8030092E803006E
:10F6C0008AE8030094E8030082E803001C6A5A6A8F
:10F6D0000A94C3F820E00B92C3F824C01CB10322A3
:10F6E00051465046A047D9F80040E36C43F0080368
:10F6F000E3640523A3605AE7D9F800300DF1100C3C
:10F700001E4C5033C9F800301A4B0FCB8CE80F0059
:10F71000019B304643F8204CEBF732FF3A7804A9BE
:10F72000D9F800304FF0000B642A51F8251028BF9B
:10F73000642219613A700122D9F800409A60DA64B3
:10F7400064225F61C3E900B2236A002BCDD004F1CB
:10F750001801032208469847C4E908BBC3E700BF65
:10F7600028190120503E0020FDBD010054D9002081
:10F77000683E0020002C0020183A00205C3E00204B
:10F78000E5BC01001DBE01002DBC01009F4A1368AD
:10F790002DE9F04F13F0010B8DB0044600F082808C
:10F7A0009B4E3368023B062B00F28580DFE803F0B6
:10F7B0005F40045F40046D00B0EE000A4FF0FF3080
:10F7C0004FF0020BEBF760FF2388042B39D0022B9C
:10F7D00000F091808F48EAF755F801218D48E9F74C
:10F7E00017FA0022402180238A4800911146E9F748
:10F7F000FDFD00220B218023864800911146E9F788
:10F8000023FE00218348E9F703FA336801330B2B09
:10F8100000F2BE80DFE813F0F6029E026302680188
:10F8200068016801CC00CC00CC001F02AC000B02C8
:10F83000B8EE000A4FF0FF30EBF726FF2388042BC9
:10F84000C5D13368042B3BDC012B00F32583C1D1E8
:10F850006388B3F5807F00F0CC83B3F5007FB9D126
:10F860006D4AA188138803EBC1231380B2E79FED93
:10F870006B0A4FF0FF304FF0000BEBF705FFA3E7EB
:10F88000634E082101233160136000252846EBF701
:10F890004FFF28460135EBF7F7FE042DF6D14FF068
:10F8A000000B91E75E4FD7F8B8309D00E8D50123F3
:10F8B000574E136033604FF0000BEBF701FF83E707
:10F8C000053B022B86D86388B3F5807F00F0A282C7
:10F8D000B3F5007F7FF47EAF524B514FB3F9003048
:10F8E000A18803EB43035B443C3337F81320521ADF
:10F8F00027F813206EE733686288002B40F3798184
:10F90000012A00F09183022A00F02683012B00F0E7
:10F910005F83053B022B3FF65DAFB2F5007F7FF4BE
:10F9200059AF404DB5F900000028C0F29D83092869
:10F9300002DD092318462B80EBF7EEFE3368062B19
:10F9400000F0A183072B40F09383B5F90020344FDA
:10F9500002EB420207EB4202B2F87830C31A48BF0A
:10F9600001335B10002BB8BF5B42A2F87C3031E75B
:10F970002D4B022204212748EAF76EF80121254881
:10F98000E9F746F9294B142204212248EAF764F8E2
:10F99000234FD7F8B8309B0002D40DB0BDE8F08FEC
:10F9A00001220A2130680DB0BDE8F04FFAF786BD9C
:10F9B00002221F4B17481146EAF74EF800231D4A52
:10F9C00004211720EAF7E6FC3368052B00F03783A3
:10F9D000062B0CBF6FF00101022117480025F9F733
:10F9E000D7FC022203465F210A48EAF735F80121D5
:10F9F0000848E9F70DF90A4F0123DFF8189007EBE3
:10FA00004B0A0797CDE905B61E461FE06C0401209E
:10FA1000A0570120D46C0120E8FB01200000000069
:10FA200080190120E6FB0120043D0020143D002048
:10FA3000C03C0020783C0020883C002011FB0244A0
:10FA4000102C1ADC013501360AF1060A00220120C9
:10FA500005EB85041146E7F729F8A8424FF6F67240
:10FA60004FEA440440F31582C94B11342846B3F9D8
:10FA70000030032BA3F10301E0DCEBF759FEB7EEF6
:10FA8000C07A27B2C34853EC172BF9F781FC3A46EA
:10FA9000034623214846E9F7DFFFBAF87880FEF7EE
:10FAA00089FA059A05EB450313443C3330F813B04B
:10FAB000B74BB3F90030AB4200F0BB813146B648DA
:10FAC000F9F766FC3A46034602214846E9F7C4FFC7
:10FAD000ABEB0801B148F9F75BFC3A4603465F21FE
:10FAE0004846E9F7B9FFADE70222AD4BAD481146F4
:10FAF000E9F7B2FF0023AC4A04211720EAF74AFCD9
:10FB00003368022B00F09982032B0CBF6FF00101C8
:10FB10000221A6484FF00008F9F73AFC02220346FA
:10FB20005F21A048E9F798FF01219E480D46A04FAC
:10FB3000E9F76EF8DFF86CA205965E4609E0D01E84
:10FB40004FF6F67110FB0133102B35DC08F101087C
:10FB50000135002202201146E6F7A8FFA84240F333
:10FB60009681002308AA29460220CDE90833CDE971
:10FB70000A33E6F79BFF9DF82130002BE8D108EB14
:10FB80004809B14457F82940FEF714FA50F82930D3
:10FB9000E41A3EB184EAE472A2EBE4729342B8BF85
:10FBA00047F829307A4A08EB8803B2F900205B0055
:10FBB000032A03F11103C2DC424508F1010800F0F9
:10FBC00096810FFA83F908AA41467A48F9F7E0FBD3
:10FBD0004A46034602215046E9F73EFF21466F4858
:10FBE000F9F7D6FB4A4603465F215046E9F734FF52
:10FBF000AEE7022A00F0B081002B7FF4EBADB2F546
:10FC0000807F00F00182B2F5007F7FF4E3ADE388EE
:10FC1000002B7FF4DFAD664A0A21D2F8B83031609C
:10FC200083F0200343F00053C2F8B830B5E6604FCC
:10FC30006148F9F70FFED7F8B83023F00053C7F842
:10FC4000B830ECF7C9FAE6F73FFB5C4A0121002324
:10FC5000116033609DE65A4B022204215148E9F7B6
:10FC6000FBFE01214F48E8F7D3FF00220120554F4A
:10FC70001146E6F71BFF042800F37C8111250024C0
:10FC8000DFF874B1DFF874A1DFF874911DE020464D
:10FC90000A35EBF74DFDB7EEC00A01344A48ADB264
:10FCA00021468DED000B57F8043BDBF80020D21AFB
:10FCB0002346C72A94BF52464A46F9F769FB424693
:10FCC000034604213748E9F7C7FE002201200FFA56
:10FCD00085F81146E6F7EAFEA042D8DC58E6022293
:10FCE0003A4B304847F6FF741146314FE9F7B4FEFE
:10FCF00001212C480125E8F78BFF0023344A142109
:10FD000004204FF00008EAF745FB214BD7F8B82054
:10FD10000E201B8812F0020F2E4923442E4A18BFD2
:10FD20000A4628219BB2CDE90058FAF737F82B4B49
:10FD30002B494E20CDE90058D7F8B8201B8812F087
:10FD4000010F284A234418BF0A4628219BB2FAF71C
:10FD500025F81EE60222244B12481146144FE9F7FB
:10FD60007BFE01210F48E8F753FF204B14220421AA
:10FD70000C48E9F771FE1E4B1E2204210948E9F7E1
:10FD80006BFE1C4B282204210648E9F765FE00E6BD
:10FD9000E6FB0120C43C0020D83C0020A43C00200D
:10FDA000743C0020D46C0120783C0020883C00206A
:10FDB00080190120AC3C00207C3F0020C8CD0020F1
:10FDC000E03C00209C2A0120EC3C0020103C00205C
:10FDD000203C0020F03B0020F83B0020E8FB012005
:10FDE000003C0020083C0020383C0020483C00201B
:10FDF000503C0020603C0020A4F501201C7900202C
:10FE00002C7100200021AA4B012231601A600DB034
:10FE1000BDE8F08FA74DA3882A8813441BB2002B9E
:10FE20002B80C0F2A480092B7FF7D4AC09232B8050
:10FE3000D0E43146A048F9F7ABFA3A46034602212E
:10FE40004846A4B2E9F708FEABEB08019B48F9F776
:10FE50009FFA3A4603465F214846E9F7FDFDA21C9A
:10FE600002975C2712B248465E235A2100920197FE
:10FE7000E9F70AF9221D06345E2312B25A2124B290
:10FE80004846019702940092E9F7FEF8DAE5059EEC
:10FE90007FE5DDE906677CE56388B3F5807FB9D04F
:10FEA000B3F5007F7FF496ACFEF784F8814B84496C
:10FEB000B3F9003003EB430300EB83005B4482683B
:10FEC00081FB02011144D217C2EBE122E1888805CF
:10FED00040F1BF80B4F9041064207A4F02FB01F1B5
:10FEE00057F8232000FB112247F8232072E40FFA71
:10FEF00083F908AA414674481FFA83FBF9F748FAC8
:10FF00004A46034602215046E9F7A6FD21466B48C2
:10FF10005C24F9F73DFA4A4603465F215046E9F76B
:10FF20009BFD0BF1020250465E2312B25A21CDF81E
:10FF3000089000920194E9F7A7F80BF104020BF185
:10FF400006035A2112B250461BB20194009202934A
:10FF50005E23E9F799F8FBE55A4FD7F8B8209200ED
:10FF60004FD50133002B33607FF734AC514D002364
:10FF70002B802FE40C250024DFF854A1DFF85491E6
:10FF8000DFF854811CE020460134EBF7D1FBB7EEDB
:10FF9000C00A21464D488DED000B57F8043BDAF8B6
:10FFA0000020D21A2346C72A94BF4A464246F9F790
:10FFB000EFF929460246002304200635EAF7EAF95C
:10FFC000002201201146E6F771FDA042DBDCDFE4F0
:10FFD000B2F5807F35D0B2F5007F06D1394FD7F822
:10FFE000B83083F00103C7F8B830FEF755F9FFF7D2
:10FFF000F1BB304AA188138803EBC1231380FFF7BC
:02000004600298
:10000000E9BB0A233360C8E4E388002B7FF4E2AB4A
:100010002C4A0A21D2F8B830316083F0100343F043
:100020000053C2F8B830B8E4264FD7F8B820910092
:10003000E7D5013B3360FFF7CDBB002169E5002127
:10004000CBE4204FD7F8B83083F00203C7F8B830BC
:10005000CBE71C4FB4F9040057F8231002FB101132
:1000600047F82310FFF7B6BB002318462B8063E444
:10007000B5F90030134F03EB430307EB4303A3F839
:100080007800FFF7A7BBB5F900200E4F02EB420244
:1000900007EB4202B2F87830C31A48BF01335B1055
:1000A000002BB8BF5B42A2F87A30FFF793BB00BFCA
:1000B000C8CD0020E6FB0120D03C0020A43C00205D
:1000C000A1000AA080190120903C0020EC3C0020F7
:1000D000A4F501201C7900202C710020124B01781E
:1000E00018681368814203D0104A12881A8070473A
:1000F00007290CD80E4918460E4A10B40E4C237826
:100100005DF8044B002B18BF11461BF027B8094AB5
:100110004FF0010C08491068186081F800C0918800
:10012000927999809A717047240A01203C730020CB
:10013000907800209878002011FC0120012A02D13B
:10014000016000207047022A05D0032AF9D0002A56
:10015000F7D10260F5E70B780370F2E7234B70B537
:100160001A780024224B98B0224D1A6004A8224B22
:10017000224E1C60224B17940893CDE90444CDE92C
:100180000644CDE90944CDE90D44CDE91144CDE95A
:100190001544CDE90B44CDE90F44CDE91344FAF7FA
:1001A00001FB01342946684622461AF0D7FF68460B
:1001B000E9F7E8FE10B1082C3460F2D1114B0522AA
:1001C0001A60149B1BB112A9032208469847109B82
:1001D0001BB10EA90322084698470C9B1BB10AA924
:1001E00003220846984718B070BD00BF0DFC0120DF
:1001F000240A012028720020380A01203C0A01202C
:10020000183A0020C8CD00202DE9F04FADF5637DF0
:1002100000240DF1B80AE2AD03905346184650226F
:1002200000211DF037FF034600F1280100F13802DC
:1002300050330462AB42C0E9064443E90B44C1E9D0
:10024000014443E90744C2E9014443F80C4CE5D1B9
:10025000AD4B18680028C0F20281002654460DF10B
:10026000280BDFF8D882324606AD04AF44E0A74B36
:10027000A7481B78A749B34218BF014648460B461A
:10028000A5491AF06BFF98F80030012B28BF012315
:1002900001210322C4E9049888F800300023A160FA
:1002A000E164C4E90031C5E900332E7004F118039C
:1002B000503495E8030087E8030093E8030085E8DD
:1002C000030097E8030083E80300944954F8303CA6
:1002D000AB6044F8301C54F82C1CE960904944F899
:1002E0002C1C13B12946284698470136864BF6B296
:1002F00018688642324614DC90420BEB02190294D5
:1003000002F10102B3D1421C86490BEB0010DFF869
:1003100044921AF023FF98F80030012B28BF0123E4
:10032000B6E7029B804AA3EB0A03804C1B1102FB39
:1003300003F32268002A03F10106C0F20D81B242E4
:1003400080F29480039B1B88022B00F09580012B88
:1003500028D0774D00232B6003985346734A3146CB
:10036000FAF72CFA10B3CEAC04F13801236C032257
:10037000084603B1984704F12801236B032208467D
:1003800003B1984704F11801236A0322084603B118
:100390009847A4F1500354451C46E5D10DF5637D03
:1003A000BDE8F08F624D2B68002BD5D06148E9F78E
:1003B00069FA01215F48E8F72BFC002240235D48E1
:1003C000114600938023E9F711F82923226831466A
:1003D0005046FAF751FD00220A218023554800912A
:1003E0001146E9F731F800215248E8F711FC0122E3
:1003F000514B11464F48E9F72FFB01214D48E8F7D3
:1004000007FC2B68FBB9CEAC00E01C4604F13801B8
:10041000236C0322084603B1984704F12801236B9B
:100420000322084603B1984704F11801236A032206
:10043000084603B19847A245A4F15003E5D10DF554
:10044000637DBDE8F08F3D483D4A3E4B00783E4914
:1004500000280CBF10461846F9F7F6F9D3E7334CDD
:1004600000262368002B77DB4FF0FF332360039BCC
:100470001B88022B7FF46BAF039B5B88B3F5007F77
:100480007FF467AF2A4D2B68002B68D02B4B1F7869
:10049000002F67D000270022384601371146EBF7BE
:1004A00079F8042FF7D1ECF7D1FC23680AAA02EB04
:1004B00003100023C371E9F765FDF0B100F5805C1E
:1004C0000346804603E0614598460B4603D21A680E
:1004D00099180132F7D10D4FA8EB00021B4839786B
:1004E000F8F756FFF9F7B6F908F10E00ECF78CFAB9
:1004F000236800203B70EBF701FB154B01221A60CB
:1005000000232B6052E700BF3C0A01200DFC0120B4
:10051000183A0020283D0020443D002061D601000B
:1005200001D6010028720020CDCCCCCC240A0120B9
:10053000380A0120D46C0120003F002011FC01206A
:10054000343D00203C3D00200C3E0020943D002026
:10055000C8CD00202C3D002000232360F2E60123BB
:100560002B6023E723680DF1280B4FF480500BEB31
:100570000313DF71EAF7E6FF8046002866D02368A0
:10058000344A1370EBF7BAFA81460290206809F1F9
:100590000E090BEB0010E9F7F5FC0146002847D0E7
:1005A0004FF4805240460BF061FFD8F8003001E074
:1005B00058F807305A1C03D01F44B7F5805FF7D3B3
:1005C00009EB0703B3F5805F28D808EB070307F1B1
:1005D0000E00C3F800904044EBF790FA029B834270
:1005E00003D01D48F9F736F9BDE6206841460023DF
:1005F0004FF480520BEB0010E9F7E4FC0146F8B928
:10060000EBF77CFA134B3A4614481978F8F7C0FE1A
:10061000F9F720F94046EAF799FF6EE74FF4805268
:10062000FF21404600271DF035FD43460E20D0E750
:1006300007464FF48052FF2140461DF02BFDBFE7D7
:100640000748F8F7A5FEF9F705F9E3E70548F9F7D4
:1006500001F988E60DFC0120503D0020643D00209A
:100660007C3D0020347600202DE9F04FBA4DADF5E9
:10067000517D06460DF0F8F92B6806F00106184387
:1006800018BF0026002E40F0FA800DF0EDF928B9D1
:10069000002630460DF5517DBDE8F08FAF4F4FF489
:1006A0007A7138460DF014F90028F1D04122AC4996
:1006B00038461AF0B1FC87422C6800F0FC80002C10
:1006C00022DDDFF8D082A74ED8F800003468A042BF
:1006D00017D2241AA149402CA8BF402422460BF06F
:1006E000C5FE412200219D481DF0D4FCD8F8003001
:1006F0002344C8F800302B68002B05DDD8F8000033
:100700003468A04200F0DF814122974993481AF0F3
:1007100083FC874200F08880412294498F481AF078
:100720007BFC874200F0AE8191498C481DF08AFD28
:10073000002840F05A81CF904EACCE905B21CF9AEA
:100740000EAE4FF001080DF1340A531C0DF13009C3
:10075000A1540146C3F308033060FC220FA8C4F87B
:1007600004321DF097FC4A4651464046E9F75CFBCF
:100770000546002800F01281DAF8001000297CD02C
:10078000D9F800200020F4F773FDDAF800102B46AA
:10079000CDE90110D9F800204FF480713046009265
:1007A000744A1FF0A9FE0546D4F804022F18B7F5C5
:1007B000007F54D9C0F5007B5B46BBF1000F50D1E0
:1007C0002DB12A4606EB0B0120460BF04FFE00220E
:1007D00008F10108C7F3080740461146C4F804723F
:1007E000E9F722FBD4F8043200285CD02C22E25432
:1007F0000133C3F30803C4F80432D4F80432D4F844
:1008000000229B1AC3F30803402BACD9D4F8000292
:100810004FF47A7100F140032044C3F30803C4F895
:1008200000320DF0AFF8E8E701250EAE4EAC524FA6
:1008300005E051481AF0F0FB874200F0978222460B
:10084000314628460135E9F7EFFA3D2201460028F6
:10085000EFD1012630460DF5517DBDE8F08FAB4656
:100860002B4620445A46314604930BF0FFFD5D456C
:10087000ADD0049BED1AAAD0A3E7084687E73F4C0A
:100880002368002BFFF601AF3D4A4FF47A711068E0
:1008900018440DF077F823684033B3F5806F80F289
:1008A00075822360D5E75D22E2540133C3F3080368
:1008B000C4F80432A1E7002C7FF401AF314E337845
:1008C00043B10022204601341146EAF763FE337833
:1008D000A342F6DC4EACECF7B9FADFF8BC800DF1C0
:1008E000300900940EAEFB780DAA49461B48C8F8A3
:1008F0000030254B3B603346F8F704F94E9A0C99CB
:1009000028602248F8F744FD8022D8F80010F8F754
:1009100081FF0C9B1A78302A03D15B78782B00F08A
:10092000DB822868EAF70EFE2C680346184A402C42
:10093000DFF8608023440B4EA8BF402410600749B5
:1009400022463360C8F800000BF090FDD8F8003064
:100950002344C8F80030CEE664190120502A012053
:100960006C73002048220120C4730020CC73002047
:10097000047400200C740020542A0120BCCF0020F5
:10098000880E012054D90020424C4F427073002041
:100990006019012078220120A0520120D4F804120D
:1009A000D4F80032C91A11F4E0710FD1D4F804223E
:1009B000531CA154C3F30803C4F80432D4F804321E
:1009C000D4F800229B1A13F4E07FEFD0D4F8000291
:1009D0004FF47A71012600F140032044C3F3080369
:1009E000C4F800320CF0CEFF53E6A849A8481DF029
:1009F00029FC0546002800F0A680A649A4481DF061
:100A000021FC0546002800F0CC814122A249A048E3
:100A10001AF002FB87427FF41CAF4EAC0025FC228B
:100A20004FA8294625601DF035FB7B229B4BFF21FB
:100A300022800DF239101B68994A1FF05DFD0DF2FE
:100A40003912984B1618984AD3F8B830311B3046F3
:100A5000C1F580711FF050FD0644944A311B3046A9
:100A6000C1F580711FF048FD0644361B3FF5F1AE1D
:100A7000403520464FF47A7140340CF083FFB54284
:100A8000F6DDE6E6FC1C4122894920461AF0C4FA4C
:100A9000844200F0F6804122864920461AF0BCFAD2
:100AA000844200F015824122834920461AF0B4FAAC
:100AB000844200F03E82F8780126FDF79FFA7F4BD2
:100AC00000221A60E5E50AAC7D48002609AB07AABA
:100AD00006A9009400680896F8F714F83046099AB9
:100AE0000799F4F7C5FB23680490834240F05281D4
:100AF000069E2F2130461EF09BFA002800F01C8233
:100B0000F7F7F4FF0EAE04460DF1340A0DF130098B
:100B10004B4652460BA920460096F7F7F3FF0028F4
:100B200000F0EC8120F47F60069920F00F0000F5C2
:100B3000805B0B981DF086FB18B92B685B4540F273
:100B4000C5805C44E4E74EAC7B22C4F804010EAEE1
:100B5000C4F80001D4F80431DFF86CB1E254013379
:100B6000DBB2C4F80431E5F7D9FA7C228146294684
:100B70000FA835601DF08EFADBF800304B44994524
:100B80005AD24F464FF4805239460020F4F770FB9A
:100B9000A7EB0903009080214A4A30461FF0ACFCC5
:100BA0000546D4F8040105EB0008B8F5807F40F253
:100BB000CD80C0F5807A5346BAF1000F40F0C8806E
:100BC0002DB12A4606EB0A0120460BF04FFC5FFAD6
:100BD00088F307F58057C4F80431DBF80030D4F807
:100BE00004214B449F4234BF2C217D21A15401326A
:100BF000D2B2C4F80421D4F80421D4F80011521A56
:100C0000D2B2402A16D9D4F800014FF47A7100F11B
:100C100040032044DBB2C4F800310CF0B3FED4F83A
:100C20000431D4F800219B1ADBB2402BEBD8DBF85F
:100C300000304B449F42A5D3D4F80411D4F80031BE
:100C4000C91A11F0C0010ED1D4F80421531CA154CB
:100C5000DBB2C4F80431D4F80431D4F800219B1A73
:100C600013F0C00FF0D0D4F800014FF47A710126D0
:100C700000F140032044DBB2C4F800310CF082FEE6
:100C800007E50120EBF740F915E700BF44740020A9
:100C9000502A01205874002048AD0020D4CF0020F5
:100CA0008474002080190120987400204074002072
:100CB000D0730020EC730020FC730020BCCF002018
:100CC000601901204C740020201901200746E5F727
:100CD00025FAA4EB00094EACA14A092127604B4636
:100CE00020464F978DF840711FF006FC9D493B460A
:100CF0002A6820460968E9F765F94A4606460699D2
:100D00009948F8F745FB994B80221968F8F782FD5E
:100D1000944F3868EAF71AFC2C22002153A81DF0E2
:100D2000B9F9049B4FF47A712046C4E90136089B57
:100D30000126E360099B23612B6823600CF022FEEF
:100D400000233B60C8F800302B60A2E42B46AA4683
:100D500020445246314604930BF088FB55453FF43E
:100D600036AF049BED1A3FF432AF2AE72368002B1D
:100D70003FF46FAD002530684FF47A712844403558
:100D80000CF000FE2368AB42F5D862E54FF0FF336C
:100D900023607EE476484FF0FF364EACF8F75AFDFC
:100DA000B6E78F904EAC5B21C4F80001D4F8043153
:100DB0007C220E900EAEE154013301460FA8DBB247
:100DC000C4F804311DF066F9EBF71CFCD0E90023F0
:100DD0009B1A684A1B1102FB03F30493002B4CD0AF
:100DE0002F46A946DFF89CB1EBF70CFC03685A4686
:100DF00080213B4430465D68083300951FF07CFB42
:100E00000546D4F8040105EB0008B8F5807F4DD9FC
:100E1000C0F5807A5346BAF1000F4BD1554501D049
:100E2000EA1A4FD1013D5FFA88F34D45C4F8043109
:100E3000D4F804318CBF2C225D22E2540133DBB2A2
:100E4000C4F804310BE0D4F800014FF47A7100F1DA
:100E500040032044DBB2C4F800310CF093FDD4F819
:100E60000431D4F800219B1ADBB2402BEBD809F1F6
:100E70000109049B30379945B6D1D4F80411D4F850
:100E80000031C91A11F0C0017FF4EDAED4F804218D
:100E9000531CA154DBB2C4F80431D4F80431D4F8A3
:100EA00000219B1A13F0C00FF0D0DCE6002DB9D062
:100EB000AA462B4620445246314605930BF0D6FAFB
:100EC000059BABE706EB0A0120460BF0CFFAA9E73A
:100ED0000020EBF719F8EEE53368B3F5805F3FF4D7
:100EE00020AD41220021244801261DF0D3F84FF403
:100EF0007A7121480CF046FDFFF7CBBB0746E5F7BA
:100F00000DF9261A4EAC164A0921334627602046B1
:100F10004F978DF840711FF0EFFA12493B462A684F
:100F200020460968E9F74EF8324606990646134806
:100F3000E7E6E5F7C9F9BEE508AB07993046099A37
:100F4000E9F740F82268069906460D484EACF8F7D6
:100F50001FFA064B80221968F8F75CFCD8E600BF40
:100F600084730020601901208C730020A05201209E
:100F7000B4730020ABAAAAAA502A0120A0730020B3
:100F8000707300206474002090F81CC04160BCF1B4
:100F9000020FC26001D18368184709F0ADBE00BFDF
:100FA000F0B4046840F201251E462561A3B121B3C7
:100FB00011F8015B013B6566256FAF0707D4154645
:100FC000013E676F1AB105F8017B2A46046865691E
:100FD000ED07F1D5002BEAD16EB10368196F8907CF
:100FE000FAD41146013E5B6F002AF5D001F8013BAF
:100FF0000A46002EF1D1F0BC704790F83C50D9E77A
:10100000324B334930B5D3E911542079C8771A6C83
:1010100095F804C081F81CC0087752B1B2F5004FB2
:1010200023D32C4911442A4A1964D07682F81BC074
:1010300030BD19680F24D86C8C6540F20134CA6148
:101040000C614FF47C544C6103210468246883F8DC
:101050003D10214B9C4226D1037F4260022BC2608F
:1010600026D18368BDE8304018472D68E98B090414
:1010700022D492B2EA832168EC8BA4B2EC82CC8BAE
:10108000240405D5CC8BC2F3080204F47E44224329
:10109000CA83CA8B92B2CA8200210D4A1964D076E3
:1010A00082F81BC030BD23461146BDE830401847CA
:1010B000BDE8304009F020BEE98BC2F3080E92B2C1
:1010C00001F47E4141EA0E01E983D4E70CCC002013
:1010D00000800E400180FFFFADE40100324B334938
:1010E00030B5D3E911542079C8771A6C95F804C04B
:1010F00081F81CC0087752B1B2F5004F23D32C49B8
:1011000011442A4A1964D07682F81BC030BD196890
:101110000F24D86C8C6540F20134CA610C614FF425
:101120007C544C6103210468246883F83D10214BF2
:101130009C4226D1037F4260022BC26026D1836885
:10114000BDE8304018472D68E98B090422D492B2DB
:10115000EA832168EC8BA4B2EC82CC8B240405D505
:10116000CC8BC2F3080204F47E442243CA83CA8BA8
:1011700092B2CA8200210D4A1964D07682F81BC04F
:1011800030BD23461146BDE830401847BDE8304029
:1011900009F0B2BDE98BC2F3080E92B201F47E41B0
:1011A00041EA0E01E983D4E75CCC002000800E40C8
:1011B0000180FFFFADE4010043682DE9F04FD3E962
:1011C0000041814D4FF0B80A22684FF0020822EA30
:1011D00001027E492260AA6911407D4A0A43AA6140
:1011E00090F810E07B4A03EB0E0603EB8E0E317C89
:1011F00002EB01118968C1F800A090F811C003EB5F
:101200000C050CF10A0C95F8241002EB0111896809
:10121000C1F800A0817C03EB010903EB810199F87F
:1012200038B002EB0B1BDBF808B0CBF800A0D4F809
:1012300000A05F684AEA070AC4F800A0347CDEF820
:1012400014E002EB04146468C4F800E095F824404C
:1012500053F82CC002EB04146468C4F800C0C96BD6
:1012600099F8384002EB0412526811609A6C99F8B0
:10127000441011601A6A317F5B6B116095F8302061
:101280001A600F220368C3F810809A65C27C002A96
:1012900031D072B6C37CDC0708D54FF0E021446939
:1012A000D1F8802122408262C1F88021990708D5B7
:1012B0004FF0E0218469D1F884212240C262C1F854
:1012C00084215A0708D54FF0E021C469D1F888215C
:1012D00022400263C1F888211F0708D54FF0E021A2
:1012E000046AD1F88C2122404263C1F88C21DE06C9
:1012F00055D462B60368384C8268A24259D0324A4B
:10130000846092693549C2F30116C2F38262344D9A
:1013100051F826100132B1FBF2F2AA4231D8002274
:10132000C260002403211C610724596201211A6450
:101330001C661961C37C13B3DD0704D5816A4FF0C5
:10134000E022C2F800119C0704D5C16A4FF0E022E8
:10135000C2F80411590704D5016B4FF0E022C2F81E
:1013600008111A0704D5416B4FF0E022C2F80C11A6
:10137000DB0604D5826B4FF0E023C3F81021BDE8F3
:10138000F08F1849A1FB0251090DB2FBF1F2A24204
:1013900088BF0131B1F5817F0DD3134AC0E74FF00B
:1013A000E022416AD2F890310B408363C2F8903159
:1013B0009FE7C268B5E70229B1D902394C08220279
:1013C00042EA04420A43ABE700C00F40CFFFFFE30D
:1013D000100000085C93002000093D00C08100203F
:1013E000FF083D0083DE1B43FF7F7F004268037CD4
:1013F00013441B7C8B4205D0137C8B4203D0537C5F
:101400008B4220D0704700239C4670B41468256836
:101410005468254214D00D4CB82604EB01118D6898
:1014200002EB0C0102EB8C0C126A2E60DCF81450FB
:1014300091F810C004EB0C1464682560097F1160FA
:10144000037470BC704701239C46DEE75C93002068
:101450000BB1FFF7A5BD70474368D3E900120968D7
:10146000114200D1704710B50268044600200521E2
:101470001061227C1344187C0AF03CFE627C636895
:101480000521134493F824000AF034FE6368A27C1B
:1014900005211344BDE8104093F838000AF02ABE35
:1014A000704700BF30B583B005460C460BF082F99B
:1014B0001C4B984204D800232B80238003B030BDFE
:1014C00069460AF039FB9DF805309DF80620013386
:1014D0009DF80410503ADBB292B21F2998BF0C2B32
:1014E00001D87F2A18D900219DF802209DF80130EB
:1014F0002980172A98BF3B2B9DF8001001D83B2963
:1015000003D90023238003B030BD5B0143EAC2232B
:1015100043EA51039BB2F5E741EA431141EA422114
:1015200089B2E1E7FFA5CE12012BF0B5054695B0D3
:101530003DD0022B40F2022001F104010CBF034612
:101540000023684605F0A8F8129B002B38D05C20D9
:1015500000260BF025F8214B04AF0446C0E9003605
:10156000019B3946183040F80C3C1D4B40F8103CAC
:10157000029B40F8083C9DF80C3000F8043C04F055
:101580002FFF184B4FF47A72A665A360164B6E605E
:101590002B6063682E730133AA602C616360134B68
:1015A0003846009304F05EFF284615B0F0BD44F2C3
:1015B00002230431684605F06FF8129B002BC6D158
:1015C000139B002BC3D14FF47A71074A04AF2B73DE
:1015D0002A602B61C5E90131E1E700BFEC7D002005
:1015E000487E0020C87D00209C7D0020787B002064
:1015F00010B5D0F884448EB00A4644B10023214689
:101600006846009302F01EFE80B90EB010BDD0F8FF
:10161000881441B1234668460C9400F031FF50B95C
:1016200000200EB010BD08460EB010BD684603F095
:101630005DF80EB010BD684600F0E0FF0028EFD066
:10164000E3E700BF70B5D0F884548EB016465DB1A4
:1016500005F5896500230A4668462946009302F08D
:101660006FFD90B90EB070BDD0F888040028F9D095
:1016700000F589640A462B46684621460C9500F021
:1016800083FE48B900200EB070BD32462946684638
:1016900002F036FF0EB070BD32462146684601F0BA
:1016A00001F90028EED0DDE710B5D0F884448EB003
:1016B0000A464CB10020012321460090684602F002
:1016C000C1FD80B90EB010BDD0F8881441B101231E
:1016D00068460C9400F0D4FE50B900200EB010BD46
:1016E00008460EB010BD684603F0B2FE0EB010BD45
:1016F000684600F029FF0028EFD0E3E730B5D0F8C6
:1017000084448FB00A464CB10025012304F5896159
:101710006846009502F09EFC0FB030BDD0F88804FA
:101720000028F9D000F58961012368460C9401F086
:101730003BF90FB030BD00BF10B5D0F884448EB077
:101740000A463CB1002321466846009302F07AFD28
:101750000EB010BDD0F8881431B1234668460C9401
:1017600000F08EFE0EB010BD08460EB010BD00BFDA
:10177000F8B5054690F8D00408B90146F8BDD5F88B
:101780008434002B4CD0DC69D5F89004013C00284F
:1017900054D00368DB6B9847E0B1D5F8900478B378
:1017A00003681B6C9847A8B9D5F8900440B3036848
:1017B00001215B6C9847074610B3D5F8840458BBE9
:1017C000D5F8886433466EB9D5F8900490B90020F6
:1017D0000146D3E7D5F88404E8B9D5F88834002B5E
:1017E000F5D00746184602F0B3F906463FB1D5F8E2
:1017F000900428B1036800215B6C984700B1A41BDA
:10180000D5F88434FBB19B794FF40071994089B2CB
:10181000A1FB0401F8BD002704F06CFC0646E5E7D7
:10182000D5F88834D5F89004B3B1D3F83044002803
:10183000AFD1184602F08CF90646E0E7184604F0EE
:1018400059FC0646DBE7D5F88864002EBFD0D6F8F1
:101850003C14A1FB0401F8BD0028B8D01C4698E751
:1018600090F8D03463B1D0F8843463B19A794FF4EE
:101870000070D9699040013980B2A0FB0101704726
:10188000184601467047D0F888040028F9D0D0F8EF
:101890003C14D0F83004A1FB000170472DE9F0435F
:1018A000D0F890548DB04DB198462B680446284628
:1018B000DB699847B0F5405F064604D800263046FD
:1018C0000DB0BDE8F0834FF400701BF075FE0746C5
:1018D0000028F3D00DF10409B6F1806F02464346AB
:1018E000294648462ED901F0FFFB064638461BF034
:1018F0006BFE002EE2D02B682846271D1B6A9847F6
:1019000094F8C034FF2B21D0D4F8C43404F5946586
:1019100002932846D4F8C8340393B4F8C034ADF821
:10192000043099E80E0005F07DFD94F8B134C4F858
:101930009054002BC3D10123294638461A4604F09F
:1019400039FEBCE704F09CF80646CFE704F2944564
:1019500094F8CC14284606F0ADFB2846C4F8905401
:1019600005F00AFE0028AAD10123D4F890143846C5
:101970001A4604F01FFEA2E7F0B5D0F8906485B0D7
:101980000446002E42D090F8D05490F8D13485B15E
:10199000FE2B63D094F8D20436283DD933686946CB
:1019A00030469B6C98470546284684F8D05405B0CD
:1019B000F0BDFE2B26D090F8D204362849D994F8F1
:1019C000C034271DFF2B2DD0D4F8C43404F5946601
:1019D000D4F8C82401933046B4F8C0340292ADF86C
:1019E00000306B460ECB05F01DFD94F8B134C4F801
:1019F000906463B90123314638461A4604F0DAFD93
:101A0000054604E01F4B9B689B03D8D4002528465D
:101A100084F8D05405B0F0BD0AF05AFB051E18BF7B
:101A20000125F4E704F2944694F8CC14304606F00D
:101A300041FB3046C4F8906405F09EFD0028E6D1D5
:101A40000123D4F8901438461A4604F0B3FD054635
:101A5000DDE70AF03DFB0028B1D1D7E73368304617
:101A60005B6D9847421C034694D00028CFD194F870
:101A7000D124FE2ACAD103212E201D460AF03AFBAA
:101A8000C5E700BF00800042F0B50D46044685B0B2
:101A9000304806F0C7FFFE2D84F8D15426D0362DED
:101AA00002D9002005B0F0BD00262B4B04F5946749
:101AB0008DF80450C4F8C4348DF80560384684F8B5
:101AC000C05484F8C164C4F8C864CDE9023604ABDC
:101AD00013E90E0005F0A6FC94F8B134C4F8907434
:101AE00083B3304684F8D00405B0F0BD04F29445C9
:101AF0000023FF221946284684F8CC3484F8C024F9
:101B000006F0D8FA2846C4F8905405F035FD70B9AF
:101B10000123D4F89014201D1A4604F04BFD30B177
:101B200001222E2384F8D02484F8D234BAE72E2060
:101B30000025032184F8D20484F8D0540AF0DAFA9C
:101B40002846AFE701233946201D1A4604F032FD2E
:101B5000C8E700BFC9E9010040787D0118484FF08F
:101B6000290C184A0023184910B4C0F894240722FD
:101B700080F8B1C44FF0FF0CC0F8A8144FF47F41B7
:101B8000124CC0F8AC24124AA0F8D014A0F89C342F
:101B900080F8B53480F8CC3480F8D2C40460C0F842
:101BA000A0240C490C4A5DF8044BC0F88434C0F8FA
:101BB0008834C0F8903480F8BC340CF043BC00BFCB
:101BC00090FF0020B87E002000093D00887E0020A4
:101BD000787C0020C5E9010030D1002070B500F10B
:101BE000240384B08C46044601AD164693E80700F2
:101BF00085E807004FEA4C122946206A01F0C4FE2E
:101C0000012806D132462946206A01F0A1FE04B01F
:101C100070BD002004B070BD10B5044600F0BAFDE0
:101C2000002384F8313084F8333010BD38B51446C1
:101C30000D46002200F12401006A01F089FE0346EE
:101C400020B1428901202A801B89238038BD00BF32
:101C500038B514460D46002200F12401006A01F057
:101C600077FE034620B1C28901202A809B89238008
:101C700038BD00BF38B50D4690F8311009B10020CD
:101C800038BD382204461CF005FA012340222562A3
:101C9000184684F8333084F8312038BDF0B40D464E
:101CA0000978202903D115F8014F202CFBD01560AD
:101CB00095602C782F2C11D084B16E1C3C2C1D4FBC
:101CC00035462AD8212C12D804F1FF3CBCF11E0F56
:101CD00016D80020F0BC704715F8014F202CFBD01F
:101CE0002F2CF9D01D601146F0BC01F01FBDA4F1EE
:101CF000220C5FFA8CFC27FA0CFC1CF0010FE8D1D7
:101D00002E2C01D0202C0DD116F8014B002CE5D043
:101D10002F2CE3D03C2C3546D4D95C2CD9D003D918
:101D20007C2CD6D09660EFE73E3C012CFAD8002000
:101D3000F0BC7047012100052DE9F04F90F83330D9
:101D400083B00546DC0774D558060F46904640F12F
:101D5000B080D5E90023D5E9041018EB020443F163
:101D60000003A14270EB0303C0F0A980B8F1000F9B
:101D70005BD0464605F11809D5E90032D5F820A018
:101D8000DAF838441C40C4F3080B002C70D113431C
:101D900070D195F831305A064CBFDAF83424EA692C
:101DA000AA619AF84504023ADAF82C14630A8240D0
:101DB00001EB54211144BBF1000F45D1B6F5007F72
:101DC00042D3DAF81C2291423ED0B6F5806F58D348
:101DD0004FF0010B0BFA00FBABEB030B730A9B45B7
:101DE00028BF9B4691424FEA4B240AD801EB0B03D4
:101DF0009A4206D20AF50470019106F0B5FD0199E8
:101E0000B8B1DAF814025B460268D2F814A03A4678
:101E1000D04770B123462744D5E900125B1842F140
:101E20000002361BC5E90032A8D1404603B0BDE828
:101E3000F08F95F832304FF0FF3043F0020385F811
:101E4000323003B0BDE8F08FCBF5007400220AF504
:101E50000470B44228BF344606F0B2FD0028E8D032
:101E600000EB0B01224638460AF000FB2346D2E77E
:101E7000AA6996E795F833305B060ED5AA69013258
:101E80008EE7DAF814023A4603681B69984700287F
:101E9000CFD04FF400731C46BDE74A465046A969AF
:101EA00001F0B4FD0028C4DB0CD0D5F820A0AA694D
:101EB00077E795F8313019077FF558AF49E7A1EB7F
:101EC000020853E795F8313013F0500FB1D0A8EB6A
:101ED00006084046AAE700BFF0B583B001220446D9
:101EE00085690DF10701D0E90067FFF725FF01289B
:101EF000A5610CBF9DF807004FF0FF30C4E90067F3
:101F000003B0F0BD2DE9F04F1F4690F8313083B09B
:101F10000446D0F81880002B51D01646D0E9001C9A
:101F2000BC4508BF91425CD056EA07024DD01D0760
:101F300004D5D0E90402B042BA4140D394F833202A
:101F4000751ED4F820A0019247F1FF309AF845247D
:101F50000932D2B2C2F1200ED540A2F1200900FA16
:101F60000EFB20FA09F045EA0B05054301984006EF
:101F700033D4481E20FA02F24CF1FF3051EA0C0C27
:101F800000FA0EFE20FA09F042EA0E0242EA0002CE
:101F900001D0954229D25B064CBFDAF83434E369AC
:101FA000A36104F1180906E0A169013D206A01F06E
:101FB0002DFD002803DD4A46002DF5D107E0002065
:101FC000C4F8188003B0BDE8F08F002383610120BE
:101FD000C4E9006703B0BDE8F08FE3692B44A36157
:101FE000F5E7012003B0BDE8F08FAD1AD9E700BFD7
:101FF0002DE9F04F174690F831208FB00546002AA2
:1020000040F0D7808B4691F8311011F0500F00F05E
:10201000D08003F003019A46032900F0CA80013101
:1020200003F0080041EA00030293002F00F0CB8088
:10203000396901F10E08B649A1FB0818DBE9001067
:102040004FEAD808014308F102085FFA88F805D082
:1020500000200021CBF81820CBE900010024029BCE
:10206000264643F040030393202206A95846FFF773
:1020700063FE00B3202840F09C809DF918209DF855
:102080001830002AC0F2A28034B9DBF80020A2F197
:102090002009DBF818200192444501D20134E4B252
:1020A000002B00F01381202206A958460026FFF7D6
:1020B00043FE0028DED11AF4007F7AD0029B9B07F2
:1020C00077D5002F75D0444517D2DDF804A0202223
:1020D00006A95846FFF730FE631C002861D020286F
:1020E00067D12CB9DBF80020DBF818A0A2F1200999
:1020F000DCB2A045EBD8CDF804A038220021284658
:102100009BF833401BF0C6FFDBF82030C4F380148B
:10211000019A2B620823002685F82C4085F831307F
:102120003B68C5E909297B60BE81B8F1000F33D057
:1021300008F1FF39B346DFF8DCA15FFA89F9012223
:1021400059462846FFF74AFD044690B390F900200F
:10215000002A2EDB202200211BF09CFF002E00F025
:10216000BC80BBF1010F00F0D780C123A3461E3411
:1021700004F81E3CBB8938461BB9D7E901239A42B3
:1021800005D006F05BFC2BF8020FA345F2D1013617
:102190005FFA86FBD845D2D8284600F0FBFA0646FF
:1021A0000DE05846DBF8186000F024FB002840F0F2
:1021B000918000231E4685F8313085F83330304653
:1021C0000FB0BDE8F08F4FF0030847E756BB44451A
:1021D00038BF0024852B7FF447AF3146382228468C
:1021E00001261BF057FF9DF81C209DF8193085F83B
:1021F000303002F03703D20658BF43F0080385F8A9
:102200003130DBF80030DBF82020203B2A62DBF89D
:102210001820C5E909239BF83330C3F3801385F8F0
:102220002C3021E7C02B28D0C12B7FF43CAF3A469D
:1022300006A9284601F0EEF9E8B1BB89DBB9D7E978
:1022400001329A4217D11AF4006FB2D11AF4884FB2
:1022500070D195F8333098076CD41AF4806FA8D1F8
:102260001AF4804FABD02846D5E90423FFF74AFE85
:102270000028A4D19DE70646F6E6029B85F8333098
:102280009DF819309B0702D5039B85F833300B9BD3
:10229000EB61DDE90823C5E90423DDE90C23C5E989
:1022A0000223002FCFD04FF000033A69BB813B6877
:1022B0007B609DF81B309A427FF4F5AEBE8ABDF874
:1022C0001C30F61AB6FA86F67609CDE6002F7FF4B2
:1022D000F2AE6EE7CBF818600BE78523237085F824
:1022E000309084F80190DAF80030002B46D00DF1E0
:1022F00013020DF1160105A89847BDF8143063814B
:10230000BDF8163023819DF8133023753FE700BFD9
:102310008988888840070120C02384F801B0237091
:10232000029B63F07F0385F833303B69E370BB8A1F
:10233000A3802CE795F83130D9063FF53AAF13F07A
:1023400001017FF436AF1AF4806F89D095F83320FD
:1023500092077FF52EAF002B3FF42BAFD5E900326B
:10236000134304D000220023A961C5E900232846B5
:1023700000F042FC00283FF41CAF20E745F6212383
:102380006381E381638202E72DE9F043002597B082
:10239000994690F8313001921495ADF81450002B05
:1023A0003ED191F831300F4613F0500F38D01378EA
:1023B000044616462F2B37D04FF0000801AB02AA77
:1023C00031462046FFF76AFC50B3019E3378002B5C
:1023D0003ED0002302AA39462046FFF709FEF8B195
:1023E000A44608AD04F13007DCF800000CF1100C35
:1023F0005CF80C1CAE465CF8082C10355CF8043C0C
:10240000BC45AEE80F00EFD1DCF8000008AF286053
:10241000204600F0BFF984F8318084F83380CDE79E
:10242000002017B0BDE8F08316F8011F2F29FBD05C
:102430000196B1B9382220463D6A1BF02BFE0123DC
:1024400040222562184684F8333084F83120E8E7CA
:102450004B4602AA39462046FFF7CAFD17B0BDE831
:10246000F0833822002108A83D6A1BF013FE0123E7
:1024700008AF10958DF8533040238DF851309BE70D
:1024800019B101F58961FFF77FBF0846704700BFAA
:1024900090F8313063B991F8313013F0500F07D014
:1024A0000B6813F01F0C03D113466246FFF7A0BD63
:1024B000002070478169F8B50446006A01B1013116
:1024C000012201F069F90128054632D901230146AC
:1024D000206A1A4601F0C0F9064650B3A3695BB3FF
:1024E00094F83320510612D5591CA94218D022F075
:1024F0004002E16984F8332005E0206A01F0A8FA7F
:102500003946B0B1A3694F1C99423A46F5D34FF012
:10251000FF322946206A01F09BFA50B1A16911B936
:102520003046A561F8BD2A46206A01F091FA0028DC
:10253000F6D100263046F8BD94F8333043F040031E
:1025400084F83330ECE700BF90F833309A0736D583
:10255000C16970B50546A1B90024214607E003789A
:1025600003F07F03037095F830308B4229D3013498
:1025700001222846FFF732FBE1B20028EFD100200C
:1025800070BD5B06006A34D590F84534D5E9022465
:102590000933013ADBB244F1FF34C3F1200CDA40D5
:1025A000203B04FA0CFC24FA03F342EA0C021A431F
:1025B0000023013201F050F90028CDD1DFE70020DF
:1025C000704700232C6A85F83130204685F8333077
:1025D00006F0CAF90028D2D004F5047006F0C4F958
:1025E0000028CCD0D4F840040368BDE870401B6AD2
:1025F000184701F04DFA0028AED1C0E790F831300D
:10260000DB0601D40020704710B5002288B00023FB
:102610000446FFF777FC08E020281BD19DF9003025
:102620009DF80020002B15DB32B1202269462046A0
:10263000FFF782FB0028EFD194F8333008222046C0
:1026400043F0020384F8312084F83330FFF77CFF35
:1026500008B010BD002008B010BD00BF2DE9F0414A
:102660004FF0000882B04A4F0646444641460022D9
:102670003046FFF7B3FA054630B10178C02969D07A
:10268000C1292BD0852909D096F83230002043F09B
:10269000010386F8323002B0BDE8F08196F831309F
:1026A00003F0370383803B6883B10DF103020DF122
:1026B000060101A89847BDF80630AB812B82BDF812
:1026C0000430EB816B829DF803306B75326A92F8AF
:1026D000103243F0010382F810322978A1F185000D
:1026E0000022B0FA80F0400901E00422A95CE30373
:1026F000012A02F1010243EA540311FA83F39CB266
:1027000001D10028F1D11F2AF0D908F1010896F86B
:1027100030305FFA88F18B42A9D2012206F1240100
:10272000306A01F015F90028AED0356A4480284699
:1027300006F01AF90028A7D005F5047006F014F980
:102740000028A1D0D5F8400403681B6A98470028E8
:10275000A1D199E796F8333013F0400F437814BFB6
:1027600043F0020303F0FD034370D6E90401D6E908
:102770000732C5E90201D6E902016B61C5E906012C
:1027800092F8103243F0010382F810322978A5E75D
:102790004007012038B590F8313043B390F9332029
:1027A000044690F83330002A0CDB056A284606F010
:1027B000DBF878B994F83230002043F0010384F854
:1027C000323038BD03F07F0380F83330BDE8384045
:1027D000FFF744BF05F5047006F0C6F80028E9D0FD
:1027E000D5F8400403681B6A98470028E2D001200E
:1027F00038BD00BF70B590F8313005465A064CD44C
:1028000080682B6AD3F83C341844B0F1806F01D350
:10281000002070BD2846FFF74DFE0028F8D0286A3A
:102820000024AE6990F84534023E9E40D0F82C3426
:102830001E443119052200F50470013406F0C0F879
:102840004FF4007200210028E2D01BF023FC286A1C
:10285000012390F8452493409C42EAD395F8313007
:102860005B0615D495F8332062F07F02D5E902317A
:1028700085F83320D0F83C249B1841F10000AB6070
:10288000D5E90431E8609B1841F10001C5E9043144
:102890002846BDE87040FFF77DBF006A01F0FEF9F1
:1028A000AFE700BF70B5044690F831009CB000233C
:1028B00010F0180F0C931A9303D0206A0B6A9842F9
:1028C00002D000201CB070BD40F601236846FFF71F
:1028D0005BFD0028F5D0A44604F130060EADDCF80F
:1028E00000000CF1100C5CF80C1CAE465CF8082CD7
:1028F00010355CF8043CB445AEE80F00EFD1DCF8CD
:10290000000009AA04F1240328609DF8305007CA8A
:1029100083E8070094F83330204684F8305063F0A1
:102920007F0384F83330FFF735FF0028C9D000213A
:10293000022208230EA815918DF86B208DF86930BE
:10294000FFF702FEBEE700BF38B591F8313013F053
:10295000500F02D10025284638BD40F60223044618
:10296000FFF746FB0028F5D01023204684F83130CD
:10297000FFF740FF05460028ECD0A16900220023A4
:102980002046E161FFF7BEFAC12294F8313084F8A5
:102990003320002BDFD04123204684F83330BDE8BC
:1029A0003840FFF75BBE00BFF0B5002597B01F466B
:1029B00090F831300192ADF814501495002B46D1A7
:1029C00091F831300E4613F0500F40D01378044682
:1029D00011462F2B3ED001AB02AA2046FFF75EF92D
:1029E000002834D0019B1B78002B41D0002302AA81
:1029F00031462046FFF7FCFA30B947B302AA314608
:102A00002046FFF7A1FF10B3A44608AD04F130063D
:102A1000DCF800000CF1100C5CF80C1CAE465CF805
:102A2000082C10355CF8043CB445AEE80F00EFD13B
:102A3000DCF8000008AE28602046FFF7EDF80199A9
:102A400001AB02AA2046FFF729F90028CAD10020CD
:102A500017B0F0BD013101910B782F2BFAD0316AFC
:102A600008A8FFF707F90028F1D0019908AEB2E7EE
:102A700002AA31462046FFF767FF17B0F0BD00BF3E
:102A80002DE9F04F0E4690F8311083B009079DF8FC
:102A900030B09DF834909DF838809DF83C7040F13E
:102AA0008580A2F2BC7294B27F2C7FD85A1E0B2A6A
:102AB0007CD80BF1FF321E2A78D8B8F13B0F98BFB3
:102AC000B9F1170F8CBF4FF0010A4FF0000A3B2FEE
:102AD00088BF4AF0010ABAF1000F67D10546019399
:102AE000FFF758FE002861D0019B51464BEA431B7B
:102AF0007B0817F001074BEA4424D34643EA481801
:102B000018BF6427A4B248EAC92806F001091FFAD1
:102B100088F800222846FFF761F8002846D090F890
:102B200000C0BCF1850F45D00CF14003DBB2012B96
:102B30003CD8ACF185010023B1FA81F1490902E0EA
:102B4000042310F803C04FEACB32012B03F1010339
:102B500042EA5B021CFA82F21FFA82FB01D10029D1
:102B6000EED11F2BEDD90AF1010A95F830305FFA4A
:102B70008AF18B42CDD2012205F12401286A00F0AE
:102B8000E7FE98B12C6AA0F802B0204605F0ECFEF2
:102B900060B104F5047005F0E7FE38B1D4F84004E4
:102BA00003681B6A03B0BDE8F04F1847002003B06C
:102BB000BDE8F08F95F831302A6A03F0370383803F
:102BC00092F8103243F0010382F81032B9F1000F8D
:102BD00002D0A0F810804482B20703D50775A0F890
:102BE00008804481730703D54775A0F80C80C48121
:102BF00090F800C09DE700BF90F833309A0762D587
:102C000070B5C56982B00446A5B313F0400634D050
:102C1000006AA26890F845C4013AE1680CF1090C19
:102C200041F1FF315FFA8CFCCCF1200E22FA0CF25C
:102C3000ACF1200C01FA0EFE21FA0CFCA16942EA6B
:102C40000E0242EA0C02013219B3013D6D1A013144
:102C50002A44019172BB63F07F03204694ED007B10
:102C600084F8333084ED027B84ED047BFFF792FD22
:102C700002B070BD012002B070BD816961B90195DB
:102C8000C1612946206A00F003FFC8B194F83330CF
:102C9000E1E70195E161DDE701AA006A019600F034
:102CA000B5FE00280CDB10D1019D002DE9D194F870
:102CB0003330D0E70023019900F0CEFD0028E5D1A4
:102CC000002002B070BD002070474FF0FF32A169B4
:102CD000206A00F0BDFE0028E6D1F1E72DE9F043BF
:102CE00090F8333083B004469D0740F1A1809146AF
:102CF0001A070E4600F19580B9F1000F00F0288107
:102D000023684D46206AA169D0F8382402EA0308F6
:102D1000C8F30807B8F1000F40F09480002900F0D4
:102D2000D48094F833305B0640F1EC8090F845C4D1
:102D3000D4E902320CF1090C013B5FFA8CFC42F140
:102D4000FF32CCF1200E23FA0CF3ACF1200C02FA86
:102D50000EFE22FA0CFCE26943EA0E0343EA0C037E
:102D60001344994280F0D5800131A16190F8452447
:102D70000239D0F82C3491401944B5F5007FC0F0E9
:102D80008A80B5F5806FC0F0A680012393406A0A5F
:102D9000A3EB0803934228BF1346D0F81C228A42B3
:102DA0004FEA432809D35F18BA4206D2002280F8BE
:102DB00010224FF0FF32C0F81C22D0F81402324625
:102DC0000768BF6AB84798B343464644A5EB080571
:102DD000D4E90072D4E90401DB1942F100029842FF
:102DE0009141C4E9003207D294F8331061F07F01B9
:102DF000C4E9043284F83310002D83D1D4E90201F0
:102E000098429141C0F09680534B1B68002B00F014
:102E10009D8094F83330484663F07F0384F8333064
:102E20000DE0D0E90423FFF76DF800287FF464AFCC
:102E300094F83230002043F0010384F8323003B0BC
:102E4000BDE8F08390F8452402394FEA5828D0F8BD
:102E50002C34914041441944002F8ED0C7F500789E
:102E6000012200F50470A84528BFA84605F0A8FD7A
:102E70000028DDD0384447444246314609F0F6FA8E
:102E8000B7F5007F206A9FD100F5047005F06CFD56
:102E9000002899D1CCE762686369009201932269A6
:102EA00023689342DDE900239A4112D2012200F502
:102EB000047005F085FD0028BAD02A463146384412
:102EC000A84609F0D3FA2B467FE7E16949B3A1612F
:102ED0004CE70522EBE7D0F81C328B4206D10023E9
:102EE00080F810324FF0FF33C0F81C32D0F81402D3
:102EF000324603685B6A9847002899D04FF4007304
:102F0000984662E704F1180200F080FD00288FDB8C
:102F100004D12046FFF7CEFA002889D0A169206AA3
:102F200024E72046FFF7C6FA002881D0A169206A6D
:102F3000E1611BE794F833104846C4E9023261F0BE
:102F40007F0384F8333003B0BDE8F083484676E76A
:102F5000D4E9003252E700BF4007012069B170B5E3
:102F6000054608460C461DF059FA2B6802462146D4
:102F700028465B68BDE87040184770478368C3F314
:102F8000080383B1002110B40269D1540133B3F5B1
:102F9000007FF9D10168D0E903321C681846636AE2
:102FA0005DF8044B18470120704700BF8268034654
:102FB000006940F2FF1CC2F3080281546245586860
:102FC00001EB7001986800F10100C3E9011001D024
:102FD00001207047D868196810B404684A1C646AF4
:102FE0001A601A6923465DF8044B184738B58368A0
:102FF000CAB20D460169C3F3080340F2FF1C044640
:10300000CA546345416802EB71024260826802F172
:103010000102826005D0290A2046BDE83840FFF74A
:10302000C5BF0168C0684A1C03685B6A22602269E8
:1030300098470028EFD138BDF8B500230646016057
:103040001D46C0E90133A8B205F00CFEA8420446B3
:1030500007D0C1B23046FFF7A9FF00283BD10020BE
:10306000F8BD6C1CB4F5803F04D12AE00134B4F5FE
:10307000803F04D0A0B205F0F5FDA042F6D0671B5A
:10308000B7F5007F1DD34FF6FF713046FFF7AEFF57
:103090000028E4D0B9B23046FFF7A8FF0028DED000
:1030A0002546B5F5803FCED13046BDE8F840FFF764
:1030B00065BFC5F3072130460135FFF777FF0028CC
:1030C000CDD0A542E9B23046EBD2FFF76FFF002822
:1030D000EFD10020F8BDC4F307213046FFF766FFAB
:1030E0000028BCD00135DCE72DE9F04F1F4689B040
:1030F0000B680D4604901446C16002610846DB6906
:103100009847B0F5801F0090C0F0D88000230122BE
:10311000009E01335200DBB201D09642F9D81C2B3D
:10312000009640F2B780A3F10B08012248FA02F1A1
:10313000C8F347088A4002910792013301225B10CD
:103140009A40069204229A400392022202FA03F362
:103150000193009A0021039B2046029E4FF0010A32
:10316000D31A4FF400724AF6552BF34003FA06F9CE
:103170000593019E1AF08EFFFF2384F8BFA184F807
:10318000C0A1B14484F8C431224684F8C531072374
:103190000021284684F8C231FE23C4F8C66184F8B1
:1031A000C3312B68C4F8CA915B6AA4F8FEB1984792
:1031B000002863D04FF40072002120461AF06AFF05
:1031C000009B84F86D804FF000086366F421059B36
:1031D00004F17800069AE365202326642372637263
:1031E000A372EB23A665464623707623C4F8489065
:1031F0006370902384F86EA0A3704523E370582376
:103200002371462363714123A3715423E371042383
:1032100023664FF48073A4F86830092384F86C3077
:103220008023C4E9142284F86F304FF4C3721AF07B
:1032300031FFA4F8FEB1A8F16A03012B06D9B8F159
:10324000700F03D014F8083003EB760608F101087C
:10325000B8F5007FEFD12B682246DDF804902846B0
:103260005B6A4946984748B12B684946224628463A
:103270005B6A0C31CDF80490984740BB2FB13B6896
:103280000F22B84938465B6898470026304609B097
:10329000BDE8F08F1A2B4FF0080800F2A6814FF41A
:1032A0008043CDF8088001934FF4004303934FF41B
:1032B000807307934FF4005306934AE7002FE4D03E
:1032C0003B681522A84938465B689847D7E74246CD
:1032D0000021204609F1010A1AF0DCFE4AF65523C6
:1032E00009F1090204F2FF19A4F8FE310023934604
:1032F000A04601E018F8013FC14503EB7606F9D17D
:103300002B682246514628465B6A98470028B5D06C
:103310002B6822460AF10C0128465B6A9847002870
:10332000ACD00AF101039B4502D09A462378DFE72F
:103330004FF40072002120469B461AF0ABFE00229B
:103340000AF1030A1146234601E013F8011F9845CC
:1033500001EB7606F9D12B682246594628465B6A6E
:10336000984700288AD02B6822460BF10C0128468A
:103370005B6A9847002881D00BF101018A456AD128
:10338000231F04F5FE7243F8046F9A42FBD12B68A9
:10339000224628465B6A984700283FF46FAF2B68A7
:1033A0000BF10D01224628465B6A984700283FF43E
:1033B00065AF2FB13B680C226C4938465B68984773
:1033C000069A0021019B2046002613444FF4007208
:1033D0009946059B4FEA83081AF05CFE23464FF09E
:1033E000FF3208F20728F821B7F1000B4FEA582AFC
:1033F00003F8011B4FEA9838C4F8012018BF4FF0BA
:10340000010BDA605A609A60C3F80F2002E00136BF
:10341000B24523D0B6FBF8F308FB136343B9BBF105
:10342000000F05D03B680122514938465B68984738
:103430002B6809EB0601224628465B6A984700285C
:103440003FF41CAF002EE2D131464FF4007220460B
:103450001AF020FEDBE78B46217874E7002F34D08A
:103460003B680222434938465B689847059E079AA5
:103470000736F60806F2FF13B2EB532F4FEA532933
:10348000FFF4FDAE4FF40072002120461AF002FE58
:1034900007232370B9F1000F00F08A804FF0000875
:1034A00008E0B8F1000F01D184F8008008F10108AC
:1034B000C1457BD9039A28462B6802EB08012246B6
:1034C0005B6A98470028ECD1D8E6059E079A073634
:1034D000F60806F2FF13B2EB532F4FEA5329FFF41D
:1034E000D4AE4FF40072394620461AF0D3FD0723BC
:1034F0002370B9F1000FD1D1039B079A0498991852
:10350000FFF79AFD00283FF4C0AE029A4FF4007313
:103510009340049A92689A423FF6B7AE4FF0020881
:10352000029B4FF40072002108FA03F9039B204626
:1035300099441AF0AFFD81220323049909F1FF3960
:1035400084F820208222237084F84020C4E90D866C
:103550004A684FF00108636562648B68A3650023C5
:10356000E3650EE0B03A0020503A0020683A0020AF
:10357000BC3C00208C3A0020079B98453BD208F1C8
:1035800001082B6809EB0801224628465B6A984728
:10359000064600283FF472AEB8F1010FECD14FF4AB
:1035A0000072002120461AF075FDE8E7002FA3D035
:1035B0003B681622144938465B689847039B079A74
:1035C00004989918FFF738FD00283FF458AE029A86
:1035D0004FF400739340049A92689A423FF64FAEBC
:1035E0000A493846FFF7BAFC98E74FF48072CDF8E5
:1035F00008800792A1E5002F3FF448AE0449384601
:10360000FFF7ACFC42E600BF783A0020903A002079
:10361000A03A00202DE9F0410C46154601F11E08A4
:10362000AB89284634F8027F1BB9D5E901239A42B9
:103630000ED005F003FA05F015FB0646384605F0F6
:1036400011FB864209D14445EAD10120BDE8F08151
:10365000B7FA87F04009BDE8F0810020BDE8F081AD
:103660002DE9F04F90F8313083B08846002B4FD0D1
:1036700090F830300746012B53D9013A0B464FF0F2
:10368000020A00248E18DFF8A0B000225146384606
:103690000193FEF7A3FA00283AD00278C12A37D165
:1036A000054600F11E09019B35F8020F24B300F511
:1036B000105292B2B2F5806F2AD20BEA8424C0F382
:1036C0000900204300F580301946324605F02CFAF7
:1036D0000346E8B100244D45E6D10AF1010A97F806
:1036E00030205FFA8AFA5245CFD2A3EB0800984601
:1036F000002388F800300FE000F5205292B2B2F5B6
:10370000006F02D30028DFD1EFE7B2F5806F06D358
:103710000023184688F8003003B0BDE8F08F044657
:10372000D9E70020E4E700BF00FC0F0070B50C46AD
:1037300000234FF6FF75226819461E46A3812361B8
:10374000626017E005F07AF9A84222D005F08AFA03
:103750002369F203A189013342EA5602060A236172
:1037600052FA80F083B2C0F34E0040EAC33016FA3A
:1037700080F086B220460029E4D1D4E901239A42A0
:10378000E0D12069A6820138FE288CBF00200120EC
:1037900070BD002070BD00BF2DE9F84F07468A4676
:1037A0009146002942D0A1F10208D7F830344345B0
:1037B00042D908F007030125C8F3C80B9D40EDB2BC
:1037C00046464446D7F82C140022384601EB143103
:1037D00005F0F6F8E8B10BF1FF3B834400F2FF106F
:1037E0001BF8011F0AE04A452BD0A04510D0D7F89E
:1037F0003054A54214D913F0FF050CD001342942EE
:103800004FEA4503A4EB0602EDD0A0452646EED1D3
:103810000120BDE8F88F58454FF00105E0D101E0E7
:103820000026344601254FF0000BCBE7D0F820846A
:10383000D7F830344345BCD84FF000080125C346C3
:10384000BEE7BAF1000F04D1B9F1010F08BFC7F804
:103850002064B01CBDE8F88F2DE9F8438046881E2F
:1038600015461E468318D8F83024934237D8CEBB6D
:10387000D8F82034834288BFC8F8200400F007033A
:103880000124D8F82C74C0F3C8099C4007EB103110
:10389000E4B2012240468F1805F092F8F8B109F120
:1038A000FF3E864400F2FF101EF801CF1CEA040F11
:1038B0008CEA040C4FEA440414BF01220022B242F5
:1038C0000DD0013D8EF800C018D014F0FF04EDD1EA
:1038D0007045A1464FF00104E6D13946D9E70020F2
:1038E000BDE8F883D8F820148B42C7D98142C5D3EC
:1038F000934228BF0023C8F82034BFE70120BDE869
:10390000F88300BFF8B5D0F8303401338B4201D2D0
:103910000020F8BD07460C4600F50476002505E0BA
:10392000D7F8303401350133A342F1D3D7F824144A
:103930000022304601EBD41105F042F8A400002823
:10394000E6D0C4F308040459631CE9D1681CF8BD2F
:1039500038B50C460B6890F845C400F50470D0F8F3
:103960002812023B656803FA0CF3294003EB51234C
:10397000D0F81C12194405F023F818B16368C3F39A
:103980000803184438BD00BF2DE9F8430C46D0F8B1
:10399000383449680B4011446160134490F8451471
:1039A00001F10902D2B2D3402BB380465D1E00F56F
:1039B000047905E02368013D03F1010323601AD374
:1039C000267A002EF6D1D8F8303432462768484699
:1039D00001339F4212D8D8F8241401EBD71104F018
:1039E000EFFFBF0050B1C7F30807C3595A1C09D0F5
:1039F000013D2360E4D20120BDE8F8834FF0FF30A1
:103A0000BDE8F8833046BDE8F88300BF38B5D0F88C
:103A1000303401338B4202D24FF0FF3038BD0C46B8
:103A2000D0F82414154600F50470002201EBD411DF
:103A300004F0C6FF0028EFD0A400C4F30804035923
:103A40005A1C02D001202B6038BD002038BD00BFB9
:103A500001291BD938B5D0F830340C4601338B42DC
:103A600001D2002038BDD0F82414154600F50470AA
:103A7000012201EBD41104F0A3FF03460028F0D08B
:103A8000A4000120C4F308041D5138BD0020704774
:103A9000D0F830340133994201D9002070472DE924
:103AA000F04F054683B00C4600F504790F464FF001
:103AB0000008D5F82414002248464FEAD41B01EB35
:103AC000D41104F07DFF90B1A300C3F30803C258E2
:103AD0000193531C16BF16464FF0000A4FF0010A1F
:103AE000012C04D9D5F830240132944203D90020A6
:103AF00003B0BDE8F08FD5F824140122484659449C
:103B000004F05EFF0028F2D0019B40F80380BAF178
:103B1000000F12D00134B44208D00023E21B394612
:103B20002846FFF799FE0028E1D03746D5F8303413
:103B30000133B342DBD33446BBE7621C53463946FC
:103B40002846D21B03B0BDE8F04FFFF785BE00BF8B
:103B50002DE9F84300250646D0F82C1400F504782A
:103B60002C46002240464F1C04F02AFFA8B100F169
:103B7000FF3E04F58059D6F8300405E079B90834E1
:103B8000844209D24C4516D01EF8011FFF29F5D1F9
:103B9000083408358442F5D3401BBDE8F883082279
:103BA000012319424FEA430C18BF0135013A5FFA6D
:103BB0008CF3F6D1E3E73946D3E700BFF8B500232D
:103BC0004FF0FF3600F504771546C0F84014044660
:103BD00041601A46C0F81412194680F84434037044
:103BE000C66080F81032C0F81C62384604F0E8FE67
:103BF000042D0DD8064658B1BDB16B1E00EB031362
:103C000093F8BE2112F07F0202D193F8C2310BB9B2
:103C10000020F8BD00EB05163846D6F8B651294607
:103C200004F0CEFE06460028F2D005221A49F01C08
:103C300017F068F90028EBD196F86C30092BE7D122
:103C4000336D01462B44C4F82434736DC4F8283412
:103C5000B36D2B440125C4F82C34F36DC4F8303413
:103C6000336EC4F8343496F86D20C4F8200420462E
:103C700002F1090384F8452405FA03F35A1EC4F837
:103C80003C34C4F838242A46FFF786FD40232846F2
:103C900084F84434F8BD00BFC03A002010B5044693
:103CA000D0F83414FFF72EFE94F845340933DBB214
:103CB000984010BD70B590F9023082B00446002BD8
:103CC0000DDBA56805F1280004F04EFE00283BD16D
:103CD0006378002043F00103637002B070BD806818
:103CE0000122A169283004F06BFE0028F0D0A588DD
:103CF00005F00F056B0100EB4515C35CE52BE7D024
:103D000023781B0701D5E369EB61236A15491A0C77
:103D10006B830E68AA8266B10DF103020DF10601F4
:103D200001A8B047BDF80430BDF806202B836B8294
:103D3000EA82A378A56803F07F0305F12800A37049
:103D400004F012FE0028C3D005F50E7004F00CFE3E
:103D50000028BDD0286803681B6A98470028B7D0A0
:103D6000BBE700BF40070120024638B552F8105F9C
:103D700004468068294602F021F950B155B1236903
:103D80000135AB42A37818BF03F0BF0363F07F0394
:103D9000A37038BDA37843F04003F7E7F8B5047883
:103DA00014F0200404D11A4B054642699A4202D30A
:103DB00000273846F8BDFFF7D7FF07460028F7D0A1
:103DC000A8682E698279023E416996400E440179C5
:103DD000A9B1214606E01AF05DF9A868E1B20279BE
:103DE0008A420BD9314405222830013404F0E8FD21
:103DF0004FF4007200210028EDD1D9E782794FF409
:103E0000007369693846934011FA83F36B61F8BD1A
:103E100000FE1F0010B5044680680A462830A169DC
:103E200004F0CEFD20B1A38803F00F0300EB431094
:103E300010BD00BF10B5037804462BB1FFF73AFF61
:103E400000232370A37010BD002301202370A370F2
:103E500010BD00BF38B5037805460C4613B1FFF717
:103E600029FFF0B1A8680022A969283004F0A8FD54
:103E7000B8B1AA8802F00F0200EB421352015D684C
:103E800080589968DA6820606560A160E26018690E
:103E90005D699969DA69206101206561A161E2616A
:103EA00038BD002038BD00BF30B589B00D4614467E
:103EB0006946FFF7CFFF28B1BDF81020BDF80E30DE
:103EC0002A80238009B030BD30B589B00D46144634
:103ED0006946FFF7BFFF28B1BDF81820BDF81630BE
:103EE0002A80238009B030BD0B7813F0700F01D108
:103EF00000207047F0B540F6022389B00D46044615
:103F000001F0F0F838B1012210232046A27023708E
:103F1000FFF744FF10B9002009B0F0BD22692378F3
:103F200022626BB1636933B1A378002223F02003CE
:103F3000C4E90422A3702046FFF7BCFE0028EAD0A3
:103F4000A0680122A169283004F03AFD0028E2D0DF
:103F5000B4F804C010220CF00F0C4FEA4C1300EB25
:103F60004C1C8CF80B20C058A768236A97F806E011
:103F70009E1EDCF80410DCF80820DCF80C3006FA91
:103F80000EF6EE46AEE80F00DCF81000DCF8141078
:103F9000DCF81820DCF81C30AEE80F007B6907F174
:103FA00028000122F1184FF02033CDF80130CDF870
:103FB0000530ADF8093004F003FD84460028AAD08E
:103FC0002E27EE468DF800707646BEE80F00CCF83E
:103FD0000000CCF80410CCF80820CCF80C308DF898
:103FE0000170BEE80F00CCF81000CCF81410CCF82B
:103FF0001820CCF81C302B6A1A0CADF81A30ADF82A
:1040000014200FCECCF82000CCF82410CCF82820B7
:10401000CCF82C300FCECCF83000CCF83410CCF8E3
:104020003820CCF83C30A46804F1280004F09CFC53
:1040300000283FF470AF04F50E7004F095FC0028E2
:104040003FF469AF206803681B6A09B0BDE8F0401F
:10405000184700BF2DE9F041002694B09846037838
:104060000192ADF814600B96002B41D10B780D46F0
:1040700013F0700F3CD01378044616462F2B3BD01C
:10408000002728E0019E3678002E50D001F02AF853
:10409000034602AA294620462BB9B8F1000F27D0C3
:1040A000FFF722FF20B3A6460DF12C0CBEE80F004F
:1040B000ACE80F00BEE80F00ACE80F00DEF80050DF
:1040C00020462378CCF800500BB1FFF7F3FD019E9A
:1040D0000BAD2770A770314601AB02AA204601F054
:1040E0004DF9064602AA294600232046002EC9D1D2
:1040F000002014B0BDE8F0810136019633782F2BF3
:10410000FAD0AD68242200210BA819F0C3FF0D9549
:10411000EB79102B03D0202B0FD00C2BE8D12023D0
:104120008DF82C3001230BAD8DF82E30A8E702AAB4
:10413000FFF7DAFE14B0BDE8F0814023F0E700BFDE
:104140002DE9F041002594B098460378019202953C
:10415000ADF83850002B37D10B780E4613F0700FA6
:1041600032D01378044615462F2B31D000271EE09D
:10417000019D2D78002D40D000F0B4FFA6460DF132
:10418000080C08B366462578BEE80F00ACE80F00BF
:10419000BEE80F00ACE80F00DEF800302046CCF897
:1041A00000300DB1FFF786FD019D2770A7702946ED
:1041B00001AB0BAA204601F0E1F805460BAA3146F7
:1041C00000232046002DD3D1002014B0BDE8F0819B
:1041D0000135019529782F29FAD0A9B9B56824228B
:1041E000204619F057FFA560EB79102B03D0202B48
:1041F00022D00C2BE8D120221FE043460BAA00F06E
:1042000071FF14B0BDE8F081B6682422002102A835
:1042100019F040FF0496F379102B03D0202B03D024
:104220000C2BD1D1202300E040238DF8083001234E
:1042300002AE8DF80A3099E7402201232270184619
:10424000A370C2E719B101F58961FFF779BF08468C
:10425000704700BFCB6870B50D46044693B9067829
:104260000EB1184670BD8D682422314619F012FF38
:10427000A560EB79102B18D0202B10D00C2B14D06C
:10428000304670BD2422002119F004FF01201023C4
:10429000A0702370D5E90223A260236270BD402282
:1042A000012322701846A37070BD2022F8E700BFDA
:1042B00070B505780DB1002070BD0E46044624226D
:1042C000294619F0E7FEA660F379102B0BD0202BBE
:1042D00003D00C2B07D0284670BD4022012322704A
:1042E0001846A37070BD2022F8E700BF2DE9F04FFB
:1042F0002DED028B837883B00546DF0740F18C807B
:104300008846017892460E0700F191808C0608D508
:1043100083685A894369C3EB42139BB29A4528BF0D
:104320009A46BAF1000F00F0AF806A6905F11003F8
:10433000880656464FF0000908EE103AAF68C2F3FF
:10434000080B3DD5396A01EB5221BBF1000F51D169
:10435000B6F5007F4ED37A6B91424BD0B6F5806FA5
:10436000C0F082802878730A800605D43879A0EBE3
:104370000900834228BF034691424FEA43240CD8E8
:10438000C818824209D207F12800CDE9001304F0D1
:10439000EBFADDE9001300283ED0F86A026857699D
:1043A0004246B847002837D06A69361BA0442244E9
:1043B0006A6169D02978C2F3080BAF688806C1D456
:1043C00097F8059009EA5229BBF1000F36D1B9F1EF
:1043D000000F33D1002A33D14A064CBF3A6A2A6A09
:1043E0002A61023AB8797969824049441144BBF1A3
:1043F000000FADD0CBF50074002207F12800B442C5
:1044000028BF344604F0DCFA30B100EB0B01224641
:10441000404608F02BF8C7E76B784FF0FF3043F0C9
:1044200002036B7003B0BDEC028BBDE8F08FC36973
:1044300042699B1A9A4528BF9A4672E72A69D0E7D3
:104440000B0705D5AA78540602D52A690132C7E7B9
:1044500018EE102A3846296901F0FEFD0028DBDB42
:104460000CD0AF682A69BCE7F86A424603681B694A
:1044700098470028D0D04FF4007495E72B7813F0BC
:10448000700FC9D0AAEB060A504603B0BDEC028BF0
:10449000BDE8F08F70B582B0012204460DF107012E
:1044A000D0E90456FFF722FF01280CBF9DF8070052
:1044B0004FF0FF30C4E9045602B070BD436913F4F5
:1044C000F07F30B5044683B0C3F3431509D001290A
:1044D00007D120334361A068383000EB451003B0AA
:1044E00030BD01220DF107012046FFF7FFFE40B26B
:1044F000012803D163691F336361ECE70020EEE715
:104500002DE9F04103789AB0002613F0180F0896B1
:10451000119606D0174683688A6804460D469A426B
:1045200003D000201AB0BDE8F081FFF7C3FBA64618
:104530000DF1440CBEE80F00ACE80F00BEE80F0020
:10454000ACE80F00DEF800303246A169CCF800304C
:10455000A36803F1280004F033FA0028E1D0A28810
:10456000EC4694F8008002F00F0200EB421E52016C
:10457000DEF804108058DEF80C30DEF80820ACE8D5
:104580000F00DEF81410DEF81820DEF81C30DEF81C
:104590001000ACE80F0018F008033A46294640F036
:1045A0009B8008A8FFF756FD0028BAD0109EBDF8E2
:1045B000243000250E990122A3809DF82330A068A5
:1045C000E3700B9B2830A161E3608DF820508DF8DB
:1045D000225004F0F5F90028A3D0A38803F00F03BC
:1045E00000EB4310DDF80D30C0F80D30DDF8113070
:1045F000C0F81130DDF81530C0F81530DDF819308D
:10460000C0F81930BDF81D30A0F81D309DF81F30DE
:10461000C3779DF80B30C372002E3BD0A068B31E49
:104620002A46817928308B4050F8141C194404F034
:10463000C7F9054600283FF474AF006A6F46696AFF
:10464000AA6AEB6A0FC7286B696BAA6BEB6B0FC783
:104650003146A06801F022FD00283FF462AFA06857
:10466000236A82792830023B50F8141C93400122BF
:10467000194404F0A5F9064600283FF452AF6D46F0
:104680000FCD30627162B262F3620FCD306371633D
:10469000B263F36300210222082311A819918DF857
:1046A00046208DF8443000F0D3FE00283FF439AFA7
:1046B000A46804F1280004F057F900283FF431AF52
:1046C00004F50E7004F050F900283FF42AAF20687A
:1046D00003681B6A984725E740F601236046FFF709
:1046E0002FFD00287FF463AF1BE700BF0378DA06D5
:1046F00001D400207047436930B5044683B033B11C
:104700008378002223F02003C0E904228370002371
:104710000FE06361A3686A0138339A5C03EB4513C9
:10472000EAB1E52A04D02E2A02D0DB7A1B0722D573
:10473000636913F4F07FC3F3431503F12003E8D159
:1047400001220DF107012046FFF7D0FD40B20128FC
:1047500003D163691F336361DCE763785BB9A378D6
:104760000822204643F002032270A37003B0BDE884
:10477000304000F06DBE002003B030BD2DE9F041A7
:10478000037804460769002B39D00D464169A942D8
:1047900042D0002D37D018072AD5E269AA422ED37D
:1047A000D4F808C06E1EA2789CF8060012F0400FE4
:1047B00000F10900C0B226FA00F630D14A1EC2400C
:1047C00009B196422FD25B064CBFDCF82030236A39
:1047D000236104F1100806E02169013EA06801F0A0
:1047E0003BFC00280BDD4246002EF5D1A2780CE000
:1047F0009A06D5D5A3685B89B5EB431FF6D900208F
:104800002761BDE8F0818278056122F02002012055
:104810006561A270BDE8F0810120BDE8F081236AE6
:1048200033442361F1E7B61AD3E700BF2DE9F04125
:104830000E46154600212422044698469DF818701D
:1048400019F028FCB068336A00F13802A58005F041
:104850000F0502EB4512C4E90203D17A0B0711D40C
:1048600001F017012170D37A13F0180F02D141F033
:104870000801217008F00303E770012B38D0022BE8
:1048800006D0F3B1002318462370A370BDE8F08171
:1048900003232178CD06F5D4CE07F3D408F0080120
:1048A00018F4806F43EA0103A370416B958AA161FC
:1048B000518B41EA054112D019BB63F07F03A3700D
:1048C00010E018F4806FDDD108F0080343F0010315
:1048D000A370416B938AA161518B41EA034121622C
:1048E000D369E36118F4804F04D10120BDE8F08161
:1048F0000223CEE7E1692046FFF740FF0028F4D10C
:10490000C0E701F0CBFB0028BCD0A378D5E700BFFF
:104910000378002B45D12DE9F0470B7884B00C4685
:1049200013F0700F30D04B6913F01F052CD10646E1
:104930009046A94601220DF10F012046C3F3431A08
:104940005F09FFF7D3FC40B24FEA4A1201281BD19E
:104950006369A1681F3301F1380C63611CF8022000
:104960000CEB4A1C82B12E2A12D0A2F1E500B0FA5B
:1049700080F0400960B99CF80B1011F0080E12D0BD
:104980000F2907D00546D5E7002004B0BDE8F08721
:104990000025CFE75106CDD502F01F059CF80D90FC
:1049A000C8E70020704785B10CF10A0101E01CF84E
:1049B000012F4FEACE13614543EA5E0352FA83F3B7
:1049C0005FFA83FEF3D1CE45DED14346BAB221462B
:1049D00030460095FFF72AFFD7E700BF03780BB1F9
:1049E000FFF768B9012070472DE9F0470E460178BE
:1049F00082B009079DF828709DF82C909DF830A092
:104A00009DF8348018D5A2F2BC7294B27F2C13D8D2
:104A10005A1E01930B2A0FD87A1E1E2A0CD8BAF1FF
:104A20003B0F98BFB9F1170F06D8B8F13B0F03D869
:104A30000546FFF73FF918B9002002B0BDE8F0873E
:104A4000A8680122A969283003F0BAFF0028F3D032
:104A5000019B4FEA5802A98847EA4313F70701F080
:104A60000F0142EA4A1243EA442300EB41109BB291
:104A700042EAC92248BF4382B40792B208D518F06F
:104A800001080382C28118BF4FF0640880F80D80CE
:104A9000710701D50383C282AC6804F1280003F0DA
:104AA00063FF0028C8D004F50E7003F05DFF0028F6
:104AB000C2D0206803681B6A02B0BDE8F0471847FF
:104AC00083789B0727D5036A10B5044682B0ABB143
:104AD000016911BB019301621946A06801F0DEFA79
:104AE000B0B1A378616963F07F032278E161A370BC
:104AF00022B12046FFF7DEF802B010BD012002B05F
:104B000010BD6FF070422169A06801F0B7FA68B972
:104B1000002002B010BD00207047002301AA806869
:104B2000019301F099FA0028F2DBEAD1019B002BF6
:104B3000D7D0D1E72DE9F047837805469C0777D594
:104B400088461907914600F1B5806B6913EB09029D
:104B50006ED2B9F1000F40D04F464FF0000AA8685E
:104B6000C3F308062969447914EA53243FD1002E7F
:104B70003DD100296ED0AA78520676D5EA699A42CC
:104B800073D901312961023982794369914019440D
:104B9000B7F5007F53D3B7F5806F70D303797A0AE6
:104BA0001B1B934228BF1346426B8A424FEA4324A1
:104BB00007D35E18B24204D24FF0FF3280F828A02B
:104BC0004263C06A42460668B66AB04780B36B6902
:104BD0003F1BA04423446B61C1D1EA699A4276D25B
:104BE000AA784846EB6162F07F03AB7025E08279DA
:104BF00002394369914019442144002EC8D0C6F5BA
:104C000000740122BC4228BF3C46283003F0D8FE85
:104C100070B1304426442246414607F027FCB6F5E1
:104C2000007FA868D3D1283003F09EFE0028CED1A3
:104C30006B78002043F001036B70BDE8F087C6F588
:104C400000746A69EB69BC4228BF3C469A4205D3AE
:104C50000522DAE7296A21B3296194E7AB7813F0DA
:104C6000200F14BF05220122CFE705F1100201F049
:104C7000F3F90028DCDB24D0A868296983E7436BBB
:104C80008B4204D14FF0FF3380F828A04363C06A01
:104C9000424603685B6A98470028C9D04FF4007405
:104CA00095E72846FFF760F80028C1D02969A86871
:104CB000296268E7C169FFF761FD00287FF445AF0D
:104CC000B6E72846FFF750F80028D5D1B0E7054BE6
:104CD0001B682BB1AB78484663F07F03AB70ACE741
:104CE0004846AAE7400701202DE9F04F84468DB0E1
:104CF0001446156898460646894603AF01934FF05F
:104D0000000EBCE80F000FC7BCE80F000FC7DCF8AF
:104D1000003065603B604346A4F80CE0002B3FD0B8
:104D20004FF0010AA9EB0A0103A889B24901FFF774
:104D300025FD50B3002103A8FFF7C0FB074620B3B1
:104D400000250DE003F07AFE8046584603F08AFF06
:104D50008346404603F086FF834516D10D2D18D0BB
:104D6000EAB239463046013500F0E4FEA3898346B5
:104D70002046002BE6D1D4E901329342E2D1BBFABE
:104D80008BF040090DB0BDE8F08F00200DB0BDE8FC
:104D9000F08F0AF1010A019B5FFA8AFA5345C1D2EA
:104DA0000120EFE72DE9F04F07468DB016469A46F1
:104DB0000DF10C0C02F1150402F1200501914FF0E8
:104DC00000090FCFACE80F000FCFACE80F003B6835
:104DD000CCF800304FEAC91314F8012F43EA590305
:104DE000A54252FA83F35FFA83F9F3D133684FF0A7
:104DF00000087360A6F80C80BAF1000F4ED00127AE
:104E0000019B03A8D91B89B24901FFF7B7FC002811
:104E100055D0002103A8FFF751FB00284FD0059A79
:104E2000574500F1010B4FF0010492F828304FF084
:104E3000000543F0010382F828304FF00F030CBF48
:104E400047F040023A46C3724FF00003027003730A
:104E50004FF0000380F80D90438306E0ABF80000AC
:104E6000013401350BF1020BE4B2B08918B9D6E96F
:104E700001239A4216D0304603F0E0FD042DEBB238
:104E8000ECD90A2B02D8ABF80300E9E70D2CABF8FC
:104E90000500E5D10137FFB2BA45B1D201200DB00E
:104EA000BDE8F08FB8F1000F06D008F101084FF609
:104EB000FF705FFA88F8E1E74FF00108DEE70020B5
:104EC0000DB0BDE8F08F00BF02464FF0203152F820
:104ED000163B2DE9F043C0F81610864684685160F1
:104EE000C2F807101A782E2A14BF0120002003D11F
:104EF00013F8012F2E2AFBD0611E99420BD90A46C6
:104F000002E09342114606D01146013A91F800C0E2
:104F1000BCF12E0FF5D19C424FF0000540F2868087
:104F200007260827A946A84606E001330A264FF0BF
:104F3000080910279C425BD91A782E2A08BF99428B
:104F4000F3D0222A0DD07C2A0BD0A2F15B0CBCF14D
:104F5000020F06D9A2F12A0CBCF1050F21D82D2A87
:104F60001FD002F0C002802A5DD04E452FD2994258
:104F70002CBF002001200A2E08BF40F001000028AD
:104F800047D09EF81630202B40D09EF814300120D8
:104F90007E21312273448EF815009975DA75BDE8CB
:104FA000F083A2F13A0CBCF1050FDAD9A2F1210C81
:104FB000BCF15D0FD5D84E45D9D3A2F1610CBCF13F
:104FC000190F28D8203A3D43D2B2EDB201E00020BB
:104FD0005F2209F1010CF144013389F816205FFAD0
:104FE0008CF2062A914698BF8EF814209C42A3D8D2
:104FF0009EF81630202B09D00028C6D018EA050FDD
:1050000018BF02258EF81550BDE8F0830020BDE8DA
:10501000F0830B468EE7A2F1410CBCF1190F98BF4B
:1050200047EA0808D5E70133002083E7A846DFE711
:105030002DE9F84F4FF0620900250F460446DFF8CE
:10504000A0B04FF07E0A91F8148001F11606B8F175
:10505000030FDBF8003028BF4FF003082B449DB24C
:1050600008F10403DBB205F00F02581E2D09092ACE
:1050700002F1370198BF02F13001FA18C3B29175FD
:105080009845F0D107EB08030021204683F816A0CD
:10509000FFF774FB01212046FFF710FA03460B22AD
:1050A00030469BB193F800C01946BCF1000F13D0F5
:1050B000DB7A1B07EED418F021FF0028EAD109F1B2
:1050C000FF3919F0FF09C2D1484603E06078B0FA11
:1050D00080F04009BDE8F88F0120BDE8F88F00BFDF
:1050E000A4F501202DE9F04F2DED028B8BB0CDE919
:1050F00002038B6807930B7813F0700F53D0029B59
:105100001B78002B4FD1136990469A4A0E460C33F8
:10511000A2FB0323C3F3870298F815309807049283
:1051200000F0A780571CFFB20023304619461C46EA
:105130000693FFF723FB08F11603A346A146A246F8
:1051400008EE103A0594756900213046FFF7B6F96C
:10515000C5F34F15034620B30278E52A29D042B3A0
:10516000BC4238BF00242E2A2BD090F80BC0BCF1D3
:105170000F0F54D01CF0080C23D1B9F1000F40F0F0
:10518000D5800B2218EE101A18F0B8FE0028DAD1DC
:1051900098F8153013F0010300F0E4800123059323
:1051A000D1E7737883B100200BB0BDEC028BBDE872
:1051B000F08F002C08BFAA46BC4201D20134E4B2F1
:1051C00012B14FF00009BEE7039B9A05EBD503F03F
:1051D0000303013B012BE6D8002C08BFAA46BC42C2
:1051E00003D348E0DCB2A74245D000213046FFF7A8
:1051F00065F9631C0028F5D17378002BD3D1A74241
:1052000039D9079D05E02B7904EB0314E4B2A742DA
:1052100031D93046FEF7C2FD0028F4D1C3E7B9F119
:10522000000F19D102F01F0B049959458BD112F0D0
:10523000400988D0437B89460693BBF1010F82D198
:10524000691C4B464246304689B2FFF74DFD0028A7
:1052500008BF4FF0000976E70BF1FF3B5FFA8BFBCD
:105260005A45AED1437B069A9342E6D04FF00009EF
:1052700069E7012758E7059B2BB141463046FFF708
:10528000D7FE00288FD0013F42463046FBB20AEBE2
:1052900003051F46ADB22946FFF784FD002882D0E2
:1052A00069013046FFF76AFA00283FF47CAF00211D
:1052B0003046FFF703F9044600283FF474AF20227C
:1052C000002118F0E7FED8F81620D8F81A3022602E
:1052D000636098F82030B8F81E20A372228198F8F5
:1052E000153003F018032373234B1B68002B3BD0AE
:1052F0000DF123020DF1260109A89847BDF82430CD
:105300002382BDF82630E3819DF823306373079A2A
:1053100092F8283043F0010382F82830039B2A4694
:10532000314602980097FFF781FA3DE7BBF1010F84
:105330007FF439AF0A3001E013F8012F4FEACC11A6
:10534000984241EA5C0152FA81F25FFA82FCF3D1A1
:10535000069B63457FF427AF4F46039B19053FF536
:1053600022AFDBE71F46F8E745F62123238223839C
:105370006382CCE74FECC44E400701202DE9F04199
:105380001F460B7882B00C46202B154603D114F82B
:10539000013F202BFBD02C60237863B32F2B2AD026
:1053A0004FF00008294E211D204601AA03F00EFCF3
:1053B000044670B1019BB3F5803F40D27F2B08F1CA
:1053C000010831D83C2BD9B229D8212905D81F2969
:1053D00009D8002002B0BDE8F0812239C9B226FA0E
:1053E00001F1CA07F5D42E2B01D0202B1CD1237834
:1053F0000BB12F2BD7D12B69013BFE2BE9D823789A
:10540000202B03D114F8013F202BFBD02F2BF9D0F8
:1054100028463C6002B0BDE8F041FFF755BD5C296D
:10542000D7D005D97C29D4D0C5F81080AC60DEE790
:105430003E390129F8D8002002B0BDE8F08108F11A
:105440000208AC60C5F81080D1E700BF012100055B
:10545000F0B500238BB0019383789A0724D5016AB5
:10546000054619B1806800F019FEE8B1012128460F
:10547000FEF7D0FCC0B1421E00F10A0C0024E3018B
:1054800012F8011F43EA5403944551FA83F3DCB246
:10549000F5D1E52600230670AF682B7007F12800D0
:1054A000AB7003F061FA10B900200BB0F0BD07F546
:1054B0000E7003F059FA0028F6D0386803681B6AAA
:1054C00098470028F0D0EB78002BEED0294601A8B1
:1054D000FEF7C0FE0028E7D0EB78002BE4D00127D0
:1054E00021E001A8FEF7EAFF7B1CF9B20028DBD01F
:1054F000C27A0F2AD8D102785FFA83FC9FB202F0F9
:105500001F038B42D0D1437BA342CDD10670A96843
:1055100091F8283043F0010381F8283053060DD468
:10552000EB786345C0D3A98801A8C91B89B249019A
:10553000FFF724F900210028D3D1B5E7AC6804F1C6
:10554000280003F011FA0028AED004F50E7003F025
:105550000BFA0028A8D0206803681B6A9847A4E7C4
:105560002DE9F843DDF82090A2B105460C46984697
:10557000571801E0BC420DD02B68204649465E6AB0
:10558000C0472146024628460134B0470028F1D1E1
:10559000BDE8F8830120BDE8F88300BF486810B576
:1055A0000C4630B10B894A8901339BB29A420B8178
:1055B00001D9206810BD0368012203495B68984740
:1055C00000232068238110BDBC3C00202DE9F04F52
:1055D000054687B08846924600214FF40072406A23
:1055E00018F058FD286A28B103680C223A495B6814
:1055F0009847286A6B6A4FF00009EE690AF1FF329A
:10560000DFF8E0C0E968ADF814904C1CCDE9033038
:105610004FEA5A13ADF816303368DF6A674526D172
:105620006AB301EB0A07DFF8C0A00AE02146039A3B
:1056300030460134D84700283FD0A7421ED03368F7
:105640000498D3F824B00028F0D0BDF81430BDF889
:10565000162001339BB29A42ADF81430E6D80368A5
:10566000514601225B689847ADF81490DEE703AB22
:10567000214630460093194BB847F0B1286A20B153
:105680000368022216495B689847B8F1100F4FF083
:10569000F8016A6A4FF001030CBF04200C2011705E
:1056A000FF216A6AD15401339842FAD1E8696A6AE3
:1056B0000368E9685B6A984718B9002007B0BDE83D
:1056C000F08FD5E90231E86919446A6A03685B6AB8
:1056D000984707B0BDE8F08F683A0020C12A020061
:1056E0008C3A0020852A0200BC3C002038B5436A71
:1056F0004FF40075044600212A46184618F0CAFCEB
:105700004FF02031EB22A0F80B50C0F803100346F5
:10571000C0F807109021027076209970022258700C
:1057200094F82B1059734AF65521208D1A74F822DB
:10573000D8815A752269DA61A269A3F8FE111A624A
:1057400038BD00BF70B504464FF400720021406AB6
:1057500018F0A0FC656A2269216805F2BF1003F009
:1057600093F9A369226905F2C31021681A44013A2A
:1057700003F08AF994F82A204AF6552385F8C221C5
:105780002269E069C5F8C621626AA169A5F8FE31FF
:105790000368C5F8CA1100215B6ABDE8704018476C
:1057A00070B546694FF4807390F82BE00446A6F577
:1057B0008072456A4360B2FBFEF202F2011C4FEABE
:1057C0001C214FEA410C81600CF1A10098420ED9D6
:1057D0008033F21AB2FBFEF202F20111090A4FEA1B
:1057E000410C0CF1A1008342F2D3C4E901311B1A30
:1057F000A2F6F57103F18000B1F5704F20614FD230
:105800000CF1210C8133204602FB0EC2E360B2F59D
:10581000803FA26134BF0423062384F82A30012389
:105820002385FFF78FFF08B9002070BD2046FFF7E2
:105830005DFF2922A1684FF0203385F826204622FB
:10584000C5F82F30802085F836205422C5F82B303B
:10585000C5F83230312385F838203622E9824121DB
:1058600085F8393085F837104FF4007185F8240039
:1058700085F83A200F4BE069C5F827300368A5F892
:105880001110626A21695B6A98470028CCD062686F
:105890002046E3681021D21ABDE87040FFF796BE9B
:1058A000206A0028C0D00368132203495B68984728
:1058B000002070BD87D612003C3A0020F8B546693A
:1058C0004FF4005390F82BC04FF48042A6F580416E
:1058D000036142F2090E0446456A4260B1FBFCF1E5
:1058E00001F18103DB0983600EEB4300904240F23B
:1058F000B68002F50052B11AB1FBFCF101F181034F
:10590000DB090EEB43005F008242F2D3C4E90123BE
:105910004FF6F473994240F2978001FB0C2CA2F5EC
:1059200000522046D21B92B202F5005322854D4A06
:10593000E360ACF50053944594BF4FF00B0C4FF06F
:105940000C0CA36184F82AC0FFF7FCFE08B9002004
:10595000F8BD2046FFF7CAFEA16829224FF0203388
:105960008020696285F8422054214622C5F84B30D8
:1059700085F840004120C5F84730C5F84E30022375
:1059800085F85220332285F85410322185F85520AD
:1059900085F8530085F85610EB62E069324B334AC4
:1059A0002B630368C5F843205B6A626A21699847E4
:1059B0000028CCD0E069216903680631626A5B6A1D
:1059C00098470028C3D04FF400720021606A18F095
:1059D00061FBE069264A0368C5F8FC2121695B6A1E
:1059E0000231626A98470028B1D0E06921690368F2
:1059F0000831626A5B6A98470028A8D04FF0FF33ED
:105A0000E0691C4AC5E97A331B4B2A60C5F8E431CA
:105A100003682169626A5B6A01319847002896D061
:105A2000E06921690368626A07315B6A9847002868
:105A30008DD0A268204694F82B30202103EB42023F
:105A4000BDE8F840FFF7C2BD206A00283FF47FAFF1
:105A50000368132209495B6898470020F8BD5F007E
:105A600056E700BF0004FB000100060087D61200C5
:105A7000000055AA52526141727241613C3A0020C5
:105A800038B504460D68C16108466262EA6923625E
:105A9000904700F2FF736061DB0A062B236024D974
:105AA000102B13D80223B0F5800F84F82B3020463A
:105AB0002ED2FFF775FE0546206A05B320B10368B4
:105AC0000D2219495B689847284638BD202B23D9F9
:105AD000402B23D9802B23D9B3F5806F22D9B3F57E
:105AE000004F8CBF80234023DDE7206A20B103688C
:105AF00014220E495B6898470025284638BD0028C7
:105B0000FAD003680F220A495B689847284638BDD7
:105B1000FFF7D4FE0546CFE70423C4E70823C2E716
:105B20001023C0E72023BEE71C3A0020043A0020DF
:105B30002C3A0020042A04D801EB4202B2F80100FA
:105B400070470A2A03D801EB4202908870470C2A5A
:105B500003D801EB4201C88870470020704700BF9E
:105B6000F8B504780E467CB114F06004174607D0EF
:105B7000012A09D92F22002301200A704B70F8BD99
:105B80002146FEF747F918B9002318463370F8BDCF
:105B90000346A446082111E0027B114203D00EF116
:105BA000200E5FFA8EFE651CBD42EDD20CF1010C99
:105BB00006F804E0ECB2BCF10C0F10D0BCF1080FF9
:105BC00011D013F801EBAEF14102192AE4D9BEF16C
:105BD000200FE8D10CF1010CBCF10C0FEED1002329
:105BE00020463355F8BD1A78202AF8D010214FF0FE
:105BF0002E0ED8E72DE9F04F00248BB003788946AC
:105C00000194002B55D0C3780646002B58D001468E
:105C100001A89046FEF71EFB00284AD0F078002825
:105C200043D008F1FF38CB464FF0010AC844B18891
:105C300001A8A1EB0A0189B24901FEF79FFDC0B39B
:105C4000002101A8FEF73AFC98B3C37A0F2B30D19C
:105C500003785FFA8AF103F01F038B4229D1471CB6
:105C60000025042DEBB23FD83B8874BB03F52051CF
:105C700089B2B1F5006F3ED3A3B1184659464246EA
:105C800002F052FF8346A0B10024013502370D2DEA
:105C9000E7D10AF1010AF1785FFA8AF31FFA8AFA6A
:105CA0009942C4D2ABEB0900D946002389F80030F1
:105CB00003E00023184689F800300BB0BDE8F08FF0
:105CC000FFF74EFF0BB0BDE8F08F03F5105189B21E
:105CD000B1F5806FEDD20A4AC3F3090302EA8420CA
:105CE000184300F58030C9E70A2B94BFB7F803309A
:105CF000B7F80530B9E7B1F5806FDAD21C46C4E7D2
:105D000000FC0F00FFF776BF2DE9F843DDE90887B7
:105D1000C3B181460C4615465E1802E0C047B44246
:105D200010D0D9F8003021462A4648461B699847CA
:105D300003463A46204629460134002BEED1184648
:105D4000BDE8F88301231846BDE8F88310B4146851
:105D5000B4F5807FA44628BF4FF4807C01EB4C0053
:105D6000814207D231F8023B13B9536801335360C3
:105D70008842F7D8A4EB0C0414605DF8044B70471C
:105D800010B41468802CA44628BF4FF0800C01EB9F
:105D90008C00814207D251F8043B13B95368013398
:105DA00053608842F7D8A4EB0C0414605DF8044BF0
:105DB000704700BF2DE9F843C37904460D461746E6
:105DC000202B59D0102B30D00C2B51D1027AC1F39B
:105DD0004E01836900F50E7911FA85F1A2F10202F4
:105DE00048468EB2B2FA82F2C1F34621520901EB63
:105DF00003085200414602F0E3FD002838D0C6F304
:105E00000806731C865DB3F5007F23D01844037821
:105E1000EA07E26946EA03234CBF1B09C3F30B03FD
:105E20009A4240D20020BDE8F883027AC1F30721EC
:105E3000836900F50E70A2F102021944B2FA82F2EF
:105E40005209520002F0BCFD90B16D0005F4FF75DF
:105E5000435B25E0227A08F101014846A2F10202E3
:105E6000B2FA82F25209520002F0AAFD0028CED105
:105E70004FF0FF30BDE8F883027A816900F50E70BB
:105E8000A2F1020201EBD511B2FA82F252095200DC
:105E900002F096FD0028EBD0AD0005F4FE754359E5
:105EA000E2699A42BED301203B60BDE8F88300BF9F
:105EB0002DE9F843C37905460C461646202B48D0F9
:105EC000102B2DD00C2B41D1C1F34E01836900F56D
:105ED0000E7911FA84F11FFA81F8C1F34621CF1827
:105EE000037A4846022B394614BF0122032202F0EE
:105EF00067FD58B314F00104C8F308033FD0C25C37
:105F000002F00F0242EA0612C2540133B3F5007FD9
:105F10003AD0C6F30712034401201A70BDE8F88393
:105F2000027AC1F30721836900F50E70022A194431
:105F300014BF0122032202F043FD034630B1640086
:105F4000012004F4FF741E53BDE8F8830020BDE86F
:105F5000F883037A816900F50E70022B01EBD411EE
:105F600014BF0122032202F02BFD03460028EDD0CE
:105F7000A400012004F4FE741E51BDE8F883C65449
:105F80000133B3F5007F15D12B7A791C4846022BDB
:105F900014BF0122032202F013FD03460028D5D0CE
:105FA000C6F30712002CB7D1197821F00F0141EA8E
:105FB0001212B1E7C6F307120344F5E72DE9F041E9
:105FC000C46882B005460E468C42904640D30127F5
:105FD0000134EB6901AA2846A34205D29FBBEC68B5
:105FE00001273C44A3422ED3A64218BF012C2146D0
:105FF00029D9FFF7DFFE002825DBE9D0019B002B24
:10600000E6D107B1EC60EB69A3421CD36FF070429C
:1060100021462846FFF74CFF0746A0B13EB96B6A00
:10602000002B01DB013B6B62C8F800400CE0012E45
:1060300009D0EB699E4206D8314622462846FFF732
:1060400037FF0028EBD10027384602B0BDE8F081C9
:106050000C460027BCE700BF01290CD910B4C46965
:106060008C4203D35DF8044BFFF7A4BE4FF0FF3022
:106070005DF8044B70474FF0FF30704701290BD992
:1060800010B4C4698C4203D35DF8044BFFF710BF12
:1060900000205DF8044B70470020704770B505463E
:1060A00082B00C461DE0EB699C421FD8FFF782FED0
:1060B000064621460022002E284617DBEB699C424B
:1060C00014D8FFF7F5FE621E80B16B6A002B03F156
:1060D0000103A8BF6B62EB68A342019C88BFEA6022
:1060E0002EB1012C214601AA2846DCD8002002B09E
:1060F00070BD00BF2DE9F0470646406A84B0002815
:106100001BDAF2790C2A1BD1F7697B1C022B40F2B7
:10611000CD8002240025214602AA3046FFF74AFE20
:10612000002804F1010306DB57D1A7421C465CD0CE
:10613000F2699342EFD94FF0FF3004B0BDE8F08729
:10614000F169002096F8383201313469DB07CDE976
:10615000021000F1858000214FF0FF33202A06F560
:10616000127786F83812C6F8443242D0D6F800804A
:106170004F4BD8F80020D6F818A095699D4278D1E9
:10618000002C00F082800AEB0409136951463A465C
:10619000404698470028CED00299B1F5807F8E46C0
:1061A00028BF4FF4807E07EB4E0CBC450BD9039DF6
:1061B0003B46002233F8024B0CB9013502469C45A0
:1061C000F8D802B103950AF1010AA1EB0E01D145FD
:1061D00002915AD0D8F80020D7E7029A002AA4D119
:1061E000A74205F101051C46A2D1284604B0BDE82E
:1061F000F087D6F800A02E4BDAF80020D6F81890D9
:1062000095699D4246D1002C3FD009EB04081369E3
:1062100049463A465046984700288CD0DDF808C0D9
:10622000BCF1800FE64628BF4FF0800E07EB8E02D0
:10623000BA420BD9039D3B46002153F8044B0CB9DD
:10624000013501469A42F8D801B1039509F10109D7
:10625000ACEB0E03C845029317D0DAF80020D6E75E
:1062600006F50E7002F080FB00283FF464AFF2796F
:1062700071E7234602AC3A465146019440460D4C24
:106280000094A84700283FF456AF0398706204B00A
:10629000BDE8F087234602AC3A4649460194504691
:1062A000054C0094A8470028EFD144E7002044E7BC
:1062B0002D32020071320200A532020070B50023B7
:1062C0000446154601204FF0FF3204F128062160F4
:1062D000E371E060E162C4F83C1284F8283084F88D
:1062E00038326263C4F84422CDB1042D01D90020B4
:1062F00070BD1A461946304602F062FB6FF07043DB
:1063000000F5DF722B441D0102EB03130028EED0D1
:1063100019790029EBD0525D5206E8D19D68002220
:106320002946304602F04CFB0028E0D0B0F80B3094
:10633000B3F5007FDBD1037C5A1E2372012AD6D825
:10634000417B4B1E0129217163714FF00003A37142
:1063500044D0012252000133D2B2DBB2914204D0C8
:10636000082BF7D10020A37170BD1E46A371C18A0E
:10637000216109B9416A2161C289B0F811302A440A
:1063800063815B01A26190F810C003F2FF1301FB6F
:106390000C2202EB53232262B0F81320636102B98E
:1063A000026AED1AAB18F3405A1CE2614FF0FF325B
:1063B000626240F6F47293420CD94FF6F472934243
:1063C0000AD9C26A202322620120E3712163C4F842
:1063D000401270BD0C23F7E71023F5E71E46C6E711
:1063E000F8B500268F6B0D460446C0E90E669FB1D6
:1063F0000146242000F0DCF8068086708446AD6BF0
:10640000A0630FCDACE80F000FCDACE80F002B68F8
:10641000CCF800302046F8BDCB6B002BFAD00146FB
:10642000382000F0C5F880F8317047860246EB6BE3
:10643000E06303F130071E68103353F80C5C103230
:1064400053F8080C53F8041CBB4242F8106C42F895
:106450000C5C42F8080C42F8041CECD11B68204686
:106460001360F8BD10B50446806B10B1FDF7E2FC77
:1064700030B9E06B10B1FBF7CFFB20B9002010BDA5
:106480000023A36310BD0023E36310BD002952D095
:106490002DE9F0410446806B0D4617461E4610B1AB
:1064A000FDF7C8FCA0BBE06B10B1FBF7B5FBB8BBB8
:1064B000D5F88084B8F1000F11D02146242000F0D7
:1064C00077F8334600263A4606808670A063D5F8F2
:1064D0008014FDF7B7FE58BBA063BDE8F081D5F886
:1064E000843493B12146382000F062F8334680F8B6
:1064F00031803A46A0F83280E063D5F88414FBF787
:10650000BFFFA8B9E063BDE8F0810020BDE8F081DD
:106510000023D5F88084A363B8F1000FCDD1DEE766
:106520000023D5F88084E363B8F1000FC5D1D6E726
:106530000120BDE8F0810020704700BFF8B5044697
:10654000806B0D46174610B1FDF774FC38BBE06B4D
:1065500010B1FBF761FB38BBAE6B76B1214624204E
:1065600000F026F800213A4601808170A063A96BF3
:10657000FEF7CEF988B9A063F8BDE86B0028FBD020
:106580002146382000F014F83A4680F831604686FB
:10659000E063E96BFBF77CFF20B10120F8BD00232D
:1065A000A363D9E7E063F8BD0023E363D4E700BF4A
:1065B000084670472DE9F041002604469846C0F889
:1065C0008814C0F8806401464FF490601746FFF7C6
:1065D000EFFF424680F84464054680F87964A0F8ED
:1065E0007A64C4F88404D4F88814FDF7E7FAA0BBF1
:1065F0000026214640F26C40C4F88464FFF7D8FFBF
:106600000223C6714246A0F84864054680F84A64F1
:106610000372C4F88004D4F88814FFF74FFE38B929
:1066200000231A4A18461360C4F88034BDE8F0818C
:1066300005F589663046FDF7FDFB29463046FDF736
:1066400037FE0028ECD0124B1A68AAB91D600F4B18
:10665000AFB101201C60BDE8F08105F589663046C8
:10666000FBF7DAFA29463046FBF704FB0028BFD0D7
:10667000084B1A68002AE9D0044B002FE9D11A68A8
:10668000002AE6D00120BDE8F08100BF14540120AB
:10669000185401208008012070B500254FF47A7647
:1066A0000446456005738660C0E91255034D40F805
:1066B000105BFFF7EBFE204670BD00BFC87D0020D9
:1066C0004FF0FF30704700BF407C7047007D70473F
:1066D000407D704701207047007F70472DE9F047EB
:1066E0001E46C37C05460C46022B9146089F28D0C7
:1066F0002B68214628461B6E984798B1AC61B9F1CA
:10670000000F12D004EB090801E0A0450DD0394676
:106710002046B0472B6801462846DB6D0134984778
:106720000028F2D10020BDE8F087AB69287F4B44F8
:10673000AB610028F7D12B6828465B6EBDE8F047B7
:10674000184783698B42D3D1D9E700BF704700BF98
:10675000043002F0B5B800BF10B50446202105F0A2
:1067600023FF204610BD00BF2DE9F0411F46C37C2A
:1067700005460E46022B144624D02B683146284687
:106780001B6E984778B1AE6187B1002601E0B74231
:106790000CD02A68214628460136D26D04F50074D3
:1067A00090470028F3D10020BDE8F081AB69287F35
:1067B0003B44AB610028F7D12B6828465B6EBDE8EF
:1067C000F041184783698B42D7D1DDE72DE9F041CD
:1067D000204E074600F10408356805F51675ADB280
:1067E00003E03368EB1A1B0410D4404602F06CF847
:1067F000FF280446F5D1FD21404602F083F8BB7C1A
:10680000CBB900230120FB74BDE8F0811E23B87CC6
:106810007B740028F8D0387C012102F009F8FF21B0
:10682000404602F06FF8404602F022F80023184676
:10683000BB74BDE8F0810121387C01F0F9FF2146ED
:10684000404602F05FF8404602F012F80023BB74A5
:10685000D7E700BFA4F501202DE9F041C37C012B4F
:1068600035D0867C04464EB1043002F02DF8B0F1EC
:10687000FF0518BF01252846BDE8F081071D4FF030
:106880000108384601F0D6FF3146207C01F0D0FFE8
:10689000FF21384602F036F8384684F8128002F0BC
:1068A00013F8A37CB0F1FF0518BF0125002BE2D03F
:1068B0004146207C01F0BCFFFF21384602F022F85F
:1068C000384601F0D5FF2846A674BDE8F0810025C2
:1068D0002846BDE8F08100BF2DE9F843204F04466B
:1068E000884691463D68061D05F59675ADB203E0F4
:1068F0003B68EB1A1B040DD4304601F0E5FFFF287E
:106900002075F5D0FE281AD01823A07C637430B906
:10691000BDE8F8831D23A07C63740028F8D0207C98
:10692000012101F085FFFF21304601F0EBFF3046E9
:1069300001F09EFF00231846A374BDE8F8834A4681
:106940004146304601F0CCFF207538B9304601F0A1
:10695000BBFF304601F0B8FF0120D9E72523D4E77B
:10696000A4F50120F0B5002783B00C2104463A4677
:10697000C77400F05BF8B0B9A67C1EB9012630469A
:1069800003B0F0BD05460121207C01F051FF201D20
:10699000FF21019001F0B6FF019801F069FF304638
:1069A000A57403B0F0BD0923A67C6374002EE6D065
:1069B000251D207C01213E4601F03AFFFF2128469B
:1069C00001F0A0FF284601F053FF3046A77403B042
:1069D000F0BD00BFC27C022A03D0012A04D00120EE
:1069E000704703685B6E1847FFF7BCBF38B5036894
:1069F0000D460D4904461A6A8A420CD1C27C022A0D
:106A000004D0012A0BD00120257738BD5B6E984752
:106A10000028F8D138BD90470028FBD0F3E7FFF7F6
:106A2000A1FF0028F6D0EEE7F93E02002DE9F04183
:106A3000036882B00F463549019206461A6A8A42B7
:106A40005ED1C27C022A41D0012A5BD0B47C002CEA
:106A500047D0351D0C2F11D0DFF8B480D8F8004096
:106A600004F59674A4B204E0D8F80030E31A1A04CE
:106A700034D4284601F028FFFF28F5D10DF1040891
:106A800002AC47F04001284601F03CFF14F8011D1C
:106A9000284601F037FFA045F8D1002F28464FF0D7
:106AA0000A040CBF9521872101F02CFF284601F034
:106AB0000BFF2846013C01F007FF0306A4B2307526
:106AC00001D5002CF5D102B0BDE8F0815B6E98478E
:106AD0000028BBD1FF2002B0BDE8F081002FCDD04F
:106AE000F8E7351D284601F0A5FE2146307C01F06F
:106AF0009FFEFF21284601F005FF0123B374A9E79B
:106B00009047E5E7FFF72EFFE2E700BFF93E0200FE
:106B1000A4F501202DE9F04788B005464FF00008A4
:106B2000174601AC2E1D85F8128085F8118085F876
:106B3000158084E80E009DF80400287401F074FEAE
:106B40000121287C01F074FE6C490723C5E902137A
:106B500094E8070005AB83E8070030460ECB01F050
:106B600073FEAC7C85F81380002C67D00A240121C9
:106B7000287C01F05DFEFF21304601F0C3FE611E5E
:106B800011F0FF04F7D121460A24287C01F050FEC1
:106B9000002228461146FFF749FF012804F1FF3380
:106BA00004460AD013F0FF04F2D10123A87C6B74D1
:106BB000002851D108B0BDE8F0874FF4D572082104
:106BC0002846FFF733FF420757D56C752B68DFF86F
:106BD00030A19B6D534561D1687DA0F10204DFF8BF
:106BE0002491B4FA84F4D9F80030640903F5FA6802
:106BF000A4071FFA88F805E0D9F80030A8EB0303D2
:106C00001B0449D4372100222846FFF70FFF2246F4
:106C100029212846FFF70AFF0028EDD12B689B6D3C
:106C2000534565D1687D022849D0AB7CCBBB072397
:106C30000120C5E9027308B0BDE8F087304601F0D5
:106C4000F9FD2146287C01F0F3FDFF21304601F0DB
:106C500059FE0123AB7489E7287C012101F0E8FD8E
:106C6000FF21304601F04EFE304601F001FE0023C8
:106C70001846AB7408B0BDE8F087022304246B7596
:106C8000304601F021FE631E287513F0FF04F7D192
:106C9000AA289BD0062389E7172387E72846984729
:106CA0009BE70121287C01F0C3FDFF21304601F064
:106CB00029FE304601F0DCFD0023AB74B7E700226B
:106CC0003A212846FFF7B2FEA8B9304601F0FCFD94
:106CD00000F0C000C02801D103236B75304601F0DD
:106CE000F3FD304601F0F0FD304601F0EDFD9CE78C
:106CF0002846984797E7122358E700BF801A0600F6
:106D0000F53B0200A4F50120F8B500220D463A211A
:106D10000646FFF78BFEE0B9371D2C1D384601F003
:106D2000D3FD04F8010DA542F8D1B47C14B90124B7
:106D30002046F8BD307C012101F07AFDFF21384664
:106D400001F0E0FD384601F093FD00232046B374C6
:106D5000F8BD1223B47C7374002CE9D0341D307C50
:106D6000012101F065FDFF21204601F0CBFD204609
:106D700001F07EFD00231C46B3742046F8BD00BF21
:106D800070B5164682B000220446FFF74FFEB0B140
:106D90001B236374A07C08B902B070BD251D207C44
:106DA000012101F045FDFF21284601F0ABFD2846F9
:106DB00001F05EFD00231846A37402B070BD0546C5
:106DC000102231462046FFF787FD0028E2D0A67C3E
:106DD000002EE1D0207C012101F02AFD201DFF21A1
:106DE000019001F08FFD019801F042FD3046A5743D
:106DF00002B070BD0368254ADB6C934200B585B0D4
:106E00000FD16A460921FFF7BBFF38B19DF800306A
:106E100013F0C00308D0402B27D0002005B05DF848
:106E200004FB69469847F0E79DF809309DF80A2071
:106E300003F003039DF806109DF807005B0001F0C6
:106E4000030180009DF808C043EAD2139DF8052095
:106E500040EA812002F00F0240EA9C101344013006
:106E6000073B984005B05DF804FB9DF809009DF8CC
:106E7000073001309DF8082003F03F0300EB03408A
:106E800000EB0220800205B05DF804FBD54602004D
:106E900003680A4630B59B6D83B0164D0446AB427D
:106EA00024D1407D03284FF01201204618BF520222
:106EB000FFF7BCFD20B901231846E37403B030BDD1
:106EC0000C23A07C63740028F8D0251D207C0121B0
:106ED00001F0AEFCFF21284601F014FD284601F028
:106EE000C7FC00231846A37403B030BD0191984736
:106EF000019AD7E7F53B0200F8B51446C27C064676
:106F00000D46012A1F4602D183698B4205D02946CE
:106F10003046FFF7BDFF80B1B56187B1002501E0C4
:106F2000AF420CD021464FF400723046013504F5D3
:106F30000074FFF7D1FC0028F2D10020F8BDB3693E
:106F4000307F3B44B3610028F8D13046BDE8F840BB
:106F5000FFF708BD2DE9F84F9B46C37C06460C465B
:106F6000012B1546DDF82890DDF82C8002D18369CD
:106F70008B4205D021463046FFF78AFFB0B1B4619D
:106F8000BBF1000F15D004EB0B0A02E0C847A24585
:106F90000FD04FF4007229463046FFF79DFC07469C
:106FA0004246204629460134002FEFD10020BDE89B
:106FB000F88FB369307F5B44B3610028F7D1304666
:106FC000BDE8F84FFFF7CEBC03682DE9F0415F69DB
:106FD000164B9F421FD1C37C04460D461646012B1B
:106FE00002D18369994205D029462046FFF750FF18
:106FF00070B1A5614FF4007231462046FFF76CFC7A
:1070000030B1A369207F0133A36148B1BDE8F081AD
:107010000020BDE8F081BC460123BDE8F041604797
:107020002046BDE8F041FFF79DBC00BF1D440200B3
:1070300003680A4630B59B6D83B0164D0446AB42DB
:1070400024D1407D03284FF01901204618BF520279
:10705000FFF7ECFC20B902230120E37403B030BD3C
:107060000E23A07C63740028F8D0251D207C01210C
:1070700001F0DEFBFF21284601F044FC284601F028
:10708000F7FB00231846A37403B030BD0191984765
:10709000019AD7E7F53B020003682DE9F043DB6C6A
:1070A0001746414A85B004460E46934245D16A468A
:1070B0000921FFF765FE0546B5B19DF80A305A066D
:1070C00018D5637D032B01D076027F023246202142
:1070D0002046FFF7ABFC28B93A4621212046FFF7AE
:1070E000A5FC70B326236374A57C9DB9284605B022
:1070F000BDE8F08303F03F039DF80B205B0043EAFB
:10710000D2137A1C32431342DBD02723A57C63744D
:10711000002DEBD0251D207C012101F089FBFF21F2
:10712000284601F0EFFB284601F0A2FB00231D4694
:10713000A374284605B0BDE8F08369469847054624
:10714000BAE7024626212046FFF770FC0028C9D185
:10715000DFF8588042F2107704F10409D8F80030C3
:107160001F44BFB204E0D8F80030FB1A1B0417D448
:10717000484601F0A9FBFF280646F4D1A37C002B6A
:10718000B4D00121207C1D4601F052FB3146484617
:1071900001F0B8FB484601F06BFB0023A374A5E7A0
:1071A00028236374A0E700BFD5460200A4F50120A0
:1071B00070B5002282B00E4609210446FFF736FC66
:1071C000B0B11B236374A07C08B902B070BD251D4B
:1071D000207C012101F02CFBFF21284601F092FBCD
:1071E000284601F045FB00231846A37402B070BD89
:1071F0000546102231462046FFF76EFB0028E2D0FC
:10720000A67C002EE1D0207C012101F011FB201D85
:10721000FF21019001F076FB019801F029FB304637
:10722000A57402B070BD00BF70B5002282B00E46DA
:107230000A210446FFF7FAFBB0B11B236374A07C5C
:1072400008B902B070BD251D207C012101F0F0FAC3
:10725000FF21284601F056FB284601F009FB0023D8
:107260001846A37402B070BD054610223146204670
:10727000FFF732FB0028E2D0A67C002EE1D0207C74
:10728000012101F0D5FA201DFF21019001F03AFB08
:10729000019801F0EDFA3046A57402B070BD00BF50
:1072A00070B5051D16460446284601F02BFB4FF429
:1072B00000723146284601F02FFBFF21284601F0DD
:1072C00021FBFF21284601F01DFB284601F0FCFAB6
:1072D00000F01F032075052B04D02023A07C6374CD
:1072E00010B970BD012070BD207C012101F0A0FA11
:1072F000FF21284601F006FB284601F0B9FA0023D9
:107300001846A37470BD00BF2DE9F041174D064625
:107310000F4600F104082C6804F51674A4B203E0CB
:107320002B68E31A1B040CD4404601F0CDFAFF2869
:10733000F6D13A46FC213046FFF7B2FF18B1BDE85E
:10734000F08124237374B07C0028F8D0307C0121B4
:1073500001F06EFAFF21404601F0D4FA404601F0F8
:1073600087FA00231846B374BDE8F081A4F5012024
:10737000036870B59B6D1646224A82B004460D46DE
:1073800093423CD1407D03284FF01801204618BF9E
:107390006D022A46FFF74AFB0546B0B10D23637420
:1073A000A07C08B902B070BD251D207C012101F030
:1073B0003FFAFF21284601F0A5FA284601F058FAC5
:1073C00000231846A37402B070BD3246FE21204649
:1073D000FFF766FF0028E3D0A67C002EE2D0207CD9
:1073E000012101F025FA201DFF21019001F08AFA08
:1073F000019801F03DFA3046A57402B070BD98477F
:10740000C1E700BFF53B020010B4047F34B104684B
:107410000123A46AA4465DF8044B60475DF8044B61
:10742000FFF7A6BF10B584B004460DF1040C8CE83C
:107430000E009CE80E00FFF76DFB20B19DF80530B3
:1074400003F00103237704B010BD00BF0020704794
:107450000020704700207047704700BF084B002194
:10746000084A094810B499631C6B146012685DF8EF
:10747000044B1A639A6C22F081029A64017070477F
:1074800000002C403C07012000FC0120034B586AFF
:1074900080F08070C0F30060704700BF00002C4097
:1074A000014B1878704700BF00FC01202B4A2C4B81
:1074B000526AD3F800312B49C2F3C22203F03F03D2
:1074C000013270B5284C4FF47A75A4FB034305FBD9
:1074D00000F09B08B1FBF3FEBEFBF2FEB0EB1E1FFB
:1074E00035D201231E465B001A01BEFBF2F2824236
:1074F00001D9FF2BF6D9BEFBF3F2360290422AD215
:107500004FEA430C012200E0A446154603EB0C04AD
:107510000132BEFBFCF1814217D9102AF4D1F025CB
:107520004FF47A731149124A03FB0CFCBEFBFCF3C7
:107530000B60104BD16A0B402B43334343F4602361
:10754000D362536A1B07FCD570BD2D01E8E7724674
:1075500000260123D2E79C460025E1E700C00F404A
:1075600000800D4000EC695EABAAAAAAA404012029
:1075700000002C400F00F0FF014B1878704700BF4F
:1075800052D90020014B1868704700BF3C0701200A
:1075900010B4074C8C460FCCCCF800000120CCF87E
:1075A0000410CCF80820CCF80C305DF8044B704780
:1075B000E406012010B4074C8C460FCCCCF8000038
:1075C0000120CCF80410CCF80820CCF80C305DF881
:1075D000044B7047F4060120024B01201B680B602E
:1075E000704700BF04070120704700BF10B5044674
:1075F0000C2104F0D9FF204610BD00BF044B1B78BE
:1076000023B1044B18780230C0B270470120704794
:10761000FBFB0120FEFB0120184B1A7812F0C00280
:107620000FD0402A01D000207047587ADA79197AB1
:10763000013002F03F0300EB034000EB0120800229
:1076400070475A7A9979D87902F0030293F808C002
:1076500001F003018000520040EA812000B593F858
:107660000AE040EA9C105B7942EADE12013003F046
:107670000F031344073B98405DF804FBF406012018
:10768000404A0520404938B5D2F800413F4B44F00C
:1076900080043F4DC2F80041D2F8004124F03F047D
:1076A000C2F80041D2F8004144F01804C2F8004189
:1076B000D2F8004124F08004C2F80041D3F88020C1
:1076C00042F00C02C3F880205A6A22F460525A62D7
:1076D000DA6942F48032DA615A6A42F400625A622C
:1076E000C1F8CC01C1F8D001C1F8BC01C1F8C0019A
:1076F000C1F8C401C1F8C801AA6C264B42F000428F
:10770000AA64EA6A1343EB62EC6A14F08074FBD15A
:107710004FF4C870FFF7CAFE1B4B47F2B80241F2A4
:10772000B801C3F8CC411C48C3F8D041C3F8BC41F0
:10773000C3F8C041C3F8C441C3F8C841C3F8BC236F
:10774000C3F8C023C3F8AC23C3F8B013C3F8B42301
:107750001249C3F8B823124B6863C1F8F8314FF0EF
:10776000E0234FF480420F49602081F86E00C3F897
:107770000C21EB6A064A43F00063EB62D36A1B01FB
:10778000FCD438BD00800D4000801F4000C00F4079
:1077900000002C40008000010B007F1100DC002065
:1077A0008149020000E400E02DE9F04104F03CFCD6
:1077B000174E184D0746DFF8748004E004F034FCDF
:1077C000C01B40451BD8346B2C40F7D0124A002117
:1077D000124B1170326B1A601968114A31631B68C1
:1077E000134209D00F491F240F4B40F27A22002088
:1077F0000C701A60BDE8F0810120BDE8F081064AF6
:10780000064B1470326B1A601B683363EAE700BFE3
:1078100000002C4002007F11FFFB01203C070120EB
:1078200000007F1152D900201005012040420F00B6
:107830002DE9F843264C0F462378002B38D1254BF1
:107840005A6AD2052BD5234DDFF89480AB6A43F4F6
:107850008033AB6204F0E8FB064604E004F0E4FB8E
:10786000801B40452AD86B6A13F48069F6D007F173
:107870003C0C184807F50F77436A5B05FCD5ACF163
:10788000400353F8042F9C450262FAD10CF1400CDE
:10789000BC45F1D1012318462370BDE8F8839A6AEC
:1078A00022F480329A629A6A42F400329A62CAE7FB
:1078B000FFF77AFF0028C2D1BDE8F88306492124EA
:1078C000064B4FF47E7248460C701A60BDE8F88390
:1078D000FFFB012000002C4052D9002010050120A0
:1078E00040420F002DE9F041074688461F4C04F046
:1078F0009BFB1F4E054604E004F096FB431BB3427E
:1079000024D8636AD907F7D4BB02C4F8088020D40E
:1079100027F0FF03154C174EE36004F085FB144F6E
:10792000054604E004F080FB401BB8420ED8236BF0
:107930003342F7D0226B104B1A601A6822631A6820
:10794000D20703D51B6813F4702F0BD00020BDE8BD
:10795000F081A26CFBB222F0FF02A264A26C13437E
:10796000A364D5E70120BDE8F08100BF00002C40F2
:1079700040420F0001000F003C070120154B30B5BD
:107980000D4685B01968FFF7ADFF08B3124B05F13E
:107990000F041A6900925969019199690291DB6992
:1079A0000393002301E05EF8102C03F0030C013375
:1079B0004FEACC0C23F0030E0F2B22FA0CF20EF13F
:1079C000100104F8012D0DEB010EECD10023EB7337
:1079D00005B030BD0807012000002C4010B5037A27
:1079E000DB0705D5154B1B68B3B1BDE81040184740
:1079F000134B1B783BB9134B5C6A84F08074C4F35F
:107A00000064204610BD0F4B0F4C1B6B1C40B4FA9A
:107A100084F46409204610BD0C4B1C78002CF0D077
:107A20000B4B0C481968FFF75DFF0028E9D0054BA8
:107A30001C6984F48074C4F30024E2E73807012051
:107A4000FFFB012000002C4002007F11FAFB012007
:107A50000807012000001A0D08B5044B04481968F6
:107A6000FFF740FF08B1034B186908BD0807012064
:107A700000001A0D00002C4008B5074B0748196894
:107A8000FFF730FF30B1064B186980F48070C0F307
:107A9000002008BD012008BD0807012000001A0DC4
:107AA00000002C402DE9F047294B8946DFF8C0A0A3
:107AB000284ECAF8003004F0B7FA274D0446DFF824
:107AC000B480264F06E004F0AFFA001BB84229D874
:107AD000DFF75AFB31682846FFF704FF0028F2D091
:107AE000D8F81030DB05EED500234FF40072CAF849
:107AF0000030D8F8283023F48033C8F82830184BE9
:107B0000C8F804201B78CBB149461648FFF7EAFEB7
:107B100030B915490E24154B40F257420C701A60CB
:107B2000BDE8F087104A0A210020104B117040F286
:107B30004B42CAF800001A60BDE8F0874FEA4929B5
:107B400008484946FFF7CEFE0028E9D1E1E700BF2B
:107B50009D4F02000807012000001A0D40420F004F
:107B6000FEFB012020003A1952D900201005012007
:107B70003807012000002C402DE9F041254C002160
:107B80002548A36A23F48033A362FFF7ABFE0546C2
:107B900048B922490920224B40F23D2208701A6060
:107BA0002846BDE8F0811F4BDFF88080C8F8003020
:107BB00004F03AFA636A0646D80118D41A4F04E072
:107BC000DFF7E2FA636AD90111D404F02DFA831BBE
:107BD000BB42F5D9114A0A210025114B11704FF40F
:107BE00010722846C8F800501A60BDE8F0810022E3
:107BF000084BC8F800205A6A9207D1D5586B9A6A88
:107C0000D96A22F4803241F08061D96258639A6265
:107C1000C6E700BF00002C400000DB0C52D900205A
:107C200010050120B149020040420F003807012031
:107C30002DE9F04782468946364E04F0F5F9364D77
:107C40000446DFF80081354F04E004F0EDF9031B32
:107C5000BB4227D831682846FFF744FE0028F4D0FD
:107C6000D8F81030DA05F0D501232D4D2D4F5146AF
:107C70002B7000232C483B602C4BC8F80090C8F8B0
:107C800004302B4BC8F83830FFF72CFE0446A0B95F
:107C900028490420284B40F29F12087020461A60A1
:107CA000BDE8F08723490A20234B4FF4CC7200240F
:107CB00008701A602046BDE8F087204BDFF88890F6
:107CC000C9F8003004F0B0F92B780646BBB1DFF8F4
:107CD0004C8003E0DFF758FA2B7883B104F0A4F965
:107CE000831B4345F6D90023C9F8003011492520EC
:107CF000114B4FF4D172002408701A60DAE73B6828
:107D000000229B07C9F80020F0D53A680C4B1A42B4
:107D1000D0D0EBE70807012000001A0D40420F0009
:107D200000FC01203C07012011003A064000010040
:107D300002007F1152D9002010050120C549020020
:107D400000007F1100002C40380701202DE9F04190
:107D5000324D1446AB7A13F0400012D103F03F03CA
:107D6000EA7A5B0043EAD213621C0A43134208D04A
:107D70002B4927242B4B40F202320C701A60BDE8CD
:107D8000F081294B1B780BB9490264022748FFF7A1
:107D9000A9FD40B922490F24224B40F20A320C704F
:107DA0001A60BDE8F08121462148FFF79BFD40B9EC
:107DB0001B4910241B4B40F20D320C701A60BDE8B9
:107DC000F08100211B48FFF78DFD38B914491124BB
:107DD000144B4FF444720C701A60E2E704F024F97B
:107DE000154E164D0446DFF85C80154F3168284665
:107DF000FFF778FD18B1D8F81030DB05D1D404F0C6
:107E000013F9001BB842F1D905492824054B40F26B
:107E1000133200200C701A60C3E700BFF406012083
:107E200052D9002010050120FEFB012000001A207D
:107E300000001A2100001B260807012000001A0D6F
:107E400040420F0000002C402DE9F04F12F00304D7
:107E500083B018BF012401900093002B08BF44F0A9
:107E600001045CB140492520404B40F2F51200244A
:107E700008701A60204603B0BDE8F08F3C4B1546F1
:107E80003C4A0E46DFF80C91136004F0CDF8DFF8A1
:107E900008810746DFF804B1DFF8F0A006E004F03F
:107EA000C3F8C01B504544D8DFF76EF9D9F800106D
:107EB0004046FFF717FD0028F1D0DBF81030DA0557
:107EC000EDD5009A2C4B2B4903EA024300222B4F9D
:107ED0000A6043F400730121DFF8C4803970C8F8E8
:107EE0000020CBF80050CBF80430254BCBF83830CD
:107EF000244B1B7843B331460198FFF7F3FC8146CE
:107F00000028B7D0204B1B4A136004F08DF83B7853
:107F10000546DBB11D4E03E0DFF736F93B78ABB128
:107F200004F082F8401BB042F6D90023114A1360D6
:107F3000A0E70D4B0A2200210E481A704FF4FC7284
:107F40000A4B01601A6095E77602D4E70023094ADC
:107F50001360D8F800309B078CD5D8F800200C4B64
:107F60001A4208BF4C4685E752D90020100501206F
:107F70009D4F0200380701200000FF1F00FC012078
:107F800002007F11FEFB0120C549020040420F00A4
:107F900000007F110807012000001A0D00002C408E
:107FA0003C070120F8B50646007A0C461546C00786
:107FB0001F4613D483B10F4401E0BC420CD0336898
:107FC0002A46214630461B69013405F5007598475D
:107FD0000028F2D10020F8BD0120F8BD900712D092
:107FE000002BF9D00F4401E0BC42F5D033682A469B
:107FF000214630461B69013405F500759847002875
:10800000F2D10020E7E70648FFF71EFF0028E3D182
:1080100004490C24044B40F2A1320C701A60F8BDE4
:1080200037003A1252D9002010050120F8B5064653
:10803000007A0C461546C0071F4613D483B10F447F
:1080400001E0BC420CD033682A46214630465B6AC8
:10805000013405F5007598470028F2D10020F8BDDD
:108060000120F8BD900712D0002BF9D00F4401E099
:10807000BC42F5D033682A46214630465B6A01345B
:1080800005F5007598470028F2D10020E7E706487B
:10809000FFF7DAFE0028E3D104490E24044B40F236
:1080A0003D420C701A60F8BD27003A1952D90020E1
:1080B000100501202DE9F04F0025DFF8C0929B4C00
:1080C00091B0DFF8BC829A4E0172457289F8005077
:1080D000257088F800503570FFF7D2FA29462846F7
:1080E000FFF700FC50B90121924B40F28E22054669
:1080F00021701A60284611B0BDE8F08F03258E4F1D
:108100004FF4D5713846FFF7EDFB00284ED1013D05
:10811000F6D13378002B3DD0DFF868B203F084FF4E
:10812000864E0546DFF860A2854F00213046FFF7F6
:10813000D9FB50B9002517217E4B4FF42A722846EF
:1081400021701A6011B0BDE8F08F59465046FFF714
:10815000C9FB0028EED003F067FF401B794BB84203
:10816000E8D81A69002AE0DA1969774A11601B69B0
:108170005A0002D5012388F8003000217348FFF728
:10818000B1FB054610BB02216A4B40F2B1222170BF
:108190001A60AFE7FFF774FA29462846FFF7A2FBFB
:1081A0003378002BB8D14FF4401BB7E7654B1B6900
:1081B000B3F5D57F07D006215E4B4FF4257200251D
:1081C00021701A6096E701233370A5E7002160480B
:1081D000FFF788FB054630B90321564B4FF42D724B
:1081E00021701A6086E7574E5A4B32695A4F134036
:1081F0005A495B483B60FFF7C1FB054630B9072190
:108200004C4B40F2B92221701A6073E75549564829
:10821000FFF7B4FB054630B90821464B4FF42F72E7
:1082200021701A6066E739685048FFF75BFB054626
:1082300030B905213F4B40F2BF2221701A6059E747
:1082400039683E48FFF74EFB38B91421394B40F2EC
:10825000C322002521701A604CE702214448FFF731
:1082600041FB05460028F0D0B36A69466FF07F40B5
:1082700023F00603B362B36A43F00203B3624FF024
:1082800010137364FFF7D4FC9DF80D309B0743D5A2
:10829000002841D0274E6946364894F80080376858
:1082A000FFF7C6FC9DF8103003F00F03012B36D109
:1082B000A8B34CF25030304C0523C4F8CC31C4F88C
:1082C000D031C4F8BC31C4F8C031C4F8C431C4F8EA
:1082D000C831FFF7EBF8002347F2B802C4F8CC31FD
:1082E000C4F8D031C4F8BC31C4F8C031C4F8C431CA
:1082F000C4F8C83141F2B803C4F8BC23C4F8C023A1
:10830000C4F8AC23C4F8B0330123C4F8B423C4F8D0
:10831000B82389F80030EDE646F2A810CBE746F224
:10832000A81084F800803760C5E700BF52D900204C
:10833000FBFB01201005012000001A0800001A377D
:1083400040420F0000002C400407012000000902F9
:1083500000001A030000FFFF08070120F4060120B7
:1083600000000909E40601200000090A00001B07BB
:1083700000001A06F1FFFF8000801F40FAFB012079
:10838000FEFB01200000304000000229374B5A6AF2
:1083900092052DE9F0410F460DD49A6A22F48032FD
:1083A0009A6272B69A6A42F400329A629A6A42F407
:1083B00080329A6262B603F037FE2C4EDFF8C4803A
:1083C000054604E003F030FE431B434537D8746A8A
:1083D00014F40064F6D007F13C0C244807F50F773D
:1083E000436A1B05FCD5ACF14003026A43F8042F35
:1083F0009C45FAD10CF1400C6745F1D103F014FE15
:108400001A4F1B4D0646DFF87C8004E003F00CFE9B
:10841000831B43451DD83C6B2C40F7D03B6B154A62
:10842000136013683B63136813F002031BD01268D8
:10843000114B1A420CBF01200020BDE8F0810F490A
:108440001A250F4B40F2563220460D701A60BDE8D7
:10845000F0810A491D250A4B40F2613220460D7019
:108460001A60BDE8F0811846BDE8F08100002C409C
:1084700002007F113C07012000007F1152D900202B
:108480001005012040420F002DE9F047294B894695
:10849000DFF8C0A0284ECAF8003003F0C5FD274D14
:1084A0000446DFF8B480264F06E003F0BDFD001B54
:1084B000B84229D8DEF768FE31682846FFF712FA7D
:1084C0000028F2D0D8F81030DB05EED500234FF4A9
:1084D0000072CAF80030D8F8283043F48033C8F866
:1084E0002830184BC8F804201B78CBB149461648F1
:1084F000FFF7F8F930B915490C24154B40F2BD329D
:108500000C701A60BDE8F087104A0A210020104B59
:10851000117040F2B132CAF800001A60BDE8F0876D
:108520004FEA492908484946FFF7DCF90028E9D114
:10853000E1E700BF9D4F02000807012000001A0D6F
:1085400040420F00FEFB012030003A1252D90020B9
:10855000100501203807012000002C402DE9F041D2
:1085600000221D4C0D4642721146A36A1B4823F49B
:108570008033A362FFF7B6F940B919490924194BB2
:1085800040F2D3320C701A60BDE8F081002DFBD0B0
:10859000154B164E336003F047FD636A0746DA0158
:1085A00016D4DFF84C8004E0DEF7EEFD636ADB01F1
:1085B0000ED403F039FDC01B4045F5D9084A0A2105
:1085C0000020084B117040F2D73230601A60DBE7B0
:1085D000002328463360D7E700002C400000DB0C66
:1085E00052D9002010050120B149020038070120AE
:1085F00040420F000A4B1B7810B504461BB9637A42
:1086000043B9012010BDFFF7CFF80028FAD0637AF4
:10861000002BF6D020460121BDE81040FFF79EBF99
:10862000FFFB01202DE9F0410446007AADF5007D05
:10863000164610F0010513D093073CD001233848AB
:108640006A46FFF701FC00283AD04FF400726946F1
:10865000304603F00BFF28460DF5007DBDE8F081A4
:10866000DFF8CC800F4698F80030002B35D1637AC4
:10867000012B39D022682B49126A8A424AD198F8D4
:108680000020002A34D1002B39D139462046FFF78B
:10869000FBFEE8B101236760637231462046FFF7B5
:1086A00075FEA8B1636805460133284663600DF581
:1086B000007DBDE8F08101231948FFF7C5FB38B9FB
:1086C00019490B20194B4FF45D72002508701A6090
:1086D00028460DF5007DBDE8F081FFF765F800281C
:1086E000F6D0637A012BC5D16268BA42C2D1D4E711
:1086F000FFF75AF80028EBD0637A002BC5D0012190
:108700002046FFF72BFF0028BFD128460DF5007D3E
:10871000BDE8F081204690470028F6D0B5E700BFBD
:1087200011003A11195B020052D9002010050120F6
:10873000FFFB01202DE9F041047AADF5007D0F46E5
:10874000904614F001041DD012F0030F06D06846C5
:1087500011464FF40072804603F088FE0123424622
:1087600039462C48FFF770FB044630B92A490D20E2
:108770002A4B40F2114208701A6020460DF5007D28
:10878000BDE8F081264D06462B782BBB737A022B71
:1087900029D032682349126A8A4236D12A7832BBFC
:1087A000002B2BD13368394630461B6E9847002882
:1087B000E3D0022377607372336841463046DB6D45
:1087C00098470028D9D07368044601332046736067
:1087D0000DF5007DBDE8F081FEF7E6FF0028CCD066
:1087E000737A022BD5D17268BA42D2D1E4E7FEF790
:1087F000DBFF0028C1D0737A002BD3D00121304693
:10880000FFF7ACFE0028B8D0CCE7304690470028F0
:10881000B3D0C7E701003A1852D900201005012053
:10882000FFFB0120195B0200012103F063BC00BFC4
:1088300003F024BC08B5034653F8040B93E8060084
:10884000DDF724FA08BD00BF84B00DF1100C0CE96F
:108850000E00024623B11846136004B0F8F7ACBC12
:10886000024B1846136004B0F8F7A6BC0CCC0020ED
:108870000268D37C13B3D80704D5906A4FF0E02187
:10888000C1F80001990704D5D06A4FF0E021C1F882
:108890000401580704D5106B4FF0E021C1F808011E
:1088A000190704D5506B4FF0E021C1F80C01DB062D
:1088B00004D5926B4FF0E023C3F81021704700BF3E
:1088C0000068F8F7C9BD00BF0268FF23126853664D
:1088D000D36D13F4F81FFBD0506FC0B2704700BFC8
:1088E00030B50C4683B00546FF212046019215F0B5
:1088F000D1FB2868019B22462146F8F7A9FD0020FC
:1089000003B030BD03681A685166D36D13F4F81FC5
:10891000FBD0536F704700BF531EB3F5007F30B5D7
:108920001446ADF5017D054611D36AB10368481EB2
:108930001968821810F8013F4B66CB6D13F4F81FCD
:10894000FBD090424B6FF5D10DF5017D30BD6846EF
:1089500003F08CFD6A46234628681146F8F778FD37
:108960000DF5017D30BD00BF30B5037883B0DC0765
:108970001DD50446406804F110020368E1680192C5
:108980005B6A9847019A0546A8B12378990708D5EC
:108990006068D4E90231194403685B6A984750B1B2
:1089A000237823F001032846237003B030BD01254E
:1089B000284603B030BD0025284603B030BD00BFB7
:1089C000F8B543680BB3C36804460F4615468B429F
:1089D00006D110F8103B05F003052B432370F8BDBA
:1089E000FFF7C2FF88B16B0705D504F110063046CA
:1089F0000023E760EFE7606804F11006394603687A
:108A000032461B6998470028F1D10020F8BD00BF0D
:108A10004FF0000C024B82F800C01B68184700BFE3
:108A200044070120024A0349034B11601860704754
:108A300040070120355F02004407012010B50446BD
:108A4000808982B018B10023A38102B010BDD4E99F
:108A500001318B42F9D201AA184600F0B7F880B173
:108A6000019B6060B3F5803F01D298B2EDE7980AB0
:108A7000C3F30903A0F52150A3F5105380B2A381DD
:108A8000E3E74FF6FF70E0E7B1F5807F21D81029CA
:108A90002ED840234FF0200CB2FBF3F1B1F5806FDC
:108AA00020D203FB112300B5B2FBFCFEB3FBFCF3A9
:108AB0000CFB1E224FEA910CDBB201322CF03F0C72
:108AC000C9B2037042EA0C028170D2B242705DF802
:108AD00004FB3F239C46802910D9B1F5FC7F0FD8B9
:108AE0001B01D9E7FF21FE2341700370817070479D
:108AF000202916D880234FF0200CCDE7DB00CBE7F0
:108B0000B1F57C7F04D9B1F5FC6F03D89B01C3E7B5
:108B10005B01C1E7B1F57C6F94BFDB01C3EB0323BD
:108B2000BAE720239C46D6E77F28A2EB010205D8AE
:108B300012B10A4602F8010B10467047B0F5006FFB
:108B40000FD2012A40D94FEA901C00F03F030A4699
:108B50006CF03F0063F07F0302F8020B10464B708D
:108B60007047B0F5803F16D2022A2DD9C0F3851C7C
:108B700000F03F03CA1C63F07F0300B54FEA103ECC
:108B80006CF07F008B706EF01F0E4870104681F8FD
:108B900000E05DF804FB032A16D94FEA904CC0F3BD
:108BA0000532C0F3851300F03F0062F07F026CF0E5
:108BB0000F0C63F07F0360F07F004A700A1DC870DD
:108BC00081F800C08B70B7E70022B5E788423DD23C
:108BD000034610B490F900001C7800282DDA04F048
:108BE000E000C02834D004F0F000E02834D004F0D5
:108BF000F800F02826D104F0070404201844884225
:108C000020D8013313F8011B01F0C00C01F03F0123
:108C1000BCF1800F41EA841414D18342F2D1A4F153
:108C200080010F4B99420DD8A4F55843B3F5006F5E
:108C300008D314605DF8044B7047581C14605DF84D
:108C4000044B704700205DF8044B704700207047CC
:108C500004F01F040220D1E704F00F040320CDE745
:108C60007FFF10007E283ED94FF0350C002330B432
:108C7000284C04E034F82120824220D80B46ACEB8B
:108C80000302012A03EB5201F4D89BB234F82320EB
:108C9000904216D24B2400231F4D04E035F82120CA
:108CA00082421ED80B46E21A012A03EB5201F5D884
:108CB0009BB235F8232082421FD030BC70478C46CF
:108CC000DDE704EB8304821AE3789A42E2DA94F94E
:108CD0000230012B16D0D3B19BB2034430BC98B202
:108CE00070470C46DFE7A0F16103192B8CBF00230E
:108CF0000123A0EB431398B2704705EB8305688806
:108D000030BC704702F00102831A98B2D5E74EF2E8
:108D1000A033E2E724350020D02E0020704700BFAA
:108D2000F8B5504A4FF0400C4FF480314FF4805763
:108D30004FF400554FF4404443F24200136A9E073B
:108D400000F182809E0440F18380DE0440F1828045
:108D5000002BF3DA13F480367ED15B067ED5424CCD
:108D6000424AD4F88010424B41F003014148C4F814
:108D700080104FF0404191634FF440415163052111
:108D800016600822C0F8B4104FF08061C0F8A42229
:108D90000A205A680A435A60C3F8841003F0F0F8B6
:108DA000354AD2F8403143F00203C2F84031D2F8DC
:108DB00040319B07FBD4314D01F0D8F901242B1F22
:108DC00005F17C0243F8044F9A42FBD14FF48072C4
:108DD00000212B4815F05EF900222A49264B0A7023
:108DE0000321C3F89040C3F8A8112749C3F84821CC
:108DF000C3F85451C3F84C21C3F85821C3F84011AB
:108E0000D3F884212149224842F48052C3F88421B6
:108E1000D3F85821D3F85421C1F800021D4A4FF06D
:108E2000E0214FF48030C1F80C01C3F84821D3F899
:108E3000482142F01202C3F84821D3F8482142F4F5
:108E40004022C3F84821F8BD94625162906275E7F0
:108E5000556273E7576271E791626FE7C2F824C009
:108E60006CE700BF00800D4000C00F4000A00D4027
:108E70000080004200801F4000022E4000E00020E1
:108E8000C8050120FCFB0120158B010000DC00203F
:108E90007168020004000003036984469A68F0B513
:108EA0000D46510603D41B689A685206FBD5402232
:108EB000D5F808E005F13401EE6BAA602A681A6063
:108EC0006A685A60EA68DA602A691A616A695A61EE
:108ED000AA699A61EA69C3F828C0DA61EA6A1C687B
:108EE000DA622A6B012C03C91A6303F1340282E8A7
:108EF00003001A46DE6303D0126811680129FBD112
:108F0000156001222A601A6895421A462ED0002662
:108F1000116814460F680A4666622646BD42216201
:108F2000F6D10021546211629CF8341011F0FD0F4B
:108F300009D10F480168596289B10B6202600120B2
:108F4000C3F808E0F0BD0B48016859620029F4D16C
:108F500009490B6002600120C3F808E0F0BD074931
:108F60000B6002600120C3F808E0F0BD0024D8E7E0
:108F7000D0060120D8060120DC060120D4060120FD
:108F80002DE9F0479846CB88B3F5804F02D90020F1
:108F9000BDE8F0870D468146174601F02FF90646D9
:108FA0000028F4D001F02AF9044600286CD0E988A2
:108FB00000293BD1DFF8F0C03060394B0122DFF8E7
:108FC000ECA02B40D9F80000D5F804E0D5F80090CB
:108FD0007260C6F808A0F56003F58055356103F5A9
:108FE0000055756103F5405503F58043B561F361A4
:108FF00000236260C4F808C0E3604FF48053C4F8F3
:109000003C8023614FF40053A06263614FF44053EE
:10901000A3614FF48043C4E90B71E36131462260E0
:10902000C4E90D9EBDE8F047FFF736BF01F0E6F852
:1090300070B32A78E988D209194BDFF874C04FEA77
:10904000022E3B4082F001024EEA014E4EEA0C0C29
:109050004FF0010EC0F804E0C0F808C003F5805CD2
:10906000C760C0F810C003F5005CC0F814C003F579
:10907000405C03F58043C0F818C0C361094B306001
:1090800043EA022C046098E7304601F0BFF87EE71F
:10909000304601F0BBF8204601F0B8F877E700BF92
:1090A00000F0FFFF80800080808100808002080047
:1090B000800000802DE9F84F4FF0E0244FF4803A13
:1090C00099460746D4F80C318B46C4F88CA1164655
:1090D00003EA0A0801F092F8054600287DD0731EC5
:1090E0009C0B08D0824601F089F8002860D0013C32
:1090F000CAF80000F6D100230121B6F5804FC0F870
:109100003C9006632A460160374CC0E90A7BC0E9FF
:109110000D33364820D997F83530A6F58046516092
:1091200044EA0323B6F5804F93600BEA0003C2F8CC
:109130000CB00BF5804B03F5805CC2F810C003F552
:10914000005CC2F814C003F5405C03F58043C2F82C
:1091500018C0D3611268DED8360497F83500234C66
:10916000294646F4004301250BEA040443EA0023A0
:109170005560384643F08003936004F58053C2F88D
:109180000CB0136104F50053536104F5405304F52A
:1091900080449361D461FFF77FFEB8F1000F05D0E2
:1091A0004FF0E0234FF48032C3F80C21BDE8F88F74
:1091B0002C462D68204601F029F85445F8D1B8F125
:1091C000000F07D04FF0E0234FF480320020C3F8A7
:1091D0000C21EBE70020BDE8F88FB8F1000FF9D0C3
:1091E000C4F80CA1E2E700BF8000004000F0FFFFE0
:1091F0002DE9F04F534D83B02F6837B10026BB687F
:109200001A0605D53F6A002FF9D103B0BDE8F08FEB
:10921000BB681B0404D5BB6ADB6B0BB138469847AF
:10922000D7E9082363B11A626AB1B96853624C0680
:1092300045D43846174600F0E9FF002FDFD1E4E7B8
:109240002A60002AF1D140490B60BB685806F0D56E
:10925000BC6A3846019200F0D9FF2369019A33F0C5
:109260001F03D2D01746934605E09A681A681B6818
:1092700033F01F0305D09A685106F6D52361E660E6
:10928000A661BBF1000FBED0DBF808301A040AD586
:10929000E26B43F0400358462AB1DBF82820CBF8B4
:1092A0000830D36B9847DBF820A0584600F0AEFF9B
:1092B000D346BAF1000FE7D1002FA0D1A5E7384679
:1092C000BC6A019200F0A2FF0020019A8446174672
:1092D00083461146126A8B6AA3420AD0002AF8D14B
:1092E000C0B9BCF1000F25D1236933F01F03C2D1EF
:1092F000C7E74B6AD3B11A62AAB15362BBF1000F40
:109300000FD0CBF820108F4208BF17460E62002AFC
:10931000DFD1E5E70C4BC3F80080BCF1000FE3D0D0
:1093200008E08B46EFE798460120E7E791464FF0CB
:10933000010CE1E72369C5F8009033F01F039AD1CF
:109340009FE700BFD4060120D0060120884B2DE9FD
:10935000F041D3F844617703C3F844610AD5854FDF
:109360003C683CB1DFF82C82A36818067AD5246AE1
:10937000002CF9D134030BD57F4F3C6844B1DFF8A2
:109380001882A3681B0640F18380246A002CF8D160
:10939000B20700F19E8071070FD5754BD3F8844159
:1093A00044F02A02C3F88421A20744D4270704D436
:1093B000724B1A78022A00F08F8006F080733BB15E
:1093C0006E4B1A78012A00F0B980032A00F09B80C6
:1093D000B1012ED56A4F3C68002C2AD06369002663
:1093E000214630463B6006E02E6916442E614B61F3
:1093F000012619462B464861002B00F0B4801A69FB
:109400009861042A00F2A4805D69002AEFD0002D43
:10941000EAD14B615D613D605A4E00252146646989
:10942000C86803689B68B342C1E9055516D1002C92
:10943000F4D1BDE8F08114F00107504A71D01178E1
:109440000129B3D80120504926F0807610704FF0E2
:109450004042C3F88010C3F88420B9E79847002C35
:10946000DCD1E6E7A368190404D5A36ADB6B0BB172
:1094700020469847D4E908324AB3136223B35A62AC
:1094800020461C4600F0C2FE002C7FF46DAF71E751
:10949000A368180404D5A36ADB6B0BB12046984778
:1094A000D4E9083252B113625BB15A6220461C46BD
:1094B00000F0ACFE002C7FF464AF69E73B60002B4A
:1094C000F3D1C8F80020F1E7C8F80020D8E73B60E6
:1094D000D4E7FFF78DFE5EE764077FF579AF0320E1
:1094E0002349187042F21070C1F880004FF04040DC
:1094F000C1F88400D1F88411880501D523494A6355
:10950000F2017FF565AF0420194900221870D1F8E7
:1095100084011146C0F3816000F07EFB1C4B186093
:1095200056E717700222194BDFF864809A63D8F867
:10953000000000F0DBFDC8F8007037E70C4A02219C
:109540001970D2F8843143F48073C2F884313FE754
:1095500006B13D60064B013A4FF04041C3F8882008
:10956000C3F88C1058E7002E3FF456AF53E700BF06
:1095700000022E40D4060120DC060120FCFB012065
:109580009405012041620200A086010000A00D4068
:1095900014070120D0060120D80601208D4B012A96
:1095A00003FB01F1036B2DE9F04F85B01B7D4FEA02
:1095B00011410290104638BF0120022B00F0948028
:1095C00005234FF0010A4AEA5A02824280F0E48001
:1095D000013B4FEA4A0AF6D14FF0200ACDF80CA021
:1095E000029A039892F83530A2F84000002B40F020
:1095F000CF80843102244F0900234FF0FF36DFF87B
:10960000D8B1B04699460193DDF804E00BEBCE02E9
:10961000002512F8010B5178384492F802C0214419
:10962000D378A4448842234454D960454ED9834218
:1096300038BF0346B34202D2A946F0461E46013562
:10964000042DE6D1D644BEF11F0FDFD9019B0133B3
:109650009A450193D8D1BB2E42D8FFB2B8F11F0F63
:10966000E4B21FFA88F5DDE90232A3F84420A3F83A
:10967000489083F84A7083F84B40A3F8465015D8B9
:1096800009EBC803019E5B44F0001978B0449A7856
:109690003944B8F11F0F224419709A70D9781A7999
:1096A00021442244D9701A710344EED901201C23AD
:1096B000029900FA09F203FA09F3A1F8425081F87D
:1096C000362081F8373005B0BDE8F08F634538BFEC
:1096D0006346AFE76145F9D98B4238BF0B46A9E72E
:1096E000002005B0BDE8F08F0F2803464FF0010CB5
:1096F00001F1570128BF0F234FF0FF3E4C09002610
:10970000013B0299DFF8D0B077460CFA03FCBCF5B8
:10971000807F654628BF4FF48075EB08012B38BF6A
:109720000123A1F84030334600201BF803102B44DE
:109730002144884238BF0846FF2BF6D9704501D234
:10974000864637460136B542EDD1BEF1BB0FC7D8CC
:10975000029BE4B2FF2FA3F84450A3F8467083F8AD
:109760004A4008D83B461BF8031021440BF803106D
:109770002B44FF2BF7D9012A12D9022A1ED0BCF1A3
:10978000040F21DC07F0030211239340DBB208E051
:10979000663102274C092FE71FFA8AF303931FE76C
:1097A000FF230299FF080022012081F83630A1F83A
:1097B000427081F8372005B0BDE8F08F07F0010254
:1097C00055239340DBB2ECE707F0070201239340F7
:1097D000DBB2E6E7AB2A0100C8050120B0F8421071
:1097E000B0F840C01F2934D830B51A4C40F00205FB
:1097F00009E0B3F840E0E64511D2026044F8215098
:1098000061441F2924D854F82120D307F5D402F04D
:10981000060E22F01F03BEF1020FEAD007E09842C5
:10982000EED01A68D20706D41B6823F01F03B3F8E2
:1098300040206245F3D21A468242E1D0126832F0EB
:109840001F02F9D161441A681F2902601D60DAD92C
:1098500030BD704700E000202DE9F84305460E4674
:109860001446994600F0BAFC0746002865D000F07F
:10987000C5FC8046002800F0868060220021384622
:1098800014F008FC3C22002108F1040014F002FC52
:1098900001224023032EC8F80020C8F80830C7F87A
:1098A000108087F835907A613D6387F8346058D02E
:1098B0003CB16B68002B61D01A469B6B002BFBD12F
:1098C0009763297D002E3BD101294FF480408CBF46
:1098D00000220122D206230243EA0133089943EA17
:1098E0000143697D0B43134397F83720034343F04B
:1098F00070437B60AB7DE97D1B0443EAC15343EABF
:10990000022397F83620134343F08043BB6036F0C0
:10991000020318D1224BD3F85821D2B9796847F005
:10992000020241F4004179603A60C3F85871D3F8FB
:10993000402142F02002C3F840213846BDE8F883B8
:1099400000200246C7E7032EF7D13846FFF746FF4F
:10995000F3E7116847F00203384639601360BDE849
:10996000F883DDE908123846FFF718FE814678B122
:10997000002C9ED1297D20462246ACE7297D6F60D0
:10998000002EA1D0DCE73846474600F02FFCD4E794
:10999000404600F03BFC384600F028FC4F46CCE740
:1099A00000022E40F8B590F83430044613F0FD0F55
:1099B0003BD1036823F01F03984200F0CB801A6864
:1099C000194622F01F039C42F9D163681D0400F17F
:1099D000AC802368734A0B60D2F8403143F04003F7
:1099E000C2F84031D2F844319806FBD52023C2F8A2
:1099F00044316D4E35683DB16C4F28462D6A836AFF
:109A0000A3427FD0002DF8D1256935F01F0307D080
:109A10002B6828461D4600F0F9FB35F01F03F7D1EF
:109A20002046BDE8F84000F0E1BB614800F1800548
:109A300050F8042FD1070CD422F01F02944203D116
:109A400056E08C4259D00A46136823F01F01DB0709
:109A5000F7D5A842ECD1236B1B7D022B6AD0B4F85A
:109A60004650B4F844E01F2DB4F8483094F84A60EA
:109A700094F84BC018D803EBC5034E4A4FEACE0703
:109A800013449A7875441878A2EB0C02D978801B9D
:109A90001F2D9A70A1EB0C011A791870A2EB0C0221
:109AA000D9701A713B44ECD9434E3568002DABD0C8
:109AB0002846424F2D6A836AA34206D0002DA3D0C8
:109AC00028462D6A836AA342F8D1436A002B66D0E8
:109AD0001D62002D61D06B62236933F01F0204D137
:109AE00050E01B6833F01F024CD08342F9D1E5E708
:109AF0002368A84203609BD1ADE72368A8421360A6
:109B000096D1A8E7436A002B45D01D62002D40D0B6
:109B10006B62236933F01F0204D12AE01B6833F023
:109B20001F0226D08342F9D16CE74B6843F400430F
:109B30004B604EE7B4F84630B4F84450FF2B94F82D
:109B40004A00B1D81B49CA5C121ACA542B44FF2BD5
:109B5000F9D9A9E7134AD2F8403123F02003C2F81B
:109B60004031D2F8443113F40043FAD1C2F85831ED
:109B70003FE783423FF446AF00F048FB002D7FF4FF
:109B80003CAF41E7834299D000F040FB002D97D1D4
:109B90003AE73B60BDE73560B8E73B609CE735607E
:109BA00097E700BF00022E40D4060120D006012016
:109BB000FCDF0020C8050120DC060120D8060120BA
:109BC0000B4B70B51E688EB10A4DF46814B90AE0EB
:109BD000646844B12368DB68AB42F9D020469847FB
:109BE0006468002CF6D1B668002EEED170BD00BFBF
:109BF00010070120B9300000064900220B68C0E9B7
:109C000001222BB11A465B68002BFBD150607047D4
:109C100008607047C8060120F0B583B007460E46BD
:109C2000154600F0CBFA044680B32422002114F03C
:109C300031FA0023082127751A46A675E5752046D6
:109C4000CDE900131946FFF707FE0246206020B356
:109C500000F0E4FA2168134A00232061CA6301225C
:109C6000114881F8352002704FF400220F49104846
:109C7000C1E900020F4A2046FFF782F90E4A136835
:109C80003BB11A469B68002BFBD19460204603B081
:109C9000F0BD2046146003B0F0BD2046144600F02D
:109CA00095FAF3E7717302000BFC012080FF00209E
:109CB0008006000180F700201007012070B50D69B3
:109CC0009DB3D66A90B3295C0131C9B26EB3737883
:109CD000032B2AD12954347801EB5403312B27DC90
:109CE000022C13D9302911D84FF0020C0CF10202CA
:109CF0000B4616F80CE001315FFA82FC2B44C9B226
:109D0000644583F803E001D93029EFD96B180022AC
:109D1000DA70431CDBB2022B07D8C0F10202E8184C
:109D2000D2B2BDE8704014F0B5B970BD0146CDE7C0
:109D3000C1F132046400E4B2D2E700BF3F4B2DE929
:109D4000F04F1C6883B00646002C73D04FF000091A
:109D5000DFF8F4803A4F01E06468A4B1A2682046BD
:109D60003B463146002AF7D1B8F80050D4F800C07D
:109D7000093D0095DCF80050A847002847D1A146CE
:109D80006468002CEAD12F4BB8F8002003F10905D4
:109D900003EB0209A94503D843E04544A94540D94E
:109DA0006B7895F80080042BF7D1B8F1090FF4D146
:109DB000224B1C68002CF0D0A7684FF0000AA9EBDA
:109DC000050B20462B46012231464FB16468002C1A
:109DD000E3D0A76820462B4601223146002FF5D15B
:109DE0002768CDF800B03F68B84708B9A246EDE74C
:109DF0006368BAF1000F17D0CAF80430F368A246BE
:109E00006360F460A6601C46002CE2D1C5E763687D
:109E1000B9F1000F0BD0C9F804300023C4E90136B2
:109E2000F46003B0BDE8F08F044A1360E6E7034A2C
:109E30001360F2E7DFF81080A5E700BFC806012035
:109E400089F7002080F70020CCFB012070B5044684
:109E5000C06B28B10368984A5B68934217D170BD04
:109E6000A36A964E1D6B2B7E0E2BF8D8DFE813F0FD
:109E70001C0044005A0071007E0088009B00A60070
:109E8000F5000101B900BF00CD00E100130021463B
:109E9000BDE8704018472846FFF750FF0F21884B58
:109EA000002229761A7070BD2A6884495068854B53
:109EB000C9790340844C43EA014384492078096806
:109EC00053600130802828BF012031B10B465A7DF4
:109ED0008242F6D09B68002BF9D103047C492070A4
:109EE000284643F4A0630B6000231A464B60FFF73B
:109EF00047F801232B7670BD75494FF490142A68FA
:109F00004888744B68750B60536823F07F030343E4
:109F1000284653600023694A4C60FFF731F802235A
:109F20002B7670BDF27BB37B727033701343327C3F
:109F300031791343B270727914BF03230B23AA76CD
:109F4000B2796976EA7632892B76EA8372892A8435
:109F500089E75F4900236048604AC1E90002604A1E
:109F60002846FFF70DF804232B7670BD3379032BB9
:109F700003D97379032B00F096800B232B7672E7BD
:109F80004E4A554B12F8040B6C8C43EA004353487D
:109F90004F4920430B60002348602846FEF7F0FF3E
:109FA00006232B7670BD224629460020FFF786FE49
:109FB0007378002B56D007232B7654E73F4A464B45
:109FC000507804326C8C43EA0043444840492043B3
:109FD0000B60002348602846FEF7D2FF08232B764B
:109FE00070BD224629460220FFF768FEC5E73849C2
:109FF0004FF410223B480023C1E900022F4A2846B3
:10A00000FEF7BEFF0C232B7670BD2C4B5B88B3F59F
:10A01000006F41D8344A180413802D490023314A77
:10A02000C1E90020254A2846FEF7AAFF0D232B761A
:10A0300070BD2248002326494279C4791204007A6F
:10A040002C7742F41062687728464B600A601A4603
:10A05000FEF796FF0E232B7670BD2246294601207F
:10A06000FFF72CFEB378002B0CBF0B2309232B76B4
:10A07000F9E6124A184B907804326C8C43EA00439C
:10A080001648134920430B60002348602846FEF71A
:10A0900077FF0A232B7670BD134B4FF400624FF00D
:10A0A00000601A80B9E7F28833786A84002B3FF4A5
:10A0B0007FAF05232B76D6E6B530000080F7002071
:10A0C0000BFC0120FFFF00F818FC01201007012005
:10A0D00080FF002080060001800600030000FC07CE
:10A0E00084F7002080060002CCFB0120002837D036
:10A0F000F8B5C46806466CB11A4D0027236820469F
:10A100001B69984723462A68A76064682B605A60D9
:10A11000002CF3D174682CB12046A46BFFF742FCED
:10A12000002CF9D13068FFF73DFC0F4B1C6844B19F
:10A13000A64202D111E0A64204D02346A468002C16
:10A14000F9D1F8BDA2689A60206908B100F074F8EE
:10A150002046BDE8F84000F039B8A2681A60F3E77D
:10A16000704700BFC80601201007012030B40D4C15
:10A170000D4925680D4A0E4B15600E480D6822608A
:10A180000D4A04680A60194615601A4603F1400535
:10A190001C601B6442F8805F41F8C02F016030BC36
:10A1A000704700BFC0050120BC05012098050120B3
:10A1B00040E10020CC060120E0E00020024B1868BE
:10A1C00008B102681A607047C0050120024B1A6886
:10A1D00018600260704700BFC0050120024B18687C
:10A1E00008B102681A607047BC050120024B1A686A
:10A1F00018600260704700BFBC050120024B186860
:10A2000008B102681A607047CC060120024B1A6838
:10A2100018600260704700BFCC060120054A106834
:10A2200030B1016800231160037043708370C37004
:10A23000704700BFC4050120024B1A681860026015
:10A24000704700BFC405012001EB410100EB411143
:10A2500088420ED210B4074C226800E0184603462C
:10A2600043F8602B99420246F8D820605DF8044B11
:10A2700070477047BC05012000EB811C604511D27E
:10A28000024610B5084C4FEA811E2168134643F878
:10A29000401B9C4511461A46F8D8AEF1400E70445A
:10A2A000206010BD704700BFCC060120352303FBA2
:10A2B000010188420ED210B4074C226800E0184613
:10A2C000034643F8352B99420246F8D820605DF8E2
:10A2D000044B7047704700BFC4050120C36B33B106
:10A2E000C26A596B8A4203D0996B8A4204D0704784
:10A2F000002283F84E207047002283F84F207047D9
:10A300000023C0E90333704770B5C38F044690F84B
:10A310004E109D0829B994F84F3003F0FF028BB915
:10A3200070BD01F0FF02E9B2034680F84E109200C2
:10A33000416B0069FEF7BEFE94F84F3003F0FF0258
:10A34000002BEDD0EDB22346A16B9200206984F87A
:10A350004F50BDE87040FEF7ADBE00BF012A01D0EE
:10A36000002070471A78092AFAD15A78042AF7D1BE
:10A3700070B582B05A790D4604460699012A1944EF
:10A3800059D0023A102A25D9093300228B42A4F869
:10A3900050201FD293F800C01646BCF1030F19D904
:10A3A00003EB0C0E714515D35A780B2A18BF042AFB
:10A3B0000CBF0120002071D0242A0ED0052A1BD00A
:10A3C000252A07D1714569D9734693F800C0BCF1BD
:10A3D000030FE5D8002002B070BD9A78012A06D09C
:10A3E000042A06D9F12AF6D1DB78022BF2D1012614
:10A3F000E8E7012AEFD9FAE7BCF1060FEAD993F8AA
:10A4000003C0ACF1020CBCF1010FE3D893F802C019
:10A410001CF0F00236D0802ADDD194F85020002ABA
:10A42000D0D10CF00F0C84F850C0DA7884F85220A8
:10A430009B88A387C6E798790328A5D10933002014
:10A440009942A4F85000A5D80023E36094F8512065
:10A4500022B1E18FB4F846308B4246D2002323610B
:10A460000023E268A4F84A30A4F84C3084F8553050
:10A47000A4F8563084F85830A4F87C31002A2FD044
:10A480000120A8E794F85120002A9BD184F851C0FC
:10A49000DA7884F853209B88E38793E7002E99D0DD
:10A4A00094F85020002ACFD0A38FB4F846109942D8
:10A4B000CAD30021009328460123019194F8521039
:10A4C000FFF7CAF9E0600028C0D0114A2346216B8B
:10A4D000C263A28FFEF7EEFD012384F84430B5E796
:10A4E0002069C01A18BF012075E700260091284690
:10A4F0000196334694F85310FFF7AEF92061002817
:10A50000AED0044BC36384F84E6084F84F60A7E775
:10A51000317B02000178020010B50446032100F5EA
:10A52000F070FFF791FE04F540700721FFF7A4FEDD
:10A5300004F598600121FFF7B9FE00232046A4F836
:10A540004A30A4F84C30C4E96033C4E96233C4E94A
:10A550006433C4E96633C4E96833C4E96A33C4E9DF
:10A560006C33C4E96E33C4E97033C4E97233C4E9AF
:10A570000333BDE81040FFF73FBB00BF8A680B6B99
:10A58000C2F30E42B0F84A10B0F84CC09B1A9B08B8
:10A5900070B5054638D0026B043A02EB830352F8DB
:10A5A000044F54B10131B5F8480088424FEA8100A8
:10A5B00001D8002108462E6C34509A42EFD188B25F
:10A5C0008C45A5F84A00A5F84CC00BD90CF1FF3C0E
:10A5D000AA8FACEB0101B1EB920F0CD2002385F8EE
:10A5E000443070BDB5F84830AA8F6344013B591A16
:10A5F000B1EB920FF2D32B46296BE868FEF75AFDB8
:10A60000012385F8443070BD0846D9E70146C06B88
:10A6100008B1FFF7B3BF70472DE9F84F72B690F855
:10A620004420B0F84A60B0F84C3062B69E4234D054
:10A630000F460133B0F848100446D2B2994230D9DF
:10A640004FEA830C98B2256C55F80C50A4F84C00D6
:10A650008AB9E06878B1B34240F2AE809B1B591EC4
:10A66000A28FB1EB920F06D30123216B84F8443003
:10A670002346FEF71FFDC5F3031305F00F08C5F3CE
:10A6800003264FEA152984F85430A8F1080301364F
:10A69000062B2BD84FB1B74207D000273846BDE86C
:10A6A000F88F002084460346CDE7B8F1080FC5F3C4
:10A6B000033340F08580082B40F082808022D4F85C
:10A6C0008031C5F30748F6B22D0E84F856201BB131
:10A6D000414630462A469847012784F8556084F859
:10A6E0005780384684F85850BDE8F88FA8F1020228
:10A6F0005FFA89F3012A3BD9B3F1F70BA8F1050AF8
:10A7000018BF4FF0010BBAFA8AFAF02B94BF00275A
:10A710000BF001074FEA5A1A1AEA070728D1B8F1D5
:10A72000040F00F07381A8F10502022A40F21181A2
:10A73000B8F10F0FB1D1F72B1AD8F02BB4F87C1168
:10A7400001D00029A9D0D4F89C31002B00F01A8246
:10A75000B1F5917FC0F01A82002204F159009847A8
:10A76000002101232144A4F87C3181F8599095E718
:10A77000F13B0E2B91D801A252F823F0257E020066
:10A78000377E0200577E0200BF7B0200BF7B0200C3
:10A790007F7D0200BF7B0200957D0200BF7B02002F
:10A7A000A77D0200C17D0200DB7D0200BF7B0200AD
:10A7B000F57D02000B7E02000139891B19444FE729
:10A7C000B8F1090F13D1092B11D12A0E38D18023EA
:10A7D000F6B2C5F3074884F85630D4F88031002B20
:10A7E00000F06981414630461546984774E7B8F154
:10A7F0000A0F05D10A2B03D1A022D4F8883160E7D3
:10A80000B8F10B0F05D10B2B03D1B022D4F88C314A
:10A8100057E7B8F10C0F40F093800C2B40F090807C
:10A82000C022D4F89031C5F30748F6B22D0E84F853
:10A830005620002B3FF450AF4146304698474BE737
:10A840009023C5F30748F6B284F85630D5B2D4F851
:10A850008431002B7FF43CAF3EE7D4F8B0316BB1CC
:10A86000C5F307489847F6B284F856902D0E33E7A3
:10A87000D4F8B431002B00F04E819847C5F3074857
:10A88000F1E7D4F8B831002BF7D1D4F8CC31002B54
:10A89000F4D0FA20C5F307489847E4E7D4F8BC3170
:10A8A000002BDDD1D4F8CC31002BE7D0FB20C5F351
:10A8B00007489847D7E7D4F8C031002BD0D1D4F857
:10A8C000CC31002BDAD0FC20C5F307489847CAE703
:10A8D000D4F8C431002BC3D1D4F8CC31002BCDD067
:10A8E000FE209847CAE7D4F8C831002BB8D1D4F875
:10A8F000CC31C5F30748002BB5D0FF209847B2E70D
:10A90000D4F8A431C5F30748002BACD04046984793
:10A91000A9E7D4F8A821002AB0D06B0CC5F30640F3
:10A920004FEA154803F47E535FFA88F818439047BE
:10A9300099E7D4F8AC31C5F30748002BE6D192E78C
:10A94000B8F10D0F3CD10D2B3AD1D022D4F894316F
:10A9500069E7D4F89C31B4F87C11002B50D0B1F5E4
:10A96000917F50D33A4604F1590098473946012364
:10A970002144A4F87C3181F85990BAF1000F03D03A
:10A98000BBF1000F7FF489AEB8F1050F6DD1B4F8BB
:10A990007C11D4F89C31C8B20A0A84F85700002010
:10A9A00084F85820F022A4F87C0184F85620002B6B
:10A9B00000F0A880012204F15900174698476DE67F
:10A9C000B8F10E0F7FF469AE0E2B7FF466AEE02275
:10A9D000D4F8983184F85620002B00F0F580690CEB
:10A9E000C5F30642F6B201F47E514FEA15483046EF
:10A9F0002D0E11435FFA88F8A1F5005198476BE6D8
:10AA0000B1F5917FB9D24B1C9BB2B1E7D4F89C61F0
:10AA1000002E52D0B4F87C31B3F5917FC0F088801D
:10AA200019463A4604F15900B0470123D4F89C2155
:10AA3000C5F3074084F85990A4F87C31002A40F00F
:10AA4000E280591C23442D0E89B2B1F5917FA4F800
:10AA50007C1183F85900BFF420AE4B1C9BB22144FB
:10AA6000A4F87C3181F8595018E6D4F89C31B4F838
:10AA70007C11B3B3B1F5917FC0F08B80002204F15B
:10AA80005900984701212A0CB8F1070FD4F89C31DE
:10AA900084F85920A4F87C1147D1002B00F0AB803A
:10AAA0004F1C0E46F8B2C7F30722B9B226442D0E4A
:10AAB00086F8595071E71D460EE6B4F87C21B2F5D0
:10AAC000917FBFF4EAAD531C2244C5F307409BB20B
:10AAD000B3F5917FA4F87C3182F859903FF4DDAD55
:10AAE000AFE7B1F5917F76D3B8F1070F1DD10B0A0F
:10AAF0000020F02284F8571084F85830A4F87C0124
:10AB000084F85620D4F8A031002B62D004F159000B
:10AB100001279847C2E5D4F8CC31002B3FF4AEAE04
:10AB2000F820C5F3074898479DE6C8B20A0A34E7FB
:10AB3000591CE218C5F3074889B2B1F5917FA4F812
:10AB40007C1182F8599012D0023362182D0E99B2FE
:10AB5000B1F5917FA4F87C1182F859807FF47DAF24
:10AB60003A4604F15900B0473946012377E73A469F
:10AB700004F15900B04701212D0E84F85980A4F842
:10AB80007C116AE7B1F5917FBFF487AD4B1C9BB296
:10AB9000E8E5481C6218B8F1070F81B24FEA15408A
:10ABA000A4F87C1182F85900BFD1B1F5917F7FF4F0
:10ABB00077AF002204F15900984700220120D4F811
:10ABC0009C311646014671E7C5F30748F6B22D0ED3
:10ABD00082E5012762E54A1C280C2144B8F1070FE1
:10ABE00092B2A4F87C2181F8590011469DD1B2F5AA
:10ABF000917F3FF47CAF4F1C0E460023F8B2C7F3A1
:10AC00000722B9B252E72D0E022184F85A0024E738
:10AC100030B472B621B9036813B102790F2A3BD957
:10AC2000244C2188002341FA03F212F0010208D0DB
:10AC30000133102BF7D162B600220371026030BCE1
:10AC400070474FF0010C0CFA03FC41EA0C01218023
:10AC500062B619495FFA83FC184C194480F804C0A5
:10AC60004B01E16F41F0C001E16740F282441449B9
:10AC70000C6081F81AC081F81EC081F818C081F8F4
:10AC80001FC0036030BCC3E90022C3E90222C3E94C
:10AC90000422C3E906227047064C218841FA02F5D6
:10ACA000ED07BFD5044D1544B3EB451FBAD162B6CD
:10ACB000C5E700BFEAFB01208074000200C00F401E
:10ACC00000800E4003790F2B11D8094A937672B693
:10ACD0000849012290F804C00B8802FA0CF223EA1A
:10ACE00002030B8062B610220023027103607047DA
:10ACF00000800E40EAFB0120EFF3108272B6437F22
:10AD00005BB9017F012930B40BD0032913D0012393
:10AD1000437702B962B630BC70470AB962B6704771
:10AD20007047124C2168B1B1114943610B6808604A
:10AD300083615861EBE70F4D0F492C688CB143617B
:10AD40000B68836158614FF0E0234FF08054086036
:10AD5000C3F8044DDBE7064B20601860C0E905111D
:10AD6000D5E7C0E905442860EDE700BFA40801204D
:10AD7000B0080120AC080120A808012070B5EFF34D
:10AD8000108272B60C4C206880B10C4E00254369CD
:10AD9000236073B19D6102B962B6836845779847B5
:10ADA000EFF3108272B620680028F0D102B962B6C3
:10ADB00070BD3360EFE700BFAC080120A808012098
:10ADC000FFF7DCBF0449054A4968054B1960136861
:10ADD00001331360704700BF001000E0A4F50120AC
:10ADE000A0F5012001207047B0F84630B0F84820A7
:10ADF0009BB292B2934202D2013AD01A7047416B91
:10AE000001390A44D01A7047016972B6B0F84A2075
:10AE1000B0F84C3092B29BB29A423CBF806B121891
:10AE2000C86AD31A62B6C0F302601844704700BF04
:10AE3000B0F84A100246B0F84C3089B29BB2994241
:10AE400010B4046914D00133906B116B984298BF11
:10AE50000023994206D85B1A526AD05CC0B25DF8F2
:10AE6000044B7047126A5DF8044BD05CC0B2704767
:10AE700072B6B0F84A0080B2814201D062B6E2E711
:10AE8000E36A13F0E06F03D14FF0FF3062B6E6E7FC
:10AE9000E36901200024116AA2F84A00C3F3090003
:10AEA000DBB2A2F84C404B70F0E700BFB0F84A109C
:10AEB0000246B0F84C3089B29BB2994230B4046972
:10AEC00025D00133946B9C4216D9106B1FFA83FC7A
:10AED000984217D9106AC05CC0B2956DA2F84CC0F8
:10AEE00045B199421CD3CB1AD16B994202D3D36D91
:10AEF000C5F8883030BC70474FF0000C106B6346CB
:10AF00009842E7D8181A556A285CC0B2E5E70846A7
:10AF100072B6B2F84A1089B2884204D062B6D0E75D
:10AF20000C44E31AE0E7E36A13F0E06F03D14FF05B
:10AF3000FF3062B6DEE7E069C0F30900F9E700BF61
:10AF400090F8443043B110B50446DCF71DF994F88D
:10AF50004430002BF9D110BD704700BF38B5D0E99F
:10AF60000453D3E903120968114228D090F8442011
:10AF7000044632B1DCF708F994F84430002BF9D1DB
:10AF8000636900210E4AA961207E03EB0010007D59
:10AF900002EB0010456805202860657E03EB051371
:10AFA00093F8343002EB0312A36D52681060A4F8DA
:10AFB0004A10A4F84C1013B1E26DC3F8842038BDD8
:10AFC0005C93002007EE901A9FED9A7A0421B6EE6A
:10AFD000005AF8EE677A9FED986A41F6FF7CC7EE5B
:10AFE000275A2DE9F0478E460569012407EE901A8D
:10AFF000F8EEE77A85EEA77A77EE057AFDEEE77A46
:10B0000017EE903A6345A8BF6346012BB8BF0123F2
:10B0100007EE903AF8EEE76A76EEC76AC6EE877AF0
:10B02000F5EEC07AF1EE10FA48BFF1EE677AF4EE71
:10B03000C67AF1EE10FA03D8B0EE676A8E461C4667
:10B0400001312129D2D10021436902F40076A0F810
:10B050004A10B3F85AC08E42A0F84C10B3F85860AA
:10B06000A0F84610A0F8481080F84410816BDF6803
:10B07000A1EB0606A1EB0C01C0E90F6139681E695E
:10B0800041EA0601396014BF01210021817640F0B8
:10B09000AC80017E694E03EB0118DFF8C09198F88F
:10B0A0001470D8F81CA006EB0717B968C1F8009017
:10B0B0007968D8F818700F60BAF1000F03D0D8F88B
:10B0C0002010CAF80010477ED92103EB071898F822
:10B0D00034C006EB0C1CDCF808703960DCF8041096
:10B0E000D8F838700F60417E03EB0111CF6B0FB1C0
:10B0F000096C39600EF1FF31BEF1080F4FEA0161B2
:10B10000CCBF4FF0000E4FF0010E01F0F85144EAB1
:10B110004E4421435C682961597801F110030021F4
:10B12000E960474941F8234041694FF0010E454C21
:10B1300002F0030C4F7891F85610434B39554FF0FD
:10B1400002174469617803EB511301F01F019B0062
:10B150000EFA01F11960EF62AB6A43F08803AB624B
:10B1600053073ED44CF4701302F00F01042908BFBA
:10B1700043F0804397062ED5817E43F0805300290B
:10B180003AD11607AB6103D52B6943F000532B610D
:10B190006B69D10623F0805348BF43F080536B6145
:10B1A000D30503D52B6943F400532B61A36883B106
:10B1B000264E3478002C3AD0611E254DC9B22B1F83
:10B1C00005EB810101E0994225D053F8042F90420C
:10B1D000F9D1BDE8F087817E0029D2D043F0A003E9
:10B1E000CFE71C4B4CEA0303BEE7477E4FF2D90181
:10B1F000124E03EB07186AE7417E43F0A00304EB0D
:10B20000011191F8341006EB0116B668316821F48B
:10B2100040413160B5E7631CDBB20F4A33701378ED
:10B2200045F8240043F002031370BDE8F0870123C2
:10B23000074DF2E7001BB74BEC78AD605C93002044
:10B2400000DC002000E400E04038003804FC01206D
:10B25000CC08012010003C0034FC012038F0010033
:10B26000EFF31380B8B9EFF310834BB9EFF3058216
:10B270003AB94FF48073EFF3118050B1984208D27D
:10B2800070470F2AF7D9054B9B5CEFF3118000281C
:10B29000F4D1184670474FF0FF30F1E7F0E300E0DB
:10B2A000F8B54669037E056906EB03131A7D8A42E9
:10B2B00032D0337D0C4699422FD096F824309942F3
:10B2C00049D0264F002339461A4604E00133142B97
:10B2D00022D011F8102F9442F8D1214A07EB03171E
:10B2E000136F787843F44003136796F85C1001F00D
:10B2F00047FA1C4B01221C4903EB0413EA60D3E913
:10B3000001321160D7E9011219606B6A43F0010341
:10B310006B620AB1FB681360F8BD00242146F56832
:10B320002F6835692F4214D00E4D052705EB031306
:10B3300005EB02156D68D3E901322F600A4D1560E7
:10B3400006EB0112114692691A60CB690BB10A6AC9
:10B350001A600476F8BD01242146E0E7E827006082
:10B3600000C00F405C93002038F0010070B54369C5
:10B37000447E03EB041C9CF834C08C4508D093F841
:10B3800034E08E4530D093F844E08E4512D070BD45
:10B39000DB68A6461B68164C04EB011480F819E024
:10B3A00022B140F6D802A3681A6070BDD922A36802
:10B3B0001A6070BD4FF0010EDD681E692D683542C0
:10B3C000E9D0A645E7D00A4C03EB0E13052604EBA3
:10B3D0000C1CDCF804502E6093F834C09D6B04EB19
:10B3E0000C135B681D60D7E74FF0000EE4E700BF69
:10B3F0005C930020036D2DE9F04104460F46066979
:10B4000013B1426DC3F88420A37E2BB172B6B36929
:10B4100043F00053B36162B6B4F84650636BADB20B
:10B420000135AB424CD84FF000084546B4F84830DF
:10B430009BB29D4219D028E073691B0210D5B4F865
:10B440004830626B9BB201339A4236D99AB2E16AB4
:10B4500099422DD9E169CB5CDBB2F361A4F84820B5
:10B46000B4F848309BB2AB420FD1FFF7F9FE6369E5
:10B47000B3F856308342DFDAFF28F1DDDBF784FED4
:10B48000B4F848309BB2AB42EFD0E36AAB421AD972
:10B49000FFB2E3695F5572B6012084F84400A4F856
:10B4A0004680B36943F40003B36162B6BDE8F0813E
:10B4B0005B1AA16ACB5CDBB2CFE700221346C6E77A
:10B4C0001FFA85F8B2E7ED1AFFB2A36A5F55E2E70B
:10B4D000FFF790BF0269536913F4401F70B543D062
:10B4E000D36A13F0E06FC3F3026E3AD0B0F84A505B
:10B4F000B0F84C60ADB2B6B207E0016A01F803C023
:10B500000EF1FF3313F0FF0E1DD0D1696B1C846B5D
:10B51000B0F84CC0C1F309019C4298BF00231FFA48
:10B520008CFC9C45ECD0046B5FFA81FC1D469C4270
:10B53000A3EB0404E1D8436A03F804C00EF1FF331F
:10B5400013F0FF0EE1D1ABB2A0F84A30836D43B1E6
:10B55000B54254D3AD1B016CA94202D8C16DC3F8EA
:10B5600084105369D90245D49669330228D55369AA
:10B570001D0225D5B0F84650B0F84830ADB29BB2A8
:10B5800006E0C169C95CC9B2D161D16A4C0512D467
:10B59000AB4238D0446B0133C16A9C4298BF002350
:10B5A0009942A3EB0104ECD8816A095DC9B2D1616B
:10B5B000D16A4C05ECD599B2AB42A0F8481025D021
:10B5C000710216D553695B0213D50021036D80F813
:10B5D000441013B1416DC3F88810837E2BB172B64D
:10B5E000936923F00053936162B6936923F4800357
:10B5F000936170BD536943F480135361B4E7816B69
:10B60000891B0D44A7E79BB2A0F84830936923F447
:10B6100000039361936943F480039361D0E700BF13
:10B620000148FFF757BF00BFBCCC0020704700BFE8
:10B63000704700BF704700BF704700BF70B51A4C1D
:10B640001A4D2368AB4202D0194AD16829BBA369BD
:10B65000AB4202D0164AD169C9B9236BAB4202D0C2
:10B66000134AD16A69B9A36CAB4209D0104AD16BB5
:10B6700031B101211B680F48D163BDE87040184704
:10B6800070BD01211B680C48D1629847EBE701218E
:10B690001B680A48D1619847DFE701211B6804F164
:10B6A0000800D1609847D2E780E000205070002069
:10B6B00000410840D0E00020B8E00020A0E00020D9
:10B6C00038B5064CA4F1600554F8083C2046183CF7
:10B6D000DB689847AC42F7D138BD00BFD0E000200E
:10B6E00003682DE9F041044688B01746002B4BD083
:10B6F00000229A600122DA60304D04A8DFF8E08071
:10B700001D4451F8083B2D1102935B6805EB45067B
:10B710009847F60006F1080058F806304044DB6808
:10B7200001909847264A04A9DDE90103029248F8EE
:10B7300006309B689847029B04A8DB6898472368FB
:10B74000032220481F609A601F4A23791F4C5355DB
:10B7500013785178C0F828428B4228BF0B46917865
:10B76000D2788B4228BF0B46934228BF1346184C11
:10B770004FF0E0224FF08061012084F87A30C2F867
:10B780000C1108B0BDE8F081124AD36E43F4405367
:10B79000D3660122104B1A60104A134602604032F1
:10B7A00098680028A8D0103393422360F8D1002372
:10B7B0001846236008B0BDE8F08100BF00BFF7BFA6
:10B7C0005070002000DC0020C4CD0020618B0200FE
:10B7D00000E400E000C00F40004008400041084085
:10B7E00080E00020F8B5036843B3154C0746154EBA
:10B7F0001C44241104EB4405ED00735905F10800C5
:10B80000DB6830449847104B0021012273513B689C
:10B810009960DA60FF230D4A1355137850789478B5
:10B82000834228BF0346D078094AA34228BF234653
:10B83000834228BF034682F87A303960F8BD00BFE2
:10B8400000BFF7BF80E0002050700020C4CD002072
:10B8500000E400E010B4064B0020064C064A1C60D1
:10B860009C611C639C6405495DF8044B02F0EABDD1
:10B8700080E000205070002030D10020E58B0200D5
:10B88000084602F01BBC00BF012A70B508BF0A229F
:10B890008AB091B34FF0210E01E05FFA86FE0EF1FF
:10B8A000FF36B1FBF2F502FB15145FFA84FC092C9C
:10B8B0000CF137040CF1300C98BF5FFA8CF40EF1E8
:10B8C000280C88BFE4B29142EC4429460CF8244C81
:10B8D000E3D24BB10EF1FF3E2D225FFA8EFE0EF148
:10B8E00028036B4403F8242C036801A9CEF122023B
:10B8F0005B68714498470AB070BD30224FF0210E4A
:10B900008DF82520E5E700BF2DE9F0410C46D1B1C7
:10B91000EAB180468E1800250E4F04E002F0CEFBFF
:10B92000B44205440CD0D8F8003014F8010B1B6861
:10B93000BB42F3D0014640469847B4420544F2D199
:10B940002846BDE8F0810D462846BDE8F081154641
:10B95000F6E700BFA58D0200002903DB00230A22C1
:10B96000FFF792BF49422D230A22FFF78DBF00BF88
:10B9700000B5036883B040F60D2C022201A95B6874
:10B98000ADF804C0984703B05DF804FB054B0228EE
:10B9900088BF034610B41C68184663685DF8044B02
:10B9A000184700BFACCC00205AB90368C9B2074A97
:10B9B0001B68934200B506D108465DF804EB02F01F
:10B9C0007DBBFFF761BF5DF804EB1847A58D020052
:10B9D00000000000B4EE400B70B5F1EE10FA054621
:10B9E0002DED028B86B07CD6B0EEC07B9FED476B11
:10B9F000B4EE467BF1EE10FA6BDC9FED467BB4EEC5
:10BA0000C70BF1EE10FA5ADC9FED447BB4EEC70B86
:10BA1000F1EE10FA53D4B5EEC00B0C46F1EE10FA6D
:10BA20005BD40023B6EE007B002C5ED04FF0000C00
:10BA30009FED3C6B0CF1010C27EE067B5FFA8CF25C
:10BA4000A242F7D330EE070B0A222846FCEEC07B59
:10BA5000B8EE678B17EE901A30EE488BFFF714FFA5
:10BA60000F2C4FF02E03B2EE046B064628BF0F24B6
:10BA70008DF808300DF1090302AA611E53FA81F115
:10BA800028EE060BFCEEC07BCDED017A9DF804306C
:10BA900007EE903A3033B8EEE78B02F8013F91425F
:10BAA00030EE488BECD12B68013402A928465B6844
:10BAB000E2B29847304606B0BDEC028B70BD2B68F1
:10BAC00003221A495B6806B0BDEC028BBDE87040EA
:10BAD0001847036803221649F4E7B1EE400B01232F
:10BAE000A0E7036803221349ECE730EE070B0A22B4
:10BAF0002846FCEEC07B17EE901A06B0BDEC028B18
:10BB0000BDE87040FFF7C0BEAFF30080FFFFFFFF4E
:10BB1000FFFFEF7F000000E0FFFFEF41000000E0CB
:10BB2000FFFFEFC19A9999999999B93FBC3F0020BD
:10BB3000B83F0020B43F00204D4A2DE9F047A2FB5A
:10BB4000004340F26D1A4B4F5B09DFF83881DFF894
:10BB50003891A2FB0342C3EB03145209A0EB84000B
:10BB6000454CC2EB02150870A3EB8503A4FB0254FD
:10BB700024094B70414B251D04EB4400A2EBC0028D
:10BB8000A3FB050300208A70EA1A03EB5203024666
:10BB90009B08C3EBC303ED1ACD705FFA80FE40F241
:10BBA0006D1C0EF2B27313F0030507FB03F608D108
:10BBB000B8EBB60F4FF4B77C03D3B9EB361F38BFE1
:10BBC000D446624401309442E7D20EF1460E2C4E28
:10BBD00081F806E0A6FB030685B377094FF0640CF5
:10BBE0004FF4C870F6090CFB173700FB163640F20D
:10BBF0006D10A41A00230122DFF890E020440AE02F
:10BC000013F80E4084420ED80C2AA0EB04000BD08F
:10BC100001320133D2B2012B5FFA83FCF0D145B976
:10BC2000CFB11D2406E0624601304A710871BDE8BB
:10BC3000F0871C24A04218D3001BE9E76420770991
:10BC4000F60900FB17374FF4C87000FB16363FB1FA
:10BC50004FF4B770CDE7002E14BF1C241D24E9E774
:10BC6000002EC4D14FF4B770C3E70122DCE700BF58
:10BC700089888888295C8FC2ABAAAAAA2549922400
:10BC80001F85EB51285C8F020AD7A300F8390020EA
:10BC9000A249A34B88422DE9F047A24C5E699A69FC
:10BCA000D4F80C801BD9A04B984240F20281C31AF1
:10BCB0009E491B0AA1FB031340F22761DB0903EB3A
:10BCC000830303EB830303F2E2438B4228BF0B465B
:10BCD000A3F54877964BA3FB0737FF0804E0954F81
:10BCE000B8428CBF0E2706278D4908F01F09D1F8EE
:10BCF0008030B94543F0C003C1F880300CD228F041
:10BD00001F08A1F5F82148EA0708C1F80C800B6864
:10BD1000002BFCDA08F01F0916F0007324D18649C5
:10BD20000C698649A14300F0EA8082F480513446D0
:10BD30004FF4805514F0605F04D026F060561E4327
:10BD4000774B5E6111F4405F07D022F44052744992
:10BD50002A438A618B6C1A07FCD446F00076704A3D
:10BD60005661936C9B06FCD4754CA04200F2CE80C9
:10BD70004FF0010C0146634603FB011203F1010E73
:10BD80000CF10105A24218D8BEF1080F4FF00103D3
:10BD900040F08D80BCF1040F00F291800A18A2429D
:10BDA00000F2A48005FB00F1AC4603F1010E03FB99
:10BDB00001120CF10105A242E6D90CF1FF318C020F
:10BDC00086EA81215F4810445F4A90427FD9DFF8BC
:10BDD000A4A16C225D48584DB0FBFEF0D5F800E000
:10BDE000B0FBFCF0DFF890C10EEA0C0CD44509D092
:10BDF00042F400524FF4805CC5F800C02A602A6803
:10BE0000002AFCDA464A156905F007059D4203D071
:10BE10001361936CDD03FCD411F4E05F09D026F4C8
:10BE2000E05604F4E0543E4A26435661936C990769
:10BE3000FCD44749474A014491423CD8464BC90982
:10BE4000A3FB0131090B4B1E1B0286EA030212F40D
:10BE5000407F06D026F4407603F44073304A3343E3
:10BE600053612F4A536923F000735361936C9B060F
:10BE7000FCD43A4B4F45A3FB00234FF0FF324FEA6F
:10BE80009343B0FBF1F1B2FBF3F3354A1060354A4E
:10BE90001160354A136008D228F01F08214A48EA89
:10BEA0000707D7601368002BFCDABDE8F0877346FC
:10BEB00062E7122718E74FF440730421C5E70CF13D
:10BEC000FF31204807238C02104486EA8121274A4B
:10BED000DFF8A8A0A2FB0020020D2548362A38BFB3
:10BEE000362202FB00F042EA0A0A74E74FEA8C2489
:10BEF000002386EA8C214FF0010EAC4662E71D4616
:10BF000086F0C05411464FF0C05313E700244FF0A1
:10BF1000010C024631462346E64653E700A4781F4B
:10BF200000C00F40000008400046C32323B24C006D
:10BF30001F85EB5100366E0100800D4040300080BF
:10BF4000FFB19F26808D5B00FF7EF64D00643F4D64
:10BF50007FD1F0087F17B42C9F10E50083DE1B43D0
:10BF600008CC002004CC00209CF50120819F5E16A7
:10BF7000001BB7006C2000807F3001800020008013
:10BF800000B970472DE9F84F01218146214C224D1F
:10BF9000224E54E8003F2A68306844E80013002B22
:10BFA000F7D11F494B684FF47A7BDFF878A01B1A52
:10BFB00001270BFB02F8DAF80020A3FB02325A45F6
:10BFC00094BF9044D84454E8003F2A68306844E85D
:10BFD0000073002BF7D14B68DAF800C01B1A0BFB7B
:10BFE00002F2A3FB0C3CBCF57A7F94BF624402F5DD
:10BFF0007A72A2EB0802B2F57A7F06D3B9F1010991
:10C0000008F57A78DFD1BDE8F88FDBF7BDF8044991
:10C01000D9E700BFA8F50120A4F50120A0F5012073
:10C02000001000E09CF5012030B40F4B4FF0010CE4
:10C030000E4D0F4C53E8002F2868216843E800C2DA
:10C04000002AF7D10B4B5B680B4A5B1A4FF47A71ED
:10C05000126801FB00F0A3FB023230BC8A4294BF9D
:10C0600080184018704700BFA8F50120A4F50120F2
:10C07000A0F50120001000E09CF50120362816D81C
:10C080000201104B03EB00109B5810B4C2685C68AF
:10C09000144205D061B95DF8044BC3F8882070479D
:10C0A000836851B1084A5DF8044B1A6070477047C5
:10C0B0005DF8044BC3F884207047044A5DF8044BD4
:10C0C0001A6070475C93002038F00100383001009E
:10C0D00036280BD8064B020103EB00109A58C368B0
:10C0E00092681A4214BF0120002070470020704758
:10C0F0005C930020362829D8164B0201012903EB56
:10C1000000109A5810B45368C4680ED004290CD09B
:10C1100023EA040353608368A9B1022917D00329D5
:10C120000CBF0D4A0D4A1A6007E0234301295360F2
:10C13000836808D040F638021A60436815225DF81B
:10C14000044B1A60704738221A60F6E77047044AB9
:10C150001A60F2E75C9300203830010038000100DB
:10C1600038F0010030B4124A0020124B0121124D68
:10C17000124CC2F8F032C2F8F402C2F8B810C2F899
:10C18000A000C2F8A450C2F8B0105369DB07FCD578
:10C1900051612378DB07F0D41368054943F00103AC
:10C1A00013600B68DB07FCD462B630BC704700BF7D
:10C1B00000802A400504012401000F0000812A406C
:10C1C000F8B50F46164672B6344B40F20641344A73
:10C1D0009A610222DA610022C3F8A020C3F8F012AB
:10C1E000C3F8F422C3F8F822C3F8FC224FF47022FB
:10C1F000C3F8A4200122C3F8B02020F01F03821945
:10C20000BFF34F8F4FF0E024C4F85C3F20339A42D5
:10C21000FAD8BFF34F8FBFF36F8F204D6B69DA07EA
:10C22000FCD501231F49B2B220F07F406B6142F47C
:10C230007022C5F8F01242F20121184CC5F8F41230
:10C24000C5F8BC30C5F8A000C5F8A420C5F8B030CA
:10C25000154D01E05B0609D4636913F00100F9D0C4
:10C2600041236361BDE8F840FFF77CBF082E0AD880
:10C2700036B13246394637440646284600F0F6F8CD
:10C2800040236361E8E7A6F10800082639463246F4
:10C2900037440646284600F0E9F8F1E700802A40D6
:10C2A000F05AF05A3204180880812A4010B472B64D
:10C2B000284B0221284C00229C614FF47024D96144
:10C2C00040F20641C3F8F0120121C3F8F422C3F88A
:10C2D000F822C3F8FC22C3F8A020A2F58052C3F8CC
:10C2E000A4400240C3F8B010BFF34F8F02F5805155
:10C2F00002F120034FF0E02C994234BF012180214C
:10C3000002EB41118B42CCF85C2F1A4603F120035B
:10C31000F8D1BFF34F8FBFF36F8F0E4A5369D90720
:10C32000FCD501240D490E4B54610340C2F8F012B4
:10C330004FF470200749C2F8A030C2F8A400C2F838
:10C34000B0404B69DB07FCD501235DF8044B4B6122
:10C35000FFF708BF00802A40F05AF05A200418085E
:10C3600000F0FF00704700BF362858D80001F0B435
:10C37000344C354D2358AB4256D049D8B3F1844F95
:10C380004BD0A5F58045AB4240D1304D2044304ED6
:10C39000304CC4F8B462D0E901C4C0684FF0E02664
:10C3A0004FF00057042AC6F810712FD85E6926EAAC
:10C3B00000065E614FF00506CCF80060266846F482
:10C3C000803626605C6824EA00045C60224C54F8E5
:10C3D000224090FAA0F2B2FA82F245F822106FEAF7
:10C3E00000011DD0DD690F2A01EA0501D9611DDCBC
:10C3F00052000325D968944005FA02F221EA0202AC
:10C400002243DA6098615A6902435A61F0BC70476E
:10C41000124DAB42FAD1124DB8E7124DB6E7704754
:10C42000DA690243DA61EDE70F4DAFE7103A032511
:10C4300019695200944005FA02F221EA02022243ED
:10C440001A61DFE75C9300200080004264D700207F
:10C450009D0E000000DC0020742C002000C0004273
:10C4600064D80020E4D60020E4D70020844641EAC6
:10C47000000313F003036DD1403A41D351F8043B5C
:10C4800040F8043B51F8043B40F8043B51F8043BAE
:10C4900040F8043B51F8043B40F8043B51F8043B9E
:10C4A00040F8043B51F8043B40F8043B51F8043B8E
:10C4B00040F8043B51F8043B40F8043B51F8043B7E
:10C4C00040F8043B51F8043B40F8043B51F8043B6E
:10C4D00040F8043B51F8043B40F8043B51F8043B5E
:10C4E00040F8043B51F8043B40F8043B51F8043B4E
:10C4F00040F8043B51F8043B40F8043B403ABDD2BD
:10C50000303211D351F8043B40F8043B51F8043B5E
:10C5100040F8043B51F8043B40F8043B51F8043B1D
:10C5200040F8043B103AEDD20C3205D351F8043BED
:10C5300040F8043B043AF9D2043208D0D2071CBFB9
:10C5400011F8013B00F8013B01D30B8803806046E2
:10C55000704700BF082A13D38B078DD010F0030358
:10C560008AD0C3F10403D21ADB071CBF11F8013BC8
:10C5700000F8013B80D331F8023B20F8023B7BE717
:10C58000043AD9D3013A11F8013B00F8013BF9D242
:10C590000B7803704B7843708B78837060467047DC
:10C5A00011F00AB811F010B811F00EB801F1FF3C0B
:10C5B00070B56646002400E00134B0FBF2F502FBE2
:10C5C0001503092B03F1370E03F130035FFA8EFEDA
:10C5D00098BF5FFA83FE9042284606F801EFEBD23F
:10C5E000631C0022C818CA547CB162461CF8015F63
:10C5F00010F8016DA1EB0C0302328CF80060013BD6
:10C60000521A057023449A42EFDB084670BD00BF02
:10C6100000230F2248F2B82C194610B54FF470448D
:10C620004FF4806EA0F88C414FF46044A0F88E2146
:10C630000A46A0F89031B0F888319BB243F0F0037D
:10C64000A0F8883101EB4103013100EB43130429C9
:10C650009C80A3F806E05A841A865A805A81A3F86F
:10C660000EC05A82DA825A83DA83EBD1B0F888316D
:10C670009BB243F00F03A0F88831B0F888319BB229
:10C6800043F47063A0F8883110BD00BF374B384ABF
:10C69000996F384841F47F0170B5996741F20106FE
:10C6A000D3F8801045F6C05543F226040A43C3F878
:10C6B0008020FFF7ADFF00F58040FFF7A9FF00F5F0
:10C6C0008040FFF7A5FF00F58040FFF7A1FF0022A3
:10C6D000A0F503104FF00F0E114600EB42134FEA86
:10C6E000421C01329981042A5981A3F80EE09E82EE
:10C6F000DD8020F80C1019829C81EED100221E48AA
:10C700004FF00F0E41F20106114645F6C05543F2B7
:10C71000260400EB42134FEA421C01329981042A9D
:10C720005981A3F80EE09E82DD8020F80C1019825A
:10C730009C81EED1002211480F2641F201051146DD
:10C7400045F6C05443F2260E00EB42134FEA421C5A
:10C7500001329981042A5981DE819D82DC8020F892
:10C760000C101982A3F80CE0EED170BD00C00F4090
:10C77000000003FC00C03D4000001E4000401E4081
:10C7800057280FD883290DD821F0010C084AC90772
:10C790003CF802309BB206D403F47F4303439BB2C0
:10C7A0002CF802307047DBB243EA00239BB2F7E774
:10C7B00000C03B40074A506A936A19468446506A53
:10C7C000936A9942F9D18445F7D1DB0B43EA4040A3
:10C7D000704700BF00400D4072B6EFF30583524C26
:10C7E000C4F884301EF0040F0CBFEFF30882EFF39F
:10C7F00009824FF0E0234D4E4D4DD3F8280DD3F86C
:10C800002C1DC4E92201D3F8341DD3F8383DC4E906
:10C8100024139369C4F89830D369C4F89C3000F0AD
:10C82000D3F884ED280AFFF7C5FF0B214FF0FF3244
:10C83000C4F8A4000B46C4F880103E49301D5A408D
:10C84000202402F00103013C01FB03F383EA5202BE
:10C85000F7D1A84202D073680646EFE7324BC3F81F
:10C86000A820BFF34F8F4FF0E0233049324AC3F87E
:10C87000701FC3F8702FBFF34F8FBFF36F8F2F4A16
:10C8800002252F48D36E2F4943F44053D3660560E9
:10C89000D3692D4823F07F0343F04003D3610B6835
:10C8A00083423DD8264D00214FF0E0234FF0FF3268
:10C8B00029600126C5F808112449C5F80011C5F8FA
:10C8C0000861C3F88021C3F88421C3F88821C3F824
:10C8D0008C21C3F8902101E000F084F9D5F80C31E7
:10C8E000002BF9D00134C5F80C614F2CF4D9184B4A
:10C8F000022018494FF00042C1F840015A63D5F8B0
:10C900000C313BB9144815490D4A0163D2F80C317A
:10C91000002BFAD04FF0E023114AC3F80C2DFEE7AC
:10C92000FFF7B6F9BEE700BF00FF272080FF2720F2
:10C93000A8FF27202083B8EDA0FF272000C00F40CC
:10C940000040084008CC0020803DCD0B009F240013
:10C9500000900D4000002E4000800F40F100AD0B14
:10C960000400FA050A490A6838B108B513180948DD
:10C97000834204D810460B6008BD104670470FF084
:10C980003BF80C234FF0FF320360104608BD00BF98
:10C990002CD1002000002820002070474FF0FF30ED
:10C9A000704700BF4FF4005300204B60704700BF3A
:10C9B000012070474FF0FF30704700BF30BFFDE7E8
:10C9C00030BFFDE7FFF708BF124AD2F880305B079F
:10C9D000FBD5D2F880301048C3F30B230F4990EDFC
:10C9E000007A07EE903A91ED006AB8EE477A0C4A69
:10C9F000F8EEE77A0B4BD2ED006A77EEC77A93ED4B
:10CA0000007AB8EE477A67EE867A87EEA60A37EEA6
:10CA1000400A704700810D408CF5012094F50120FB
:10CA200098F5012090F50120836BF0B41BB1536899
:10CA300043F40043536072B6446B3CB31A4B22601C
:10CA4000D3F8B0410C421DD1184E776804E07468E9
:10CA5000E41BB4F5166F0BD2D3F8404144F4804484
:10CA6000C3F84041D3F8B851D3F840416404EED53F
:10CA70000D4007D10C4CC0E90225D4F8B0310B436E
:10CA8000C4F8B031426362B6F0BC7047064DC0E9ED
:10CA90000224D5F8B0310B43C5F8B03102634263CC
:10CAA00062B6F0BC704700BF00002E40001000E0EE
:10CAB00070B5056B9DB106462A46002403E0126856
:10CAC0000134012A0CD0536813F08003F7D032638D
:10CAD0002CB12846B36B2D689847013CF9D170BD45
:10CAE000C6E90C33F4E700BF30B4D9B91F4C204B72
:10CAF0000021204A01254FF0011099601D60C4E912
:10CB0000023180245C60C2F8BC01D2F8B0311A480E
:10CB10002B43C2F8B0310160D2F8B031002BFBD109
:10CB200030BC70470904154B104C012541F08001C1
:10CB30009860104A596000F580511D60D96000F579
:10CB40000051A364196100F5405100F5804059611E
:10CB500000219861E164D2F8B03143F48033C2F827
:10CB6000B031D2F8B031002BFBD1C0E7000000207B
:10CB700040E2002000002E401471012060E20020FD
:10CB800010B472B60A4C01220A49237802FA00F066
:10CB900018432070D1F848311A0605D48022134377
:10CBA000C1F84421C1F8483162B65DF8044B7047C2
:10CBB00023FC012000002E40084901220B7802FAD4
:10CBC00000F023EA0000087030B9054AD2F8483175
:10CBD00023F08003C2F84831704700BF23FC0120D6
:10CBE00000002E402DE9F04F9C4C83B0D4F84461F6
:10CBF000F107C4F844616AD5D4F8AC31002B61D098
:10CC0000DFF88482964DDFF878B208F5805ADFF8B5
:10CC10007C92944FC4F8AC31D5E90A20D4F8403165
:10CC200043F40053C4F84031D4F840319B04F5D5A7
:10CC3000D4F8403123F40053C4F840314FF00113CD
:10CC4000C4F8B431D4F8B43113F00113FAD191B26D
:10CC500040F2816CCBF80030614500F2D980B1F52B
:10CC6000D06F80F06981B1F5817F00F0978140F24B
:10CC7000AB8040F2023C614500F0BA81B1F5A06F93
:10CC800040F0C1807849EB648B600123A9640B609C
:10CC900080234B604FF00113C4F8BC31D4F8B0319D
:10CCA00043F48033C4F8B031D4F8B031002BFBD159
:10CCB000130C5B0643F08073C4F85431D4F8AC31E4
:10CCC000002BA7D1654AD2F8BC31002B4AD172069D
:10CCD00016D5624BD3F8AC21C3F8AC21D3F8BC21F4
:10CCE000C3F8BC21D3F8B041002CFBD14FF0FF3288
:10CCF000C3F8B421D3F8843101F078F85B4B1C60A1
:10CD0000F40103D55A4B1B6803B19847B00103D512
:10CD1000584B1B6803B19847710708D54F4BD3F8A0
:10CD2000843113F400731AD0534B01221A704B4B09
:10CD3000D3F848311A060FD533060DD54F4A13786C
:10CD40002BB1013BDBB21370002B00F04C8203B01F
:10CD5000BDE8F04F00F094BC03B0BDE8F08F464A48
:10CD60001370E4E74649C2F8BC310868034240F05A
:10CD700069813E4A14681C40A9D05FEA144810D06B
:10CD8000374D4FF0010998FAA8F7B7FA87F705EB86
:10CD9000C71009FA07F74030FFF78AFE38EA07089C
:10CDA000F1D1A4B2002C92D02D4D4FF0010894FA8D
:10CDB000A4F7B7FA87F705EBC71008FA07F7FFF7EC
:10CDC00077FEBC43F3D182E7802900F0AF8082294F
:10CDD00019D183B210F0780015D103F07F0257F813
:10CDE0002210284A1080180600F1C881CB0701D50F
:10CDF0000123137002212348FFF776FE5EE7010C42
:10CE0000072900F04D814FF00113C4F8C03155E7F8
:10CE100042F2210C6145F2D03AD942F221239942E3
:10CE200070D042F221339942EDD10F4B00229A602B
:10CE3000EA640122AB641A6080225A604FF0011349
:10CE4000C4F8BC31D4F8B03143F48033C4F8B03105
:10CE5000D4F8B031002BFBD130E700BF00002E40EA
:10CE600000000020C0012E4040E200201871012087
:10CE7000B8FB0120BCFB01202DFC012033FC01206C
:10CE80001471012028F501200C71012060E20020BE
:10CE9000B1F5086F42D0B1F5106FB4D1C2F3074CB1
:10CEA000B84AB9494FF0C81082F800C0B74A009399
:10CEB000C4F8C811C4F8CC01C4F8D001C4F8D41126
:10CEC000C4F8D82100F094FF00F0CAFC00F06EFB1B
:10CED000AF4A0121009BAA641160802193605160D8
:10CEE0004FF00112EB64C4F8BC21D4F8B02142F435
:10CEF0008032C4F8B021CBF80030D4F8B031002B28
:10CF0000FBD1DBE680B200288FD1A24BC2F30742EF
:10CF10001968A14B1960A14B1A7086E7994B012142
:10CF20009F481B780370FFF7DFFDC7E69C4802218E
:10CF30000380FFF7D9FDC1E69A4B596800293FF4F9
:10CF400062AF4FEA124E82B204E019690C33002935
:10CF50003FF459AFB3F800C0F445F6D1B3F802C0BE
:10CF60009445F2D14FEA1E22032A00F0D8801A8994
:10CF7000000C824228BF0246BEF5007F40F0D480FC
:10CF8000894B8A4918788A4B0092002818BF1946A5
:10CF90008848FFF76BFA874B009ADAE010F0780FB9
:10CFA00083B27FF430AF03F07F0213F0800F57F8A5
:10CFB000223014BF23F4803323F0010347F82230DA
:10CFC0000022734BEA649A600122AB641A608022EB
:10CFD0005A604FF00113C4F8BC31D4F8B03143F4B7
:10CFE0008033C4F8B031D4F8B031002BFBD165E602
:10CFF00010F0780F83B27FF406AF03F07F0213F0D6
:10D00000800F57F8223014BF43F4803343F00103FC
:10D0100047F8223000225E4BEA649A600122AB643A
:10D020001A6080225A604FF00113C4F8BC31D4F862
:10D03000B03143F48033C4F8B031D4F8B031002BB0
:10D04000FBD13BE6002008605B490C88486842F24F
:10D0500021018C427FF48DAE80B200287FF489AE2E
:10D060005649574C03C9A18086284FEA11412060D8
:10D07000A1717FF47EAE72B65248017841F0100182
:10D080000170D2F848110D0605D480200143C2F882
:10D090004401C2F8481162B64B4A5021117068E64B
:10D0A000EB6001234449C9F80030484B0A60C9F8D5
:10D0B0000430474B4860C9F81030C5F80890C9E9FA
:10D0C000028AD4F8B02142F00102C4F8B02103F57D
:10D0D000805203F50053C9F81420C9F81830D4F869
:10D0E000B031002BFBD12A4AEB6493600123AA6480
:10D0F000136048F2800353604FF00113C4F8BC3151
:10D10000D4F8B03143F48033C4F8B0314FF48033F5
:10D11000CBF80030D4F8B031002BFBD1CEE5000CB9
:10D120000A78824228BF0246BEF5E06F52D11E4BFC
:10D130001E4893F800C01E491E4BBCF1000F18BFDB
:10D14000014600921846FFF791F907210346417006
:10D15000009A23F01F011344BFF34F8F4FF0E020DC
:10D16000C0F8701F20318B42FAD8BFF34F8FBFF346
:10D170006F8F10481146FFF7B7FC9FE5C9033FF5D5
:10D1800037AE37E62CFC01200200CC00CC000200B8
:10D1900040E20020A4F50120B4FB01202BFC01207B
:10D1A00028F5012030C900202DFC012060290060F5
:10D1B000182A0060C004202088FF00200C71012084
:10D1C000ACFB012023FC012033FC01208000070080
:10D1D0000C910120064B1846CDE90023FFF746F9D4
:10D1E000DDE90023B5E70420FFF7E6FC15F01AF9A6
:10D1F000C00420202DE9F0471F46831E042B01D9CF
:10D20000BDE8F087DFF84C9015460C463C2209EB50
:10D21000C01806464FEAC01A002108F10400240491
:10D2200010F038FFB5FA85F20123520944EA42743E
:10D2300049F80A40C8F83870C8F80830002FDFD025
:10D24000034AB34011680B431360BDE8F08700BF89
:10D2500018710120000000202DE9F0470D46811EC5
:10D26000042901D9BDE8F087C701DFF84C90924648
:10D27000044640373C2200211E4609EB07082D04D6
:10D2800008F1040010F006FFBAFA8AF2520945EAE2
:10D29000427249F807200122C8F83860C8F808200F
:10D2A000002EDFD0034B10341968A2400A431A60E5
:10D2B000BDE8F08718710120000000201204816091
:10D2C000C36101F5405342F0800210B40124426072
:10D2D00001F50052046001F5805401F58041C460FD
:10D2E00081615DF8044BC0E904237047831E0A4640
:10D2F000042B00D97047064B00F110014FF0010CD0
:10D3000003EBC0100CFA01F14030FFF78DBB00BFFA
:10D3100000000020831E0A46042B00D9704701211B
:10D32000024B814003EBC010FFF77EBB00000020E2
:10D3300040687047124A134BD2F8200220F07F4019
:10D34000984210B584B002D200EB800040000E4C31
:10D3500001A90A22FFF72AF901A90023204611F8A2
:10D36000012B01333AB10A2B20F8022FF7D11623F3
:10D37000237004B010BD5B00DBB2237004B010BD9D
:10D3800000441F40809698003CD9002000F04EBE1B
:10D3900000F01EBE00F082BE00F03CBE00F0D8BE21
:10D3A00000F0AEBE0846114600F09EBEF8B5144C23
:10D3B0004FF0E025134E4FF4003204EB4024124F9F
:10D3C00006EB40160346C5F88C2121463A883046C4
:10D3D000FFF774FF3B882344BFF34F8FC5F85C4FC2
:10D3E0002034A342FAD8BFF34F8FBFF36F8F0420CE
:10D3F0003146FFF78FFF4FF40033C5F80C31F8BD0D
:10D400008005202080E20020ECFB012042684FF6DE
:10D41000FC71114BC2F30E42C0691B889B1A0B4072
:10D4200017D00E4930B40E4C0E4D227821F8103032
:10D430000021013225F81010062A94BFD1B20A4605
:10D44000217009490C6823440B60084B985430BC88
:10D450007047FFF7ABBF00BFECFB012038F50120A0
:10D460001DFC012054F5012030F5012070F501204C
:10D470002DE9F04F0123DFF828A1DFF828B183B0B0
:10D48000414E9AF80020414D414F8BF8003005EB9A
:10D4900042153388D7F80080CDE90002002B6DD10A
:10D4A0003C4CDFF804912846FFF742FF10F0800063
:10D4B0005DD03B68A3EB0803282B04D9012323701C
:10D4C00003B0BDE8F08F2378002BF9D199F8003034
:10D4D000002BF5D0D9F758FE3388002BE3D02E4A25
:10D4E0009AF800101288D01A043B2C4C9BB22044AE
:10D4F000338000EB4120009E4902C0F8006C93BBD2
:10D5000004F5406428460C442146FFF7D7FEBFF3DC
:10D510004F8F04F1200204F50073934234BF0123BE
:10D5200010234FF0E02204EB4313C2F8704F203475
:10D530009C42FAD1BFF34F8FBFF36F8F042029466F
:10D54000FFF7D4FE019B02200133032B94BFDBB213
:10D5500000238AF80030FFF72FFB00238BF8003000
:10D5600003B0BDE8F08F0220FFF70AFBF5E70A4B96
:10D570009AF800101A8820701346B5E7064A0199F8
:10D580001288D01AB0E700BFF0FB0120C0E40020F1
:10D59000A4F5012024FC0120F4FB012080052020BB
:10D5A00026FC012029FC01202CFC0120214B70B518
:10D5B0001B78002B3BD04FF400731E461E4980227F
:10D5C0001E4D00240B8000211D482B8010F062FDB1
:10D5D0001C4A21461C4B1470C0221C481C8010F0B1
:10D5E00059FD1B4A31461B4B042094609C60C2E9E4
:10D5F0000044194AC3E900441470184B184A1C70BF
:10D60000184B14602246FFF7F5FD23462246298871
:10D610000420FFF721FE20460134FFF7C7FE062C49
:10D62000F9D100231049114A0B70137070BD4023CB
:10D630001E46C3E72DFC0120ECFB0120F4FB01207A
:10D64000C0E4002026FC0120F0FB012080E2002045
:10D6500038F5012054F501201DFC012020FC01209B
:10D6600030F5012031A9020024FC012029FC012011
:10D67000024B1B780BB1FFF7FBBE70472CFC01205F
:10D680002DE9F843214B1D7815B9214E33880BB98C
:10D69000BDE8F883DFF888801E4A98F800701E4CB9
:10D6A00002EB47191D4A04EB4724128848462146DD
:10D6B000D21A2B46FFF702FEBFF34F8F04F1200270
:10D6C00004F50073934234BF012310234FF0E0228E
:10D6D00004EB4313C2F8704F20349C42FAD1BFF3DD
:10D6E0004F8FBFF36F8F013749460420FFF7FEFDD0
:10D6F000032F4FF000034FF0020098BFFDB23380BC
:10D7000088F80050BDE8F843FFF756BA29FC01201D
:10D71000F0FB0120C0E4002080112020F4FB012058
:10D7200026FC0120F8B54FF400324FF0E023204CE6
:10D73000C3F88C211F4B227819788A422ED0D3B29D
:10D740001D4A1E4F01331E491E4E072B28BF0023C2
:10D75000D05C37F8102001EB40218D58043231683D
:10D7600092B2043927F810203160174931F81010AF
:10D77000914207D94FF0E0234FF400322846C3F816
:10D780000C21F8BDDBB22370FFF710FE4FF0E02351
:10D790004FF400322846C3F80C21F8BD00254FF0A5
:10D7A000E0234FF400322846C3F80C21F8BD00BF37
:10D7B00020FC01201DFC012070F5012054F5012002
:10D7C0008005202030F5012038F501200A4A10B4E8
:10D7D0001378C4690133042B06D8D9B207481170F5
:10D7E000C4545DF8044B7047002104480B46117087
:10D7F000C4545DF8044B70471EFC012078F50120ED
:10D800001549034601EB801170B5BFF34F8F01F14D
:10D81000200001F140044FF0E0228442C2F85C1F76
:10D8200001D9C2F85C0FBFF34F8FBFF36F8F0B4C62
:10D830004FF0E0254FF40036402204EB4314C5F8C6
:10D840008C612046FFF73AFD21460620FFF762FD76
:10D85000C5F80C6170BD00BF8019202040E3002096
:10D8600000218022144810B50C4610F013FC8022D1
:10D870001248214610F00EFC1149124A2346124864
:10D88000147022460C70402104700520FFF7E4FC60
:10D8900022460E4B40210620FFF7ACFC2046FFF746
:10D8A000AFFF0120FFF7ACFF0220FFF7A9FF032025
:10D8B000BDE81040FFF7A4BF40E5002040E3002092
:10D8C00027FC01201EFC012021FC0120F1AC0200FC
:10D8D0002DE9F84F254DDFF8A8A0254ED5F800809A
:10D8E0009AF800403378002B38D081468B46E4B25A
:10D8F000204F0BE02B68A3EB08035B452BD8BBF153
:10D90000000F28D0D9F740FC33783BB33B789C42DA
:10D91000F0D00134042C25D8E3B2174A174D175D17
:10D920008AF8003005EB871505F140062C4609F111
:10D93000100910350FCCB44249F8100C49F80C1CF2
:10D9400049F8082C49F8043CF0D13846FFF758FF55
:10D950004020BDE8F88F0020BDE8F88F4FF0FF3081
:10D96000BDE8F88F00231C46D7E700BFA4F50120CF
:10D970002CFC01201EFC012078F5012080192020BC
:10D9800021FC01202DE9F047DFF8D4A0314F9AF8AF
:10D990000030314CDFF8CC8004EB4314D7F8009012
:10D9A00098F80030002B4ED006460D460AE03B6842
:10D9B000A3EB0903AB424AD8D9F7E6FB98F800304D
:10D9C000002B40D02046FFF7B3FC0306EFD4234BD7
:10D9D00006F1400E9AF8002003EB821C674630687F
:10D9E000103656F80C1C3D4656F8082C103756F8E1
:10D9F000043C76450FC5F2D12CF01F030CF1400119
:10DA0000BFF34F8F4FF0E022C2F8703F20339942AE
:10DA1000FAD8BFF34F8FBFF36F8F002361464022C8
:10DA20002046FFF74BFC21460520FFF75FFC9AF8E4
:10DA3000003040200133DBB2032B88BF00238AF87B
:10DA40000030BDE8F0874FF0FF30BDE8F0870020E0
:10DA5000BDE8F087A4F5012040E50020801A2020D1
:10DA600027FC01202CFC0120064B1B7803F0FF0053
:10DA70003BB1054A054B10781B78C01A18BF01202E
:10DA8000800170472CFC01201EFC012021FC01209C
:10DA9000F8B5144C4FF0E025134E4FF4003204EB70
:10DAA0004024124F06EB40160346C5F88C21214650
:10DAB0003A883046FFF702FC3B882344BFF34F8F80
:10DAC000C5F85C4F2034A342FAD8BFF34F8FBFF3A1
:10DAD0006F8F03203146FFF71DFC4FF40033C5F86C
:10DAE0000C31F8BD801B2020C0E30020EEFB01209C
:10DAF000244B2DE9F0411C884368C569C3F30E43EC
:10DB0000E41A002C24DD204920480A780078D3B29A
:10DB10001F4E82421F4807D010F8038036F8187055
:10DB2000C7F50072944218D90133002226F8154037
:10DB3000082B194E88BF134626F8152098BFDAB275
:10DB4000C554164B0A701A6814441C60BDE8F08175
:10DB50002846BDE8F041FFF79BBF07EB482010497E
:10DB600022462744084401EB4521FEF77FFC0B4A7F
:10DB7000284626F8187013682344BDE8F041136066
:10DB8000FFF786BFEEFB01201FFC012022FC0120D5
:10DB900044F5012080F5012060F5012034F50120D5
:10DBA000801B20201D4B1A78002A36D102F0FF037B
:10DBB0001B4A12788AB32DE9F0411A4D2A8852B3D4
:10DBC000194EC2F50068194F3278194C07EB42170D
:10DBD00004EBC224424638462146FFF76FFB04EBB4
:10DBE0000802BFF34F8F4FF0E023C3F8704F20348B
:10DBF000A242FAD8BFF34F8FBFF36F8F032039468D
:10DC0000FFF774FB33780133DBB2032B88BF0023AB
:10DC1000337000232B80BDE8F08170472AFC01207F
:10DC20002CFC0120F2FB012028FC0120C0E5002093
:10DC3000802B20202DE9F04F85B0CDE9011000297F
:10DC400000F0BF800023604CDFF89881DFF898A1D6
:10DC50005E4F009301235E4A23705E4B1978B8F83B
:10DC6000003002EB4119002B40F0A7801E461D46F4
:10DC70009B464846FFF75CFB10F0800000F08C806C
:10DC8000BFF34F8F9AF8003084F800B005B93E68B2
:10DC9000002B7DD13B689B1B782B00F287804E4B7D
:10DCA0001B78002B74D0D9F76FFA0122B8F8003036
:10DCB00015462270002BDCD0464AC3F5006011786F
:10DCC0001A4600EBC120454DC9022844019D9542EA
:10DCD00017D20393DDE901512A46FEF7C7FB039BE8
:10DCE0004FF040425B1BA8F800303D4BC3F8842046
:10DCF000BFF34F8F009800232844237005B0BDE880
:10DD0000F08F364BCD180299FEF7B0FB00234FF48D
:10DD1000006229464846FFF7D1FABFF34F8F05F15D
:10DD2000200205F50063934234BF012340234FF0E6
:10DD3000E02205EB4313C2F8705F2035AB42FAD105
:10DD4000BFF34F8FBFF36F8F03204946FFF7CEFA23
:10DD5000204A13780133DBB2032B84BF00231D4A12
:10DD60001370B8F80030019AD11A009A1A44019140
:10DD70000092029A1A4400230292194AA8F800302D
:10DD8000C2F88430BFF34F8F237000297FF462AF55
:10DD9000009805B0BDE8F08F4FF400620D4B8AF893
:10DDA000000019781346A8F800208AE7012300989C
:10DDB0008AF8003005B0BDE8F08F1A46C3F5006060
:10DDC0007FE70198E5E700BF2AFC0120A4F50120C8
:10DDD000C0E5002028FC01202CFC0120802B202005
:10DDE00000002E40F2FB012025FC0120704700BFFF
:10DDF0002D4B002180222D4870B51B7800242C4D1E
:10DE00008B422C4E0CBF40234FF400732B80338089
:10DE100010F040F9284A2146284B14704FF48072C4
:10DE200027481C8010F036F9264A1021264B022084
:10DE3000C2E90044C2E90244244AC3E90044147020
:10DE4000234AC3E90244234B1C7023461460224634
:10DE5000FFF702FA2246318803201F4BFFF7CAF969
:10DE60002346012229880320FFF7F6F920460134D2
:10DE7000FFF70EFE082CF9D1184B00214A22184852
:10DE8000184C0460C3F88410C3F88020D3F84821EC
:10DE9000154942F08072C3F8482121B1134A137822
:10DEA00043F00103137070BD2DFC0120C0E500207C
:10DEB000F6FB0120EEFB012028FC0120F2FB0120F3
:10DEC000C0E3002044F5012060F501201FFC012083
:10DED00034F5012022FC012015B0020000002E4084
:10DEE000B8FB0120C9B002000000000034FC012092
:10DEF0002DE9F04F4FF0E0234FF40032DFF8C8A0D7
:10DF000083B0C3F88C218B469AF8004000294FD08B
:10DF10008046E4B20027DFF8B490264BABEB070253
:10DF200025491B78A34204F101043FD0092C234B5F
:10DF3000404628BF00241E5D39F816C00CEB46236E
:10DF400019441F4B33F81650A5EB0C05AA421CD2FE
:10DF50000CEB462C18491B4C61440192FEF786FAE3
:10DF6000216839F816505846019AA1EB0B012A4452
:10DF7000394429F8162021604FF0E0234FF4003295
:10DF8000C3F80C2103B0BDE8F08F2A462F44FEF7FA
:10DF90006DFA0C49E3B230460A68A844521B0A6085
:10DFA0008AF80030FFF774FDBB45B6D83846E3E782
:10DFB0000846E1E71FFC0120801B202080F501209E
:10DFC00044F5012034F5012022FC012060F50120F8
:10DFD0000B4B0C4A12781978D3B28A420DD0013318
:10DFE00009480A4A092B0A4928BF0023C35C31F8B3
:10DFF000131002EB4323585C70474FF0FF3070471B
:10E000001FFC012022FC012080F50120801B202024
:10E0100060F50120044B10B51C680CB1204610BD02
:10E02000D9F7B2F8204610BD34F501202DE9F84F9C
:10E03000144E154D33782A78934221D0DCB2DFF8A4
:10E040005090DFF850B0DFF85080104F0134082CAA
:10E050005FFA84FA01D90024A24619F80400DBF81B
:10E06000003038F8102037F81010521A9B1ACBF8ED
:10E070000030FFF70DFD86F800A02B78A342E5D114
:10E08000BDE8F88F22FC01201FFC012060F5012073
:10E0900080F5012034F5012044F5012000B583B05E
:10E0A00001210DF10700FFF723FF20B19DF80700C4
:10E0B00003B05DF804FB4FF0FF30F9E7094B00B502
:10E0C00083B01B788DF807003BB101210DF10700EB
:10E0D000FFF7B0FD03B05DF804FB03F0FF0003B0F1
:10E0E0005DF804FB2CFC0120044B1B7803F0FF02BD
:10E0F0000BB1FFF79FBD1046704700BF2CFC0120FD
:10E100002DE9F0410024DFF8448001230D4D27461E
:10E110000D4E88F80030337828462035A34204F1AC
:10E12000010405D0FFF704F9030658BF07F500679F
:10E13000042CF0D1BFF34F8F0023384688F800300D
:10E14000BDE8F081C0E5002028FC01202AFC012068
:10E150002DE9F8431D4B1B7813B11D4D2A880AB9D0
:10E16000BDE8F8831B4EC2F500691B4933784A4667
:10E170001A4C01EB43181A4F04EBC3240123404609
:10E180003B7021460023FFF799F804EB0902BFF327
:10E190004F8F4FF0E023C3F8704F2034A242FAD8DB
:10E1A000BFF34F8FBFF36F8F03204146FFF79EF8F9
:10E1B00033780133DBB2032B88BF00233370002395
:10E1C0002B80BFF34F8F3B70BDE8F8832CFC012000
:10E1D000F2FB012028FC0120C0E50020802B20203C
:10E1E0002AFC012008B5D0E900325BB1BAB10F4B6F
:10E1F000A3FB0213DB0803EB4303B2EB83030AD157
:10E20000012008BD094BA3FB0213DB0803EB43030A
:10E21000B2EB830301D0D21A4260F02AF0D80DF09D
:10E22000EBFB1C22034600201A6008BDABAAAAAA79
:10E2300070B5044638B319B1B2FA82F67609A2B9BC
:10E24000206800B36268F2B1184B194902FB03F36E
:10E25000B1EBB30F17D3A368E3B900220123226007
:10E260006260A260E260184670BD1D46049BC0E972
:10E270000012C360FFF7B6FF03460028F3D06DB964
:10E280000123184670BD0DF0B7FB16220023026073
:10E29000184670BD00210FF0FDFEDEE762683146D2
:10E2A0002068A5600FF0F6FE0123DCE7ABAAAAAA5E
:10E2B00055555515C0F31501800D00224902F0B5E2
:10E2C000084D461C55F82040C1F1004055F826E0A5
:10E2D000E717A0FB044500FB0753CEFB01235800C2
:10E2E000F0BD00BF6CA40020B5EEC00AF1EE10FA3C
:10E2F0002CD4DFED207A20EE270AFDEEC07A32D44E
:10E30000F8EEE77ADFED1C6A1C4AB7EE007A30EED1
:10E31000670A20EE260AFCEEC07A17EE903AC3F3A5
:10E32000080307EE903A02EB8301F8EE677AD1ED2D
:10E33000006A70EE677A91ED010A37EE677A67EE50
:10E34000807A27EE260A30EE270A7047DFED0C7A36
:10E35000B4EEE70AF1EE10FA0BDADFED067A20EE02
:10E36000270AFDEEC07A17EE903A013B07EE903A8D
:10E37000C6E7704783F9223E00000044689C0020F5
:10E38000CD024CB410F1005348BF00F120430020EF
:10E390009A0DF0B4A3EB8253094D5B0255F822406D
:10E3A0000132E71755F82260C3F10042A2FB044591
:10E3B00002FB0751C6FB0301F0BC4800704700BFD9
:10E3C0006CA40020DFED1C7AB5EE007A20EE270A5F
:10E3D00030EE070AB5EEC00AFDEEC07AF1EE10FA93
:10E3E00004D517EE903A013B07EE903AF8EEE77A43
:10E3F000DFED126A124AB7EE007A30EE670A20EEBD
:10E40000260AFCEEC07A17EE903AC3F3080307EE33
:10E41000903A02EB8301F8EE677AD1ED006A70EE74
:10E42000677A91ED010A37EE677A67EE807A27EE18
:10E43000260A30EE270A704783F9223E0000004486
:10E44000689C00200346084619460FF095BE00BFA1
:10E4500008F04CBA07F072BB07F0E0BC07F0DABD79
:10E4600009F0ACBC09F076BC09F0E8BC09F016BDB7
:10E4700008B5042000F0F4F8024B034A0349036096
:10E4800000F0A2FD5081002075BA0200247A00201D
:10E4900010B582B00190082000F0E2F8019904461E
:10E4A00000F09AFF044A0549204600F08DFD204601
:10E4B00000F0EEF800F010F9EDC70200F47900204A
:10E4C00010B582B00190082000F0CAF80199044606
:10E4D00000F0C2FF044A0549204600F075FD2046C1
:10E4E00000F0D6F800F0F8F82DC80200007A0020FD
:10E4F000004870470C78002010B5034B03600446B9
:10E5000000F0B2F9204610BD3C81002010B5054B4B
:10E510000360044600F0A8F92046FEF743F82046C1
:10E5200010BD00BF3C81002008B5042000F098F821
:10E53000024B034A0349036000F046FD3C81002082
:10E540001DBA0200187A0020004870472078002089
:10E5500010B5034B0360044600F086F9204610BD59
:10E560005081002010B5054B0360044600F07CF993
:10E5700020460421FEF718F8204610BD50810020E7
:10E5800020494B6830B550F8085CA0F108045BB333
:10E5900004EB050E734527D821D05A6801F1040C0D
:10E5A00032B90FE0516803F1040C21B313460A4657
:10E5B0009645F7D304BFDEE900215960DCF800304E
:10E5C00008BFAD181A6899188C4211D05B6840F8E2
:10E5D000043CDCF8003040F8085C5C6030BD1A6830
:10E5E0005B682A4440F8082C40F8043C4C6030BD7D
:10E5F0002A441A6030BD5B681A6899188C42E5D1CC
:10E60000F6E700BF84080120144900F108034868B8
:10E61000082B38BF0823F8B1073323F00703043170
:10E6200002E0011D406880B102689342F9D830B41D
:10E63000D41A072C0AD9C51842686A60C450086801
:10E6400003600D60083030BC704770474568026059
:10E650000D60083030BC7047704700BF840801204F
:10E6600010B500F1800420460EF0A6FF034630B13D
:10E670008022002118460FF00DFD803010BD20468D
:10E68000FFF7C2FF03460028F2D100F023FC00BFD1
:10E69000064A93688038984205D9D2681344984254
:10E6A00001D2FFF76DBF0EF08FBF00BF84080120BD
:10E6B00038B5084C4FF41E652846E5600EF07CFF27
:10E6C000A06020B10023C0E90053606038BDE06065
:10E6D000606038BD840801201EB400F08DF81EBCB7
:10E6E0000CF07AF9F0B50278472A83B00C461D4643
:10E6F00019D0264E0020336801909B683046984719
:10E7000078B1019B1B68019302272368314620469C
:10E710001E6901AA0123B04710BB0746384603B063
:10E72000F0BD0127F1E743784E2BE2D18378552BDA
:10E73000DFD1C378432BDCD10379462B1AD0037980
:10E74000432BD6D143792B2BD3D183792B2BD0D10B
:10E75000C379012BCDD808D050F8206C5830CAE7C7
:10E76000019B2B60384603B0F0BD50F8200C50F8E8
:10E77000786CC0E743794F2BE1D18379522BDED1FE
:10E78000C379002BDBD1024E1846B4E7E0790020B4
:10E79000CC79002010B5044600F07AF8224612F831
:10E7A0002039472B04D0836823BB8260012010BD31
:10E7B00063784E2BF7D1A378552BF4D1E378432B14
:10E7C000F1D12379432BEED163792B2BEBD1A379B4
:10E7D0002B2BE8D1E379012BE5D854F8043C013325
:10E7E000012B44F8043CE1D1836844F8083C826082
:10E7F000012010BD00F06EFB08B500F049F88368F9
:10E8000083B393F82020472A04D00022826003F1CA
:10E81000200008BD93F821204E2AF6D193F822203B
:10E82000552AF2D193F82320432AEED193F82420DD
:10E83000432AEAD193F825202B2AE6D193F8262003
:10E840002B2AE2D193F82720012ADED8DA69013A8F
:10E85000DA61002ADBD19969816000229A6103F1B3
:10E86000200008BD00F036FB704700BF704700BFB6
:10E8700000487047F877002010B504210446FDF7E2
:10E8800093FE204610BD00BF004870478804012059
:10E890000048704788040120502870B51DD0844678
:10E8A00000F00F000C2855D8DFE800F007442607D9
:10E8B0001E545454542A22071E00104650F8046B6C
:10E8C0004EB10CF07004102C08BF11460E441CF021
:10E8D000800F18BF36681E6070BDD01C20F003008A
:10E8E00050F8046B1E6070BD104650F8086BE7E7E7
:10E8F000104630F9026BE3E7104630F8026BDFE7B1
:10E9000000261046344610F8015B05F07F0E0EFA23
:10E9100004FE15F0800F46EA0E0604F10704F2D15A
:10E920001F2CCDD86D06CBD54FF0FF3505FA04F47A
:10E930002643C6E700261046344610F8015B05F072
:10E940007F0E0EFA04FE2D0646EA0E0604F10704B9
:10E95000F3D4B5E7FEF734F8FF2808B5034619D01D
:10E9600003F07002302A084616D005D8202A09D1B3
:10E97000BDE808400CF013BA402A09D1BDE80840B0
:10E980000CF0FAB902D813F0600F03D0FEF718F8B4
:10E99000502AFBD1002008BDBDE808400CF0FCB9AE
:10E9A000F8B50C461546064608B10CF0E5F92860A6
:10E9B00014F8017BFF2F28D16860204610F8013B36
:10E9C000FF2B32D0102300242B75224610F8011B98
:10E9D00001F07F039340090644EA030402F10702B1
:10E9E000F4D40444EC6010F8013B6B75002422461B
:10E9F00010F8011B01F07F0393401C430B0602F14A
:10EA00000702F5D404442C61F8BD31463846FFF7BF
:10EA1000A3FF224601462B1D3846FFF73DFF044663
:10EA2000204610F8013BFF2BCCD12B750024D9E7F1
:10EA30002DE9F04F00F0030493B00023012C08935C
:10EA40000F46904613D0022C08D1414638460CF0B0
:10EA50007DF940B9082013B0BDE8F08F002C00F01C
:10EA60009380FDF7ADFF092013B0BDE8F08F0DF1E5
:10EA7000300A10F00804CDF800A000F09A8044F0AD
:10EA8000020202920C910C22194640460BF0F8FB50
:10EA900040460CF077F983460028D6D0524601460E
:10EAA0004046FFF77DFF414605469DF84400FFF7CD
:10EAB00053FF0DF12C0900230E901946CDF800905C
:10EAC0000F2240460BF0B6FB0B9B23F001035E1EAA
:10EAD000109B9D4280F0BD809DF84540002120465E
:10EAE000FFF73AFF2A46014609AB2046FFF7D4FE5E
:10EAF0009DF84550044600212846FFF72DFF224689
:10EB000001460AAB2846FFF7C7FE9DF8455004466C
:10EB100000212846FFF720FF224601464B462846A3
:10EB2000FFF7BAFE00240546224615F8011B01F046
:10EB30007F0393401C430B0602F10702F5D40C9BA4
:10EB4000099A1344B34217D9029BD8072DD5002444
:10EB5000039400231946CDF8009040460D22089DED
:10EB60000BF068FB039B3B630B9BC7F82CB0C7E91A
:10EB7000095406203B626EE70A9A1344B34272D8E6
:10EB8000109BAB42A8D8DFE702073FF55EAF012339
:10EB900002930DF1300A0023CDF800A00C22194693
:10EBA00040460C970BF06CFB72E7190758D500F044
:10EBB00091F90D6A23460D22214640460BF03AFB9F
:10EBC0000C9B9D4202D002230293E4E72346214698
:10EBD0000C22CDF800A040460C970BF051FB3A6B8D
:10EBE0000392D7E90A43002A3AD09B460DF12C093B
:10EBF000002C54DB032500231A461946CDF800905B
:10EC000040460B970BF03CFB002319460122CDF840
:10EC1000009040460B940BF033FB002319460F2263
:10EC2000CDF8009040460BF005FB0B9A0399CDF808
:10EC3000009002F001020A4300230B9240460F228B
:10EC400019460BF01DFB022D24D0072013B0BDE8A0
:10EC5000F08F029BDE073FF57AAF029B1B07A6D41D
:10EC6000384606F0A7FC0B9B002B3FF4EEAE0D9A46
:10EC700013440393002C36D1002B3FF4E6AE029BE5
:10EC8000DD073FF5E2AE029B1A0740F11681002432
:10EC90000225B0E73846FFF77DFD0720DBE66FF081
:10ECA00040431B1B1E46524659464046FFF778FE1E
:10ECB0009DF844004146FFF74FFE0E9005460F9821
:10ECC00050F8263000EB860033B10246002352F89C
:10ECD000041F01330029FAD1C7E90A3504237863F8
:10ECE0003B63032587E7109E039B013C2644002BD2
:10ECF0003FF4ABAE029B002E00F0D78013F0080368
:10ED0000049300F0C98047233B704E237B7055234A
:10ED1000BB704323FB7046233B714F237B7152230F
:10ED2000BB710023FB710023CDF818B0CDF814801F
:10ED30009B46CDF81CA00024224616F8011B01F0CA
:10ED40007F039340080644EA030402F10702F4D467
:10ED50001F2A05D8490603D5012393405B421C4373
:10ED6000002530462A4610F8011B01F07F0393402E
:10ED70001D430B0602F10702F5D41F2A05D84B06E6
:10ED800003D5012393405B421D43002C34D036DC75
:10ED900017B1049B002B4FD06FF0404A0F9BAAEB9A
:10EDA000040A53F82A30B3B1002D6AD02E44C2E7CA
:10EDB000A3005B420F9A0E991A444B46FFF76CFD75
:10EDC0000B9941B1002FEFD008AB00223846FFF776
:10EDD00089FC0028E8D0029BDDF81CA0DB07DDE9F8
:10EDE000058B3FF5B6AE049B002B3FF401AF002C22
:10EDF000BFF600AF00F07CF84FF0010BD4E79DF8B0
:10EE00004400FF2831D000F00703042B3FF629AE61
:10EE100001A252F823F000BFD5C2020087BF020052
:10EE200057C30200D5C2020051C30200E3005B4297
:10EE3000C0E763005B42BDE76FF0404A0F9B089A52
:10EE40000B92AAEB040A03EB8A0853F82A1019B9AB
:10EE50000DE058F8041F51B141444B46002238469A
:10EE6000FFF740FC0028F4D09EE70023A2E7029BB6
:10EE7000D8075646DDE9058BDDF81CA03FF569AEE5
:10EE800011E75B46DDF81480002B3FF4DEAD029BFA
:10EE9000D9073FF5DAADFAE6FB79012B0CBF57F83D
:10EEA000203C07F1580308933DE7DA073FF5CDAD65
:10EEB000029B13F008047FF4EAAE02259BE606F0FD
:10EEC000FBFB74E608B58047FDF77AFD06F0F4FB1E
:10EED000FDF776FD08B5034B1868BFF35B8FFFF7AE
:10EEE000F1FF00BFBCCD002008B58047FFF7F2FF5F
:10EEF00008B5034B1868BFF35B8FFFF7F5FF00BF42
:10EF0000C0CD0020024B1868BFF35B8F704700BF75
:10EF1000BCCD0020024B1868BFF35B8F704700BF69
:10EF2000C0CD002000B5012883B01DD8BFF35B8F92
:10EF3000A1F1280353E8002F013A43E800200028FC
:10EF4000F8D1BFF35B8F62B951F81C3C01F1580056
:10EF500013B101909847019803B05DF804EBFFF7F7
:10EF600097BB03B05DF804FB51F8140CFFF7AAFF40
:10EF700038B5002540E91E1240F8805C0446FFF7D2
:10EF8000C9FF44F8700CFFF7BDFF43222B23472134
:10EF900004F8552C04F8542C04F8533C04F8523C63
:10EFA0004E22552304F8581C04F8515C054904F816
:10EFB000572C04F8563C44F86C0C44F8501CA4F14F
:10EFC000800038BD49C4020010B582B0CDE90021EF
:10EFD0000446FFF75DFC03464068009A0199013042
:10EFE00058602046FFF7C4FF0446012344F8283B3D
:10EFF00020460BF0DFFC204606F05EFBFFF76AFFC1
:10F0000010B5FFF745FCD0E900420132426064B11F
:10F0100094F82020472A0AD000220260203420469B
:10F020000BF0ECFC204606F047FBFFF753FF94F88B
:10F0300021204E2AF0D194F82220552AECD194F8C0
:10F040002320432AE8D194F82420432AE4D194F8D9
:10F0500025202B2AE0D194F826202B2ADCD194F805
:10F060002720012AD8D8626952426261D6E700BFE0
:10F0700010B5034B0360044600F056FA204610BD5D
:10F08000547F002010B5054B0360044600F04CFA95
:10F0900020460C21FDF788FA204610BD547F002041
:10F0A00070B582B00446069E96420D4609D0A0680F
:10F0B00004680696246A2946A44602B0BDE870405A
:10F0C000604719460192009300F060F8DDE90032D4
:10F0D0000028ECD0062002B070BD00BF2DE9F04F33
:10F0E0000C4681B01946DDE90A69DDE90C879B46CB
:10F0F0000546924600F04AF880B9464522D0A868F5
:10F1000021460468CDE90C87CDE90A69E4695B46CC
:10F110005246A44601B0BDE8F04F6047002C3E6067
:10F1200087F804A009DB2644B0450CBF062601265B
:10F13000BE71002001B0BDE8F08F0234F9D1012387
:10F14000BB71F6E74946284600F020F80028D6D0E3
:10F1500087F805A0EDE700BF2DE9F04106460F4610
:10F1600014461D4600F01AFA48B9B06801682246F4
:10F170008C692B463946A446BDE8F0416047BDE89E
:10F18000F08100BF704700BF00207047814211D05E
:10F1900008B5406803782A2B0AD049680B782A2BD7
:10F1A00008BF01310FF04EF8B0FA80F0400908BDF9
:10F1B000002008BD0120704770B53B4B1A7882B023
:10F1C000002A41D101241C7006F0FAFA002831D03F
:10F1D0004468364D23782A2B08BF013400224FF0B3
:10F1E000FF30114601AB0190204606F063F92B6811
:10F1F0003022DB68064601212D480CF0EDFB019B17
:10F2000093B12B682046D9680BF09CFF2B682948E6
:10F21000DB68022201210CF0DFFB019B13B93046B1
:10F220000EF0D2F9FFF7ECFE2B683046D9680BF0F0
:10F2300089FFEBE71D4B20481B682D22DB68214628
:10F240000CF0CAFBFDF7BCFB184B1C481B681D22C9
:10F25000DB6801210CF0C0FBFDF7B2FB01290C4675
:10F2600019D106F029FA03689B6898472B68214654
:10F27000DB6804460B2212480CF0AEFB2B682046DC
:10F28000D9680BF05FFF2B680A20D9680BF0E4FE09
:10F2900006F050FAD6E706F00FFA06F04BFAD1E77F
:10F2A00006F048FAFFF718FA19FC0120BCD6002036
:10F2B00084770020B8770020BC7700206477002096
:10F2C000EC7700204068704710B543680C4A0D4940
:10F2D0000446A3F10C00904282B0216005D1204683
:10F2E000FFF7C2FA204602B010BD53F8042C511E9D
:10F2F000002A43F8041CF2DC01A900F0F3F8EEE761
:10F300001C5401200081002010B543680C4A0D49AF
:10F310000446A3F10C00904282B0216005D1204642
:10F32000FFF7A2FA204602B010BD53F8042C511E7C
:10F33000002A43F8041CF2DC01A900F0D3F8EEE740
:10F340001C5401200081002010B543680E4A0F496B
:10F350000446A3F10C00904282B0216008D12046FF
:10F36000FFF782FA2046FDF71DF9204602B010BDD6
:10F3700053F8042C511E002A43F8041CEFDC01A9A9
:10F3800000F0B0F8EBE700BF1C5401200081002022
:10F3900010B543680E4A0F490446A3F10C00904291
:10F3A00082B0216008D12046FFF75EFA2046FDF7C3
:10F3B000F9F8204602B010BD53F8042C511E002A63
:10F3C00043F8041CEFDC01A900F08CF8EBE700BF68
:10F3D0001C54012000810020F0B51B4B036083B05A
:10F3E000044649B308460D4611F018F80746A8B17F
:10F3F00001AA002100F03AF8012F064600F10C03A3
:10F4000011D0184629463A46FDF730F803460F4A10
:10F4100096420BD12046636003B0F0BD0C4B636095
:10F42000204603B0F0BD2A780273F0E70022B260F4
:10F4300037603E443273EDE70648FFF729F820466F
:10F44000FFF712FAFFF748F9008100201C54012051
:10F45000285401204878002010B50446FFF7BCFF6F
:10F46000014B2360204610BD148100201B4B9842A5
:10F4700010B530D8884204461CD94A00904238BFA3
:10F48000144604F11D02B2F5805F04F10D0018D995
:10F490008C4216D9C2F30B0204F58054A41A9C4284
:10F4A00028BF1C4604F10D00FDF77AF80022C0E9E0
:10F4B000014210BD00F11D03B3F5805F00F10D00A6
:10F4C00001D9002805DBFDF76BF80022C0E90142F5
:10F4D00010BDFEF7CDFF0248FEF7F2FFFCFFFF3F35
:10F4E00030780020FDF75EB870B5036884B0002462
:10F4F0009E690394102315460293CDE900446B46A0
:10F500001268B0479DF8043003F00603062B03BFD2
:10F51000009B2B600120204604B070BD00989042F3
:10F5200014BF01200620704710B5034B036004464A
:10F53000FFF728FE204610BD287F002010B5054BA0
:10F5400003600446FFF71EFE20460821FDF72CF855
:10F55000204610BD287F00202DE9F041069F089924
:10F56000099E8F42044690461D460CD029462046EF
:10F57000FFF70CFE20B10123376086F80480B371D9
:10F580000020BDE8F0810799FFF700FE0028EDD0CC
:10F5900086F805800020BDE8F08100BF38B515462B
:10F5A0001C46FFF7F3FD00B938BD0822062325608D
:10F5B000E260237138BD00BF2DE9F04106461746D1
:10F5C0001D460C46FFF7E2FD48B9032D07D8236816
:10F5D0003A46314620465B69BDE8F0411847BDE830
:10F5E000F08100BF312970B5864645D828292AD830
:10F5F0000A2920D9A1F10B0C324C5FFA8CFC0120B6
:10F6000000FA0CF00440002C4DD0D2B1DEE90540E8
:10F61000844216DADEF8105004EB840C05EB8C0003
:10F6200001340026C0E90166CEF8144005F82C101C
:10F63000C0E9032370BD042930D9A1F109000128D4
:10F64000E3D9002070BDA1F129000828F9D801A450
:10F6500054F820F031CB0200C5CB0200C1CB020030
:10F6600067CB0200C1CB020031CB020031CB0200DC
:10F670002FCB0200C5CB0200A1F13400C0B21D287F
:10F68000DFD8114C4FF0010C0CFA00FC0CEA04041A
:10F69000002CBAD10D480CEA000070B1002AD0D07D
:10F6A000002BB3D1CDE710F47F1FAFD1084C04403D
:10F6B000002CC6D0002AF3D1C3E71CF0505CC0D0A8
:10F6C000A4E700BFFE1F802F0711C701F82E000A14
:10F6D00001004000F0B5C26811786E29864625D039
:10F6E0003039CBB2092B2BD80026164D00206FF0F5
:10F6F000004402E0B0EBD30F15DC0132CEF80C2051
:10F700001378303B5FFA83FC00EB800001EB400094
:10F71000BCF1090F1946A4EB0303A5FB0373E9D958
:10F7200006B14042F0BD4FF0FF30F0BD531CC36046
:10F7300051783039CAB2092A02D81A460126D4E7CC
:10F740000020F0BDCDCCCCCC10B5044629B9C3689F
:10F750001A786AB15A1CC260197868290CD07629C7
:10F7600006D12046FFF7B6FFE3681A785F2A01D07A
:10F77000002010BD0133E3602046FFF7ABFFE368D4
:10F780001A785F2AF4D10133E360012010BD00BF75
:10F7900010B4C3680A461978522910D04F2903D0F3
:10F7A00010465DF8044B7047C46A202103340133CE
:10F7B000C462C3605DF8044B0023FFF713BFC46A43
:10F7C0001F210234F3E700BF002966D038B5054693
:10F7D0000C46A368012B39DCD5F81C01B0F5806F0D
:10F7E00003F1010332DC2278A360531E502B2DD885
:10F7F000DFE803F03131314C2C2C2D2D31313131FA
:10F8000031313131313131313131312C31313131ED
:10F81000313131313131424231312C3131313129C3
:10F8200031313131312C2D313131313131313131D1
:10F8300031313131312C2C31292929292C313131E7
:10F84000313131313100E468002CC2D138BD246936
:10F85000002CBED1FAE7E168431CC5F81C312846EC
:10F86000FFF7B2FF21692846FFF7AEFFD5F81C313C
:10F87000013BC5F81C3138BDE1680B78052BEBD195
:10F88000D5F838310133C5F83831E5E7D5F84431DA
:10F89000E1680133C5F84431DEE77047034648B1FB
:10F8A000002304E0C2682AB10069013310B1027874
:10F8B0002F2AF7D018467047C3681A785F2A01D0FC
:10F8C0000120704710B55A1CC2605A785F2A04465E
:10F8D00004D0FFF7FFFEC043C00F10BD0233C3606A
:10F8E000FFF7F8FE002809DB092805DDE3681A7830
:10F8F0005F2A03D10133E360012010BD002010BD59
:10F9000020B909E039B10069013930B103782F2BF2
:10F91000F8D000207047C06870477047F0B51446B3
:10F920005268A5684B1C1344AB4283B00E46074691
:10F9300011D8E5686DB963682068324618443946C5
:10F94000FCF794FDD4E9003233449D54636833449A
:10F95000636003B0F0BDE268002AFAD155B16D00D2
:10F96000AB42FCD8206829460FF038FC38B1206043
:10F97000A560DEE7022B4FF00205F0D8F2E7019018
:10F9800020680DF021FE019B0122C4E90033C4E987
:10F990000232DEE70378722B07D0562B05D04B2BB3
:10F9A00003D0442B03D000207047012070474078DB
:10F9B00000F0DF034F2BF8D0773801288CBF0020F0
:10F9C00001207047D0F80031FF2B70B504460D467A
:10F9D00006D05A1CC4F80021E55484F8045170BDC7
:10F9E0000026194680F8FF60D0E942329847D4F8E3
:10F9F000283101221344C4F828313346C4F80021C9
:10FA0000E55484F8045170BDD0F810319BB1CA6838
:10FA10005B68002A1B6909DB23B907E042B11B6957
:10FA2000013A1BB119782F29F8D0002318467047E6
:10FA3000DB68184670470122C0F81821F6E700BFBE
:10FA4000002940D02DE9F041DFF884801F4F0546A2
:10FA50000C4601262378082B13D8082B1ED8DFE884
:10FA600003F00D1D1D1D1D270D232300172B15D978
:10FA7000183BDBB227FA03F3DB070FD50020BDE804
:10FA8000F0812C2BF2D9323BDBB21B2B06D806FAC5
:10FA900003F212EA080FF1D1012B05D0E1682846E4
:10FAA000FFF7CEFF0028EAD12469002CD2D1E5E788
:10FAB00021462846FFF7A8FF0028DFD003782F2B28
:10FAC000DCD1BDE8F0810020704700BF018010004C
:10FAD0000100E30C2DE9F041044608460D4610F004
:10FAE0009DFC40B3013DD4F800112F184FF00008E1
:10FAF00009E00B46BD4201F10101C4F80011E654D2
:10FB000084F8046117D0FF2915F8016FF1D1D4E909
:10FB1000423284F8FF8020469847D4F828310121EA
:10FB20000B44C4F828310023BD42C4F80011E65448
:10FB300084F80461E7D1BDE8F08100BF38B5C3683F
:10FB40001A78542A24D15A1CC2605A785F2A044673
:10FB500020D06E2A1CD0FFF7BDFD411C18D4E368ED
:10FB60001A785F2A14D10133D4E905208242E36078
:10FB70000EDA236902EB820C03EB8C0001320025C4
:10FB8000C0E901556261052203F82C20C16038BD2F
:10FB9000002038BD02330021E6E700BF2DE9F04127
:10FBA00088B00A4604461A4901A80BF0D7FA01A802
:10FBB00010F034FC40B301ADD4F800112F184FF011
:10FBC000000809E00B46BD4201F10101C4F8001133
:10FBD000E65484F8046117D0FF2915F8016BF1D1C0
:10FBE000D4E9423284F8FF8020469847D4F828317F
:10FBF00001210B44C4F828310023BD42C4F8001190
:10FC0000E65484F80461E7D108B0BDE8F08100BF94
:10FC10007871002070B50446FFF75CFD051E46DDD7
:10FC2000E66863689B1B9D423EDCA268731952071D
:10FC3000E36004D5725D242A04BF0133E360092D1B
:10FC400022DD2A49082230460EF058F930B9337ABD
:10FC50002E2B2ED05F2B2CD0242B2AD0D4E905328A
:10FC6000934221DA206903EB830200EB8200013327
:10FC70000022C0E90122636100230370C0E901335F
:10FC8000C0E90365A06270BDD4E9053293420BDA86
:10FC9000206903EB830200EB820001330022C0E9FC
:10FCA00001226361002EE7D10020A06270BD002018
:10FCB00070BD737A4E2BD1D1E26A6369A1691632A5
:10FCC000521B8B42E262EFDA226903EB8300810070
:10FCD0000133636102EB80000023C0E90133535418
:10FCE000034A1523C0E90323DFE700BF2093002068
:10FCF0002C9300202DE9F041C3681A78532A31D1A2
:10FD00005A1CC2605A780446A2B39A1CC2605A7840
:10FD10005F2A44D0A2F13003D8B2092826D80021A6
:10FD20000DE0303B99421DD8E06802781946451C29
:10FD30001AB1E56002785F2A3BD0A2F13003D8B255
:10FD4000092801EBC103A2F1410C02EB8303E8D9BE
:10FD5000BCF1190F06D801EBC10302EB8303373B5B
:10FD60009942E1D900252846BDE8F081A2F1410081
:10FD70001928D4D9A36803F00803002B14BF012568
:10FD8000002500D1B9B93F4B742103F1A80001E06F
:10FD900013F81C1F914215D08342F9D1E2E70023EA
:10FDA000226A9A42DED9E26952F823502846BDE819
:10FDB000F0810133F4E7E3681B78433B012B98BFE4
:10FDC0000D46E0E75E69002E54D0D4E9052082425A
:10FDD000D3F8188053DA276902EB820C07EB8C0109
:10FDE0004FF0000EC1E901EE01324FF0180E6261D2
:10FDF00007F82CE0C1E90368A162002D37D0D3E9F0
:10FE00000371E36A82420B44E36236DA236902EB50
:10FE1000820003EB800501320026C5E901666261BC
:10FE2000182203F82020C5E90371E3681A78422AF2
:10FE300099D1A66A0133E3602046FFF7EBFE2A461C
:10FE400003464D212046FFF7CDFBE3681A78422A8E
:10FE50000546EFD0A662002884D0D4E90832934248
:10FE600080DAE1695A1C41F8230022627BE7D3E97A
:10FE70000171C6E7D4E90520BFE70025D5E70021D9
:10FE8000BAE700BF70AC00202DE9F043C26883B030
:10FE900004461046FFF77EFD002866D113785A2BE2
:10FEA00031D82F2B5CD9303B2A2B59D8DFE813F0FF
:10FEB0008C008C008C008C008C008C008C008C00E2
:10FEC0008C008C005800580058005800580058000A
:10FED0005800D6015800D900ED005800E700600135
:10FEE0005800580058005800580018028C00CB00E9
:10FEF000BD005800AF0095016E01BE0158005800CA
:10FF0000580058008C00613B5FFA83FCBCF1190F6C
:10FF100026D8C44D012101FA0CF10D40EDB1C249C2
:10FF200003EB830301EB8301D4E90535AB4280F297
:10FF3000C583266903EB830C06EB8C050133C5E909
:10FF400001006361272306F82C30E960E36A496801
:10FF500001320B44E260E36203E0BCF1140F48D0CD
:10FF60000025284603B0BDE8F083002201A9204601
:10FF700001F0B4FA05460028F2D0E3681B78462B5E
:10FF800020461ED0FFF780FF28600028E8D00378C5
:10FF90001F3B012B05D8019AC368C2602A680192F1
:10FFA0002B60019D002DDBD0D4E908329342D7DAD3
:10FFB000E1695A1C284641F82350226203B0BDE88B
:10FFC000F08300F0FDFBDFE7204601F06BFD054606
:10FFD0000190002DC4D0D4E908329342C0DAE1691F
:10FFE00041F82350019D5A1C2846226203B0BDE807
:10FFF000F0830132E2602046FFF70CFE2B460246FA
:02000004600397
:1000000028212046FFF7EEFA05460190E1E701328C
:10001000E2602046FFF738FF0023024623212046F6
:10002000FFF7E0FA05460190D3E70132E26020468F
:10003000FFF72AFF0023024622212046FFF7D2FACB
:1000400005460190C5E70132E2602046FFF71CFF3C
:100050000023024624212046FFF7C4FA05460190FA
:10006000B7E70132E2602046FFF70EFF00230246A9
:1000700025212046FFF7B6FA05460190A9E720465C
:1000800000F09EFB05460190A3E7531CE360537804
:10009000002B3FF465AF931CE3605378463B302B55
:1000A0003FF65EAF01A151F823F000BF71D8020006
:1000B00085D4020085D4020085D4020085D40200D4
:1000C00085D4020085D4020085D4020085D40200C4
:1000D00085D4020085D4020085D4020085D40200B4
:1000E00085D4020035D8020085D4020085D40200F0
:1000F00085D4020085D4020085D4020085D4020094
:1001000085D4020085D4020085D4020085D4020083
:1001100085D4020085D4020009D9020085D40200EA
:10012000DDD80200F7DA0200C7DA020065D9020062
:1001300085D4020035D9020097DA020085D4020086
:1001400085D4020085D4020085D4020067DA02005B
:1001500085D402004FDA020085D4020085D4020063
:100160001FDA020035D80200EFD9020095D902004B
:100170000132E2602046FFF787FE00230246262177
:100180002046FFF72FFA0546019022E72046FFF7A9
:10019000D5FCE66801903378492B05467FF419AF0A
:1001A000636B002B40F0578200283FF4D9AED4E9AE
:1001B00008218A42BFF6D4AEE16941F8220001323B
:1001C00022623278493A012A05D80136E660204693
:1001D00000F00CFE03462A461CE05378A3F13002DF
:1001E000092A05D95F2B03D0413B192B00F2268247
:1001F00000212046FFF77EFDE36801901A78492A26
:1002000005467FF4AEAE0133E360204600F0EEFD1C
:100210002A46034604212046FFF7E4F905460190EB
:10022000D7E600BFFF7BEC03A88800200132E26024
:100230002046FFF7EFFCE36801901A78492A05464B
:1002400000F0E1812046FFF71FFE2B4602462121E8
:100250002046FFF7C7F905460190BAE6551CE56050
:1002600053785F2B00F0CD81303B092B00F2D88111
:100270002B469C460133E360197830390929F8D9B7
:10028000D4E905108142ACEB0202BFF669AE2769E2
:1002900001EB810007EB80064FEA800E0020013160
:1002A0008242C6E9010061617FF75AAEC6E90100EA
:1002B00007F80E00C6E903529CF801201D465F2A8C
:1002C0007FF44EAE0135E5602046FFF7DDFD324696
:1002D00003462A212046FFF785F90546019078E676
:1002E0000132E2602046FFF7CFFD054600283FF4CB
:1002F00037AE2046FFF7C8FD034600283FF430AE76
:100300002A462B212046FFF76DF90546019060E64D
:100310000123256B2363204600F030FE256302464F
:10032000002344212046FFF75DF90546019000288F
:100330003FF416AEE3681A78002A3FF411AE5A1C57
:10034000E2601B78452B7FF40BAE44E6D4E905311F
:100350008B4280F2B581216903EB830001EB8005BC
:1003600001330026C5E9016663612C2301F82030C2
:1003700093780195303BDBB2092B94BF01233346C0
:100380002B8202D82046FFF7A5F92046FFF77CFD17
:10039000E86000283FF4E4AD2046FFF79BF9E268EF
:1003A000137813B1531CE3601378A3F17303B3FA0A
:1003B00083F35B096B82D4E5D4E905329342BFF63F
:1003C000CFAD2269C04903EB8305A8000133636107
:1003D00002EB85050023C5E9013313540E23C5E95B
:1003E0000313BEE5D4E905329342BFF6B9AD2269E5
:1003F000B64903EB8305A8000133636102EB850571
:100400000023C5E9013313540423C5E90313A8E508
:10041000D4E90532934280F26B81226903EB8301B8
:1004200002EB810501330020C5E901006361272348
:1004300002F82130E36AA64AEA600433E36290E5F9
:10044000D4E90532934280F25381226903EB8301A0
:1004500002EB810501330020C5E901006361272318
:1004600002F82130E36A9B4AEA600933E36278E5E7
:1004700093785F2B00F01481D4E905329342BFF6E4
:100480006FAD226903EB830102EB8105013300208C
:10049000C5E901006361432302F821302046FFF7DC
:1004A00019F9E860E3681A785F2A7FF459AD0133DF
:1004B000E3602046FFF7E8FC2A4603462D2120464C
:1004C000FFF790F80546019083E5D4E905329342A1
:1004D00080F20E81226903EB830102EB8105013377
:1004E0000020C5E901006361272302F82130E36A97
:1004F000794AEA600733E36233E5D4E9053293428F
:1005000080F2F680226903EB830102EB810501335F
:100510000020C5E901006361272302F82130E36A66
:100520006E4AEA600833E3621BE52046FFF7ACFC45
:10053000002302464C212046FFF754F8054601905F
:1005400047E5D4E90532934280F2D280226903EB79
:10055000830102EB810501330020C5E901006361DD
:10056000272302F82130E36A5D4AEA601133E3622F
:10057000F7E4D4E90532934280F2BA80226903EBB2
:10058000830102EB810501330020C5E901006361AD
:10059000272302F82130E36A524AEA600833E36213
:1005A000DFE4D4E90532934280F2A280226903EBB2
:1005B000830102EB810501330020C5E9010063617D
:1005C000272302F82130E36A474AEA600A33E362EC
:1005D000C7E4D4E90532934280F28A80226903EBB2
:1005E000830102EB810501330020C5E9010063614D
:1005F000272302F82130E36A3C4AEA600933E362C8
:10060000AFE400265EE60133E360204600F0EEFB37
:100610002A46034604212046FEF7E4FF054611E67C
:100620000123256B2363204600F0A8FC25630646C2
:1006300000283FF495ACE5682A7840E6204601F0B2
:1006400031FA0546019000283FF48AAC0378182B54
:100650007FF4C1AC85E4731CE3602046D4F81490A9
:10066000D4F82080E76A00F0C1FBE3681B78492BCF
:1006700006D0E660C4F81490C4F82080E762A8E4CD
:10068000002D3FF46DACD4E908139942BFF668AC75
:10069000E26942F82150013103462A462162B9E558
:1006A00003320123256BE2602363204600F066FCE1
:1006B0002563054600287FF4F5AE51E4C368FFDEEC
:1006C00000231B70FFDE00BF4C93002044930020EA
:1006D000EC8A0020B08A0020008B0020148B0020C0
:1006E0003C8B0020288B0020D88A0020C48A002060
:1006F0000023DB68FFDE00BF30B5C26883B0002393
:1007000001931378002B34D0044601AD4F2B0CD04D
:1007100009D82E2B01D0452B0AD1019848B3036983
:10072000CBB103B030BD522B02D15378452BF4D05E
:100730002046FFF7A9FB024600232E212046C2B126
:10074000FEF750FF2860A0B1E268137800F11005B1
:10075000002BDBD1E1E7C26811782729E1D1D2680B
:10076000117C0929DDD1E16A5268891AE162C3600E
:10077000D7E7002003B030BD70B5C3681A784A2AA5
:1007800005461AD081B12846FFF77EFB044690B19A
:100790002846FFF7B1FF034668B1224628462921C3
:1007A000BDE87040FEF71EBF28460C46FFF7A4FFC9
:1007B00003460028F1D1002070BD0133C360E2E799
:1007C00010B50446806810F480200BD1E26BB2F5BE
:1007D000006F06D8511CE368E1631978462907D0F9
:1007E000E26310BDE3681A78462A01D0002010BDEC
:1007F0005A1CE2605A78592A04BF0233E36001218F
:100800002046FFF7B9FF01462046FEF7C1FFE36827
:100810001A78452A04BF0133E360A36818BF00209B
:100820005B03DED4E26B013ADAE700BFF8B5C368D8
:100830001F78064677BB4FF0000E3D4D4821002241
:100840008B1A03EBD37302EB6303180105EB031C54
:100850002C582078B84206D094BF5A1C19468A42B8
:10086000EED10020F8BD60787045F5D1D6E90532AB
:100870009342F6DA326903EB830102EB8100013324
:100880000024C0E901447361322302F82130C0F82A
:100890000CC0F8BD5A1CC26093F801E01F78BEF18D
:1008A000000F02D1762FC8D0C5E79A1CC260762F00
:1008B00093F801E01FD1AEF13004E3B2092BBCD8AC
:1008C000FFF7A8F9D6E905318B420246C9DA376944
:1008D00003EB830107EB810001330025C0E90155DB
:1008E00089007361002ABCD03323C0E901557B54D1
:1008F000C0E90342F8BD632F9FD1BEF1760F9CD1B2
:10090000D0E90C34B3FA83F35B094363FFF7BCFA15
:10091000736B024633B1002335213046FEF762FE89
:100920007463F8BD34213046FEF75CFEF8E700BF83
:10093000508B0020F8B5C3681A78A2F1300109295C
:10094000044665D9552A6CD038D8442A0FD94C2A88
:100950000AD10133C360FFF75DF9054620B1204697
:10096000FEF7AAFF00283BD100252846F8BD422A01
:10097000FAD9816A41B10878002840F09180E26A92
:1009800008690244E2621A78432A00F0C880442AC7
:1009900040F084805A78303A052AE5D801A050F812
:1009A00022F000BFD3DF02002BE0020019E00200BA
:1009B0008DDE020025E002001FE00200A2F16101CD
:1009C0001929D1D86F2A056B00F0A0802046FFF7C7
:1009D0002DFF2563054618B10378322B00F0C68041
:1009E000E3681A78422AC0D1A66A0133E360204640
:1009F000FFF710F92A4603464D212046FEF7F2FD87
:100A0000E3681A78422A0546EFD0A6622846F8BD68
:100A1000FFF700F9E3681A780546422AE4D0284631
:100A2000F8BD5A786C2A00F0C180742A9CD1591CF8
:100A3000C1605A78742A37D19A1CC2609A785F2AAA
:100A400000F008816E2A8FD0FEF744FE0130E36883
:100A500000F1FD801A785F2A20D10133D4E9052105
:100A60008A42E36080F20081266902EB820706EB8E
:100A7000870501320021C5E901116261492206F8AA
:100A80002720E860D4E90820824280F2EA80E16908
:100A900041F82250013222621A78BEE70025BCE7F5
:100AA00018287FF471AF6AE70B460025B5E74FF0D1
:100AB000010ED4E905209F1C8242E76080F2C280CB
:100AC000D4F810C002EB82000CEB80050132002646
:100AD000C5E9016680006261002900F0B380C5E9C4
:100AE000016608220CF8002085F80CE029619A784C
:100AF0003B4692E74FF0030EDBE74FF0050ED8E7D9
:100B00004FF0040ED5E74FF0020ED2E75A786E2A66
:100B10007FF45CAF02330022C360026356E75A7869
:100B2000492A7FD0A2F1310004283FF61DAF303AA8
:100B30000233D6B2E360D4E90532934280F2868074
:100B4000276903EB830207EB820501330020C5E927
:100B5000010092006361002978D00723C5E90100F4
:100B6000BB54E3682E7329611A7856E7C268E36ABA
:100B70009168126807330B44E36213786C2B7FF49F
:100B80002FAF5378692B7FF42BAF9378002B7FF432
:100B900027AF2046FFF73EF82A4603463721204676
:100BA000FEF720FDE36805461A7836E7591CC16058
:100BB0005A786C2A7FF478AF0233C360FFF79CFD4C
:100BC000E3680646002842D01A78452A7FF466AFCB
:100BD0005A1CE2605A785F2A49D06E2A3FF4C4AEAC
:100BE0002046FEF777FD0130E36830D41A785F2A9B
:100BF0007FF454AF01336269A169E3608A4233DA5A
:100C0000216902EB820701EB870501324FF0000CEE
:100C1000C5E901CC6261472201F82720C5E90360DC
:100C20001A78FAE6591CE1609A78A2F1310004289A
:100C300013D80333303AE3602046D6B2FFF724F9E5
:100C4000A16A78E79A7800253B46E6E6E3681A78D9
:100C50000025E2E60333002000E75A7800250B4622
:100C6000DBE61A780D46D8E61A780025D5E6023379
:100C70000020C0E7F8B5C26813784C2B32D1531C62
:100C8000C36051785F29044651D05A2913D15A1CA8
:100C9000E2605B78472B43D0542B41D000212046A3
:100CA00001F04EF8E3681A780646452A1AD1013356
:100CB000E3603046F8BDFFF7E7F8064690B10378E9
:100CC000272B12D0E26815786E2D23D03D21452DBB
:100CD00059D0134603E0E3601D78452D2FD0013332
:100CE000002DF8D100263046F8BDC3681A7C1AB131
:100CF000E26A5968521AE262254918680DF0A2FAB0
:100D00000028DFD1E2681578452D3ED06E2D01D048
:100D10003D21DEE7531CE36055783E211A46D6E7B5
:100D2000204600F085FCE36806461A78BDE7931C70
:100D3000C36092785A2A18BF0026B6D1A7E79D1A39
:100D4000D4E9050398421CDAD4F810E000EB8007E0
:100D50000EEB87034FEA870C00270130BD42C3E941
:100D6000017760610DDDC3E901770EF80C70C3E90E
:100D7000032532462046FEF735FCE36806461A781E
:100D800093E70023F5E70025DAE70132E260AAE7FE
:100D9000E08F002038B5C26813784C2B20D0044671
:100DA00008D8493B012B16D80132BDE83840C26053
:100DB00000F01CB8582B0ED101320123056BC26024
:100DC000036300F0DBF8E36825631A78452A0BD14A
:100DD0000133E36038BD2046BDE83840FFF754B822
:100DE000BDE83840FFF746BF002038BD70B5C36886
:100DF000866A1A78452A82B004461FD000230193E0
:100E000001AD09E0FEF7EEFB286000F1100560B1CE
:100E1000E3681A78452A0BD02046FFF7BBFF02464D
:100E200000232F212046002AECD1002002B070BD03
:100E30000198A6620133E36002B070BD5A1C002322
:100E4000C2602F211A4602B0BDE87040FEF7CABB4F
:100E5000F8B5C268147894B306460F460025A4F18D
:100E600030034A2B2BD8DFE803F02D2D2D2D2D2D0F
:100E70002D2D2D2D2A2A2A2A2A2A2A2A2A2D772B75
:100E80002A2A2A682A2A2D5F2A2A2A2A2A534B2DFF
:100E90002A2A2A2A2A2A2A2A2A2A2A2D2D2D2D2DA3
:100EA0002D2D2D2D2D2D2D2D2D2D2D2D2D2D2D2D72
:100EB0002D2D2D2D2D00F2681478002CCFD100257A
:100EC0002846F8BD3046FFF735FD0346002D4ED1CC
:100ED0000546532CEFD0F2681478452CF0D0002F43
:100EE000EBD0002DEBD0D6E908318B42E7DAF1697F
:100EF00041F82350013333621478002CAFD1DEE780
:100F00003046FEF71BFE0346002D30D11D46E2E7BA
:100F100001213046FEF7EEFE034645BBF268147829
:100F20001D46002C9BD1CAE7002DC8D0531CF3608E
:100F300054781A46002C92D1C1E7002DBFD001325F
:100F4000F2603046FFF752FF042103462A4630463E
:100F5000FEF748FB0546BCE7537803F0DF03542B4C
:100F6000304606D0FFF7E6FC0346002DCED0012127
:100F7000ECE7FEF789FF0346C6E700BFC2681378B7
:100F80004C2B00F08980542B00F08880F0B5732B37
:100F900083B004465AD0662B28D0A3F1300109292A
:100FA0000CD82046FFF7C6FC0546002870D0E36841
:100FB0001A78492A74D0284603B0F0BD6F2B61D04F
:100FC000692B7BD153786C2B47D10232E26000252C
:100FD000117800295CD05378002B59D04521204648
:100FE00000F042FA2A460346312161E05378702B23
:100FF00033D1931CC3609378542B00F048815F2B4E
:1010000000F086806E2B43D0FEF764FB411C3FD47A
:10101000E3681A785F2A3BD16FF0004201339142B6
:10102000E36035D00230D4E90532934230DA2269E8
:1010300003EB830102EB810501330026C5E901665C
:101040006361062302F82130E860B4E75378722B1D
:1010500000F0F880702B00F012812046FFF7E6FBCD
:101060000546A8B10378322B35D0342B00F09B8194
:101070000ED8332B0CD1C368032B09D8DFE803F05B
:101080006DCE080853786E2BE7D10232C26088E734
:101090000025284603B0F0BDFFF7ECBDFEF74EBDBE
:1010A0000133E3602046FFF7A1FE2A4603460421F0
:1010B000204603B0BDE8F040FEF794BA742B40F030
:1010C000B28053786C2BC8D10232E260FEF7DCFEAE
:1010D000E26805467CE7C168E36A8A680E68023AFE
:1010E0001344E3623378732B0BD17278742A08D1DE
:1010F000B27832B92046FEF7C7FE2A4603463721AA
:10110000D6E7CF68032FC3D8DFE807F02706542BB4
:101110000332C260012086E73278702A00F0C08076
:101120006D2A00F0BD800027732B40F0B4807378E7
:10113000502B40F0B080B378002B40F0AC802046BC
:10114000FFF754FE03462FB11A4639212046FEF719
:1011500049FA03462A463721AAE700232A463621C0
:10116000A6E7712B40F0C4807278752A40F0C080E9
:10117000B278002A40F0BC802046FFF7FFFE06460A
:101180002046FFF7FBFE07462046FFF7F7FE034623
:1011900000283FF47DAF3A463C212046FEF722FA74
:1011A000324603463B212046FEF71CFA2A460346F8
:1011B0003A217DE7EB681B685A78632A00F00E81BC
:1011C0003378662B00F03381642B40F027817378ED
:1011D000692B40F02381B378002B40F01F8120461B
:1011E000FFF7A8FB07463378632B40F0B480727892
:1011F0006C2A40F0B080B278002A40F0AC804521E3
:10120000204600F031F90246134639213A4620467D
:10121000FEF7E8F92A460346382149E72046FFF75A
:10122000ADFE034696E7752B7FF417AF0132C2601F
:10123000FEF7F0FC01902046FFF7D8FD019A034627
:101240003F2135E7931C816BC360937831B1552BF7
:101250004AD8422B32D8303B092B36D92046FEF7EC
:1012600013FE05462046FFF765FBE3681978492918
:10127000024600F0A580134601212A4618E70232F3
:10128000C260FFF77BFE002302464C2110E70332C9
:10129000C2600020C7E62046FFF770FE034652E713
:1012A000717891427FF43FAFE26811785F297FF453
:1012B0003BAF0132E2603378002735E7684A433BB1
:1012C000DBB222FA03F3DB07C8D54FF0FF33A36389
:1012D00000212046FFF7BCFDE3681A78452A054641
:1012E000C0D10133E360BDE7613B192BB6D8ECE711
:1012F000642B06D17378582B03D1B378002B3FF4BD
:101300003BAF3378662B00F097806E2B7FF4C0AE36
:101310007378772B02D0612B7FF4BAAE5F21204621
:1013200000F0A2F806462046FEF7AEFDE3681A7804
:10133000452A074600F09080702A00F08180692AD3
:101340007FF4A6AE5B786C2B7FF4A2AE2046FFF74D
:1013500015FE03461FE7642B53D17278742A50D1CF
:10136000B278002A4DD1E3681A78672A5BD0732AD5
:1013700002D15B78722B4CD02046FFF7DBFAE36892
:101380001978492902467FF43FAF0133E3602046D4
:101390000192FFF72BFD019A034604212046FEF738
:1013A00021F9024630E7E3681A785F2A7FF436AF06
:1013B0000133E3604521204600F056F80346C9E6B4
:1013C0000133E36020460192FFF710FD019A0346C6
:1013D00004212046FEF706F902464CE71B78732BE2
:1013E0000AD0633BDBB20F2B3FF6EAAE1D4A52F840
:1013F0002330002B3FF4E4AE2046FEF745FD0746C0
:10140000F1E6702B05D17378742B02D1B378002BE1
:10141000A9D02046FFF7B2FD0246F5E62046FFF7C9
:10142000ADFD0746DFE65B78732BA5D1F1E72046DB
:10143000FFF7FCF90746D6E62046FFF7F7F99EE6E8
:101440005A78692A7FF424AE0233E36045212046AE
:1014500000F00AF803469EE60133E36000239AE6B3
:1014600001020400342C00202DE9F041C2680E4630
:10147000117882B00023B1420446019324D0D0F801
:10148000308001AD012709E0FEF7ACF8286000F1DB
:10149000100578B1E3681A78B2420FD0276320466E
:1014A000FFF76CFD024600232E212046C4F8308051
:1014B000002AE9D1002002B0BDE8F0810198013393
:1014C000E36002B0BDE8F0810132C2602E211A460D
:1014D00002B0BDE8F041FEF785B800BF2DE9F04F3E
:1014E0000F46C168B2F1000983B00A78044615BFFF
:1014F0004FF01E0A4FF01B0A4FF01D084FF01A085C
:1015000014BF1C2619263D464FF0010B1BE0562A3E
:1015100033D04B2A37D04B7853B38B1CE3604B78D6
:10152000782B4FD06F2B34D1E36A0933E36250211B
:10153000002300222046FEF755F82860C0B1E1687C
:101540000A7800F10C050846FEF724FA00283FD07F
:101550004B1C722AE360DAD1E36A0933E362314655
:10156000002300222046FEF73DF828600028E6D13F
:101570000025284603B0BDE8F08FE36A0933E36233
:1015800041460023D5E7E36A0633E3625146002370
:10159000CFE74F2B38D1E36A0933E3622046236B50
:1015A000C4F830B00193FFF7E9FC019B23630346C5
:1015B0000028DDD0E26811784529D9D10132E260F6
:1015C0005021B6E7E36A1133E3624E210023B0E70E
:1015D000B9F1000FCDD1462ACBD1BD42C9D01D20D3
:1015E0001E211C2204E0192B0CD00C37BD42C0D0A8
:1015F0003F683B781A2B03D01B2BF4D13970F4E7EA
:101600003870F2E73A70F0E7772BB1D1E36A06332E
:10161000E3622046FFF770F803460028A8D0E2688E
:1016200011784529A4D10132E260512181E700BF40
:101630002DE9F041C16AC36801F11402C2621A784F
:10164000542A82B0044675D0472A28D15A1CC26059
:101650005A7822B39A1CC2605A78562A23D8402A54
:101660001DD9413A152A1AD8DFE812F01D011900D8
:1016700019001900190019001900190019001900A2
:101680001900190019001900190019001900FF00AC
:101690001900E9001900DE00E3680233E36000206E
:1016A00002B0BDE8F081722AF9D1FEF713F80128E3
:1016B000F5DDE3681A78002AF1D05E1CE6601B783D
:1016C0005F2BECD10022451E17464FF042083378BD
:1016D000002BE4D0242B40F09F817378532B00F033
:1016E000BF815F2B00F0BA81242BD8D11946D4E9F1
:1016F00005039842D0DA266900EB800C06EB8C03D8
:101700000130C3E90177606106F82C80E668D96092
:10171000023D0236E660002A00F09E81412120460B
:10172000FDF760FF02460028B9D0002DCFDC002372
:1017300040217EE05A1CC2605A78002AAFD09A1C21
:10174000C2605B78413B352BA9D801A252F823F047
:101750003BEE0200C3EB020007EE0200C3EB020007
:10176000C3EB020047EE0200C3EB0200ABEE020047
:1017700025EF020019EF0200C3EB0200C3EB0200E9
:10178000C3EB0200C3EB0200C3EB0200C3EB020099
:10179000C3EB0200C3EB020031EF0200B7EE020020
:1017A000C3EB0200C7EE0200D7EE0200C3EB02005B
:1017B000C3EB0200C3EB0200C3EB0200C3EB020069
:1017C000C3EB0200C3EB0200C3EB0200C3EB020059
:1017D000C3EB0200C3EB0200E3EE0200C3EB020026
:1017E000C3EB0200C3EB0200C3EB020053EE0200A6
:1017F000C3EB0200C3EB0200C3EB0200C3EB020029
:10180000C3EB0200C3EB0200C3EB0200C3EB020018
:10181000C3EB0200C3EB0200C3EB0200C3EB020008
:10182000C3EB02007FEE020000F03CF90023024609
:101830001321204602B0BDE8F041FDF7D3BE9A78EF
:10184000002A00F00F81DA1CC2609A78DB786E2AD9
:101850003AD0472B02D0542B40F004812046FFF7AA
:10186000E7FE024600234A21E3E700F01BF9D4E932
:1018700005139942024680F2FF800190206901EB36
:10188000810600EB86050023C5E9013301314323BE
:10189000616100F826302046FDF71CFF019AE860E0
:1018A0002B461621C5E79B78472B01D0542B06D138
:1018B0002046FFF7BDFE024600231721B9E70021AD
:1018C00000F03EFA0246F7E7472B00F0E180542B88
:1018D00000F0DE80002100F033FA024600234B21A5
:1018E000A7E7FEF7D1FA05462046FDF7F3FE0028EC
:1018F000FFF6D5AEE3681A785F2A7FF4D0AE0133E5
:10190000E3602046FEF7C0FAE16A0531E162024673
:101910002B460B218DE7FFF73DFA002302463021CD
:1019200087E7FEF7B1FA002302460E2181E768211E
:10193000FDF70AFF00283FF4B2AEE3681B78472B9F
:1019400000F0A180542B00F09E800021204600F082
:10195000F7F9024600230F216BE77621FDF7F4FE2D
:1019600000283FF49CAEE3681B78472B00F086808C
:10197000542B00F083800021204600F0E1F902465C
:101980000023102155E700F08DF8002302461421B2
:101990004FE70A31C162FEF777FA002302460A21B7
:1019A00047E70F31C162FEF76FFA002302460921B3
:1019B0003FE700F077F800230246152139E70021C0
:1019C000FDF7C2FE00283FF46AAE00212046FDF775
:1019D000BBFE00283FF463AEE3681B78472B5CD066
:1019E000542B5AD00021204600F0AAF902460023C9
:1019F00011211EE7FEF748FA00230246122118E7DC
:101A0000FEF742FA002302460C2112E7FEF73CFAE9
:101A1000002302460D210CE7B446002104E01CF827
:101A2000013F23B1242B02D00131A942F7DBD4E9D5
:101A3000053083421CDA206903EB830C01336361B8
:101A400000EB8C03C3E9017700F82C70C3E9036154
:101A5000E6686D1A0E445DE61A4666E62E2146E6F5
:101A60002F2144E60021204600F06AF90246F9E6FB
:101A7000E3680B44E36012E6002511E72046FFF718
:101A8000D7FD02467CE72046FFF7D2FD024661E71C
:101A90002046FFF7CDFD024620E72046FFF7C8FDB0
:101AA0000246A4E7F0B5C26813784E3B83B0044603
:101AB0000C2B08D8DFE803F03107070707170712D8
:101AC000070707075500FEF735FFE3681A78492A2C
:101AD000054600F0D280284603B0F0BD03B0BDE853
:101AE000F040FEF727BF5378742B00F08E80002162
:101AF000FEF700F9E3681A78492A0546EBD101336D
:101B0000E3602046FFF772F903462A460421204687
:101B100003B0BDE8F040FDF765BD0132C26001A928
:101B20000122FFF7DBFC0546002800F0B78000210A
:101B30002046FDF72DFE012106462046FFF788F9D5
:101B40002860002800F0AA8016B1019BF36001967E
:101B5000E3681A78452A40F0A1800133019DE360D3
:101B6000B9E7531CC3605378472B02D0542B40F085
:101B700099802046FFF75CFD0546002D00F08E8021
:101B8000E3681A78452A40F089805A1CE2605A7846
:101B9000732A00F0AD80642A00F089802046FFF7A8
:101BA00081FF034628B30278472A22D0492A20D051
:101BB0001F464FF0FF362046FDF77EFE00286DD011
:101BC000731C08BF3B4614D0D4E905239A4280F227
:101BD000B080216902EB820001EB800301324FF0FB
:101BE000000CC3E901CC6261482201F82020C3E95E
:101BF00003762A78032A05D12A691178292904BF96
:101C00000021D1602A46022181E7D0E90531023264
:101C10008B42C26080F28880026903EB8305A900D1
:101C20000133436102EB85050023C5E901335354B9
:101C3000414A0323C5E903232046FEF77BFE2A46DB
:101C4000034601212046FDF7CDFCE26AE36803323A
:101C5000E2621A78492A05467FF43DAFF0B1D4E933
:101C600008218A421ADAE16941F82200013222622F
:101C70001A78493A012A0FD841E778B1D4E9082106
:101C80008A420BDAE16941F82200013222621A78B5
:101C9000493A012A7FF633AF002336E7002528466C
:101CA00003B0F0BD002100F04BF8054665E79A1C33
:101CB000E2609A785F2A39D06E2AEFD02046FDF78D
:101CC00009FD461CEAD4E3681A785F2AE6D101339D
:101CD000E3602046FFF7E6FE074600283FF474AFB6
:101CE0003B78472B3FF470AF492B3FF46DAF62E771
:101CF0000233E3602046FDF7DFFD0028CED0D4E9B3
:101D000005239A4215DA216902EB82039800013219
:101D1000626101EB83030022C3E901220A540749EF
:101D20000E22C3E9031264E7002585E7033300268A
:101D3000CEE700235DE700BF1C9000200C90002040
:101D400070B505460E46FFF7ADFE00B304460EB370
:101D5000AB68DB071ED423784E2BA3F11C01A3F143
:101D600050023AD037D8042937D9022B10D1236931
:101D70006BB11A784E2AA2F11C00A2F1500102D0D8
:101D80003DD8042804D8DB682361002BF1D100245E
:101D9000204670BDEB681B78002BF9D0452BF7D09F
:101DA00021460B78042B2DD01ED8022B1AD109699D
:101DB0000029F6D12846FEF7DFFC0028E7D016B947
:101DC0002378022B32D00346224628460321BDE861
:101DD0007040FDF707BC012ADAD8E468BBE71C3B7A
:101DE000042B08D90021E5E74E2BA3F1500202D0C5
:101DF000F5D9012AF6D8C9680029D2D1DAE7012934
:101E0000C6D8C0E7CB685BB11978082901F1FF3269
:101E100008D80629E6D8012A02D81B69002BF3D17D
:101E20000121C7E7353918BF0121C3E70378292B02
:101E300008BFC660C7E700BF2DE9F04F044695B064
:101E4000002A66D0D0F81851002D65D117781646B3
:101E5000512F5ED8DFE817F05C091B011B01EE046F
:101E60009808DE024A0497008B00F908D208A603FE
:101E7000B80191016A0147072007F906E307BC078B
:101E800095076E077F032304F803990099009900D2
:101E90006300630063006300630063006300C500C8
:101EA000C5006300630087098300C8048D06AF0086
:101EB0006B06AF00E600E600580334030A0331085E
:101EC0005D000A0863064606EB055D0020095D001B
:101ED0005D002A012A0155045E085808BA047804F6
:101EE0004F05C4059D0576055D00A4027D025602DE
:101EF0000A02DF016300CD0363006300D4F82411FC
:101F00000029C1F22584FDF7FBFC0246002841F0C0
:101F10001F840123C4F8183115B0BDE8F08F0022EA
:101F2000D4F814310493D4F81031079304ABC4F8F7
:101F30001431002305960693002A01F0E68711214B
:101F4000204601F0F3FF069B002B01F0E982049B81
:101F5000C4F81431002DDFD0C4F81081DCE7F2683A
:101F60001121204615B0BDE8F04F01F0DFBFD0F8D9
:101F70000011FF2901F05F854A1C7E23C4F800216F
:101F8000635484F804313269EAE7D0F814C1BCF133
:101F9000000F0ED06346996841B95A681278A2F1D1
:101FA0001900022801F2EF849742D8D01B68002B59
:101FB000F1D1F2682BE0D0E9443104AAC0F8142131
:101FC0000022CDE90416069211213269079301F02F
:101FD000ADFF069B002B01F0C384049BC4F81431B1
:101FE0009AE7D268D0F820511378002D41F0708321
:101FF000052B01F0D2851046232B01F0D8829F4299
:1020000001F0D582242B01F00A86D4F814C1D4F84B
:102010001031079304ABC4F814310023CDE904C692
:1020200006938CE7D26812B1112101F07FFF33696A
:10203000002B3FF471AFD4F80051FD2D01F2A784BD
:10204000DFF884832C2708F1010A4FF000092946A4
:102050000BE00B460131D045C4F80011E75484F879
:10206000047101F0648218F8017FFF29F1D1D4F8DE
:102070000831D4F80C2184F8FF9020469847D4F812
:1020800028310133C4F8283101210023E3E7D26865
:10209000112101F04BFFC7492046FDF71BFD3769B1
:1020A0003B78482B01F08B803A4659E7D268137889
:1020B000272B41F05A83D3681D7C062D01F27D82C7
:1020C000002D41F01C85D4F80011FF2901F0F084A7
:1020D0004B1CC4F80031282363542046112184F896
:1020E000043101F023FFD4F80011FF2901F0F78437
:1020F0004B1CC4F800312923635484F8043133782D
:102100003E2B01F0E684082D7FF43DAF5B21204695
:10211000FDF758FC11213269204601F007FF5D21CF
:10212000204615B0BDE8F04FFDF74CBCA24FD0F8EB
:10213000001107F10F0974254FF000080BE00B4662
:1021400001314F45C4F80011E55484F804513FF4BF
:1021500006AF17F8015FFF29F1D1D4F80831D4F8A0
:102160000C2184F8FF8020469847D4F828310133A9
:10217000C4F8283101210023E3E7904FD0F8001183
:1021800007F1110974254FF000080BE00B460131EF
:10219000B945C4F80011E55484F804513FF4DFAEAA
:1021A00017F8015FFF29F1D1D4F80831D4F80C21D8
:1021B00084F8FF8020469847D4F828310133C4F8CA
:1021C000283101210023E3E77D4FD0F8001107F10A
:1021D0000C0974254FF000080BE00B4601314F4508
:1021E000C4F80011E55484F804513FF4B8AE17F870
:1021F000015FFF29F1D1D4F80831D4F80C2184F81B
:10220000FF8020469847D4F828310133C4F828319C
:1022100001210023E3E76B4FD268112101F086FE14
:1022200007F10409D4F800115B254FF000080BE01A
:102230000B460131B945C4F80011E55484F8045146
:1022400000F0F38717F8015FFF29F1D1D4F80831C6
:10225000D4F80C2184F8FF8020469847D4F8283120
:102260000133C4F8283101210023E3E7D2F80CA0A0
:102270005146FDF7E5FB4FF0000810B901F020BD15
:10228000C84603782F2B08F1010941F08781C36804
:10229000002B01F0838100690028F1D103E00135B2
:1022A0004D45BFF639AEC4F824515246112120469F
:1022B00001F03CFEA845F2DD434FD4F8001107F1D0
:1022C000010B2C260AE00B460131BB45C4F8001176
:1022D000E65484F80461E2D017F8016FFF29F2D1C7
:1022E0004FF00002D4F8083184F8FF202046D4F8DB
:1022F0000C219847D4F828310133C4F82831012142
:102300000023E2E7314FD0F8001107F119096E25DB
:102310004FF000080BE00B460131B945C4F800113D
:10232000E55484F804513FF41AAE17F8015FFF2911
:10233000F1D1D4F80831D4F80C2184F8FF8020467C
:102340009847D4F828310133C4F8283101210023FB
:10235000E3E71F4FD0F8001107F1150974254FF07E
:1023600000080BE00B460131B945C4F80011E554F3
:1023700084F804513FF4F3AD17F8015FFF29F1D160
:10238000D4F80831D4F80C2184F8FF80204698470F
:10239000D4F828310133C4F8283101210023E3E7C0
:1023A0000C4FD0F8001107F10D097B254FF0000804
:1023B0001EE000BF28900020C8900020B4900020AC
:1023C000A490002020900020C8910020949100202B
:1023D00098910020909200200B4601314F45C4F89F
:1023E0000011E55484F8045100F0398717F8015FB3
:1023F000FF29F1D1D4F80831D4F80C2184F8FF80FA
:1024000020469847D4F828310133C4F828310121F7
:102410000023E3E7D0F82031002B01F08E81D34F69
:10242000D0F8001107F1040961254FF000080BE016
:102430000B460131B945C4F80011E55484F8045144
:1024400001F04A8117F8015FFF29F1D1D4F8083172
:10245000D4F80C2184F8FF8020469847D4F828311E
:102460000133C4F8283101210023E3E7D768C04EC7
:10247000D7F80880D0F8001106F1070A6F254FF051
:1024800000090BE00B460131B245C4F80011E554D8
:1024900084F8045100F0268716F8015FFF29F1D176
:1024A000D4F80831D4F80C2184F8FF9020469847DE
:1024B000D4F828310133C4F8283101210023E3E79F
:1024C000D2E9032512B1112101F030FDD4F8001139
:1024D000FF2901F06D824A1C7B23C4F800212046AD
:1024E00063542A46112184F8043101F01FFDD4F809
:1024F0000011FF2900F0E6864A1C7D23C4F8002164
:10250000635484F8043107E59A4FD0F8001107F1BD
:102510001D0974254FF000080BE00B460131B94549
:10252000C4F80011E55484F804513FF418AD17F8CD
:10253000015FFF29F1D1D4F80831D4F80C2184F8D7
:10254000FF8020469847D4F828310133C4F8283159
:1025500001210023E3E7884FD0F8001107F11409A7
:1025600072254FF000080BE00B460131B945C4F865
:102570000011E55484F8045100F0F48617F8015F67
:10258000FF29F1D1D4F80831D4F80C2184F8FF8068
:1025900020469847D4F828310133C4F82831012166
:1025A0000023E3E7754FD0F8001107F11709632501
:1025B0004FF000080BE00B4601314F45C4F8001105
:1025C000E55484F8045100F07C8717F8015FFF2977
:1025D000F1D1D4F80831D4F80C2184F8FF802046DA
:1025E0009847D4F828310133C4F828310121002359
:1025F000E3E7634FD268112101F098FC07F1070966
:10260000D4F8001120254FF000080BE00B460131F3
:10261000B945C4F80011E55484F8045100F005866A
:1026200017F8015FFF29F1D1D4F80831D4F80C2153
:1026300084F8FF8020469847D4F828310133C4F845
:10264000283101210023E3E7D2E90353002B3FF4B3
:1026500063AC2B44D0F80011013D5F1E4FF0000821
:1026600009E00B460131AF42C4F80011E65484F88A
:1026700004613FF451ACFF2915F8016FF1D1D4F892
:102680000831D4F80C2184F8FF8020469847D4F80C
:1026900028310133C4F8283101210023E3E7394F01
:1026A000D0F8001107F1100968254FF000080BE081
:1026B0000B460131B945C4F80011E55484F80451C2
:1026C0003FF44DAC17F8015FFF29F1D1D4F8083180
:1026D000D4F80C2184F8FF8020469847D4F828319C
:1026E0000133C4F8283101210023E3E7D568002D28
:1026F00040F0A1872449204615B0BDE8F04FFDF712
:10270000E9B91121D26801F011FCD4F80011FF29B8
:1027100001F06E814A1C2823C4F80021635484F818
:10272000043132691121204601F000FCD4F8001177
:10273000FF2901F02C804A1C2923C4F8002163548E
:1027400084F80431FFF7E8BBD268104904A808F008
:1027500005FD04A80DF062FE00283FF4DDAB04ADDA
:10276000D4F800112F184FF000081BE04090002013
:10277000CC9100204890002068910020809000209B
:10278000A0920020809100203092002078710020DB
:102790000B460131AF42C4F80011E65484F80461DD
:1027A0003FF4BAABFF2915F8016BF1D1D4F8083129
:1027B000D4F80C2184F8FF8020469847D4F82831BB
:1027C0000133C4F8283101210023E3E7D0F80011D8
:1027D000157BFF2901F01E814B1CC4F800316554A4
:1027E00084F80451FFF798BBD268CAB1D0F814112D
:1027F00004ABC0F814310023CDE90416069311216F
:10280000D0F81031079301F091FB069B049AC4F8AD
:102810001421002B7FF480AB20212046FDF7D2F855
:10282000D4F8143132461121204615B0BDE8F04FDE
:1028300001F0C6BED768D0F814910022C0F8142168
:10284000002F3FF466AB0DF11008D0F810C14346DD
:1028500011469646C3E90027C3E902EC3A784E2AAE
:102860009A46A2F11C0BA2F1500001F1010500F003
:10287000888600F2ED84BBF1040F40F28286022AC2
:10288000C4F8143114D13F693A78482A01F05082D3
:1028900008EB01114FF0000A4E2AA2F15003A2F1F9
:1028A0001C0000F0878700F28287042840F28287AC
:1028B000042A04D1CDE902C702ABC4F81031326951
:1028C0001121204601F032FB3B78042B02D1029B00
:1028D000C4F8103108EB0518202758F8086C013DA2
:1028E000002E00F03B86A8F11008002DF5D1C4F8A9
:1028F0001491FFF711BBAB4FD0F8001107F1090994
:1029000064254FF000080BE00B4601314F45C4F839
:102910000011E55484F8045100F0FF8517F8015FB9
:10292000FF29F1D1D4F80831D4F80C2184F8FF80C4
:1029300020469847D4F828310133C4F828310121C2
:102940000023E3E7984FD0F8001107F107097B2532
:102950004FF000080BE00B4601314F45C4F8001161
:10296000E55484F8045100F0468517F8015FFF290B
:10297000F1D1D4F80831D4F80C2184F8FF80204636
:102980009847D4F828310133C4F8283101210023B5
:10299000E3E7864FD0F8001107F11B0967254FF0D8
:1029A00000080BE00B460131B945C4F80011E554AD
:1029B00084F804513FF4D3AA17F8015FFF29F1D13D
:1029C000D4F80831D4F80C2184F8FF8020469847C9
:1029D000D4F828310133C4F8283101210023E3E77A
:1029E000734FD0F8001107F11C0967254FF000085C
:1029F0000BE00B460131B945C4F80011E55484F8E9
:102A000004513FF4ACAA17F8015FFF29F1D1D4F8C3
:102A10000831D4F80C2184F8FF8020469847D4F878
:102A200028310133C4F8283101210023E3E7136979
:102A30001B78392B7FF46DAAD268D3681B6859784C
:102A4000632901F0818032461121204602F016FBF5
:102A500000287FF461AA32461121204602F038FC9A
:102A600000287FF459AAF3681A78322A01F0DD8130
:102A7000DB68504918680BF0E5FB336920B9DA6868
:102A80001178032901F00082DA681121204602F052
:102A900087FAF5684849EB681F6838460BF0D2FBA7
:102AA000002801F0E181434938460BF0CBFB0028B8
:102AB00041F0F881336911211A69204602F070FA59
:102AC000F3681A78322A7FF427AADB689A68012A09
:102AD0007FF422AA5B681B783E2B7FF41DAA292174
:102AE000FFF71EBBD2E903753B78322B00F0B186AD
:102AF000342B41F00D822821FCF764FF2046112180
:102B0000FA6801F013FA29212046FCF75BFF2A46F8
:102B10001121204615B0BDE8F04F02F041BAD2684D
:102B20001121204615B0BDE8F04F02F03DB8B2F9D2
:102B30001230002B40F01B87F268204BD16899427D
:102B40000FD01121204601F0F1F9D4F80011FF292E
:102B500001F0BE8020234A1CC4F80021635484F88D
:102B60000431B6F91080B8F1000F00F04085144927
:102B7000C1E5D0F814C1D0F8103107930DF1100859
:102B80000023E146CDF810C0C0F8148105920693E9
:102B9000BCF1000F01F03D8101276546BE46944619
:102BA000464628E02092002080920020609200207B
:102BB00040920020E8910020EC91002048890020FC
:102BC000B8910020AB68A3B9032F3FF6A2A914ABBC
:102BD00003EB071B95E80F00ABF1400A8AE80F00F2
:102BE0004BF8406C08EB0716C4F814610137C5F8C0
:102BF00008E02D6825B16B681B78193B022BE1D9E1
:102C0000DCF8102011212046664601F08FF9069B62
:102C1000C4F81491002B7FF47FA9012F0CD008EB8E
:102C2000071858F80C2C013F1121204601F0ACF98F
:102C3000012FA8F11008F4D1D4F814313246112133
:102C4000204601F0CDFEFFF767B9C64FD0F800115E
:102C500007F1190963254FF000080BE00B4601311D
:102C6000B945C4F80011E55484F804513FF477A93C
:102C700017F8015FFF29F1D1D4F80831D4F80C21FD
:102C800084F8FF8020469847D4F828310133C4F8EF
:102C9000283101210023E3E7B34FD0F8001107F1F9
:102CA000100976254FF000080BE00B460131B945BD
:102CB000C4F80011E55484F804513FF450A917F802
:102CC000015FFF29F1D1D4F80831D4F80C2184F840
:102CD000FF8020469847D4F828310133C4F82831C2
:102CE00001210023E3E7A14FD0F8001107F11409F7
:102CF0006E254FF000080BE00B460131B945C4F8D2
:102D00000011E55484F804513FF429A917F8015F34
:102D1000FF29F1D1D4F80831D4F80C2184F8FF80D0
:102D200020469847D4F828310133C4F828310121CE
:102D30000023E3E78E4FD0F8001107F1180954255E
:102D40004FF000080BE00B460131B945C4F8001103
:102D5000E55484F804513FF402A917F8015FFF29F4
:102D6000F1D1D4F80831D4F80C2184F8FF80204642
:102D70009847D4F828310133C4F8283101210023C1
:102D8000E3E77C4FD0F8001107F1150954254FF007
:102D900000080BE00B460131B945C4F80011E554B9
:102DA00084F804513FF4DBA817F8015FFF29F1D143
:102DB000D4F80831D4F80C2184F8FF8020469847D5
:102DC000D4F828310133C4F8283101210023E3E786
:102DD000694FD0F8001107F1120967254FF000087C
:102DE0000BE00B460131B945C4F80011E55484F8F5
:102DF00004513FF4B4A817F8015FFF29F1D1D4F8CA
:102E00000831D4F80C2184F8FF8020469847D4F884
:102E100028310133C4F8283101210023E3E7574F5B
:102E2000D0F8001107F10E096A254FF000080BE0F9
:102E30000B460131B945C4F80011E55484F804513A
:102E40003FF48DA817F8015FFF29F1D1D4F80831BC
:102E5000D4F80C2184F8FF8020469847D4F8283114
:102E60000133C4F8283101210023E3E7444FD0F8AF
:102E7000001107F108096F254FF000080BE00B4621
:102E80000131B945C4F80011E55484F8045100F04B
:102E9000958217F8015FFF29F1D1D4F80831D4F8F1
:102EA0000C2184F8FF8020469847D4F8283101335C
:102EB000C4F8283101210023E3E7314FD0F8001195
:102EC00007F108096F254FF000080BE00B460131B0
:102ED000B945C4F80011E55484F804513FF453A8EF
:102EE00017F8015FFF29F1D1D4F80831D4F80C218B
:102EF00084F8FF8020469847D4F828310133C4F87D
:102F0000283101210023E3E7D268112101F00EF8F6
:102F1000FFF739B81B4FD0F8001107F10D096A25EA
:102F20004FF000080BE00B460131B945C4F8001121
:102F3000E55484F804513FF412A817F8015FFF2903
:102F4000F1D1D4F80831D4F80C2184F8FF80204660
:102F50009847D4F828310133C4F8283101210023DF
:102F6000E3E700BFF4900020E0900020DC90002018
:102F70004C910020349100202091002010910020DD
:102F8000D8910020109200200023D0F81481D0F8AE
:102F90004871C4F848211121C0F81431D26800F0FA
:102FA000C5FF94F804313C2B00F07C85D4F8001167
:102FB000FF2900F067854B1CC4F800313C236354A3
:102FC00084F8043132691121204600F0AFFF94F8F3
:102FD00004313E2B00F05085D4F80011FF2900F099
:102FE0003B854B1CC4F800313E23635484F8043104
:102FF000C4F81481C4F84871FEF78EBFC44FD0F8EE
:10300000001107F1070956254FF000080BE00B46A9
:1030100001314F45C4F80011E55484F804513EF4E1
:103020009EAF17F8015FFF29F1D1D4F80831D4F829
:103030000C2184F8FF8020469847D4F828310133CA
:10304000C4F8283101210023E3E7B24FD0F8001182
:1030500007F10A0976254FF000080BE00B46013115
:10306000B945C4F80011E55484F804513EF477AF33
:1030700017F8015FFF29F1D1D4F80831D4F80C21F9
:1030800084F8FF8020469847D4F828310133C4F8EB
:10309000283101210023E3E713691A783B2A7EF4E3
:1030A00038AF1B691B783C2B7EF433AF32461121BD
:1030B00001F0E4FF00287EF42FAF324611212046B4
:1030C00002F006F900287EF427AFD6E90383D3E99E
:1030D0000363D8F80C2090491068D3E903750BF00E
:1030E000B1F8002840F0E58632462046112101F073
:1030F00057FF42462046112101F056FD20463A4630
:10310000112101F04DFF85492046FCF7E3FCFEE468
:10311000D2E90353002B3EF4FFAE2B44D0F800114C
:10312000013D5F1E4FF0000809E00B460131AF4240
:10313000C4F80011E65484F804613EF4EDAEFF29B2
:1031400015F8016FF1D1D4F80831D4F80C2184F8C6
:10315000FF8020469847D4F828310133C4F828313D
:1031600001210023E3E7D268D2E90053002B3EF4AB
:10317000D3AE2B44D0F80011013D5F1E4FF0000884
:1031800009E00B460131AF42C4F80011E65484F85F
:1031900004613EF4C1AEFF2915F8016FF1D1D4F8F6
:1031A0000831D4F80C2184F8FF8020469847D4F8E1
:1031B00028310133C4F8283101210023E3E75849BD
:1031C0002046FCF787FC3A695649013204A807F00B
:1031D000C5FF04A80DF022F9002800F0FB8304AD20
:1031E000D4F8001105EB00094FF0000809E00B4688
:1031F0000131A945C4F80011E65484F8046100F0D7
:10320000E983FF2915F8016BF1D1D4F80831D4F81E
:103210000C2184F8FF8020469847D4F828310133E8
:10322000C4F8283101210023E3E711213269204647
:1032300000F07CFED4F80011FF2900F099824A1CAE
:103240005D23C4F80021635484F80431FEF764BEA2
:10325000012840F29681C4F81431FFF730BBF268C0
:103260003049013204A807F079FF04A80DF0D6F820
:1032700018B304ADD4F800112F184FF0000808E07F
:103280000B460131AF42C4F80011E65484F80461E2
:1032900015D0FF2915F8016BF2D1D4F80831D4F814
:1032A0000C2184F8FF8020469847D4F82831013358
:1032B000C4F8283101210023E4E7D4F80011FF29E4
:1032C0007FF41AA90025D4E9423284F8FF50204641
:1032D0009847D4F8283101221344C4F828312946EC
:1032E000FFF70BB97D682B78613B192B40F22D83DA
:1032F00008F1FF37EB5D202B18BF4746002F3EF447
:103300000BAE013DD4F800112F444FF0000815E03A
:103310007490002068900020F0910020F49100202B
:103320002C900020787100200B460131AF42C4F888
:103330000011E65484F804613EF4EEADFF2915F85F
:10334000016FF1D1D4F80831D4F80C2184F8FF8052
:1033500020469847D4F828310133C4F82831012198
:103360000023E3E7CC4F32691121204600F0DEFD57
:1033700007F10409D4F8001120254FF000080BE0F4
:103380000B460131B945C4F80011E55484F80451E5
:103390003EF4E5AD17F8015FFF29F1D1D4F808310B
:1033A000D4F80C2184F8FF8020469847D4F82831BF
:1033B0000133C4F8283101210023E3E7D4F8483170
:1033C00033B1D4F81011049104AAC4F81021059364
:1033D000F2681378042B00F007821121204600F0D8
:1033E000A5FDD4F84831002B3EF496AD049BC4F8FB
:1033F0001031FEF791BDD4F82031F268A74F0133A8
:10340000C4F820311121204600F090FDD4F820317D
:10341000D4F80011013BC4F8203107F10109292536
:103420004FF000080AE00B4601314F45C4F8001187
:10343000E55484F8045113D017F8015FFF29F2D145
:10344000D4F80831D4F80C2184F8FF80204698473E
:10345000D4F828310133C4F8283101210023E4E7EE
:1034600032698F49013204A807F078FE04A80CF0F5
:10347000D5FF00283FF421AF04ADD4F800112F1878
:103480004FF0000809E00B460131BD42C4F80011BD
:10349000E65484F804613FF412AFFF2915F8016B7C
:1034A000F1D1D4F80831D4F80C2184F8FF802046FB
:1034B0009847D4F828310133C4F82831012100237A
:1034C000E3E7784FF2681121204600F02FFD07F165
:1034D0000309D4F800112D254FF000080BE00B462E
:1034E0000131B945C4F80011E55484F804513EF4A3
:1034F0004AAD17F8015FFF29F1D1D4F80831D4F8AB
:103500000C2184F8FF8020469847D4F828310133F5
:10351000C4F8283101210023E3E7F268FFF702B97C
:1035200032461121204600F02FFDFEF710BD326912
:10353000D4F828610D462046112100F0F7FCD4F89C
:103540002831B3427EF4E8ACD4F800319D427EF4D9
:10355000E3AC023DC4F80051FEF7DEBCD4F8001124
:10356000FF2900F05F834B1CC4F8003158F80C2C85
:103570006754204684F80471112100F005FDFFF71F
:10358000B2B9FF685246002F00F0AC84042D03F15D
:10359000100300F0F1812946FFF75CB9B8F1000F84
:1035A0003EF4BAACC14608F1FF38FEF77CBED4F851
:1035B00014C1C2680646FEF72ABD072D7EF483AD0E
:1035C0003369197800297EF47EAD196901297EF4EA
:1035D0007AAD3D2F7EF477ADDB681B78302B00F0A1
:1035E0009D84312B7EF46FAD2F49FFF784B82F4EA9
:1035F000D4F80011771D5F250BE00B460131B7426F
:10360000C4F80011E55484F804513EF485AC16F872
:10361000015FFF29F1D1D4F80831D4F80C2184F8E6
:10362000FF8020469847D4F828310133C4F8283168
:1036300001210023E3E71E49FCF74CFA18492A460A
:1036400004A807F08BFD04A80CF0E8FE90B304ADCD
:10365000D4F800112F184FF0000808E00B46013194
:10366000BD42C4F80011E65484F8046124D0FF2957
:1036700015F8016BF2D1D4F80831D4F80C2184F894
:10368000FF8020469847D4F828310133C4F8283108
:1036900001210023E4E700BF609100208C9200200C
:1036A000787100209C90002008920020C09100209A
:1036B00038920020D4F80011FF2900F0F3827D2316
:1036C0004A1CC4F80021635484F80431FEF724BC7A
:1036D00010460025FEF790BCF268C249013204A8EA
:1036E00007F03CFD04A80CF099FE00283EF414AC51
:1036F00004ADD4F800112F184FF0000809E00B4674
:103700000131BD42C4F80011E65484F804613EF46E
:1037100003ACFF2915F8016BF1D1D4F80831D4F8C6
:103720000C2184F8FF8020469847D4F828310133D3
:10373000C4F8283101210023E3E71146FCF764F9BE
:10374000024600283EF4E5AB03782F2B3EF4D6ABBF
:10375000D4F810512B68C4F810311121204600F024
:10376000E5FBC4F81051FEF7D7BB0025FEF7ABBC54
:103770000025D4E9423284F8FF5020469847D4F817
:10378000283101221344C4F82831294658E5002580
:10379000D4E9423284F8FF5020469847D4F82831C3
:1037A00001221344C4F828312946FEF7C5BF012B76
:1037B0003FF685A8042D3EF4ACAB8E4601F1100B0C
:1037C0000FC98BE80F00CEE9017AFF68CEF810E050
:1037D0000135CEF80CC05946C4F814B1002F3EF4A0
:1037E00098AB3A78FFF758B8D2681121204600F01C
:1037F0009DFBD4F8483113B1049BC4F8103194F800
:1038000004313C2B00F0BE82D4F80011FF2900F0F7
:10381000A9824A1C3C23C4F80021635484F8043173
:10382000F36811211A69204600F080FB94F80431F6
:103830003E2B00F09282D4F80011FF2900F07F8225
:103840003E234A1CC4F80021635484F80431FEF777
:1038500063BBFB681E683378612B40F092807278FE
:10386000642A40F08E80B278002A40F08A802A785C
:10387000032A00F08C82392A00F09482732B11D134
:1038800072785A2A35D1B2789ABB29462046FCF77D
:10389000D7F8FCF703F80146204615B0BDE8F04F15
:1038A000FCF77CB93A461121204601F07DF93378C6
:1038B000672B07D17278732A04D1B27812B92A46DD
:1038C000FEF74EBB732B7FF422A97378742B7FF421
:1038D0001EA9B378002B7FF41AA928212046FCF7F3
:1038E00071F811212A46204600F020FB2921FEF71D
:1038F00017BC732BD6D17378502BD3D1B378002B50
:10390000D0D11E4604E001362D69002D00F09A81C9
:103910002B782F2B40F09681EB68002B00F09281E2
:103920001A784C2AEFD1D9682046FCF789F803466B
:1039300048B1002304E0C2682AB10069013310B124
:1039400002782F2AF7D01E44DEE7FF2900F0D1814C
:103950004B1CC4F800312023635484F80431C7E4BD
:1039600032461121204600F00FFBFEF736BB1E4900
:10397000FCF7B0F8FFF7E0B80123C4E945A3FEF770
:10398000CBBA2A7877E7F2680D46FEF740BB0027EE
:1039900067552946D4E9423220469847D4F8283161
:1039A000C4F800710133C4F828313D46FEF748BB26
:1039B0000026D4F80831D4F80C2184F8FF602046A2
:1039C0009847D4F8283101221344C4F828313146ED
:1039D000FEF782BD05492046FCF77CF8FF683A46B1
:1039E000FEF7BEBA78710020B09100203C90002014
:1039F0000025D4F80831D4F80C2184F8FF50204673
:103A00009847D4F8283101221344C4F828312946B4
:103A1000FEF781BE0026D0F80831D0F80C2180F8DE
:103A2000FF609847D4F8282101231A44C4F82821BC
:103A30003146FEF7D2BE0025D0F80831D0F80C216F
:103A400080F8FF509847D4F8283101221344C4F875
:103A500028312946FEF791BA0025D4E9423284F88C
:103A6000FF5020469847D4F828310133C4F8283154
:103A700029460123FFF7B6BA20212046FBF7A2FF13
:103A8000FFF7AABA0025D4E9423284F8FF50204655
:103A90009847D4F828310133C4F828312946012346
:103AA000FFF78ABA20212046FBF78CFFFFF77EBA8A
:103AB0000027D4E9423284F8FF7020469847D4F8B2
:103AC0002831F2680133C4F8283139460123FEF762
:103AD00000BB2D212046FBF775FFFEF714BB002726
:103AE000D4E9423284F8FF7020469847D4F8283150
:103AF0000133C4F8283139460123FEF7FABA336995
:103B00001B78002B7EF4DFAA3E2F00F0F68132698D
:103B100011212046023D00F009FA042D3EF6FCA9D1
:103B2000DFE805F00F0C09060300C849FEF7E3BD06
:103B3000C749FEF7E0BDC749FEF7DDBD6C21FEF7C2
:103B4000EFBA7521FEF7ECBA1B78732B0AD0633BF2
:103B5000DBB20F2B3EF677AFBF4951F82330002B75
:103B60003EF471AF1121204601F01EF83C212046A1
:103B7000FBF728FF33691121DA68204600F0D6F9F7
:103B8000B6492046FBF7A6FF336911211A69204682
:103B900000F0CCF92921FEF7C3BAD0F834C1BCF14A
:103BA000000F40F30781D0F830E12B46704604E067
:103BB000634500F1080000F0FD805EF833108A4292
:103BC00003F10103F4D1D4F82CC16346BCF1000F1A
:103BD00004D19DE05B68002B00F09A801968914247
:103BE00003D0B142F6D19C45F4D011462046019253
:103BF000FBF70AFF019A00283EF48BA903782F2BCC
:103C00007EF4FAA9D4F824110029FEF6FEA9FBF7E8
:103C100077FE002800F06A810378FEF7EDB9C268EC
:103C2000FEF77EB9D4F80831D4F80C2184F8FF608F
:103C300020469847D4F828310133C4F8283131465A
:103C4000012391E48649324604A807F087FA04A8C4
:103C50000CF0E4FB00283EF45FA904ADD4F8001199
:103C60002F184FF0000809E00B460131AF42C4F8AD
:103C70000011E65484F804613EF44EA9FF2915F8BA
:103C8000016BF1D1D4F80831D4F80C2184F8FF800D
:103C900020469847D4F828310133C4F8283101214F
:103CA0000023E3E70025D4E9423284F8FF502046A0
:103CB0009847D4F8283101332946C4F82831FEE466
:103CC00011212046524601F06BF96649FEF713BDFB
:103CD0000025D4F80831D4F80C2184F8FF50204690
:103CE0009847D4F8283101332946C4F82831FEF723
:103CF00031BF0026D4E9423284F8FF60204698475D
:103D0000D4F828317D680133C4F8283131461FE6E4
:103D10004368D4F81081C4F810311146204601924E
:103D2000FBF772FE019A002800F0E380012565E7A9
:103D3000FF68002F3EF4EDA83A78FEF7A9BD0025F4
:103D4000D4E9423284F8FF5020469847D4F828310D
:103D500001332946C4F8283172E520212046FBF7BB
:103D600031FE68E50025D4F80831D4F80C2184F838
:103D7000FF5020469847D4F8283101332946C4F82B
:103D8000283146E520212046FBF71CFE3CE5EA6889
:103D9000117801297FF472AD29690978292908BFB2
:103DA00015466BE5EA681121204601F0F9F83A461C
:103DB000FEF7B6BED4F8383163457EF7AAA8D4F82A
:103DC0003011D4F810E101EBCC030CF10100C4F880
:103DD0003401043341F83C20BEF1000F00F0928022
:103DE000D4E95009944610E0D4F83C11DEF80420E0
:103DF00001EBC0010130C4F840014A601960DEF8EF
:103E000000E00B46BEF1000F7BD08145ECDCFEF7F5
:103E100080B81269112100F089F8069BC4F814914A
:103E2000002B3EF409AFFEF777B8DA6891680129F4
:103E30007EF41EAE526812783E2A7EF419AE282116
:103E40002046FBF7BFFDF368FEF712BE0492002088
:103E500054C5002000920020342C0020E491002062
:103E6000787100202C92002020465B21FBF7AAFDF0
:103E7000336920461A69112100F058F85D21204667
:103E8000FBF7A0FDFEF71CBE1369D2681B78292B37
:103E90001CBF0123C4F818311121204601F080F81D
:103EA000FEF7F7BD2A461121204600F07DFEFEF701
:103EB00001BE1C492046FBF70DFEF36843B11121FA
:103EC0002046324601F06CF820212046FBF77AFDAF
:103ED0003A461121204600F029F8002D7EF417AE55
:103EE000FEF71AB8C4F81431FEF713B8002D3EF4EB
:103EF00010A8C4F81081FEF70CB82D21FBF762FD65
:103F000005E66246002119606FE6F268FEF717B811
:103F10003A46112100F048FEFEF7F9BD0249FEF7CE
:103F2000EABB00BFF8910020289B002030B5054671
:103F300083B01AB35368012B14461FDCD0F81C1150
:103F4000B1F5806F1ADC013353600131D0F82C31A8
:103F5000C0F81C11C0F82CD11121CDE90023FDF7C8
:103F60006BFF6268D5F81C310199C5F82C11013A34
:103F7000013B6260C5F81C3103B030BD0123C5F8B8
:103F8000183103B030BD00BF2DE9F8431378033B6F
:103F9000154604464E2B50D8DFE813F01C014F00A5
:103FA0004F004F004F004F004F004F004F004F0099
:103FB0004F004F004F004F004F004F004F004F0089
:103FC0004F004F004F004F0055007C00A3005500EC
:103FD0007C00A300EF00FC000901870222013001F0
:103FE00055017B014F004F004F004F00A1014F00D2
:103FF000D1014F004F004F004F004F004F004F00C6
:104000004F004F004F004F004F004F004F004F0038
:104010004F004F004F004F004F004F004F004F0028
:104020004F004F004F004F004F004F004F004F0018
:104030004F00F8014F003402C8002A461121BDE8A4
:10404000F843FFF773BFD64ED0F8001106F108070A
:1040500020254FF000080BE00B460131BE42C4F8AA
:104060000011E55484F8045100F0C68016F8015F91
:10407000FF29F1D1D4F80831D4F80C2184F8FF805D
:1040800020469847D4F828310133C4F8283101215B
:104090000023E3E7C34ED0F8001106F108072025FE
:1040A0004FF000080BE00B460131B742C4F8001195
:1040B000E55484F8045100F09F8016F8015FFF2951
:1040C000F1D1D4F80831D4F80C2184F8FF802046CF
:1040D0009847D4F828310133C4F82831012100234E
:1040E000E3E7B14ED0F80011771D20254FF000080E
:1040F0000AE00B460131B742C4F80011E55484F8D8
:10410000045179D016F8015FFF29F2D1D4F80831B3
:10411000D4F80C2184F8FF8020469847D4F8283141
:104120000133C4F8283101210023E4E79F4FD0F880
:10413000001107F1050920264FF000080BE00B469F
:104140000131B945C4F80011E65484F8046100F067
:104150007F8117F8016FFF29F1D1D4F80831D4F825
:104160000C2184F8FF8020469847D4F82831013389
:10417000C4F8283101210023E3E7D0F80031FF2BF8
:1041800000F0D0812022591CC0F80011C25480F8E0
:10419000042127E0D0F80031FF2B00F0B481591C36
:1041A0002022C4F80011E25484F8042128E0D0F859
:1041B0000011FF2900F097814A1C2023C4F8002138
:1041C000635484F804312A6920461121BDE8F8437C
:1041D000FFF7ACBEEA681121BDE8F843FFF7A6BEC1
:1041E000D0F80011FF2900F0BC814A1C2623C4F836
:1041F0000021635484F80431BDE8F883D0F800113D
:104200006B4D26266F1C4FF000080AE00B4601316B
:10421000BD42C4F80011E65484F80461ECD015F8EE
:10422000016FFF29F2D1D4F80831D4F80C2184F8B9
:10423000FF8020469847D4F828310133C4F828314C
:1042400001210023E4E75B4ED0F8001106F10807D6
:1042500020254FF000080AE00B460131B742C4F8B0
:104260000011E55484F80451C6D016F8015FFF2907
:10427000F2D1D4F80831D4F80C2184F8FF8020461C
:104280009847D4F828310133C4F82831012100239C
:10429000E4E7494ED0F8001106F10A0720254FF057
:1042A00000080AE00B460131B742C4F80011E5549A
:1042B00084F80451A0D016F8015FFF29F2D1D4F898
:1042C0000831D4F80C2184F8FF8020469847D4F8B0
:1042D00028310133C4F8283101210023E4E790F8A4
:1042E0000431282B40F0D580344EEA681121204655
:1042F000FFF71CFEB71CD4F800113A254FF0000858
:104300000BE00B460131B742C4F80011E55484F8C4
:1043100004513FF471AF16F8015FFF29F1D1D4F8D1
:104320000831D4F80C2184F8FF8020469847D4F84F
:1043300028310133C4F8283101210023E3E7204F5D
:10434000D0F8001107F1090920264FF000080BE012
:104350000B4601314F45C4F80011E65484F804615E
:1043600000F0858017F8016FFF29F1D1D4F80831EA
:10437000D4F80C2184F8FF8020469847D4F82831DF
:104380000133C4F8283101210023E3E70D4ED0F8B2
:10439000001106F1100720254FF0000820E000BFB3
:1043A000AC920020B8920020C4920020EC92002031
:1043B000F4920020F8920020049300201093002033
:1043C00014930020CC9200200B460131B742C4F870
:1043D0000011E55484F804513FF40EAF16F8015F64
:1043E000FF29F1D1D4F80831D4F80C2184F8FF80EA
:1043F00020469847D4F828310133C4F828310121E8
:104400000023E3E76D4FD0F8001107F108092026DB
:104410004FF000080AE00B460131B945C4F800111D
:10442000E65484F8046113D017F8016FFF29F2D124
:10443000D4F80831D4F80C2184F8FF80204698473E
:10444000D4F828310133C4F8283101210023E4E7EE
:104450002A69002A3FF4D0AEFF2932D0481C282315
:10446000C4F800016354112184F8043101E0EA68C2
:1044700011212046FFF75AFDD4F80011FF2961D021
:104480004A1C2923C4F80021635484F80431BDE890
:10449000F883D0F80011FF2972D04A1C2023C4F8F9
:1044A0000021635484F804311EE7D0F80011FF297D
:1044B00076D04A1C2A23C4F80021635484F80431BE
:1044C0009AE60026D4F80831D4F80C2184F8FF606D
:1044D00020469847D4F828312A690133C4F8283196
:1044E00001203146BBE70026D0F80831D0F80C2176
:1044F00080F8FF609847D4F8283101221344C4F8AB
:104500002831314659E60025194680F8FF50D0E998
:1045100042329847D4F8283101210B44C4F828319D
:104520002B463DE60021D0E9425280F8FF101946A3
:10453000A847D4F8283120220133C4F8283122704A
:10454000012152E60025D4E9423284F8FF5020468A
:104550009847D4F8283101221344C4F82831294659
:104560008FE70025D4E9423284F8FF50204698476F
:10457000D4F8283101221344C4F82831294635E6FD
:104580000026D0F80831D0F80C2180F8FF60984759
:10459000D4F8283101221344C4F8283131467DE78C
:1045A0000025D0E9423280F8FF509847D4F82831EE
:1045B00001221344C4F8283129467BE7E092002009
:1045C0002DE9F843044616461D469BB1714F012064
:1045D0009A687AB95A6811781939C9B2122900FA59
:1045E00001F204D83A4235D112F4606F74D11B68DD
:1045F000002BEDD10023D4F81471C4F814312A46ED
:104600001121204600F0C8F8D4F80031FF2B4BD020
:104610002822591CC4F80011E25484F8042132699C
:104620002AB111212046FFF781FCD4F80011FF299F
:1046300076D04B1C2922C4F8003120466254012355
:1046400084F8042111212A4600F0A6F8C4F8147158
:10465000BDE8F88394F80431202B45D1D4F800113B
:10466000FF294ED04B1C4FF02808C4F8003104F845
:1046700001804FF00009D4F8147184F804811121ED
:10468000C4F814914B462A46204600F085F8D4F829
:104690000011FF2953D04B1C2922FF2BC4F80031F5
:1046A000625484F80421B3D11946002384F8FF3002
:1046B0002046D4E942329847D4F828310133C4F86F
:1046C00028312823237084F8043132690121C4F889
:1046D0000011002AA5D1ACE794F8043103F0FD02E3
:1046E000282ABBD0202BB9D0D4F80031FF2B3ED0E4
:1046F000591C2022FF29C4F80011E25484F8042137
:10470000B0D10027D4E9423284F8FF7020469847A0
:10471000D4F828310133C4F8283139460123A2E7FF
:104720000026D4E9423284F8FF6020469847D4F846
:1047300028310133C4F82831314601237AE7D4E91E
:10474000423284F8FF902046984742F6290323809E
:1047500084F80481D4F82831326901330221C4F885
:104760002831C4F80011002A7FF45BAF61E7002212
:10477000194684F8FF20D4F80871D4F80C2120469B
:10478000B847D4F8283120220133C4F828312270E8
:10479000012167E707310400002A00F0C2802DE9FB
:1047A000F047054688B01E4614460127D5F8182163
:1047B000CAB9A2680ABB62681178BEB1E368D5F8CD
:1047C0001081A7602929C5F8103124D02A292CD0BE
:1047D000022934D011212846FFF7D6FB2468C5F8FA
:1047E0001081002CE2D108B0BDE8F0874E2904D03A
:1047F00007D8A1F11C03042BE0D82468002CD5D1E4
:10480000F1E750390129F8D9E368D5F81081A7609C
:10481000C5F81031DEE7236811212846FFF7D0FEE6
:10482000C5F8108108B0BDE8F0872368112128463B
:1048300000F0D6F8C5F8108108B0BDE8F087644EE6
:10484000D5F81471D2684FF000091121C5F8149100
:104850002846FFF76BFB06F1010AC5F81471D5F87D
:1048600000113A270AE00B4601315645C5F8001100
:10487000EF5485F8047113D016F8017FFF29F2D1A7
:10488000D5F80831D5F80C2185F8FF9028469847CF
:10489000D5F828310133C5F8283101210023E4E798
:1048A00063681C692378482B17D04E2BA3F1500264
:1048B000A3F11C010ED00BD804290BD922461121DB
:1048C0002846FFF733FBC5F8108108B0BDE8F08734
:1048D000012AF3D8E4682378E7E73E4F7B2607F107
:1048E0000C0A4FF000090AE00B4601315745C5F8A4
:1048F0000011EE5485F8046114D017F8016FFF29F8
:10490000F2D1D5F80831D5F80C2185F8FF9028466A
:104910009847D5F828310133C5F828310121002303
:10492000E4E7704722692C49013201A806F016FC21
:1049300001A80BF073FD20B301AED5F8001106EB12
:10494000000A4FF0000908E00B4601315645C5F852
:104950000011EF5485F8047115D0FF2916F8017B7A
:10496000F2D1D5F80831D5F80C2185F8FF9028460A
:104970009847D5F828310133C5F8283101210023A3
:10498000E4E7D5F80011154F7D2607F1020A4FF034
:1049900000090AE00B4601315745C5F80011EE54F5
:1049A00085F8046196D017F8016FFF29F2D1D5F888
:1049B0000831D5F80C2185F8FF9028469847D5F89E
:1049C00028310133C5F8283101210023E4E700BF75
:1049D000289000202C900020787100203C9000202E
:1049E0002DE9F0470446174653B11E469D687DB336
:1049F0001B68002BFAD1324611212046FFF7CCFE6E
:104A0000D4F80031FF2B00F09D80591C2022FF2993
:104A1000C4F80011E25484F8042127D05B224B1C17
:104A2000C4F80031625484F80421FA682AB11121D3
:104A30002046FFF77BFAD4F80031FF2B2FD0591C0A
:104A40005D22C4F80011E25484F80421BDE8F08727
:104A50005B681B782A2B32D111212B463246204627
:104A6000FFF79AFED4F80011FF29D7D10022D4F81D
:104A7000083184F8FF202046D4F80C2198475B22A7
:104A8000D4F82831227084F80421FA68591C0123D3
:104A9000C4F82811C4F80031002AC8D1CFE7002596
:104AA000194684F8FF50D4E9423220469847D4F89A
:104AB000283101210B44C4F828312B46C0E7DFF828
:104AC000E480D4F800114FF0200908F1010A0CE04D
:104AD0000B46D04501F10101C4F8001104F8039020
:104AE00084F804911AD018F8019FFF29F0D1D4F866
:104AF0000831D4F80C2184F8FF5020469847D4F8A8
:104B000028310133C4F8283100230121D045C4F8ED
:104B1000001104F8039084F80491E4D111210023DA
:104B200032462046FFF738FED4F80011FF2926D080
:104B30004B1C2922FF2BC4F80031625484F8042155
:104B40007FF463AF0022194684F8FF20D4F808519F
:104B5000D4F80C212046A847D4F828315B2245F62A
:104B60002031218084F80421FA680133C4F8283107
:104B70000223C4F80031002A7FF459AF5FE7002216
:104B8000D4F8083184F8FF202046D4F80C21984747
:104B9000D4F8283129220133C4F8283122700123A6
:104BA00033E700BF289200201178322902D011216A
:104BB000FFF7BCB9D3682DE9F041D3E9015767B3DA
:104BC0002F44D0F800110446013D013F4FF000088A
:104BD00009E00B46BD4201F10101C4F80011E654A1
:104BE00084F8046119D0FF2915F8016FF1D1D4F8C8
:104BF0000831D4F80C2184F8FF8020469847D4F877
:104C000028310133C4F8283100230121BD42C4F802
:104C10000011E65484F80461E5D1BDE8F08100BFDD
:104C20002DE9F04F2DED028BE7B0037800AF5F2B3D
:104C3000C7E90021054600F04481A9490822284619
:104C400006F060F9002800F007814FF00009012309
:104C5000B9F1020F7B640CBF45234623A9F1020A78
:104C600008EE103A5FFA8AFA28460BF0D7FB2B18A9
:104C700042000021C7E90353B2F5006F4FF0110362
:104C8000C7E90535C7E90812C7E90B10C7E90D11D7
:104C9000C7E90F11B96400F21B818300E84600EBFD
:104CA00080000733A8EBC000854623F007036E465B
:104CB000B9F1010FADEB030DFE61C7F828D040D06C
:104CC000BAF1010F35D8EB7A05F10B045F2BBC610B
:104CD00003D12B7B5A2B00F0B080002A40F3AB802D
:104CE00020460BF09BFB00230122C6E901333A6208
:104CF000002800F0A080C6E903403370002332464C
:104D000018EE101A07F10C00FAF76CFC0646204664
:104D10000BF084FB2318BB61235C13B9002E40F019
:104D2000E1807B6C013340F0C38000237B64C54687
:104D30009AE707F10C00FBF7A7F8BB6906461B785A
:104D4000EBE72B785F2BECD16B786A1C5A2BBA619E
:104D5000E7D1AB78AA1C472BBA6100F09B80542B9B
:104D600000F09880494607F10C00FCF7E9FF7B69E9
:104D7000DB07064640F19780BA6913782E2BCCD119
:104D8000334616461A467378A3F1610119294FF08C
:104D9000000B45D95F2B43D0303B092B00F2FD803F
:104DA000317834462E2912D16378303B092B0ED846
:104DB000A378A3F13001A01C0929044605D814F8F2
:104DC000013FA3F130010929F9D92E2BECD0D7E905
:104DD00008139942BC61A4EB060067DAD7F81CC03F
:104DE00001EB810E0CEB8E0301310028C3E901BBFE
:104DF00039625BDDC3E901BB0CF82EB0C3E9036087
:104E00004F2107F10C00FAF7EDFB23782E2B024619
:104E100040F0C18026467378A3F161011929B9D801
:104E2000B31C1C4613F8011BA1F161001928F8D925
:104E30005F29F6D0B6E7002660E76B7B05F10D022F
:104E4000472BBA6107F10C0001D0542B1DD1FCF7A0
:104E5000EFFBBC69064651E72B7A2E2B04D05F2B63
:104E600002D0242B7FF4F1AE6B7A442B02D0492B75
:104E70007FF4EBAEAA7A5F2A7FF4E7AE492B0CBF32
:104E80004FF002094FF00309E1E6FCF759FFBC6956
:104E9000064633E707F10C00FCF7CAFB7B69DB072A
:104EA00006463FF569AFBB691B7836E70023A7E7E5
:104EB000002007F5CE77C546BD46BDEC028BBDE8A8
:104EC000F08F43785A2B7FF4B8AE4FF00109BEE65D
:104ED000084607F5CE77BD46BDEC028BBDE8F08FE6
:104EE0002093002007F14C047A68C4F80821314669
:104EF0003A68C4F80C212046C4E94433C4E9493374
:104F0000C4E94633C4E94D33C4E950337B60C4F887
:104F1000003184F80431C4F82031C4F82C31FAF798
:104F200053FCD4F81C217B68B2F5006F01DAC4F899
:104F30001C31D4F83811D4F84431012901FB03F3B2
:104F40003246B8BF01216E46A6EBC101012B8D464A
:104F5000C4F844316846B8BF0123A0EBC3039D46A3
:104F60000025C4F8301120461121C4F83CD1C4F802
:104F70004851FEF7DBFFD4F80011D4F8083165542E
:104F80002046D4F80C21B5469847D4F81801B0FA59
:104F900080F040098DE70646BFE6164683E700BF6E
:104FA00070B51378012B82B01546044603D9312B16
:104FB00001D0062B38D101266B68012B22DCD4F8F6
:104FC0001C21B2F5806F1DDC013301326B601121B1
:104FD000D4F82C31C4F81C21C4F82CD12A46204620
:104FE00001930095FCF728FF6A68D4F81C310199F9
:104FF000C4F82C11013A013B6A60C4F81C3136B187
:1050000002B070BD0123C4F81831002EF8D1D4F8D5
:105010000011FF2915D04A1C2923C4F8002163542C
:1050200084F8043102B070BDD0F80011FF2916D009
:105030004A1C2823C4F800210026635484F8043154
:10504000BAE7D4E9423284F8FF6020469847D4F8A2
:10505000283101221344C4F828313146DCE7002608
:10506000D0E9423280F8FF609847D4F82831012215
:105070001344C4F828313146DBE700BF2DE9F84F6F
:10508000D368DB681B681978662978D11269D0F873
:105090002471D2E9038A9AF800203C2A4FF0FF32AB
:1050A00008BFDAE903A9C0F824215B7818BF4FF0E4
:1050B00000096C2B044600F0A28063D84C2B01D071
:1050C000522B57D1D4F80011FF2900F0EB804B1C74
:1050D000C4F8003128236354524684F80431112166
:1050E0002046784EFFF75CFF112142462046FFF72D
:1050F0005BFD06F1020BD4F800112E254FF0000ADB
:105100000BE00B465E4501F10101C4F80011E554C6
:1051100084F8045119D016F8015FFF29F1D1D4F8B1
:105120000831D4F80C2184F8FFA020469847D4F821
:1051300028310133C4F82831002301215E45C4F829
:105140000011E55484F80451E5D14246112120466E
:10515000FFF72AFD4A4611212046FFF721FFD4F828
:105160000011FF297FD04A1C2923C4F80021635471
:1051700084F80431C4F824710120BDE8F88F0020C0
:10518000BDE8F88F722BF5D1D0F80011FF297BD044
:105190004B1CC4F8003128236354524684F8043170
:1051A00011212046484EFFF7FBFE424611212046C2
:1051B000FFF7FAFC06F10309D4F800112E254FF091
:1051C00000080AE00B4601314E45C4F80011E554D1
:1051D00084F80451CED016F8015FFF29F2D1D4F83B
:1051E0000831D4F80C2184F8FF8020469847D4F881
:1051F00028310133C4F8283101210023E4E7334D7D
:10520000D0F80011282605F1030B4FF000090BE040
:105210000B46AB4501F10101C4F80011E65484F8D6
:10522000046119D015F8016FFF29F1D1D4F80831C4
:10523000D4F80C2184F8FF9020469847D4F8283100
:105240000133C4F8283100230121AB45C4F8001113
:10525000E65484F80461E5D1424611212046FFF767
:10526000A3FC524677E70025D4F80831D4F80C2186
:1052700084F8FF5020469847D4F82831012213447F
:10528000C4F8283129466FE70025D0E9423280F87A
:10529000FF509847D4F828310133C4F82831294603
:1052A000012376E70025D4E9423284F8FF502046F6
:1052B0009847D4F828310133C4F82831294601230E
:1052C00006E700BF2C92002004900020FC8F0020F5
:1052D000137803F0FD03382B01D000207047D3680A
:1052E0002DE9F047DB681F683B78642B02D0002073
:1052F000BDE8F0877B78692B044611D003F0DF030B
:10530000582BF4D1D0F800111369FF29D3E90356C3
:1053100000F08E804B1CC4F800315B2363540CE01A
:10532000D0F800111369FF29D3E9035600F0B180CA
:105330004B1CC4F800312E23635484F804312A46F0
:1053400011212046FEF7F2FD7B78582B3AD0692BCD
:105350000BD0D4F80011FF2900F08A804A1C5D238D
:10536000C4F80021635484F80431337803F0FD035A
:10537000382B12D0D4F80011FF2968D04A1C3D23E5
:10538000C4F80021204663543246112184F80431C8
:10539000FFF706FE0120BDE8F087F368DB681B68B5
:1053A0001A78642AE6D15B78692B03D003F0DF0317
:1053B000582BDFD1204632461121FEF7B7FD0120E0
:1053C000BDE8F087DFF8E880D4F8001108F1040A9E
:1053D00020254FF000090BE00B46C24501F1010109
:1053E000C4F80011E55484F8045119D018F8015F8D
:1053F000FF29F1D1D4F80831D4F80C2184F8FF90BA
:1054000020469847D4F828310133C4F828310023C6
:105410000121C245C4F80011E55484F80451E5D1D6
:10542000F26811212046FEF781FD36697B788EE710
:105430004FF00008D4E9423284F8FF809847D4F84E
:1054400028310133C4F828314146012363E70025A0
:10545000D4F80831D4F80C2184F8FF50204698473E
:10546000D4F8283101221344C4F82831294686E7AC
:105470000025D4F80831D4F80C2184F8FF502046D8
:105480009847D4F8283101221344C4F8283129461A
:1054900065E74FF00008D4E9423284F8FF8098476E
:1054A000D4F828310133C4F828314146012340E7BC
:1054B000F48F00202DE9F0411E4684B0002840D032
:1054C0000C46154609B1002A3BD0002329496A46FB
:1054D000CDE90033CDE90233FFF7A2FB002839D034
:1054E000039B009FD3B9DDF80880002F3CD02CB37C
:1054F00038460AF093FF2B68984219D23946421C6D
:105500002046F6F7B3FF384608F05EF827460EB19E
:1055100000233360384604B0BDE8F0814FF0010845
:10552000002FE4D18EB14FF0FF3333600027F1E755
:10553000204608F049F8C5F80080E8E7002DFAD1C8
:10554000E5E716B16FF0020333600027384604B078
:10555000BDE8F081009808F037F8002EF5D06FF024
:10556000010333600027D5E7002EEED0B8F1010F1C
:10557000D9D0F4E741CE02000378472B01D00020B8
:10558000704743784E2BFAD18378552BF7D1C378E7
:10559000432BF4D10379432BF1D143792B2BEED15B
:1055A00083792B2BEBD1C07901288CBF00200120FF
:1055B000704700BF10B530B1044600F07DF82046BA
:1055C000FFF7DAFF08B9F9F785FC54F8140CF9F77E
:1055D00079FC00BF2DE9F04F85B00246FFF7CCFF04
:1055E00038B152E90674D2E90C85D2F828A0002619
:1055F00005E00446074601260546804682461046D9
:1056000000F05AF80EB1F9F773FC3846F9F76CFC64
:1056100000F052F80EB1F9F75DFCF9F735F90768BB
:10562000DFF890B097F82730012B0CBF3B6807F1EB
:105630007803029328F00303019320374FF0000909
:10564000CA4520DDD5F80080B8F1000F00D0A8448D
:1056500002AB002241463846F9F744F808B1F9F7A1
:10566000CFFCD8F80030039003AA40465946D3F83F
:1056700010800123C047019B002818BF064609F18E
:1056800001091D44DCE746B10420F8F7E9FF074BA8
:10569000074A08490360F9F797FC2046F9F712FC1E
:1056A00000F048F800F046F8F9F716F828810020D5
:1056B00091BD02000C7A002038B50446F9F7E8F8ED
:1056C0002246056812F82039472B03D085BB0260BB
:1056D000284638BD63784E2BF8D1A378552BF5D1E9
:1056E000E378432BF2D12379432BEFD163792B2B32
:1056F000ECD1A3792B2BE9D1E379012BE6D854F82F
:105700000C3C002B11DB013344F80C3C4368013B9B
:105710004360954218BF44F8105C656A18BF026088
:10572000204604F07FFD284638BDC3F10103EBE7B6
:10573000F9F7D0FB08B5F9F7A7F803687BB393F83E
:105740002020472A07D00022026003F12000BDE894
:10575000084004F069BD93F821204E2AF3D193F854
:105760002220552AEFD193F82320432AEBD193F836
:105770002420432AE7D193F825202B2AE3D193F85C
:1057800026202B2ADFD193F82720012ADBD85A695B
:10579000002A05DB013A08D0511C0ED05A6108BD21
:1057A0000132FBD119690160F8E71A69026003F15F
:1057B0002000BDE8084004F037BDF9F78BFB00BFBF
:1057C00008B5F9F765F8006830B190F82730012B7B
:1057D00004BF00687838006808BD00BF08B52DED2B
:1057E000028BB0EE408A02F0D7FBB4EE488AF1EEAD
:1057F00010FA0FD6B5EEC08AF1EE10FA0AD8B5EE5F
:10580000408AF1EE10FA08D106F0F6F822239FED57
:10581000090A0360BDEC028B08BD06F0EDF8BDEC93
:10582000028B034621221A600348BDE8084000F0BD
:1058300021BF00BF000080FF183A002008B52DED01
:10584000028BF0EE408A01F06DFAB0EE408A01F072
:10585000F3FB20B1B0EE480ABDEC028B08BDB0EE00
:10586000680A01F0E9FB0028F4D006F0C5F89FEDC6
:10587000088ADFED087AF5EEC08AF1EE10FA38FEFC
:10588000278AB0EE480ABDEC028B2223036008BDD4
:105890000000807F000080FF08B52DED028BB0EE88
:1058A000408A01F0C5FBB4EE488AF1EE10FA06D644
:1058B000DFED098AB4EEE88AF1EE10FA02D4BDEC0D
:1058C000028B08BD06F098F888EEA80ABDEC028BA2
:1058D0002123036008BD00BF0000000010EE103A55
:1058E000114A23F00043934218DDB3F1FF4F02DB6E
:1058F00030EE400A704700B583B0684602F0ACFB5A
:10590000400000F00200DDED010A9DED000AC0F14B
:10591000010001F0CDF803B05DF804FBDFED030AF0
:10592000012001F0C5B800BFDA0F493F00000000B8
:1059300030B52DED028B83B08DED010A019C24F072
:105940000043B3F1FF4F10DB324B002C93ED007A94
:10595000D3ED007A39DBF0EE406A87EE260A30EEAE
:10596000270A03B0BDEC028B30BD2B4A93420FDDFA
:10597000284A2A4B92ED000AD3ED007A30EE670AEE
:10598000002CB8BFB1EE400A03B0BDEC028B30BDB5
:10599000B3F1105F23DBB3F17E5F214D29DB01F012
:1059A0003FFBD5ED007A20EE270A01F09DFC194B54
:1059B000D3ED007AD5ED006A95ED007A37EE000A56
:1059C00086EE807A37EEC70ADAE7DDED016A87EE08
:1059D000260A30EE670A03B0BDEC028B30BD0D4BDA
:1059E000DDED017A93ED000A30EE270A20EE270A5A
:1059F000B7E795ED008A01F013FB28EE400A01F0AD
:105A000073FC95ED007A37EE007AF1EE407A87EE7E
:105A1000870AB5E7E4D80020FFFFAF4104D9002092
:105A200008D9002010EE102AC2F3C7537F3B162B73
:105A300022F0004130DC002B10EE100A18DB19496F
:105A400019410A4227D0DFED187A70EE277AF5EE79
:105A5000C07AF1EE10FA1EDD002A04DD4FF40002D8
:105A600042FA03F3184420EA010300EE103A7047AB
:105A7000DFED0D7A70EE277AF5EEC07AF1EE10FACE
:105A800009DD002A05DBF7EE007A002900FE270A6F
:105A900070479FED060A7047B1F1FF4FFBD330EE20
:105AA000000A7047FFFF7F00CAF2497100000080C2
:105AB00010EE102AC2F3C7537F3B162B22F0004191
:105AC0002ADC002B10EE100A18DB194919410A4292
:105AD00021D0DFED187A70EE277AF5EEC07AF1EE7C
:105AE00010FA18DD002A04DA4FF4000242FA03F338
:105AF000184420EA010300EE103A7047DFED0D7AFA
:105B000070EE277AF5EEC07AF1EE10FA03DD002A86
:105B100008DB9FED090A7047B1F1FF4FFBD330EE70
:105B2000000A7047FFEE007A002900FE270A70473E
:105B3000FFFF7F00CAF249710000000070B410EE50
:105B4000902A6FF47273C2F30A55EB183E2B85B09E
:105B500044D8664B93ED026B93ED007BB0EE461B91
:105B6000A7EE001B11EE100A31EE461B00F07F027B
:105B700093ED064B921893ED043B02F10F0103EBFA
:105B8000C20292ED1C7BA3EE010BA4EE010B03EB12
:105B9000C10293ED0A5B20EE001B30EE077B93ED14
:105BA000082B93ED0E6BA5EE002B21EE015B93ED20
:105BB0000C4BA2EE017B53F831405668A6EE004B29
:105BC00000210A1906EB4033A5EE047BEDB143EC4E
:105BD000102BA7EE000B05B070BC7047002B56DBF6
:105BE000B5F5816F2DD910EE101A002012F5801F27
:105BF00008BF814268D040F2FF74A54247D082427C
:105C00005EDB05B070BC00F0B9B8884244DAB7EE8C
:105C1000004B03F17F5101F50011104641EC160BCA
:105C200027EE067B36EE070BB4EEC40BF1EE10FA4E
:105C300009D49FED287B20EE070B05B070BC00F067
:105C4000CDB8002585E730EE043B36EE406B34EEF0
:105C5000435B36EE076B35EE007B37EE067B37EEA7
:105C6000037B37EE447BB5EE407BF1EE10FA24D097
:105C70009FED180B27EE000B9FED166B8DED006B63
:105C80009DED007B27EE067B8DED027BD5E7B7EE21
:105C9000007B30EE070B9EE703F140419FED0F6B59
:105CA00001F57001104641EC100BA7EE000B20EE41
:105CB000060B05B070BC00F09DB89FED0A0BDBE74A
:105CC00005B070BC00F052B89FED060B83E700BF33
:105CD000AFF3008000000000000010000000000092
:105CE0000000007F00000000000000000805002008
:105CF00010EE103AC3F3C7527F3A162A10EE101A6C
:105D000009DC002AA5BF084B134103F000430B40F8
:105D100000EE103A7047802A06BF07EE903A37EE41
:105D2000A70A00EE103A7047000080FF10B582B05D
:105D30008DED000B044605F05FFE9DED000B046049
:105D400002B010BD82B058B1B1EE407B8DED007B4A
:105D50009DED007B222020EE070B02B0FFF7E6BF8F
:105D6000B0EE407BF2E700BF000000009FED010BAA
:105D7000FFF7E8BF00000000000000109FED010BDE
:105D8000FFF7E0BF000000000000007082B00028B4
:105D9000B7EE006BBFEE007B06FE077B8DED007B50
:105DA0009DED000B9FED037B222080EE070B02B0E0
:105DB000FFF7BCBF0000000000000000B4EE400B85
:105DC000F1EE10FA30EE407B87EE076BB0EE460B3B
:105DD00002D62120FFF7AABF704700BFB5EE400BE7
:105DE000F1EE10FA00D070472220FFF79FBF00BFEE
:105DF000000000009FED076BB0EEC07BB4EE467B69
:105E0000F1EE10FA00DC70472220FFF78FBF00BFD1
:105E1000AFF30080FFFFFFFFFFFFEF7F70B553EC94
:105E2000102B784C03F1404C4FF0FF350CF5901CD3
:105E3000954274EB0C042DED068B10EE100A1E46F5
:105E400052D24FEA134EAEF1100547F6DF74A54269
:105E500000F29F80BFEE008B06F1404303F5D013A4
:105E6000C3F346324FEA135C1B1507EE903A664BBC
:105E700003EB021493ED006B94ED261B4FEA0C5CD0
:105E800093ED0C4BB8EEE79B93ED025BA6EE091B7E
:105E900093ED042B93ED083B93ED067B94ED240BDF
:105EA00093ED0A6B021EA6EB0C0343EC1A2BAAEE31
:105EB000008BA4EE086BA3EE087B28EE084BA6EE41
:105EC000047B38EE016B31EE460B30EE080B28EE0A
:105ED000048BA5EE090BA2EE040BA8EE070B30EE27
:105EE000060BBDEC068B70BD484CA34208BF002AD0
:105EF00079D0B7EE001B30EE411B434921EE01ABD8
:105F000091ED123B91ED184B91ED107B91ED166BDD
:105F1000A3EE017BA4EE016B91ED1E3B91ED1C4BBA
:105F200091ED0E8BA3EE014B9FED309B91ED145B39
:105F300091ED200BA5EE0A7BB0EE415B91ED1A2BA3
:105F4000A0EE0A4BA1EE095B91ED223BA1EE495B6D
:105F5000A2EE0A6BB0EE410B21EE0AABA3EE0A4BA8
:105F6000A4EE0A6B25EE054BA6EE0A7BA4EE080B09
:105F700031EE456B31EE055B28EE066B31EE401BD2
:105F8000A4EE081BA6EE051BA7EE0A1B30EE010BC4
:105F9000A7E7941843EB03052C431DD01C4CA342E8
:105FA00008BF002A9DD01EF4004F0DD147F6F071B6
:105FB00031EA0E0108D09FED0F7B20EE077B51ECFC
:105FC000170BA1F1507645E7BDEC068B43EC102B87
:105FD000BDE87040FFF7F2BEBDEC068B0120BDE8C6
:105FE0007040FFF7D3BE9FED050B7AE7000000007D
:105FF0000000A0410000000000003043000000004D
:1060000000000000FF080300980E00200000F03F91
:106010000000F07F2DE9F04F5BEC10AB2DED0A8B0B
:106020004FEA1B5C11EE90EA0CF1FF3640F2FD7076
:10603000864210EE101A11EE103A89B05A466546A3
:106040004FEA1E5400F2C680C4F30A06A6F2BE361A
:106050007F2E98BF002000F2BD80BFEE000BE14C08
:10606000E14B1444C4F3463503EB451693ED006B46
:1060700093ED027B96ED128B96ED189B96ED162B09
:10608000260D241505EE904A360593ED0C4BB8EE1F
:10609000E55B951BA5EE062BA5EE079B93ED04ABE8
:1060A00093ED105B93ED08BB93ED067B93ED0A6BCC
:1060B00093ED0E3B0C1E45EC1C4BACEE080BA0EE1A
:1060C000053BA0EE046B20EE0A5B30EE024B20EEA7
:1060D000058BA0EE0B7BA8EE036B32EE442BA8EEF3
:1060E000067B32EE002BB0EE483B39EE022B95EEEC
:1060F000003B34EE085B20EE080B34EE454B32EEED
:10610000036B34EE084B36EE046BA0EE076B35EEF6
:10611000064B21EE048B18EE902AB0EE487BC2F3BA
:106120000A556FF47273EB183E2B91EE047B35EE3B
:10613000445B35EE065BA1EE057B00F29380AB4B32
:1061400093ED024B93ED005BB0EE441B93ED042BFB
:10615000A8EE051B93ED066B11EE101A31EE441BF1
:1061600001F07F0293ED0E4BA1EE028BA1EE068BA8
:1061700093ED0C6B37EE087B27EE072B921802F19C
:106180000F0403EBC202A7EE046B92ED1C4B03EB72
:10619000C40293ED0A3B93ED085B53F834605768F3
:1061A000A7EE035B4018002422EE023B37EE047B8F
:1061B000A219A2EE057B07EB4033A3EE067B002D70
:1061C0005FD043EC102BA7EE000B09B0BDEC0A8B9F
:1061D000BDE8F08FD8184EEB0E09461E37466FF01B
:1061E000010849F1FF36B8456FF4001777EB060652
:1061F000C0F02081481842EB0209461E374669F17B
:106200000006B8456FF4001777EB0606C0F0398139
:10621000002A6ADB0020C4F30A06A6F2BE337F2BF5
:1062200040F2FF774FD9724B00209A4208BF81425B
:1062300000F0FD8040F2BD35AE4240F29180012970
:1062400072EB030334BF01230023BC428CBF002444
:106250000124A3420ED109B0BDEC0A8BBDE8F04F7A
:10626000FFF784BD002BC0F2CE80B5F5816F75D9E4
:10627000002AF0DB09B0BDEC0A8BBDE8F04FFFF758
:106280007DBDA14280F21381B7EE003B03F17F5147
:1062900001F50011104641EC150B27EE057B35EE9C
:1062A000076BB0EEC64BB4EEC34BF1EE10FA61D4FF
:1062B0009FED480B26EE000B09B0BDEC0A8BBDE844
:1062C000F04FFFF78BBD002D7FF4C7AE9FED437BF2
:1062D0004BEC16AB26EE077B53EC172B23F000425A
:1062E00017EE101AA2F15072B7E6C4F30A0640F294
:1062F000FE3086427EDD40F23340864200F3FA8073
:10630000801BA0F120054FF0FF374FF0FF39874089
:1063100009FA05F9C0F12008019547EA09054FF08F
:10632000FF3727FA08F945EA0905874023EA0707F6
:106330002EEA05053D435DD1019DC3400EFA08F8E4
:1063400043EA08032EFA05FE43EA0E0303F00103B5
:10635000980422F00042CCF30A055EE70025EEE641
:1063600088429341B7EE000B34BF31EE000B30EEA4
:10637000410B2AE7B5EEC06BF1EE10FA35EE465B45
:10638000BFEE004B35EE075B58BFB0EE434B36EE29
:10639000043B34EE437B37EE067B37EE057B37EE6E
:1063A000037B37EE446BB5EE406BF1EE10FA04D18F
:1063B0002A4601F0004343EC162B9FED065B8DED62
:1063C000045B9DED047B27EE057B8DED067B6FE77F
:1063D000AFF300800000000000001000000000008B
:1063E00000003043AB6A19C03819002008050020AE
:1063F0000000F03F4BEC10AB09B0BDEC0A8BBDE8E0
:10640000F04FFFF7DBBCB7EE000B38EE000B0028B7
:106410003FF4DBAEB1EE400BD7E64918594B82F49E
:1064200000224FF000005241884293415DD3B7EE05
:10643000000BCAE650EA0904EFD0534C0025A242F3
:1064400008BFA94247D04918504B52418D4273EBC7
:1064500002044AD3994508BFA84246D103F100433C
:106460009A4208BFA942E2D09A426FEA0E0E34BFA8
:10647000002201224FEADE7E724577D09FED3D0B70
:10648000A3E64BEC17AB002A27EE070B34DB002208
:1064900050EA09095DD1BEF1000FBFF696AE104675
:1064A00009B0BDEC0A8BBDE8F04FFFF76FBC03F1FC
:1064B00040419FED326B01F57001104641EC100B2D
:1064C000A7EE000B20EE060B09B0BDEC0A8BBDE871
:1064D000F04FFFF78FBCDB182A4A8EF4002E4EEBEC
:1064E0000E0E9D4272EB0E02A1D24BEC17AB37EEB3
:1064F000010B6AE600202CE7C4F30A02A2F2FF3186
:106500003429C4D8C2F586624FF0FF31A2F11D05CF
:10651000033201FA05F701FA02F4C2F120063C4306
:1065200021FA06F73C43914023EA01012EEA0404D4
:106530002143ACD123FA02F20EFA06F632432EFAC8
:1065400005F52A4312F00102A2D0B1EE400B012260
:106550009EE7BEF1000FBFF638AEB7EE006B86EED9
:10656000007B8DED027B9DED020B2EE621EE010BF3
:106570002BE600BF0000000000000000000000004B
:106580000000007F0000F0FF0000F03F0000E0FF8F
:1065900010EE103A40F22A41C3F30A528A42B7EE93
:1065A000C03A32D8B7EE000B2D4B93ED4A2B93ED4A
:1065B000481BB0EE417BA2EE037B17EE100A37EECC
:1065C000417B00F01F0203EBC20130B492EE037B6B
:1065D00093ED4C4B53F832404D6893ED4E6B93ED79
:1065E000505BA4EE076B27EE074B00210A1905EB61
:1065F000C033A5EE070B43EC172BA6EE040B30BC03
:1066000020EE070BB7EEC00B704713F5000F20D03C
:10661000B2F5FF6F1AD2DFED137AB4EEE70AF1EEAE
:1066200010FA10DCDFED107AB4EEE70AF1EE10FAA2
:1066300012D4DFED0E7AB4EEE70AF1EE10FAB1D51E
:10664000002001F01BBB002001F01EBB30EE000A51
:1066500070479FED070A7047002001F009BB00BF9B
:10666000C00300201772B142B4F1CFC2CF8ECEC2A8
:10667000000000009FED010A704700BF0000C07FCE
:1066800010EE103AC3F30A52B2F5866FB7EEC07A35
:106690002ED2B7EE000B2A4B93ED402B32EE073B88
:1066A00013EE100A33EE423B00F01F0203EBC2016F
:1066B00030B437EE437B93ED424B53F832404D6894
:1066C00093ED446B93ED465BA4EE076B27EE074B0F
:1066D00000210A1905EBC033A5EE070B43EC172B7D
:1066E000A6EE040B30BC20EE070BB7EEC00B7047D4
:1066F00013F5000F1ED0B2F5FF6F18D2B5EEC00A29
:10670000F1EE10FA10DCDFED0F6AB4EEE60AF1EEFE
:1067100010FA12D9DFED0C6AB4EEE60AF1EE10FAC7
:10672000B7D5002001F0AABA002001F0ADBA30EED2
:10673000000A70479FED050A7047002001F098BAE3
:10674000C0030020000016C3000015C300000000B5
:1067500010EE103AB3F17E5F10EE102A38D0A3F598
:106760000001B1F1FE4F36D2BFEE000B02F1404303
:10677000264903F54D03C3F3C34001EB001091ED2F
:10678000404B91ED445B91ED467B91ED426BD90D11
:10679000C90590ED002B521A03EE902A90ED021BD2
:1067A000DB15B7EEE33AA2EE030B03EE903A20EED0
:1067B000002BA5EE007BB8EEE33BA6EE027BA3EE3A
:1067C000041B30EE010BA2EE070BB7EEC00B7047B7
:1067D0009FED0F0A7047590014D0B3F1FF4F14D04A
:1067E000002B0BDBB1F17F4F08D2DFED0A7A60EEB0
:1067F000277A17EE903AA3F13862B5E700EE103A27
:1068000001F05ABA012001F045BA7047281700205C
:10681000000000000000004B10EE103AB3F17E5F64
:106820003ED0A3F50001B1F1FE4F10EE102A3AD28E
:10683000BFEE002B02F14043284903F54D03C3F39B
:10684000C34001EB001091ED424B91ED447B91ED83
:10685000406B91ED465BD90DC9052DED028B90ED96
:10686000021B90ED008B521ADB1500EE103A03EE7E
:10687000902AB8EEC00BB7EEE33A30EE010BA8EE6B
:10688000032BBDEC028B22EE023BA4EE027BA5EEB5
:10689000020BA6EE037BA3EE070BB7EEC00B70470F
:1068A0009FED0F0A7047590014D0B3F1FF4F14D079
:1068B000002B0BDBB1F17F4F08D2DFED0A7A60EEDF
:1068C000277A17EE903AA3F13862B1E700EE103A5A
:1068D00001F0F2B9012001F0DDB97047780D002018
:1068E000000000000000004B00000000B0EE407B04
:1068F00017EE903A1B4A23F0004393421BDD1A4ADD
:10690000934202DD30EE400B704700B585B068461B
:1069100000F0A0FB00F0030001289DED021B9DED9F
:10692000000B0CD0022812D070B1012000F0A2F9A7
:1069300005B05DF804FB9FED091B00F017B800F0EF
:1069400099F9B1EE400BF3E700F010F8F0E700F032
:106950000DF8B1EE400BEBE7AFF300800000000054
:1069600000000000FB21E93FFFFFEF7F10EE903AAF
:1069700023F00043B3F1795F2DED028B2EDAFDEEAB
:10698000C07B17EE903A002B65D020EE004B9FEDB8
:10699000358B9FED362B9FED373BA4EE082B9FEDFB
:1069A000375BA4EE023B9FED376BA4EE035B9FEDDC
:1069B000377BA4EE056BA4EE067B24EE077B21EE6D
:1069C000401BB6EE006BA4EE071BB7EE000B94EE77
:1069D000061BBDEC028B30EE410B70479FED218B07
:1069E00020EE004B9FED212B9FED223BA4EE082BC8
:1069F0009FED225BA2EE043B9FED226BA3EE045BB6
:106A00009FED227BA5EE046B224AA6EE047B934207
:106A100027EE047BD3DD204A934217DCB7EE006BF0
:106A20000020A3F5001141EC150B36EE456B21EE6D
:106A3000401BB6EE003BA4EE071B94EE035BBDECDF
:106A4000028B35EE410B36EE400B7047B6EE076B0E
:106A5000B5EE025BEBE7B7EE000BBDEC028B7047C7
:106A6000AFF30080D43888BEE9FAA8BDC4B1B4BD84
:106A70009EEE213EAD529C804F7E92BE9015CB196A
:106A8000A001FA3E7751C1166CC156BF4C55555501
:106A90005555A53F3233D33F0000E93F51EC100B71
:106AA00010EE102A21F0004343EC102B704700BF7A
:106AB00008B510EE103A23F00042B2F1465FF0EE56
:106AC000407A0FDABDEEC07A17EE101AF9B9431CFE
:106AD000134300F09F80012803D0BFEE007A87EEB9
:106AE000270A08BD50498A4211DB9FED507ADFED3D
:106AF000506A002BBCBFF1EE600AF1EE407A77EEEF
:106B0000677A36EEE07ADFED4B0A77EE277A67EEAA
:106B1000A76ADFED494ADFED495A9FED495A9FEDDB
:106B2000496A414926EEA67A8A42E7EE245AA7EE40
:106B3000056ADFED454A9FED455AE5EE874AA6EE28
:106B4000075ADFED435A9FED436AE4EE875AA5EEFC
:106B5000076ADFED414A9FED415AE5EE874AA6EE0E
:106B6000075A9FED3F6ADFED3F5AA4EE876AE5EED4
:106B7000075AB0EE467AA5EEA67A27EEA65AB0EEF0
:106B8000606AA7EE056ADFED384AE6EE260AE5EE12
:106B9000240A37EEA00A1FDA0128A2D0BFEE007A3D
:106BA000C7EE006A314B10EE102A1A4006EE102A8A
:106BB00016EE902A76EE677A134000EE103AB7EEA2
:106BC000007A70EEE70AF0EE477AE6EE007AE0EE41
:106BD000807AA7EEA60A08BD07EE100AB8EEC77ABB
:106BE00060EE006A30EE070A9B1786EE806A03F0BB
:106BF0000203C3F10103F0EE005A36EE606A06EEBE
:106C0000903A77EEC67AF8EEE66AA7EEE57A26EED7
:106C1000870A08BD00F004FAB7EE007AF0EE407A79
:106C200087EE270A08BD00BF40A12C3FDA0F493F7D
:106C300068212233000000005FAE9BB745F4A33803
:106C40008453D9377AC09538C8261A3AB93781396A
:106C500016696B3B48DEBE3AA427B33C1F37113C94
:106C60008988083ED10D5D3DABAAAA3E00F0FFFF2A
:106C70000000000010EE903A23F00043B3F1795F7A
:106C800004DAFDEEC07B17EE903A5BB320EE007B9A
:106C90009FED162B9FED173B9FED184BA7EE023B88
:106CA0009FED185BA3EE074B9FED186BA4EE075BFF
:106CB000A5EE076B20EE075B30B99FED164BA7EEF4
:106CC000064BA4EE050B70479FED144B26EE456B6B
:106CD000B6EE003BA1EE036B96EE071BA5EE041B80
:106CE00030EE410B704700BFAFF300807CD5CF5A28
:106CF0003AD9E53DEB9C2B8AE6E55ABE7DFEB157BD
:106D0000E31DC73ED561C119A0012ABFA6F8101125
:106D10001111813F495555555555C5BF49555555D3
:106D20005555C53F10B510EE103A23F00044B4F1AC
:106D3000FF4F2DED028B39DA324AF6EE008ABEEEB5
:106D4000007A002B28FE878A94420CDD2E4B9C4251
:106D500045DD2E4B9C4249DD9FED2D7A20EE070A42
:106D6000BDEC028B10BDB4F1465F24DA9FED287AAA
:106D700030EE077AF7EE006AB4EEE67AF1EE10FA3A
:106D8000EEDC00F04DF900F0AFFAB7EE007A20EE3D
:106D9000006A30EE077AF0EE006AC6EE077AD0EEAF
:106DA000267A27EE880ABDEC028B10BDBDEC028B63
:106DB00030EE000A10BD00F033F900F095FAB4F19E
:106DC0007E5FE2DBB7EE007A30EE077AC0EE077A3C
:106DD00077EE807A27EE880ABDEC028B10BD00F0BA
:106DE0001FF9FFF7D5FB20EE080AB9E700F018F904
:106DF00020EE280AFFF7CCFB28EE007A27EE000AE7
:106E0000AEE700BFFFFFAF411772B142FCD4B24200
:106E1000C2BDF07C01F052BF08B52DED028BB0EE83
:106E2000408A01F0F1FFB4EE488AF1EE10FAF0EE7C
:106E3000408A0AD6B0EE480A00F0F2F8DFED0B7A8D
:106E4000B4EEE70AF1EE10FA04DCB0EE680ABDEC2D
:106E5000028B08BDDFED068A04F0CEFDB0EE680AB5
:106E6000BDEC028B2223036008BD00BFFCD4B242FC
:106E70000000807F38B510EE105A25F00044B4F1C0
:106E8000A14FF0EE407A0ADBB4F1FF4F58DCDFEDA2
:106E9000517A9FED517A002D37FE870A38BD4F4B4E
:106EA0009C425CDCB4F1445F4DDB4FF0FF3327EED6
:106EB000A76ADFED4B6ADFED4B5ADFED4B4A9FEDE2
:106EC0004B5A9FED4B4A26EE067A5A1CE7EE265A9D
:106ED000DFED486AA5EE875AE7EE246ADFED465AF1
:106EE000DFED464AE6EE875AA5EE074A9FED445A83
:106EF000DFED446AA5EE875AE4EE074ADFED425A19
:106F0000E4EE876AE5EE075A66EE866A65EE875A12
:106F10003AD03E4A02EB830276EEA56A92ED007A01
:106F20003B4A96EEA77A02EB8303002DD3ED006A6D
:106F300077EE677A36EEE70AB0DAB1EE400A38BD8E
:106F400030EE000A38BD9FED337A30EE077AF7EE67
:106F5000006AB4EEE67AF1EE10FAA6DD38BD00F074
:106F60005FF82D4B9C4216DCA3F5D0039C4227DC36
:106F7000F0EE007ABFEE007AA0EE277A002330EE22
:106F8000270AC7EE007A92E776EEA56AE6EEE77A80
:106F9000B0EE670A38BD214B9C420BDCF7EE087A55
:106FA000B7EE007AA0EE277A022330EE670AC0EE31
:106FB000077A7CE7BFEE007AC7EE007A032376E714
:106FC000F7EE007A30EE677A30EE270A0123C7EE3B
:106FD000007A6CE7DB0FC93FDB0FC9BFFFFFDF3E65
:106FE000D769853C59DA4B3D21A215BD356B883DEB
:106FF0006E2EBA3D6BF16EBD95879DBD2549123E43
:10700000388EE3BDABAAAA3ECDCC4CBE788800201A
:1070100068880020CAF24971FFFF973FFFFF1B40BD
:1070200010EE103A23F0004300EE103A704700BF14
:10703000B1EEC00A704700BF82B08DED010A019821
:1070400020F00040B0F1FF4FACBF0020012002B0A3
:10705000704700BF70B553EC102B9C4923F00045DE
:107060008D4288B004466ADD99498D421E461BDC7C
:10707000002B9FED867B40F3EB8030EE477BA1F544
:107080001B21A1F5F0618D426AD09FED826B01203A
:1070900037EE465B37EE457B84ED005B37EE467B93
:1070A00084ED027B08B070BD8A498D4260DD8A495B
:1070B0008D424DDC2A1510EE100AA2F21642A5EB05
:1070C000025141EC170B9FED755BBDEEC76BB8EE3F
:1070D000C66B37EE467B27EE057BFDEEC74B8DED8D
:1070E000026BB8EEE46B37EE467B27EE057BB5EE20
:1070F000407BF1EE10FA8DED046B8DED067B40F0D8
:10710000968014EE903A002B0CBF012302237349A2
:1071100001910221009102A8214601F063F9002E9D
:10712000C0DA94ED006B94ED027BB1EE466BB1EEEC
:10713000477B84ED006B84ED027B4042B2E7002088
:107140000021C4E90201002084ED000B08B070BDED
:1071500030EE407B002084ED027B84ED007BA1E7D4
:107160009FED505B9FED516B37EE457B01208FE724
:10717000FFF794FCB6EE007B9FED4E5BA0EE057B27
:10718000FDEEC77B9FED413B17EE900A9FED416BF3
:107190001F28B8EEE75BB1EE454BA5EE430B25EE9D
:1071A000067B1CDC4E4B421E53F82230AB4216D0FD
:1071B00030EE476B84ED006B30EE460B30EE470B44
:1071C000002E84ED020BBFF66DAFB1EE466BB1EE53
:1071D000400B84ED006B84ED020B404262E730EE21
:1071E000476B16EE903AC3F30A53C3EB1553102BBB
:1071F0004FEA2552DEDDB0EE403B9FED2A6B9FED5E
:107200002B2BA4EE063B30EE437BA4EE067B95EEE3
:10721000027B33EE476B16EE903AC3F30A53D21A51
:10722000312A06DCB0EE430B84ED006BC4E7032388
:107230006DE79FED226BB0EE430B9FED222BA4EE8A
:10724000060B33EE407BA4EE067B95EE027BAFE7A8
:10725000244930EE077B8D420ED09FED0E6B4FF030
:10726000FF3037EE065B37EE457B84ED005B37EE93
:10727000067B84ED027B15E79FED0A5B9FED0B6BB0
:1072800037EE057B4FF0FF30EBE700BF00004054C6
:10729000FB21F93F3163621A61B4D03D0000000068
:1072A000000070410000601A61B4D03D7370032E7D
:1072B0008A19A33B83C8C96D305FE43F0000002EEC
:1072C0008A19A33BC14920259A837B39FB21E93FD9
:1072D0007BD90240FB213941FFFFEF7FE0C0002056
:1072E000CC990020FB21F93F10EE102A894922F0A9
:1072F00000438B422AD9B3F1FF4F7ED800F0D680ED
:10730000002AC0F28A80844A934200F2F0809FED06
:10731000837A20EE077AF6EE007A77EE877A9FED91
:10732000806ADFED806AFDEEE77AB8EEE77A17EE65
:10733000903AF0EE407AE7EE467A27EE267A37EE7C
:10734000C70A77EEC07A77EEC77A07E076498B42B4
:1073500056D8B3F14C5FC0F082800023B6EE003AFD
:1073600020EE034ADFED716A9FED716ADFED714A2D
:107370009FED715A20EE047AF7EE003AA7EE266AE6
:10738000DFED6E6AE6EE074AB0EE086AE4EE876A61
:10739000F1EE085AA6EE875AF0EE636AE5EE076A48
:1073A000A4EE666AE0EE465A36EEC66AC6EE256A76
:1073B00066EE876A002B4DD076EEE76A5A1CD6EE51
:1073C000807A77EEC77A63D0012B51D05A1C392AC4
:1073D00033D8162B70DC4FF080721A41C2F17E5206
:1073E00007EE102A77EEC07A77EE677A17EE902ACA
:1073F00002EBC35300EE103A704730EE000A7047BC
:107400004F498B4279D8002ADFED457A47DB9FED63
:10741000457A70EE677A012391E7DFED4A7A70EEE4
:10742000277AF5EEC07AF1EE10FA63D49FED3B7A3D
:10743000FEEE007A20EE077A6FE777EEC07A73EE01
:10744000E77A17EE902A02EBC35307EE903A37EE35
:10745000E30A704790EE267A30EE470A7047DFED78
:107460003A7A70EE277A77EEE77A30EE670A70475D
:10747000BDEE007AB4EEC70AF1EE10FA2ED530EE6A
:10748000033AB8EE000A77EEC37A27EE800A704717
:1074900070EE677ABEEE000AA7EE830A70479FED92
:1074A0002B7A70EE277A4FF0FF3348E7FFEE007A31
:1074B000002A20FE270A7047C3F17F02D20507EE9B
:1074C000102A77EE877A70EE677A77EEA37A17EE56
:1074D000902A02EBC35300EE103A704770EE677AC1
:1074E000B0EE007AE7EE873AB0EE630A704700200C
:1074F00000F0CABBBFEE000A70479FED087AF6EEB7
:10750000007AFEEE006A002A20EE077A67FEA67A6D
:1075100003E700BF43B895411772B1423BAAB83F99
:107520008071313FD1F717371872B13EBBED57B4B8
:10753000547E8636CD70A6B8898808BD010DD03A34
:107540009115853F6042A20DCAF24971D1F717B774
:107550000000000030B410EE103A2DED028BA3F5C0
:10756000000110EE902AB1F1FE4F10EE104A82B0E9
:107570004FEA42017CD201F1FF3C6FF080708445FC
:1075800080F0F780002004F1404303F54D03C3F37E
:10759000C342DB0DDB05E11ADB1507EE903AB14B78
:1075A00003EB021292ED003B04EE101AB7EEE06A14
:1075B000B7EEC44ABFEE000BA3EE040B93ED443BC1
:1075C00020EE001B93ED464B93ED402BA0EE034BBA
:1075D00093ED425B93ED483BA0EE025B21EE012B65
:1075E00092ED028BB8EEE77B37EE087BA0EE037BD3
:1075F000A1EE047BA5EE027B26EE077B17EE903A08
:1076000048F2BF01C3F3CF338B4250D2B7EE000B29
:10761000954B93ED402B37EE023B13EE102A33EEE1
:10762000423B02F01F01821803EBC10093ED424B75
:1076300037EE437B53F83140456893ED446B93ED4F
:10764000465BA7EE046B27EE074B0023181905EBEA
:10765000C231A7EE050B41EC170BA6EE040B20EE92
:10766000070BB7EEC00B02B0BDEC028B30BC70470D
:107670004D1E6FF08070854280F0CE8059004D1E07
:10768000854280F09280002B55DB0020B4F5000F7E
:10769000BFF479AFDFED757A07EE103A67EE277A1F
:1076A00017EE904A24F00044A4F138646BE79FED94
:1076B000656BB4EEC67BF1EE10FA15DC9FED636BE3
:1076C000B4EEC67BF1EE10FA20DD4FF04C5388B1DA
:1076D0000193DDED016ABFEE006A76EE666AF4EEB4
:1076E000466AF1EE10FA11D002B0BDEC028B30BC4C
:1076F00000F0CABA0093DDED006AB7EE006A76EEDC
:10770000866AF4EE466AF1EE10FAEDD19FED516B08
:10771000B4EEC67BF1EE10FA57D99FED506BB4EE84
:10772000C67BF1EE10FA7FF571AF02B0BDEC028BB3
:1077300030BC00F0A3BAC2F3C7517E2911DD9629EF
:1077400054DC0120C1F1960100FA01F1481E1042FB
:1077500007D1114214BF01200020000424F000448E
:1077600094E700EE103A02B0BDEC028B30BC00F0A2
:10777000A3BA002952D0B3F17E5F2CD06400B4F1DB
:107780007F4F2ED8B1F17F4F2BD1B4F1FE4F4BD0AC
:10779000B4F1FE4F6FEA020234BF00240124D20F7D
:1077A00094424CD09FED320A5DE7002B20EE000A98
:1077B0001EDB002000293AD1002ABFF654AF02B0E8
:1077C000BDEC028B30BC00F065BA02B0BDEC028BA0
:1077D00030BC00F04DBA82F48002520012F5000F66
:1077E00022D907EE903A37EEA00A3CE70020B5E731
:1077F000C2F3C753A3F17F001728DAD8C3F196006C
:10780000012303FA00F0441E1442D2D11040D1D01B
:10781000B1EE400A1846CDE70029AFD184F48002CA
:10782000520012F5000FDCD8B7EE000A1BE7002A61
:10783000BFF619AFF7EE007A87EE800A13E720EE65
:10784000A00A10E771D5D1FFFFFF5F40E2AAA3FFB6
:10785000FFFF5F400000000000C062C000000000A9
:1078600000A062C080290020C00300200000004B5F
:107870000000000030B510EE104AC4F30A53B3F50F
:107880007D7FB7EEC06A83B01BD226EE065BB3F5F0
:10789000667F6ED326EE052B25EE021B734B93ED10
:1078A0001A3B93ED187B93ED164BA5EE037BA2EEEE
:1078B000046BB0EE460BA7EE010BB7EEC00B03B0A6
:1078C00030BD40F22E4293425ED8684991ED087B6C
:1078D00026EE077BFDEEC77B91ED0A5B17EE903A33
:1078E00003F500031B1613F0020F07EE903A01F1A7
:1078F000700208BF0A46D807B8EEE77BA7EE456BD3
:1079000026EE067B1BD403F0030301EBC30192EDCB
:107910001A4B91ED002B92ED185B26EE026B92ED67
:10792000163BA7EE045B26EE074B27EE047BA4EE86
:10793000036BA5EE076BB7EEC60B03B030BD92ED3F
:10794000142B27EE075B92ED126B92ED0E3BA7EE28
:10795000026B92ED0C0B92ED104BA7EE030B27EE92
:10796000057BA5EE040BA6EE070BB7EEC00B03B02C
:1079700030BD220D12F4FF6FDFD1B7EEC55B00EE14
:10798000104A8DED015AD8E7B3F5FF6F4BD2384B53
:10799000C4F3836203EB820053F822200569C4F329
:1079A0001603C4F3C25143F400038B40016A03FB86
:1079B00002F2A3FB0110E3FB050202F100518D0F5F
:1079C00001F04041511A02F047FA2A4B9FED257B06
:1079D00005EBD47441EC160B14F0020FA3F1700206
:1079E00008BF1346E90726EE077B27EE076B1FD477
:1079F00004F0030402EBC40293ED1A4B92ED002B4A
:107A000093ED185B27EE027B93ED163BA6EE045B2D
:107A100027EE064B26EE046BA4EE037BA5EE067B59
:107A2000B7EEC70B89E703B0BDE8304000F044B9BA
:107A300093ED142B26EE065B93ED127B93ED0E3B3C
:107A4000A6EE027B93ED0C0B93ED104BA6EE030B11
:107A500026EE056BA5EE040BA7EE060BB7EEC00BEA
:107A60006BE700BF182D4454FB21193CA82A0020C5
:107A700000850020182B00200000000038B510EE13
:107A8000104AC4F30A53B3F57D7FB7EEC07A1ED215
:107A900027EE077BB3F5667F6FD327EE071B634B9B
:107AA00093ED142B93ED125B93ED0E3BA7EE025B6F
:107AB00093ED0C0B93ED104BA7EE030B27EE017B20
:107AC000A1EE040BA5EE070BB7EEC00B38BD40F2DC
:107AD0002E42934254D8554991ED086B27EE066B20
:107AE000FDEEC66B91ED0A5B16EE903A03F50003CE
:107AF0001B1613F0020F06EE903A01F1700208BF58
:107B00000A46D807B8EEE66BA6EE457B27EE076B74
:107B10001AD503F0030301EBC30191ED002B92EDA5
:107B20001A4B92ED185B92ED163BA6EE045B27EE26
:107B3000027B27EE064B26EE046BA4EE037BA5EE3C
:107B4000067BB7EEC70B38BD92ED142B92ED127B7E
:107B500092ED0E3B92ED0C0B92ED104B26EE065B78
:107B6000A6EE027BA6EE030B26EE056BA5EE040B3C
:107B7000A7EE060BB7EEC00B38BDB7EE000A38BD56
:107B8000B3F5FF6F3DD22A4BC4F3836203EB82004F
:107B900053F822200569C4F31603C4F3C25143F419
:107BA00000038B40016A03FB02F2A3FB0110E3FB1D
:107BB000050202F100518D0F01F04041511A02F00F
:107BC0004BF91C4B9FED177B05EBD47441EC160B66
:107BD00014F0020FA3F1700208BF1346E90726EE66
:107BE000077B27EE076B10D504F0030402EBC402F9
:107BF00092ED002B93ED1A4B93ED185B93ED163B32
:107C000093E7BDE8384000F057B893ED142B93ED9F
:107C1000127B93ED0E3B93ED0C0B93ED104B9DE718
:107C2000AFF30080182D4454FB21193CA82A0020F2
:107C300000850020182B002010B582B08DED010AC0
:107C4000044603F0D9FE9DED010A046002B010BDA8
:107C500030B1F1EE407A27EE800A2220FFF7ECBF28
:107C6000F0EE407A27EE800A2220FFF7E5BF00BF42
:107C70009FED010AFFF7ECBF000000109FED010A25
:107C8000FFF7E6BF0000201A9FED010AFFF7E0BFF3
:107C9000000000709FED070AFFEE007AB7EE007A51
:107CA00000284FF0220047FE277A87EE800AFFF770
:107CB000C3BF00BF0000000070EE407AB4EE400A7F
:107CC00087EEA77AF1EE10FAB0EE470A02D621202D
:107CD000FFF7B2BF704700BF0000000030B482B0B1
:107CE0008DED000B019A194C22F000430021A342B4
:107CF000016021DC009C1C431ED0154C144054B97B
:107D00009FED107B20EE077B8DED007B019A6FF0DD
:107D1000350122F0004322F0FF42DDE9004522F464
:107D2000E00242F07F551B1545F40015A3F2FE3327
:107D3000CDE900450B4403609DED000B02B030BC63
:107D4000704700BF0000000000005043FFFFEF7FBE
:107D50000000F07F08B52DED048BB0EE409B01F0E4
:107D6000BDFAB0EE408B00F0A7FA20B1B0EE480BA0
:107D7000BDEC048B08BDB0EE490B00F09DFA002865
:107D8000F4D003F039FEB5EEC09B9FED088B9FED5C
:107D9000097BF1EE10FA38FE078BB0EE480BBDEC14
:107DA000048B2223036008BDAFF3008000000000B5
:107DB0000000F07F000000000000F0FFB0EE407B0C
:107DC00017EE903A1B4A23F0004393421CDD1A4AF7
:107DD000934202DD30EE400B704700B585B0684637
:107DE000FFF738F900F0030001289DED021B9DED1F
:107DF000000B0ED0022813D070B1FEF7B7FDB1EE24
:107E0000400B05B05DF804FB9FED081B0020FEF75A
:107E100031BFFEF7ABFDF4E70120FEF72BFFF0E7E3
:107E20000120FEF727FFB1EE400BEAE7000000005B
:107E300000000000FB21E93FFFFFEF7FB0EE407B39
:107E400017EE903A134A23F00043934218DD124A8A
:107E5000934202DD30EE400B704700B585B06846B6
:107E6000FFF7F8F8400000F002009DED021B9DEDC9
:107E7000000BC0F1010000F0FDFD05B05DF804FB52
:107E80009FED021B012000F0F5BD00BF00000000C7
:107E900000000000FB21E93FFFFFEF7F30B52DED33
:107EA000028B83B08DED000B019C354A24F000431A
:107EB000934210DD334B002C93ED006B93ED007B70
:107EC00039DBB0EE405B86EE050B30EE070B03B0FE
:107ED000BDEC028B30BD2C4A93420FDD294A2B4B5F
:107EE00092ED000B93ED007B30EE470B002CB8BFFA
:107EF000B1EE400B03B0BDEC028B30BDB3F1725F4D
:107F000023DB234A234D934229DDFEF7C7FD95ED80
:107F1000007B20EE070B00F0E5FF1A4B93ED007B92
:107F200095ED005B95ED006B36EE000B85EE006B7A
:107F300037EE460BDAE79DED005B86EE050B30EE83
:107F4000470B03B0BDEC028B30BD0E4B9DED007BAB
:107F500093ED000B30EE070B20EE070BB7E795ED26
:107F6000008BFEF79BFD28EE400B00F0BBFF95ED6C
:107F7000007BB1EE406B37EE007B86EE070BB5E77A
:107F8000FFFFEF7FE8CB0020FFFF3540F0CB002064
:107F9000FFFFEF3FF8CB002008B510EE103A33F0AA
:107FA00000422DED028B2BD0002B32DBB3F1FF4FC3
:107FB00041DAB3F5000F35DB0021DA157F3A0A44C8
:107FC000D10FC1F17F0102EBD272C3F3160307EEAA
:107FD000902A43EAC15300EE103AB8EEE78AFEF762
:107FE000B7FBDFED177A9FED177A20EE270ADFED5A
:107FF000167AA8EE070AA8EE270ABDEC028B08BD88
:10800000BDEC028B9FED117ADFED117A87EE270A26
:1080100008BDBDEC028B70EE407A9FED0D7A87EEC5
:10802000870A08BDDFED0B7A60EE277A6FF0180142
:1080300017EE903AC1E7BDEC028B30EE000A08BDA6
:10804000D95BDE3EDB27543580209A3E000000CC11
:10805000000000000000004C70B510EE103A884A95
:1080600023F00044944286B0054670DD854A944270
:1080700010EE106A22DC002BDFED837A834A24F0B5
:108080000F04B0EE407A40F3E280944270EE677ADB
:1080900009BFDFED7F6A9FED7F7A9FED7F7A77EEF4
:1080A000E67A012077EEC76A77EEE67AC5ED006AD8
:1080B00077EEC77AC5ED017A06B070BD774A944273
:1080C00054DDB4F1FF4F49DAE215863AA4EBC2530E
:1080D00007EE903ABDEEE77ADFED716AB8EEC77A47
:1080E00077EEC77A8DED037A67EEA67ABDEEE77A72
:1080F000B8EEC77A77EEC77A8DED047A67EEA67A86
:10810000F5EE407AF1EE10FACDED057A40F08E8072
:10811000B5EE407AF1EE10FA14BF02230123614953
:1081200001910221009103A8294601F069F9002E6E
:10813000C2DA95ED007AD5ED017AB1EE477AF1EE2B
:10814000677A85ED007AC5ED017A4042B4E70022F6
:1081500085ED000A4260002006B070BD70EE407AE6
:108160000020C5ED017AC5ED007AA5E7FEF758FFBE
:108170009FED4D7A9FED446AF6EE007AE0EE077AC5
:108180009FED447AFDEEE77A17EE900AF8EEE76A83
:108190001F28A6EEC60A66EE877AB1EE666A1EDC76
:1081A000424A411E24F0FF0352F82120934216D088
:1081B00030EE677A85ED007A30EE470A002E30EE19
:1081C000670A85ED010ABFF677AFB1EE477AB1EEE7
:1081D000400A85ED007A85ED010A40426CE730EEF9
:1081E000677AE21517EE103AC3F3C753C3EBD453C3
:1081F000082BDFDD9FED267A9FED275AF0EE405ADF
:10820000E6EE075A70EE657AE6EE077AD6EE857AE4
:1082100035EEE77A17EE103AC3F3C753D21A192A8C
:1082200006DCB0EE650A85ED007AC5E7032376E744
:108230009FED1F7A9FED1F5AB0EE650AA6EE070A62
:1082400075EEC07AE6EE077AD6EE857AB0E794420C
:1082500070EE277A09BFDFED0E6A9FED0E7A9FED73
:108260000E7A77EEA67A4FF0FF3077EE876A77EED8
:10827000E67AC5ED006A77EE877AC5ED017A1BE7ED
:10828000D80F493FE3CB1640800FC93FD00FC93FFD
:10829000004435374344353708A3852E800F4943C2
:1082A00000008043E8C1002084F9223F4C9A00205E
:1082B00000A3852E32318D2482B08DED000B019804
:1082C00040F0004000F58010C00F02B0704700BFC2
:1082D0000000000053EC102B10B4C3F30A541946ED
:1082E00074BB23F00041114327D09FED307B3B4905
:1082F00020EE077B884253EC172B43DBC3F30A5471
:108300001946363C4CF2503C604522DC204440F299
:10831000FE74A0421DDC002829DC10F1350F38DB8B
:1083200021F0FF41363021F4E0019FED227B41EA4C
:10833000005343EC102B20EE070B5DF8044B704705
:1083400040F2FF7C6445DDD130EE000B5DF8044B5C
:1083500070479FED1A7B9FED1B5BB0EE470B002B28
:108360005DF8044B27FE057B27EE000B704721F0DC
:10837000FF4121F4E00141EA005343EC102B5DF88A
:10838000044B70479FED110B5DF8044B27EE000B7B
:1083900070479FED0E7B9FED0F5BB0EE470B002B00
:1083A00027FE057B27EE000BC7E700BF000000009B
:1083B00000005043000000000000903C9C750088C5
:1083C0003CE4377E9C7500883CE437FE59F3F8C2E4
:1083D0001F6EA50159F3F8C21F6EA581B03CFFFFC7
:1083E000000000002DE9F04F2DED088BADF5157D57
:1083F0001C4604930791AB4BA69912F1140F53F846
:108400002150824604F1FF38C0F29982A649D31E5A
:1084100081FB0301DB17C3EBA10303930133A3EB40
:108420008303DB00D3180693039B15EB0801A3EB32
:1084300008031AD401319FED956BA79819441CAA23
:108440000AE050F8234007EE904A0133B8EEE77B8C
:108450008B42A2EC027B08D0002BF2DAB0EE467B16
:1084600001338B42A2EC027BF6D1002DC0F2C9820F
:10847000049B1CAA02EBC3046CAE4FEAC30C40463B
:10848000EF180AEBC301B8F1000F9FED807B09DB09
:1084900022465346B3EC025B32ED026B8B42A5EEF3
:1084A000067BF7D10130B842A6EC027B04F1080448
:1084B000E9D108AF07EB85039FED769B9FED778BA6
:1084C000043BDDF818B005930AEB0C0407EB8509B3
:1084D0006CAE2946019594AB03EBC103002913ED63
:1084E000280B16DD06EBC1033A4620EE097B33ED7F
:1084F000025BB0EE406BBDEEC77BB342B8EEC77B0C
:10850000A7EE486BBDEEC66B37EE050BA2EC016A19
:10851000EBD158460291FFF7DDFEB0EE40ABB4EE72
:10852000000B2AEE000B00F051FEB2EE007BA0EE35
:1085300047ABBDEECABBBBF1000FB8EECB7B0299D7
:108540003AEE47AB74DD01F1FF3ECBF1180357F86B
:108550002E2042FA03FC0CFA03F3D21ACBF11700D7
:108560001BEE103A42FA00F56344002D47F82E2026
:108570000BEE103A64DCB5EE40ABF1EE10FA40F0D1
:10858000C480019B01F1FF3E73450DDC4FEA810C75
:1085900007EB8103002053F8042D4B4540EA02000D
:1085A000F9D1002840F0F280019B013B57F82330BD
:1085B000002B40F0E680059B012553F8042D013582
:1085C000002AFAD001F1010E0D447046049B1944B3
:1085D000039B03EB0E0C0CF1804CA79B0CF1FF3CB2
:1085E00003EB8C0C1CAB06EBCE0E03EBC1019CED38
:1085F000017AB8EEC77BB8F1000F81ED007B0CF17A
:10860000040C0A469FED216B01F1080109DB53467A
:1086100001E032ED027BB3EC025BA342A5EE076BF7
:10862000F7D10130A842AEEC026BE0DD294652E7FB
:1086300040F09D804B1E57F82350ED15002D9ADD1C
:108640001BEE103A002903F101030BEE103A40F340
:108650008C813A68002A40F0828001292DD03B4667
:10866000012053F8042F002A7CD0431CC2F18072F1
:10867000994247F820201FDD57F8232007EB810C93
:1086800007EB83036FF07F4011E000BF00000000A4
:1086900000000000000000000000703E000000002C
:1086A0000000704170990020ABAAAA2A1A68821AA9
:1086B00043F8042B6345F9D10122BBF1000F0DDD16
:1086C000BBF1010F00F03381BBF1020F06D1481E50
:1086D00057F82030C3F3150347F82030022D7FF4FC
:1086E0004AAFB7EE000B30EE4AAB002A3FF443AF7F
:1086F00058460291FFF7EEFD3AEE40ABB5EE40ABC7
:10870000F1EE10FA02993FF43CAF069CB0EE4A0B32
:108710006042A8468B46019DFFF7DCFD9FEDC16BD3
:10872000B4EEC60BF1EE10FAC0F247819FEDBF7BAD
:1087300020EE077BBDEEC77B0BF10102B8EEC75BF5
:10874000A5EE460BBDEEC00B183410EE103A47F8FC
:108750002B3017EE103A069447F822302AE0012316
:10876000002083E7013088427FF47BAFA5E7B6EEB7
:10877000007BB4EEC7ABF1EE10FA80F2E580002585
:10878000F9E601F1010E704675461FE7069BA3F15D
:10879000180157F82E300691A8467246019D4BB934
:1087A000ACF104033B4453F8040D013A1839002896
:1087B000F9D006910698B7EE000B0192FFF78AFDFB
:1087C000019A002AC0F221819FED986B02F1010C01
:1087D0006CA907EB8C034FEACC0E01EBCC0133ED17
:1087E000017ABB42B8EEC77B27EE007B20EE060B7A
:1087F00021ED027BF3D19FED8F4BAEF108036CA905
:10880000CE18002444AF002D9FED8C7B10DBB0EE22
:10881000446B8C483146002303E09C4208DBB0ECFB
:10882000026BB1EC025B01339D42A5EE067BF4DAEC
:1088300007EBC403944283ED007B4FEAC40104F1CB
:108840000103A6F1080601D01C46DCE7A69B022B1B
:108850001DDC002B00F38B800FD19FED787BBE4495
:108860003EED026B774537EE067BF9D143460BB1FF
:10887000B1EE477B079B83ED007B1BEE103A03F0C4
:1088800007000DF5157DBDEC088BBDE8F08FA69BAC
:10889000032BF2D1002A00F0E38002F1005307EB32
:1088A000C20030ED026BB0EE475B874237EE067BCD
:1088B00036EE476B80ED007B36EE056B80ED026B8C
:1088C000EFD1012A40F3CC80394491ED006BDA00FE
:1088D00046A907EBC30333ED027BB0EE465B99423A
:1088E00036EE076B37EE467B83ED006B37EE057B8C
:1088F00083ED027BEFD19FED517B02F108033B44F6
:1089000007F1100233ED026B9A4237EE067BF9D184
:108910004346002B59D1D7E90001D7E90223079C30
:1089200084ED047BC4E90001C4E90223A5E7481EE5
:1089300057F82030C3F3160347F82030CEE6002165
:108940006FF0170303916DE51BEE103A002903F158
:1089500001030BEE103AC8BF02253FF77AAEB7EE1F
:10896000007B37EE4AAB022505E60022A5E69FED27
:10897000337B07EBCC0C3CED026B674537EE067B97
:10898000F9D1434697ED006B8BBB079B002A83ED23
:10899000007B36EE477B0CDD46A90123B1EC026B70
:1089A00001339A4237EE067BF8DA43460BB1B1EE5B
:1089B000477B079B83ED027B5FE7BDEEC00B5A460A
:1089C00010EE103A47F82B30F4E697ED005BB1EE6D
:1089D000477B97ED026BB1EE455B079BB1EE466BB3
:1089E00083ED005B83ED026B83ED047B45E7079B22
:1089F000B1EE475B002A83ED005B36EE477BCBDCB4
:108A0000D5E7049B4FEAC30C53E5A69B022B1BDC66
:108A1000002B21DC7FF431AF9FED087B26E700BF00
:108A2000AFF3008000000000000070410000000073
:108A30000000703E00000040FB21F93F00000000F4
:108A40000000000088030020A69B032B7FF415AFD5
:108A50009FED067B44AF5BE79FED047B44AF90E75F
:108A60009FED027B54E700BFAFF3008000000000E1
:108A70000000000038B5B0EE407B17EE903A8D490B
:108A800023F000428A422DED108B2DDCFDEEC06BF1
:108A900016EE901AF1BB10EE104A431C2343134309
:108AA00000F0BC80012800F0968030EE016BBFEE34
:108AB000005BBDEC108B85EE064B55EC164BB7EE0C
:108AC000006B53EC142B0C460A4643EC102B45EC80
:108AD000154BA5EE006B35EE477B31EE477BA7EEDD
:108AE000006BA6EE040B38BD73498A4212DD9FED80
:108AF000515B002B9FED516BB8BFB1EE411B35EEC2
:108B0000415B9FED501BB8BFB1EE407B36EE477B1B
:108B100035EE077B9FED4DAB27EE075B25EE056B32
:108B20009FED4C8B9FED4D2BA6EE0A8B9FED4D4B91
:108B3000A8EE062B9FED4DCBA2EE064B9FED4DEB25
:108B4000A4EE06CBB0EE414B9FED4C9BACEE06EB9A
:108B50009FED4C0B9FED4D3BA6EE090B9FED4DBBE2
:108B6000A0EE063B9FED4DDBA3EE06BB9FED4DFB5C
:108B7000ABEE06DB5049ADEE06FB27EE056BAFEE24
:108B800005EBAEEE064BA4EE051B9FED485B8A425B
:108B9000A6EE051B37EE010B20DC01281BD0BFEE33
:108BA000006B86EE004B51EC100BB7EE005B53EC04
:108BB000142B0020024643EC102B41EC160B36EE32
:108BC000473BB0EE457B31EE431BA6EE007BA1EEAA
:108BD000007BA7EE040BBDEC108B38BD9B17BDECE2
:108BE000108B20EE004B06EE900A03F00203C3F157
:108BF0000103B8EEE63B06EE903A30EE030BB8EE1A
:108C0000E66B84EE005BB0EE004B35EE415B37EE79
:108C1000457BA7EE443B26EE030B38BDFDF73EFF38
:108C2000B7EE006BB0EE407B86EE070BD3E700BFDC
:108C3000AFF30080075C143326A6813C182D445402
:108C4000FB21E93F0000000000000000735360DBDF
:108C5000CB75F3BEA69237A0887E143F0165F2F271
:108C6000D844433F280356C9226D6D3F37D606844A
:108C7000F464963F7AFE10111111C13FD47ABF748B
:108C8000702AFB3EE9A7F0320FB8123F68108D1A28
:108C9000F726303F1583E0FEC8DB573F93846EE92B
:108CA000E326823FFE41B31BBAA1AB3F6355555546
:108CB0005555D53FFFFF2F3E2794E53F10B582B0B5
:108CC000CDED010A019B23F00042B2F1FF4FF0EE1F
:108CD000407A30DC10EE100A20F00041B1F1FF4F75
:108CE00029DCB3F17E5F40D09C1704F0020444EA13
:108CF000D07431B372B3B2F1FF4F3ED0B1F1FF4F38
:108D000028D0891AB1F1F45F4FEAE15232DA002B30
:108D100040DA3C323EDA9FED330A012C4CD0022C73
:108D200041D064B19FED307ADFED307A30EE070A42
:108D300030EE670A03E09DED017A37EE270A02B0B4
:108D400010BD022C0ED09FED2A7A032C07FE000ADC
:108D500002B010BD9FED270ADFED277A002820FE24
:108D6000270AECE79FED210AE9E702B0BDE81040D1
:108D7000FEF780B89FED1F0ACFE7B1F1FF4F04F176
:108D8000FF3420D0022C26D81C4B03EB840393ED38
:108D9000000AD4E79DED017A87EE870AFEF740F9D5
:108DA000FEF768F8B9E79FED107ADFED107A30EE44
:108DB000070A37EEC00AC2E710EE103A03F100438B
:108DC00000EE103ABBE7022C08D80D4B03EB8403EE
:108DD00093ED000AB3E79FED030AB0E79FED090AA0
:108DE000ADE700BF000000002EBDBB33DB0F4940E4
:108DF000DB0F49C0DB0FC93FDB0FC9BF942C00203C
:108E0000882C0020DB0F493F10B52DED028B82B07E
:108E10008DED010A019C24F00044B4F1FF4F24DAE7
:108E20002C4B9C4210DD2C4B9C423DDD2B4B9C423D
:108E300047DD2B4B9C422ADD002002B0BDEC028BAB
:108E4000BDE81040FEF720BFFEF7EAF8FEF74CFA47
:108E5000F7EE006AB4F1105FB0EE407A30EE260A09
:108E600009DA02B0BDEC028B10BD20EE000A02B0A0
:108E7000BDEC028B10BD70EE007A27EE077A87EE0C
:108E8000276A36EE260A02B0BDEC028B10BDFEF753
:108E9000C7F8B6EE008A20EE080AFDF779FB20EE4F
:108EA000088A28EE000ADCE7FEF7BAF8FDF770FB47
:108EB000B6EE007AC7EE007AE0EE077AB0EE670A07
:108EC000CFE7FEF7ADF8FDF763FBF6EE007A20EE94
:108ED000270AC6E71772B13EFFFFAF411772B142D2
:108EE000FCD4B24210EE902AB24922F000438B42E9
:108EF0002DED088B40F28880AF498B4277D8002A4D
:108F0000C0F2C280B6EE007B9FED926B20EE066B46
:108F10009FED924B37EE067B9FED92BBFDEEC77B3C
:108F2000B8EEE76B17EE901A26EE0BBBB0EE407B67
:108F3000A6EE447B37EE4B0B37EE407B37EE4BBB58
:108F40009FED8AABB6EE009BB7EE007B9FED891BD1
:108F500020EE098BB0EE085B9FED882B20EE086BAE
:108F6000A6EE0A1B9FED873BA1EE062B9FED874BDC
:108F7000A2EE063BA3EE064BB0EE473BA4EE063B4B
:108F8000B1EE084BA8EE435B33EE453BA0EE454BFC
:108F900083EE045B25EE065B00293DD035EE4B5B8E
:108FA00095EE00BB4B1C3BEE46BB00F098800129C0
:108FB00000F085804B1C392B57D8132900F396807D
:108FC0003BEE40BB4FF400100841C0F17F5300223C
:108FD00003F5401343EC172B37EE4B7B17EE900A4B
:108FE00053EC172B00EB015343EC102B18E07349A3
:108FF0008B4226D910EE101AC2F313030B4300F074
:109000008B8030EE000B0BE06D498B420BD86D4A24
:10901000934249D9002193E790EE056B30EE460B61
:10902000BDEC088B704768498B4200F28780002AAC
:109030009FED4A7B12DB30EE477B9FED4ABB01215F
:1090400078E79FED547BB4EEC70BF1EE10FA7FF793
:1090500056AFBDEC088B0020FCF790BE9FED4FBBD8
:1090600030EE077B4FF0FF3164E73BEE40BB37EE5D
:109070004BBB1BEE900A53EC1B2B00EB015343EC54
:10908000102B30EE470BCBE79FED467B30EE077B96
:10909000B5EEC07BF1EE10FA4DD4BEEE007B9FED35
:1090A0002D6B20EE066B33E79FED407BBDEC088B0C
:1090B00030EE077B37EE477B30EE470B7047BDEE57
:1090C000006BB4EEC60BF1EE10FA2BD530EE099B17
:1090D000B8EE000B3BEE49BB2BEE000BA0E730EEE9
:1090E0004BBBBEEE000BABEE090B99E7C1F57F70F1
:1090F00003300305002243EC162B3BEE06BB30EE9B
:109100004BBB3BEE07BB1BEE900A53EC1B2B00EB5B
:10911000015343EC102B83E7002ABFEE007B20FEB7
:10912000070B7DE730EE4BBBB0EE006BABEE067B82
:10913000B0EE470B74E7BFEE000B71E79FED056BD8
:10914000B6EE007BBEEE005B002A20EE066B27FE2B
:10915000057BDDE6FE822B654715F73F0000E0FE4C
:10916000422EE63F763C7935EF39EA3D2DC3096E54
:10917000B7FD8ABE3952E686CACFD03EB7DBAA9E7B
:1091800019CE14BF8555FE19A0015A3FF4101111D4
:109190001111A1BFEF39FAFE422E8640763C793597
:1091A000EF39EABD59F3F8C21F6EA5019C7500881E
:1091B0003CE4377E79684340412E8640FFFFEF7FD5
:1091C000422ED63FFFFF8F3CB1A2F03F10B582B0D8
:1091D0008DED000B01990098C1F30A52A2F2FF3302
:1091E000132B844631DC002B21DB3A4A1A4101EA79
:1091F000020404438E462DD09FED347B9DED006B21
:1092000036EE077BB5EEC07BF1EE10FA09DD0029E2
:1092100004DA4FF4801141FA03F39E442EEA02016E
:1092200000200B46024643EC102B02B010BD9FED10
:10923000277B30EE077BB5EEC07BF1EE10FAF0DD58
:10924000002928DB00200146EBE7332B06DDB3F5D0
:10925000806F1BD09DED000B02B010BDA2F2134237
:109260004FF0FF3E2EFA02F21042F3D09FED177B33
:109270009DED006B36EE077BB5EEC07BF1EE10FA8C
:10928000CFDD002913DB2CEA0200CAE79DED007B4D
:1092900037EE070BE0E721F0004101430E4B0029B8
:1092A0004FF000000CBF4FF000411946B9E7142BF6
:1092B00009D00124C3F1340304FA03F39C4460454C
:1092C00088BF0919DFE70131DDE700BF9C75008821
:1092D0003CE4377EFFFF0F000000F0BF10B5B0EE9A
:1092E000407B17EE903A3F4A23F0004494422DED24
:1092F000028B3CDCB6EE005BBEEE008B3A4A002BE4
:1093000025FE088B94420FDD384B9C425CDD384BC8
:109310009C4236DD01339C422ED09FED300B27EE70
:10932000000BBDEC028B10BD324B9C4238DCB7EE1B
:10933000005B9FED2A6B30EE066BB4EEC56BF1EE71
:1093400010FAEEDCFDF7AAFBFFF7CCFD20EE004B98
:10935000B7EE006BB0EE005B30EE066B84EE067B82
:1093600090EE057B27EE080BBDEC028B10BDBDEC2B
:10937000028B30EE000B10BD1F4B10EE102A9A42EC
:10938000CBD8B0EE470BFDF789FBB6EE007B20EEA5
:10939000070BFCF7D3FB28EE008B28EE000BC0E791
:1093A000FDF77CFBFFF79EFD144B9C42CEDDB7EE34
:1093B000006B30EE066B80EE067B37EE000B20EE86
:1093C000080BBDEC028B10BDFDF768FBFCF7B6FB8C
:1093D00020EE080BA5E700BFAFF300803374AC3C70
:1093E0001F7BAC7FFFFFEF7FFFFF3540412E8640A4
:1093F000CD338640FFFF2F3E7DF8B98FFFFFEF3F53
:109400002DE9F04F2DED048BDBB01C460393069144
:10941000A04B6899089253F82150111D824604F11F
:10942000FF38C0F29882D31E48BF131DDB10029391
:109430000133DB000793DDE907239B1A0593029BA9
:1094400015EB0801A3EB080316D401319FED927AC6
:10945000699819441EAA002BA4BF50F8234007EEB8
:10946000904A03F10103ACBFF8EEE77AF0EE477AD9
:109470008B42E2EC017AEED1002DC0F2DB82039B3D
:109480001EAA02EB830446AE4FEA830C4046EF1857
:109490000AEB8301B8F1000FDFED7F7A09DB22468A
:1094A0005346F3EC016A32ED017A8B42E6EE877A9D
:1094B000F7D10130B842E6EC017A04F10404E9D1B5
:1094C0000AAF07EB8503043B9FED759ADFED738AC6
:1094D000059804930AEB0C0407EB850946AE00954A
:1094E0005AAB03EB8503002D13ED140A4FEA850BED
:1094F00016DD06EB85033A4660EE097AB0EE407A57
:10950000FDEEE77A73ED016AF8EEE77AB342A7EE73
:10951000E87A37EEA60ABDEEC77AA2EC017AEBD163
:10952000019000F099FAB0EE408AB4EE000A28EEFD
:10953000000AFCF7BDFAF2EE007AA0EE678A019805
:109540000028FDEEC89AF8EEE97A38EE678A76DDF3
:1095500005F1FF3EC0F1080357F82E2042FA03FC44
:109560000CFA03F3D31AC0F1070119EE902A47F859
:109570002E300B416244002B09EE902A67DCB5EED9
:10958000408AF1EE10FA40F0BE80009A05F1FF3BF0
:109590005A450EDC4FEA850C07EB850200219E46FA
:1095A00052F8043D4A4541EA0301F9D1002940F04F
:1095B000F180009B013B57F82330002B40F0E68000
:1095C000049B4FF0010C53F8042D0CF1010C002A00
:1095D000F9D06B1CAC449E460299039A01EB030B35
:1095E0000BF1804B69992A440BF1FF3B06EB830595
:1095F0001EAB01EB8B0B03EB8201DBED017A9FEDE0
:10960000267AF8EEE77AB8F1000F0BF1040BC1ED02
:10961000007A0A4601F1040109DB534601E072EDCC
:10962000017AF3EC016AA342A6EEA77AF7D10EF114
:10963000010EE645A5EC017ADFDD654650E740F016
:109640009B806B1E57F82330DB11002B97DD19EE42
:10965000902A002D02F1010209EE902A40F3918137
:10966000396800297ED1012D26D03A464FF0010CF1
:1096700052F8041F002979D00CF10102C1F5807164
:10968000954247F82C1016DD57F82210BB4407EB23
:1096900082020AE080990020000000000000804360
:1096A0000000803B0000C93F1168C1F1FF0142F892
:1096B000041B5A45F8D1012100280CDD012800F0D7
:1096C0004181022807D105F1FF3C57F82C2002F018
:1096D0003F0247F82C20022B7FF451AFB7EE000A6F
:1096E00030EE488A00293FF44AAF0993019000F018
:1096F000B3F938EE408A099B0198B5EE408AF1EE45
:1097000010FA3FF442AF9846DDE90732B0EE480A5E
:10971000981A0195009D00F09FF91FED207A019B9A
:10972000B4EEC70AF1EE10FAC0F255815FED247A6B
:10973000059A60EE277A0832FDEEE77A0592F8EE98
:10974000E77A03F1010BA7EEC70AFDEEE77ABDEE5B
:10975000C00A10EE102A47F8232017EE903A47F877
:109760002B302BE001224FF0000C87E70CF1010CAD
:10977000AC457FF47DAF9FE7F6EE007AB4EEE78A62
:10978000F1EE10FA80F2EC800023F8E66B1C9E46A6
:109790009C4621E7059B009DA3F1080257F82B305A
:1097A0000592F04653B9ACF104033B4453F8041D51
:1097B0000BF1FF3B083A0029F8D005920598B7EE67
:1097C000000A00F049F9BBF1000FC0F229810BF14A
:1097D000010646AA1FED4E7A4FEA860C07EB860378
:1097E00002EB860273ED017AF8EEE77ABB4267EE90
:1097F000807A20EE070A62ED017AF3D1ACF104031E
:1098000046AA002D1FED596A02EB03044FF0000039
:1098100022DB8F49DFED8F7AB0EE467A22460023B5
:1098200003E0984208DBB1EC017AF2EC016A013303
:109830009D42E6EE877AF4DA5AAB03EB8003584593
:1098400043ED287A4FEA800100F10102A4F10404FB
:1098500005D0002D1046DCDADFED7E7AECE7689A61
:10986000022A1DDC002A00F38E8010D132ABDFED1E
:10987000797A9C443CED017A634577EE877AF9D199
:1098800043460BB1F1EE677A069BC3ED007A19EE01
:10989000903A03F007005BB0BDEC048BBDE8F08F9D
:1098A000689A032AF3D1BBF1000F00F0CB8032A8F5
:1098B00013ED287A00EB8B020BF1804372ED017AF5
:1098C000F0EE476A37EE277A904277EEC77A82ED5C
:1098D000007A77EEA67AC2ED017AEFD1BBF1010FE3
:1098E00040F3B08001F5B4720DEB020111ED287A5E
:1098F0009A0033A900EB830373ED017AF0EE476A17
:1099000037EE277A994277EEC77A83ED007A77EEC1
:10991000A67AC3ED017AEFD1131DDFED4E7A034431
:10992000083033ED017A984277EE877AF9D14346D1
:10993000002B58D10699329A339B0A604B60C1EDD7
:10994000027AA4E705F1FF3C57F82C2002F07F02D1
:1099500047F82C20BFE608230793002302936AE50B
:1099600019EE903A002D03F1010309EE903AC8BFB9
:1099700002233FF775AEF7EE007A37EEC88A02236E
:10998000FDE5002198E632ABDFED327A03EB860687
:1099900036ED017AB34277EE877AF9D143469DEDF1
:1099A000327A93BB069BBBF1000FC3ED007A77EED2
:1099B000677A0CDD33AA0123B2EC017A01339B45AF
:1099C00077EE877AF8DA43460BB1F1EE677A069BB9
:1099D000C3ED017A5BE7BDEEC00A9B4610EE102A8C
:1099E00047F82320EAE6DDED326A9DED337A069BE7
:1099F000F1EE666AB1EE477AF1EE677AC3ED006A7E
:109A000083ED017AC3ED027A41E7069BF1EE676AC6
:109A1000BBF1000F77EE677AC3ED006ACADCD4E7CA
:109A2000689B022B0ADC002B0FDC7FF430AFDFEDEC
:109A3000097A25E7039B4FEA830C41E5689B032BDA
:109A40007FF425AFDFED037A71E7DFED027AA5E75A
:109A5000EC2D00200000000010EE103A33F0004121
:109A600010EE102A27D0B1F1FF4F21D213F0FF4F93
:109A700022D1DFED2B7A2B4A60EE277A904217EE47
:109A8000903A33DB4CF2503CC3F3C751604517EEBC
:109A9000902AA1F1190115DDDFED237ADFED236AAC
:109AA000B0EE677A002B67FEA67A27EE870A70472A
:109AB00030EE000A704770474CF2503C60454FEA68
:109AC000D151E9DC0144FE29E6DC002915DC11F165
:109AD000160F19DB193122F0FF4242EAC15207EE9C
:109AE000902A9FED130A27EE800A7047DFED117A66
:109AF00007EE103A27EE270A704722F0FF4242EAAB
:109B0000C15300EE103A7047DFED0A7ADFED0A6AC2
:109B1000B0EE677A002B67FEA67A27EE870A7047B9
:109B20000000004CB03CFFFFCAF24971CAF249F193
:109B3000000000336042A20D6042A28D81F000411E
:109B400002E000BF83F0004330B54FEA41044FEA22
:109B5000430594EA050F08BF90EA020F1FBF54EABD
:109B6000000C55EA020C7FEA645C7FEA655C00F059
:109B7000E2804FEA5454D4EB5555B8BF6D420CDD2A
:109B80002C4480EA020281EA030382EA000083EAAD
:109B9000010180EA020281EA0303362D88BF30BD4D
:109BA00011F0004F4FEA01314FF4801C4CEA1131A3
:109BB00002D0404261EB410113F0004F4FEA033302
:109BC0004CEA133302D0524263EB430394EA050F8D
:109BD00000F0A780A4F10104D5F1200E0DDB02FAFC
:109BE0000EFC22FA05F2801841F1000103FA0EF290
:109BF000801843FA05F359410EE0A5F120050EF156
:109C0000200E012A03FA0EFC28BF4CF0020C43FA86
:109C100005F3C01851EBE37101F0004507D54FF093
:109C2000000EDCF1000C7EEB00006EEB0101B1F5E3
:109C3000801F1BD3B1F5001F0CD349085FEA300029
:109C40004FEA3C0C04F101044FEA445212F5800F34
:109C500080F09A80BCF1004F08BF5FEA500C50F1D1
:109C6000000041EB045141EA050130BD5FEA4C0CB4
:109C7000404141EB0101013C28BFB1F5801FE9D211
:109C800091F0000F04BF01460020B1FA81F308BF34
:109C90002033A3F10B03B3F120020CDA0C3208DD00
:109CA00002F1140CC2F10C0201FA0CF021FA02F1DB
:109CB0000CE002F11402D8BFC2F1200C01FA02F14B
:109CC00020FA0CFCDCBF41EA0C019040E41AA2BF70
:109CD00001EB0451294330BD6FEA04041F3C1CDA38
:109CE0000C340EDC04F11404C4F1200220FA04F058
:109CF00001FA02F340EA030021FA04F345EA030102
:109D000030BDC4F10C04C4F1200220FA02F001FAC3
:109D100004F340EA0300294630BD21FA04F0294645
:109D200030BD94F0000F83F4801306BF81F48011DE
:109D30000134013D4EE77FEA645C18BF7FEA655C51
:109D400029D094EA050F08BF90EA020F05D054EA23
:109D5000000C04BF1946104630BD91EA030F1EBF28
:109D60000021002030BD5FEA545C05D1400049412C
:109D700028BF41F0004130BD14F580043CBF01F51F
:109D8000801130BD01F0004545F0FE4141F4700105
:109D90004FF0000030BD7FEA645C1ABF19461046E0
:109DA0007FEA655C1CBF0B46024650EA013406BFE1
:109DB00052EA033591EA030F41F4002130BD00BFA0
:109DC00090F0000F04BF0021704730B54FF480645D
:109DD00004F132044FF000054FF0000150E700BFDE
:109DE00090F0000F04BF0021704730B54FF480643D
:109DF00004F1320410F0004548BF40424FF000012A
:109E00003EE700BF42004FEAE2014FEA31014FEA6C
:109E100002701FBF12F07F4393F07F4F81F06051BB
:109E2000704732F07F4208BF704793F07F4F04BF06
:109E300041F40021704730B54FF4607401F00045E3
:109E400021F000411CE700BF50EA010208BF704743
:109E500030B54FF000050AE050EA010208BF704734
:109E600030B511F0004502D5404261EB41014FF49D
:109E7000806404F132045FEA915C3FF4D8AE4FF0A5
:109E800003025FEADC0C18BF03325FEADC0C18BF88
:109E9000033202EBDC02C2F1200300FA03FC20FAD9
:109EA00002F001FA03FE40EA0E0021FA02F1144426
:109EB000BDE600BF03685A004CBF43F0004323F0E7
:109EC00000431844704700BF2DE9F84329B34F1EE3
:109ED000044615463E464FF0000808EB060101EB2C
:109EE000D171491004EBC1094846FFF7E3FF03466F
:109EF000C80008308F42204409D0AB4209D8FFF790
:109F0000D9FF0138A8420AD201F10108E5E7AB42C6
:109F100005D9884501D04E1EDFE74FF000094846BD
:109F2000BDE8F883012807D0022807D0044B002899
:109F30000CBF18460020704702487047024870471F
:109F4000197B0300217B0300297B030030B5224BE2
:109F500083B004468D1E43B301A92846AFF30080A9
:109F6000F0B101992A46FFF7AFFF0146C0B1FFF7F4
:109F7000A1FF4B68A064012B2BD0002B01F1040042
:109F800025DBFFF797FF002323650368E064002BC0
:109F900012DBFFF78FFF03460020236103B030BDC3
:109FA00000230920236103B030BD0C4B0C49C91AB2
:109FB000C91018460191D5E7C3F30360FFF7B2FF5C
:109FC000031E0CBF09200020236103B030BD012314
:109FD000DAE700230520E0E70000000054F9030061
:109FE00048FC03000368DA0710B5044606D49B0753
:109FF00000F1480009D500F075FC2368590709D520
:10A000001A070ED5DB0613D510BD00F063FC2368DC
:10A010005907F5D404F1D00000F06CFC23681A074E
:10A02000F0D404F5A87000F06DFC2368DB06EBD4D7
:10A0300004F5E870BDE8104000F0A8BC03460068D5
:10A0400000B11844704700BF704700BF70B50446A8
:10A050000E46316C2046FFF779FF054688B9326C11
:10A060006261236932462146012098470828F0D0D2
:10A07000072806D12846316CFFF7E6FF301D00F0B7
:10A080001DFCF2F79DFC00BF2DE9F0470D1DD0F837
:10A090000C80D0F81890074614460FCDADF5727DB0
:10A0A0000DF10C0CACE80F000FCDACE80F000FCD9C
:10A0B000ACE80F0095E80F0002AE4FF0000E8CE800
:10A0C0000F00C6F800E020E0336C7B614FF4F072C3
:10A0D00031467AA8F2F7CAF93B697AAA394650465E
:10A0E0009847889B73642146CDE9006905463B4645
:10A0F0003A460120C0470446E0B94FF4F0727AA90D
:10A100003046F2F7B3F9082D1AD1316C3846FFF713
:10A110001DFF09345FFA84FA05460028D4D0B36BDA
:10A1200073643A46CDE900693B464AF010010120CC
:10A13000C04700B1092528460DF5727DBDE8F087BE
:10A14000072DF7D12046316CFFF77EFF03A800F002
:10A15000B5FB00BFF0B5CB6B0B6401F1040C0E46F0
:10A160000546BCE80F00F9B001AC0FC4BCE80F0015
:10A170000FC4BCE80F000FC49CE80F004FF0FF377E
:10A1800084E80F00009706E02B696A462946984745
:10A190000828044608D110992846FFF7D7FE002862
:10A1A000F2D0092079B0F0BD6846FFF71BFF062CFE
:10A1B000F7D131462846FFF749FF00BFC160D96B90
:10A1C0008261196400221946FFF75EBF70B5C66848
:10A1D00043690B64AEB903690A4604460D4601465D
:10A1E00002209847072805D008280FD12946204685
:10A1F000FFF72CFF3046296CFFF726FF281D00F0E3
:10A200005DFB0122FFF740FFF2F7DAFBF2F7D8FB24
:10A21000C26822B1CA6B0A640022FFF735BFFFF79C
:10A2200099BF00BF704700BF836801460BB1012092
:10A2300018477047012912D009D873B90F2A0CD8D2
:10A2400000EB820218465368009A13607047033986
:10A25000012994BF01200220704702207047084660
:10A26000704700BF00B585B00A46002303A90091DE
:10A270001946FFF7DFFF039805B05DF804FB00BF48
:10A28000012912D009D873B90F2A0CD8009900EB14
:10A29000820209685160184670470339012994BF4A
:10A2A000012002207047022070470846704700BF17
:10A2B00010B584B0002303AC039200940A461946FB
:10A2C000FFF7DEFF04B010BD70B5D36B136402F16D
:10A2D000040C05460C46BCE80F00ADF50E7D0DF1F3
:10A2E0005C0EAEE80F00BCE80F00AEE80F00BCE863
:10A2F0000F00AEE80F009CE80F004FF0FF368EE82D
:10A300000F00169610E0FFF7D3FF214616A8A847C6
:10A31000034616AA6946082083B9049B9847052876
:10A3200006460CD0092809D026996846FFF70EFE8C
:10A3300003466A460C2116A8002BE4D0092616A86D
:10A34000FFF750FE30460DF50E7D70BD2DE9F04F44
:10A35000CC6C89B01E4654F8043B06940D46174653
:10A3600000F00308002E79D01A0C8DF81D201B0474
:10A37000D2B2059304EB820402238DF81C302B6DBE
:10A38000B8F1020F08BFAC6B13F001030CD005A9A4
:10A39000384600F095FB18B9082009B0BDE8F08FE9
:10A3A000092009B0BDE8F08FD4F800A0BAF1000F81
:10A3B000EDD0019300F008030293022E4AD0B4F8C6
:10A3C00000A0B4F802900434AB6C29F0010B0F210B
:10A3D00038469B44FFF746FF834539D82AF00102EF
:10A3E0005A44824294BF002201224FEA490303F0FB
:10A3F00002030AF0010A43EA0A03012B4BD0022BA5
:10A4000032D0002BCCD1B8F1000F02D0002A40F09E
:10A41000CD800434D4F800A0BAF1000FCDD105A945
:10A42000384600F04DFB0028BAD1019B002BB3D079
:10A430000F213846FFF716FF0E2102463846FFF778
:10A4400037FF38466A4A0F21FFF732FF0720A8E797
:10A450000022CAE7D4F804900834B5E71B0205933C
:10A460008DF81D60032388E7D4F8009029F0004B95
:10A47000B8F1000F46D12AB1029B002B5BD0BBF193
:10A48000000F73D0B9F1000F00DA04340BF1010BA7
:10A4900004EB8B04BEE7B8F1000F19D1B2B16168CB
:10A4A0002268881C4FEAD2723FF47AAF05F1580354
:10A4B0000131049300F08E80201DFFF7BFFD04AB37
:10A4C00001462846F4F70EF9002859D10834A1E7CF
:10A4D0000D213846D5F82090FFF7C4FE8145F5D10F
:10A4E000AB6A9C42F2D12046FFF7E4FC0F21024602
:10A4F0003846FFF7DDFE38462A460021FFF7D8FE32
:10A5000007204EE70D213846D5F820A0FFF7AAFE18
:10A510008245B7D1AB6A9C42B4D104230022C5E97D
:10A520000B23E318C5F828B06B632368002B59DBB5
:10A5300001230193AAE7994605F15803CDF80C8051
:10A5400004F1040AB0461E460EE050460496FFF79A
:10A5500075FD0022014604AB284609F101090AF104
:10A56000040AF4F7BFF8D8B9D945EED10D21384621
:10A57000FFF778FE049B2862C5E90934062010E73E
:10A5800081460D213846FFF76DFEB9F1020F04BF79
:10A590002B46049A286214BF049B43F82C2FEBE748
:10A5A0004646D4F80090DDF80C806BE72046FFF7B4
:10A5B00081FC04340246AC6328461446F4F7EAF8FA
:10A5C00000283FF4EDAE384622460F21FFF770FE1B
:10A5D0000720E6E60D2138460193FFF743FE019B75
:10A5E0002862C9E70BF1010004EB80007CE700BFA3
:10A5F000F92A03000023FFF7A9BE00BF0123FFF7DC
:10A60000A5BE00BF0223FFF7A1BE00BF2DE9F043A6
:10A610000646C3B091461C46042900F29B80DFE841
:10A6200001F07B56992E0300002C40F09380102AF5
:10A6300000F290800368DC0600F1F38020AF38461A
:10A6400000F0AEF9B46B394600234FF0010C0CFA60
:10A6500003F212EA090F204603F1010303D050F878
:10A66000042B0A600446042B01F10401EFD13846A3
:10A67000B46300F08BF9002043B0BDE8F083032CF5
:10A6800068D194B204EB1243102B4FEA124961D8FF
:10A6900003681D0700F1CD8020AF384600F054F963
:10A6A000B26B07EBC90154B10B46D01A01EBC401E0
:10A6B000E4001D5843F8045B8B42FAD1224438462B
:10A6C000B26300F01FF9002043B0BDE8F083012C15
:10A6D0004FEA12481FFA82F938D0052C3AD108EB1C
:10A6E0000903202B36D8B8F10F0F76D9B9F1000F36
:10A6F00040F083800F2B0BD83368D80708D530463D
:10A7000023F0010343F0020340F8483B00F0EEF869
:10A71000002043B0BDE8F083E4B9876B23461FFAFD
:10A7200082FC0120341D00FA03F212EA0C0F3946B4
:10A7300004D051F8042B44F823200F460133102B8A
:10A74000F1D119F40050E3D1B76304E008EB090339
:10A75000102B03D9022043B0BDE8F083B8F10F0FEE
:10A76000F8D83368DA0706D5304623F0030340F8FB
:10A77000483B00F0B3F820AF38464D4600F0AEF845
:10A78000B26B002D5ED04FF0000907EBC80102EB61
:10A79000C503043952F8040B41F8040F9A42F9D169
:10A7A000B9F1000F54D06F464146102938BF10212F
:10A7B00007EBC101843903EBC90253F8045B41F88C
:10A7C000045F9A42F9D1012C3BD0B8F10F0FB2636C
:10A7D00058D9384600F08EF89AE7102B54D93268D1
:10A7E000D707A3F1100909D522F00103304643F041
:10A7F000020340F8483B00F079F83268530739D437
:10A80000B8F10F0F02D820A800F070F86F46384654
:10A81000C8F1100500F072F8002DB26B28DD20AFF2
:10A82000B3E723F01003036000F5E87000F0B8F818
:10A8300004E723F00803036000F5A87000F084F833
:10A840002AE720AF0432B263384600F043F85FE7EE
:10A85000012CF7D0B8F10F0FB2633FF659AF38466D
:10A8600000F040F8B9F1000F3FF452AF6F46B0E787
:10A87000134699E7304622F0040240F8D02B00F04E
:10A880003DF8BDE720AFEAE73368D90708D523F0E4
:10A890000103304643F0020340F8483B00F026F83D
:10A8A00020AF38464D4600F021F8B26B002D7FF402
:10A8B0006AAF384600F016F82AE700BF00F134010D
:10A8C00091E838009C46A6464CF8045D90E8FF0FDE
:10A8D000E54600BD90EC210B704700BF80EC210BDA
:10A8E000704700BF90EC200B704700BF80EC200B3E
:10A8F000704700BFD0EC200B704700BFC0EC200BAE
:10A90000704700BFF0EC0201F0EC0211F0EC022104
:10A91000F0EC0231F0EC0241F0EC0251F0EC02619B
:10A92000F0EC0271F0EC0281F0EC0291F0EC02A18B
:10A93000F0EC02B1F0EC02C1F0EC02D1F0EC02E17B
:10A94000F0EC02F1704700BFE0EC0201E0EC021114
:10A95000E0EC0221E0EC0231E0EC0241E0EC0251DB
:10A96000E0EC0261E0EC0271E0EC0281E0EC0291CB
:10A97000E0EC02A1E0EC02B1E0EC02C1E0EC02D1BB
:10A98000E0EC02E1E0EC02F1704700BFB0FC0181B5
:10A99000B0FC0191B0FC01A1B0FC01B1704700BF57
:10A9A000A0FC0181A0FC0191A0FC01A1A0FC01B1CF
:10A9B000704700BFEC4600B52DE900502DE9FF1FA0
:10A9C0004FF000032DE90C0001A9FFF7C3FBDDF8F0
:10A9D00040E012B0704700BFEC4600B52DE90050D2
:10A9E0002DE9FF1F4FF000032DE90C0001A9FFF72F
:10A9F000EDFBDDF840E012B0704700BFEC4600B55B
:10AA00002DE900502DE9FF1F4FF000032DE90C0048
:10AA100001A9FFF7FDFBDDF840E012B0704700BF71
:10AA2000EC4600B52DE900502DE9FF1F4FF0000363
:10AA30002DE90C0001ABFFF7C1FBDDF840E012B0DF
:10AA4000704700BFEC4600B52DE900502DE9FF1F0F
:10AA50004FF000032DE90C0001AAFFF735FCDDF8EB
:10AA600040E012B0704700BF027A03467AB9427ADA
:10AA7000A2B14168013A10B44272086803220C1D69
:10AA80001A7202025C60000E10BC1A607047006807
:10AA9000013A1A7202021A60000E7047B020704725
:10AAA00000B585B0002303AA009219460C22FFF7D7
:10AAB000C1FB039805B05DF804FB00BFFFF7F0BFD2
:10AAC0002DE9F04385B007460E464FF0000803AD70
:10AAD0003046FFF7C9FFB028044600F0CB800306DC
:10AAE00040D500F0F003802B56D0B02B7DD01CD881
:10AAF000902B00F09380A02B13D1C34303F00703E6
:10AB00004FF47F621A41010702F47F624FF00003A5
:10AB100048BF42F4804219463846FFF777FD0028C7
:10AB2000D6D0092005B0BDE8F083C02B4BD1C62894
:10AB300000F08980C72800F0A28000F0F803C02B45
:10AB400000F0BC80C82800F0BF80C928E9D1304699
:10AB5000FFF78AFF020300F00F0002F470220130B9
:10AB6000024339E08300DBB203F1040900231946F4
:10AB700000950D223846FFF75DFB039B60064CBF36
:10AB8000A3EB09034B440393002300950D221946C0
:10AB90003846FFF775FB9BE704023046FFF764FF7A
:10ABA0002043B0F5004FBCD004010023A2B21946E7
:10ABB0003846FFF72BFD0028B3D114F4004F18BF1F
:10ABC0004FF0010884E700F0F803D02BA9D100F082
:10ABD0000702013242F40022052301213846FFF723
:10ABE00015FD00283FF474AF9BE7B12837D0B22899
:10ABF00000F08780B32856D000F0FC03B42B90D02F
:10AC000000F00702013242F40022012319463846BF
:10AC1000FFF7FCFC00283FF45BAF82E700F00D0378
:10AC20000D2B3FF47EAF002300F00F021946009574
:10AC30003846FFF7FFFA002300950D2219463846E3
:10AC4000FFF71EFB44E73046FFF70EFF020300F05C
:10AC50000F0002F47022013002430323D6E730468E
:10AC6000FFF702FF024600283FF45BAF10F0F0034D
:10AC7000CCD056E7B8F1000F32D0002052E7304672
:10AC8000FFF7F2FE024600283FF44BAF10F0F00F42
:10AC90007FF447AF002304213846FFF7B7FC0028B4
:10ACA0003FF416AF3DE73046FFF7DEFE020300F04B
:10ACB0000F0002F4702201300243A6E700F00F02F9
:10ACC000013242F42022C8E73046FFF7CDFE00F003
:10ACD000F00200F00F031032013343EA02327BE747
:10ACE00003AC43460E22414600943846FFF7A2FAD1
:10ACF000009443460F2241463846FFF7C1FA4046CA
:10AD000010E700230D22194600953846FFF792FA06
:10AD10003046FFF7A9FE0206039C4FF002090CD54E
:10AD200000F07F0000FA09F0044430460394FFF776
:10AD30009BFE030609F10709F2D400F07F0303FA32
:10AD400009F304F5017423441DE700BF10B5C26C7C
:10AD5000536884B04FF0030C08321C0208461B0EE7
:10AD600001A9019402928DF80CC08DF80D30FFF707
:10AD7000A7FE04B010BD00BF08B5FFF79FFE806CB2
:10AD800008BD00BF08B5FFF799FEC06CC379023358
:10AD900000EB830008BD00BF08B5F1F711FE08B550
:10ADA000FFF7FAFF012B2DE9F84F40D0242B9846EE
:10ADB0003DD84C4D8E4676461EF801BB15F80B402B
:10ADC00014F00804F7D1BBF12D0F72D0BBF12B0F9B
:10ADD00008BF9EF800B06FF0004908BF06F1020EF0
:10ADE000002B42D0102B57D0B9FBF8F700252E4688
:10ADF00008FB179A05E033D008FB06C601251EF8AC
:10AE000001BBABF1300CBCF1090F06D9ABF1410C21
:10AE1000BCF1190F12D8ABF1370C634517DDB5F152
:10AE2000FF3FECD0B742E6D24FF0FF35E7E700F046
:10AE3000E3FD162303600020BDE8F88FABF1610C41
:10AE4000BCF1190F03D8ABF1570C6345E7DC6B1C61
:10AE500027D08CB90AB1A5BB11603046BDE8F88F88
:10AE6000E245C9DA4FF0FF35C9E7BBF1300F05D035
:10AE70004FF00A084346B7E77642EBE79EF800300A
:10AE800003F0DF03582B21D14FF010089EF801B0DA
:10AE900043460EF1020EA7E7BBF1300F1AD09846D9
:10AEA000A2E72223036072B10EF1FF314E4611601A
:10AEB000D3E79EF800B04FF0004906F1020E0124DE
:10AEC0008EE7B146F0E74E463046C7E74FF0080838
:10AED000434689E79EF8005005F0DF05582DD3D092
:10AEE000984681E7D985002010B4054C8446134666
:10AEF00020685DF8044B0A466146FFF753BF00BF68
:10AF0000BCD60020002A3ED040EA01039B0730B5A2
:10AF100084462FD1032A2DD90B4608E0043A8446F3
:10AF2000194625D01EF0803F22D1032A22D9046879
:10AF3000194653F8045BA4F1013EAC4284462EEA64
:10AF4000040E00F10400E9D09CF800000C78A04247
:10AF50001BD1E64668B11EF8010F11F8014FA2EBB4
:10AF60000E03A04203F1FF330FD11CEB0303F1D119
:10AF7000002030BD9CF800000C78844205D1012AE5
:10AF8000F6D0E646E6E710467047001B30BD00BF2E
:10AF900040EA01039B0730B501D1032A0FD884464C
:10AFA00001F1FF3E07E01EF8011F03F8011B541ECC
:10AFB000C1B19C4622466346002AF4D130BD0B46FF
:10AFC0008446194653F8045BA5F1013424EA0504CC
:10AFD00014F0803FE4D1043A032A4CF8045B19468C
:10AFE000EFD8DDE79444002CE8D003F8011B63455B
:10AFF000FBD130BD71B1034600EB010C01E06345AC
:10B0000006D01A46013311780029F8D1101A70477A
:10B01000181A70470846704730B5144683B00A4680
:10B020000546214610460192FFF7E4FF8442019A4B
:10B03000034601D8115C59B92146284602F0BCFEEE
:10B04000044628B1421B0021284605F07FF900B1D3
:10B050000024204603B030BD30B5174B1D680C46A8
:10B0600083B001460DB16B6BFBB1636EDB0702D49D
:10B07000A389980513D52246284603F07DFB636E0D
:10B08000DA07054602D4A3899B0502D5284603B0FA
:10B0900030BDA06D03F0C6F8284603B030BDA06DEA
:10B0A000019103F0BDF80199E5E70190284605F00C
:10B0B00021F90199D9E700BFBCD6002030B587B08F
:10B0C000054608461446019105F0A8F901AA012396
:10B0D000CDE90202059004930DB16B6B6BB3636E07
:10B0E00013F0010FB4F90C309AB201D198051DD5B7
:10B0F000910406D4626E43F4005322F40052A381FB
:10B10000626603AA2846214600F096FA636EDA07C3
:10B11000054602D4A3899B0502D5284607B030BD59
:10B12000A06D03F07FF8284607B030BDA06D03F096
:10B1300077F8B4F90C309AB2DAE7284605F0DAF875
:10B14000CDE700BF10B4044C03460A4620685DF802
:10B15000044B1946FFF7B2BFBCD600200EB410B5A1
:10B160009DB06FF000411FABCDE906010491094984
:10B1700053F8042B0290084C0868019302A9059427
:10B1800000F040FC029B00221A701DB0BDE8104088
:10B1900003B07047BCD600200802FFFF024A1268C5
:10B1A0000123503200F002B8BCD60020F0B40746AC
:10B1B00010B33E468C4616F8010B01E0A04216D0B3
:10B1C0001CF8014B002CF9D1D8B116F8015B0C46E4
:10B1D00001E0002BF9D014F8013B9D42F9D14DB1AB
:10B1E000002306F8013C16603846F0BC70475BB19E
:10B1F0003746DEE72E46F6E71768002FD9D13846E6
:10B20000F3E7F0BC10607047166038463B70ECE71F
:10B2100001292DE9F0415BD94FF00108C646002411
:10B220004FF0FF35434608E0A3EB05081C464FF0FE
:10B23000010E04EB0E038B4210D200EB0E0CC75C28
:10B240001CF80560B742EFD332D04FF00108254615
:10B25000C646444404EB0E038B42EED30127C2F8EA
:10B260000080BE4600244FF0FF363B4607E09F1BA0
:10B270001C464FF0010E04EB0E038B4210D200EB84
:10B28000060C10F803801CF80EC0E045EFD817D06C
:10B2900001272646BE463C4404EB0E038B42EED308
:10B2A0000136681C864201D317603046BDE8F08144
:10B2B000C6450ABF74440EF1010E4FF0010EB8E707
:10B2C000BE450ABF74440EF1010E4FF0010ED2E7E5
:10B2D00001270026E8E700BF2DE9F04F9246ADF2C6
:10B2E0001C4D05AA81460F46504619461D46FFF7DC
:10B2F0008FFF134683460DF2144243F8045F9342D6
:10B30000FBD1002D00F0DF806C1E06AE0AF1FF328B
:10B310000AEB0400009612F8011FAB1A013B5344DC
:10B32000824246F82130F6D105995A46514450469A
:10B3300002F0E4FD00286FD10BF1FF330393CBF152
:10B34000010380460646019309EB060E009A1EF89B
:10B35000043052F82330DBB1B8F1000F03D0059A66
:10B360009A4200D9AB1A1E444FF000087B1B9E4244
:10B37000EAD909EB070045F40061FFF73BFE0744FB
:10B380007B1B9E42E0D900200DF21C4DBDE8F08FE2
:10B39000C3455B4638BF4346A34210D2591EF2183C
:10B3A00051444A4402E00133A34208D212F8010B8F
:10B3B00011F801CF8445F6D0019A1644D3E7C3456E
:10B3C000039B7ED906EB0B024A440AEB0B01029663
:10B3D00002E0434515D0034612F8010D11F8016D46
:10B3E000864203F1010C03F1FF30F2D0029E634666
:10B3F00008F1010898450AD8059B1E44A5EB0308EF
:10B40000B4E7434608F101089845029EF4D9704616
:10B410000DF21C4DBDE8F08FA5EB0B035B4538BF6B
:10B420005B46013305930BF1FF330193CBF101032D
:10B430000026029345F4006809EB0601009A0B5DB3
:10B4400052F823306BB11E447B1BB342F4D209EB9C
:10B4500007004146FFF7CEFD07447B1BB342EBD20A
:10B4600091E7A34514D2019B0BEB06020AEB030CF8
:10B470004A445B4602E00133A34209D212F8010BB1
:10B480001CF801EF8645F6D0029A16441E44DBE70D
:10B49000BBF1000F10D00BEB060048440AEB0B0287
:10B4A00001E0534508D012F801ED10F801CDE64552
:10B4B0001346F6D0059BC6E708460DF21C4DBDE8C5
:10B4C000F08F5B4694E706AB4FF0FF3400932BE719
:10B4D0002DE9F0410D46097890B00446002954D07A
:10B4E0006A78002A00F08380AB78002B51D0E8788E
:10B4F0002E68002800F082802B79002B57D0284638
:10B5000004F08CFF064640F400712046FFF772FD00
:10B5100086425BD8FE2E00F28680801B27184022D0
:10B52000711C684602F0B6FD7EB16A1E5FFA86FCA9
:10B53000901912F8013F03F03F0340336B44A91AFE
:10B540006144824203F8401CF3D1013CA35D03F047
:10B550003F0340336B4413F8403C1C44A74203D2E2
:10B5600039E04444A74236D314F806C00CF03F0C2F
:10B570000CF140030DEB030C2046324629461CF823
:10B58000408C02F0BBFC0028EBD1204610B0BDE897
:10B59000F081007842EA014200E00C4640EA0343B1
:10B5A000611C98B19A426078F7D1013CEDE72278AE
:10B5B00062B131BA01E099421ED042EA032320462B
:10B5C00014F8012F002AF6D1994215D00024204604
:10B5D00010B0BDE8F081BB5DB819002BF6D04FF478
:10B5E0000061FFF707FD0744BC42AED9EEE710B09B
:10B5F000BDE8F04103F01CBDC41EC6E7120442EAD8
:10B60000016242EA03232178024600E02C4641EA27
:10B610000200651C02020029D8D0B3EB002F61782C
:10B62000F4D1023CB1E7014633462A46204610B029
:10B63000BDE8F041FFF750BE9368002B00F0858015
:10B640002DE9F04FB1F90C300C461907804683B054
:10B65000174698B225D523691BB310F002033D6845
:10B660002DD04FF0000ADFF8C0B25646B9465E450D
:10B670003346524628BF5B464046002E52D0E16911
:10B68000676AB847002856DDD9F808301B1A82448B
:10B69000361AC9F80830002BE9D1002003B0BDE804
:10B6A000F08F2146404602F037FF002840F03881F5
:10B6B000B4F90C303D6898B210F00203D1D110F00B
:10B6C000010944D14E46009746B38205D4F808B02C
:10B6D00040F18580B3455A4600F2B48010F4906F73
:10B6E00040F0C18020680192494602F037FCA3680F
:10B6F000019AA3EB0B012368A1601344B2462360B7
:10B700000026009A9368A3EB0A03D1449360002BB0
:10B71000C3D0B4F90C0080B2002ED6D1D5E9009682
:10B720000835D1E7D5E900A60835A0E7214640460F
:10B7300004F020FD88B3B4F90C3043F040034FF01F
:10B74000FF30A38103B0BDE8F08F002070471E4694
:10B75000BA469946184600951F4666B3002832D06F
:10B760004A46D4E904132068A568B24228BF32468D
:10B77000884204D905EB030B5A4500F3A780934296
:10B7800064DCE169656A3A464046A847B0F1000BBF
:10B79000D1DDB9EB0B09C9D00120DAF80830A3EBF1
:10B7A0000B035F44A6EB0B06CAF80830002B3FF4EE
:10B7B00074AF002ED2D1009A566813460832009218
:10B7C000002EF8D01F6832460A21384604F0BEFD2C
:10B7D000002800F09C800130A0EB0709C0E720683A
:10B7E0002369984216D86269B24213D86FF00043B9
:10B7F000B34228BF3346E16993FBF2F3676A02FB69
:10B8000003F340464A46B847B0F1000A93DDA6EB81
:10B810000A0676E7B345DA4628BFB246524649469D
:10B8200002F09CFBA3682268A3EB0A035244A360C6
:10B830002260002BEBD12146404604F09BFC0028FF
:10B84000E5D078E72068B34632464CE739460192A6
:10B8500002F084FB019AA3689B1AA3602368134437
:10B860002360934695E723682169A3EB010B636985
:10B8700003EB430A0AEBDA7A0BF101034FEA6A0A97
:10B8800033445345524684BF9A46524643052CD50D
:10B890001146404601F0A0FE00283BD05A462169DF
:10B8A0000190F0F7E3FDA289019B22F4906242F03F
:10B8B0008002A28103EB0B002361AAEB0B03C4F807
:10B8C00014A0A3602060B34632460CE739465A46BE
:10B8D00002F044FB23685B4423602146404604F0A9
:10B8E00049FC00283FF455AF25E7404604F048FEE8
:10B8F00003460028DED12169404605F07DF8B4F901
:10B900000C300C2223F08003C8F8002015E7721CCD
:10B91000914626E70C22B4F90C30C8F800200CE759
:10B920004FF0FF30BAE600BF00FCFF7F2DE9F04189
:10B9300086B002FB03F71D4601AB039301230C9C69
:10B9400001919046029705970493064610B1436B08
:10B95000002B3DD0636E13F0010FB4F90C309AB296
:10B9600001D199052DD5920406D443F40053A38147
:10B97000636E23F400536366304603AA2146FFF743
:10B980005BFE636E78B1DA0706D5059BFF1AB7FB3D
:10B99000F8F006B0BDE8F081A3899B05F5D4A06D51
:10B9A00002F040FCF1E7D80707D4A389990504D435
:10B9B000A06D02F037FC2846EBE7284606B0BDE84C
:10B9C000F081A06D02F02CFCB4F90C309AB2CAE7F9
:10B9D00004F090FCBEE700BF10B5064C82B0844670
:10B9E0000093206813460A466146FFF79FFF02B0A6
:10B9F00010BD00BFBCD60020014B1868704700BFC7
:10BA0000BCD600202DE9F04F2DED088BD1B00C46AF
:10BA10000BEE101A90460893834602F00BFC036865
:10BA20001293184604F0FAFC20AF1090082200216F
:10BA3000384602F02FFBA3891B0603D52369002B90
:10BA400000F0558700239FED838B9FED849BCDE90C
:10BA50002533CDE91333CDE9153327AA0E9324926C
:10BA60009246119304934446A1467E4BD3F8E4508A
:10BA700002F0DAFB4A4603461CA900975846A8473D
:10BA8000002800F0B080C0F2A6801C9A252A034648
:10BA900001D09944E9E7B9EB0405064640F0A780D8
:10BAA00000234FF0FF328DF867309846069309F176
:10BAB000010999F8003003922B25202609F101098C
:10BAC000A3F120025A2A00F2CF80DFE812F0E80248
:10BAD000CD00CD00E302CD00CD00CD006A00CD0049
:10BAE000CD0005028402CD001002C902CD00BD02C6
:10BAF0005B005B005B005B005B005B005B005B006E
:10BB00005B00CD00CD00CD00CD00CD00CD00CD003F
:10BB10005301CD0083011A02530153015301CD009B
:10BB2000CD00CD00CD001502CD00CD009602CD0098
:10BB3000CD00CD00AB01CD00AA02CD00CD00E306C3
:10BB4000CD00CD00CD00CD00CD00CD00CD00CD008D
:10BB50005301CD008301DE015301530153017702EC
:10BB6000DE017F00CD008902CD005F02E0062F02DA
:10BB70007F00CD00AB017C00B806CD00CD00BD0636
:10BB8000CD007C00A3F13002002119F8013B01EB4C
:10BB9000810102EB4101A3F13002092AF5D9069196
:10BBA0008EE7584602F046FB43681593184604F0AA
:10BBB00035FC1690584602F03DFB83681393169BA4
:10BBC000002B40F02D8699F8003077E799F8003087
:10BBD00048F0200872E708220021384602F05AFA9D
:10BBE0000123994441E7B9EB0405064611D0269B91
:10BBF0002B442693259B0133072BCAE90045259347
:10BC00001CDC0AF1080A049B2B440493002E7FF4E9
:10BC100047AF269B002B41F00B821BEE103AB3F985
:10BC20000C3013F0400F049B18BF4FF0FF33049308
:10BC3000049851B0BDEC088BBDE8F08F1BEE101AD4
:10BC400024AA584605F0BAF80028E6D10DF19C0A5E
:10BC5000D9E700BF0000000000000000FFFFFFFF69
:10BC6000FFFFEF7F34D100200B93002BD1D00021B8
:10BC7000CDE90C118DF8DC3001238DF867100293AB
:10BC80000791059303910F9137AC18F002030993C4
:10BC900002D0029B0233029318F084030A9305D169
:10BCA000069B029A9D1A002D00F36983269A89B19A
:10BCB00025990DF1670001310132CAF8000007290A
:10BCC0004FF0010026922591CAF8040000F3A283E8
:10BCD0000AF1080A099B83B1259B1AA90133023294
:10BCE000CAF80010072B4FF0020126922593CAF8DC
:10BCF000041000F3A3830AF1080A0A9B802B00F0CA
:10BD00006C82039B05995D1A002D00F3A58218F43F
:10BD1000807F40F00D82059BCAF804301A44259BB1
:10BD2000CAF800400133072B2692259300F31B83AA
:10BD30000AF1080A18F0040F05D0069B02995C1A54
:10BD4000002C00F38883049B069902988142ACBFC3
:10BD50005B181B180493002A40F0B082002325933F
:10BD6000079B1BB10799584604F046FE0DF19C0A4B
:10BD70004C4679E60B93089B073323F00703B3EC9B
:10BD8000028BB0EEC87BB4EE497BF1EE10FA08935B
:10BD900040F3E984B5EEC08BF1EE10FA01F1598061
:10BDA0009DF86710AB4CAC4B28F080080B9A472AE3
:10BDB000C8BF1C460023CDE90C330322079302922F
:10BDC000059203930F9300293FF45FAF029B013369
:10BDD00002935AE7432B0B9303D018F0100F00F097
:10BDE0005D85089D0822002122A837AC02F052F997
:10BDF00022AB55F8042B2146584602F0C3F90346FE
:10BE00000133059001F0EE82059B089523EAE37368
:10BE100002930021CDE90C118DF867100791039171
:10BE20000F9132E70B93089B1A4600238DF8673079
:10BE3000134653F8044B0893002C00F048850B9BE5
:10BE4000532B00F0EC8618F010030C9340F0E786BB
:10BE5000039B5D1C01F0E5800C991A46204604F016
:10BE600075FA0790002801F02883079B1A1B05929A
:10BE70000C9B039322EAE2720F930D9307937323B3
:10BE80009DF8671002920B939DE718F0200F0B931B
:10BE9000089B3DD0073323F007031A4611465B6821
:10BEA00051F8082B08911946002BC0F20C84039B13
:10BEB000013300F09E8228F0800052EA01030290D4
:10BEC00040F09982039B002B40F09A828046002329
:10BED0000393059350AC06E1089B53F8042B06929C
:10BEE000002A80F21984069A08935242069299F821
:10BEF000003048F00408E1E599F8003048F00808FF
:10BF0000DCE548F0100818F0200F0B93089BC1D116
:10BF100018F0100F40F00B8418F0400F00F003846D
:10BF200033F9042B0893D1170B46BDE7089B48F063
:10BF30000202029253F8042B089347F63003ADF83F
:10BF400068307820454B1193002102230B9000208C
:10BF5000039C8DF86700601C00F0AD80029820F013
:10BF6000800852EA010040F0A480002C40F0AE8628
:10BF7000002BACD1029B13F00103059300F0D18399
:10BF800030238DF83F310DF23F14ACE018F0200F54
:10BF900040F0D48318F0100F40F09F8618F0400F47
:10BFA00040F0978718F4007F00F09786089B04996B
:10BFB00053F8042B089311704C4655E599F800305E
:10BFC000682B03BF99F8013048F4007809F10109A2
:10BFD00048F0400872E599F800308DF867506DE53B
:10BFE00099F800306C2B03BF99F8013048F0200815
:10BFF00009F1010948F0100860E50B9348F01008BA
:10C0000018F0200100F05183089B073323F0070349
:10C01000596853F8082B089328F48063029300238F
:10C0200095E70B9348F010030293029B13F0200155
:10C0300000F02983089B073323F00703596853F85E
:10C04000082B0893012382E799F8003048F0800814
:10C0500034E500BF48870020B83F0020508700200B
:10C06000494611F8013B2A2B01F04982A3F1300225
:10C07000092A894698BF002101F2448119F8013B41
:10C0800001EB810102EB4101A3F13002092AF5D94C
:10C09000039115E599F8003048F001080EE59DF888
:10C0A0006730002B7FF48FAD99F800308DF8676012
:10C0B00004E5CDF80880012B00F09D81022B50ACE7
:10C0C00020D1119802F00F031209C35C04F8013D5E
:10C0D00042EA0172090952EA0103F3D150AB1B1B7A
:10C0E000DDF808800593059A03989DF86710824251
:10C0F0004FF00003B8BF0246CDE90C33079302921C
:10C100000F9360E602F00703D20842EA4172C908C1
:10C11000303352EA0105204604F8013DF2D1029A7B
:10C12000D10700F14D8250AB1B1B90460593DAE717
:10C130000B9B652B40F3D480B5EE408BF1EE10FAEB
:10C1400040F0C181259BBA49CAF800100133013281
:10C150000121072B26922593CAF8041000F351857C
:10C160000AF1080A1B9B0E998B4280F2D082109B29
:10C1700012991A44CAE90013259B26920133072B12
:10C18000259300F397830AF1080A0E9B5C1E002C8E
:10C190007FF7D0AD102C259B40F36E851BEE106A07
:10C1A000102505E00AF1080A103C102C40F36485C4
:10C1B0000133A0491032072BCAE90015CDE9253219
:10C1C000F0DD24AA3146584604F0F8FD00287ED15F
:10C1D000DDE925320DF19C0AE6E7069B02995D1A1E
:10C1E000002D7FF78EAD102D259B21DD09941026A3
:10C1F0001BEE104A04E0103D102D0AF1080A16DD6E
:10C2000001338C491032072BCAE90016CDE92532DB
:10C21000F1DD24AA214658460DF19C0A04F0CEFD1A
:10C22000002854D1103D102DDDE92532E8DC099CB1
:10C230008049CAF8045001332A44072BCDE925323E
:10C24000CAF8001000F32685039B05995D1A002D9E
:10C250000AF1080A7FF75BAD102D259B1FDD5146C3
:10C2600010261BEE10AA04E0103D102D01F108016C
:10C2700014DD01336F481032072BC1E90006CDE908
:10C280002532F1DD24AA5146584604F097FDF0B955
:10C29000103D102DDDE9253227A9EADC8A4601335D
:10C2A0006449CAF804502A44072BCDE92532CAF85C
:10C2B000001000F3DA810AF1080A28E51BEE101AD3
:10C2C00024AA584604F07AFD00283FF447AD079BA6
:10C2D000002B3FF4A2AC0799584604F08DFB9CE478
:10C2E0000E9B012B40F37A81259BCAF80040013355
:10C2F00001320121072B26922593CAF8041000F37E
:10C30000F8810AF1080A1099129801330A44072BA0
:10C31000CAE90001CDE9253200F3DD810AF1080AFE
:10C32000B5EE408BF1EE10FA00F077810E990133F3
:10C33000013901340A44072BCAF800402593CAF892
:10C340000410269200F35B810AF1080A1499CAF8D6
:10C35000041001330A44072B1EA9CDE92532CAF87F
:10C3600000107FF7E5AC1BEE101A24AA584604F023
:10C3700025FD0028ABD1269A0DF19C0ADAE4102D98
:10C38000DDE925122C4E24DD179410231BEE104AF4
:10C39000084604E0103D102D0AF1080A17DD0130AF
:10C3A00010320728CAE90063CDE92502F2DD24AA8C
:10C3B000214658460DF19C0A04F000FD002886D164
:10C3C000103D102DDDE925024FF01003E7DC179C2E
:10C3D000014601312A440729CDE92512CAF8006037
:10C3E000CAF8045000F3BD839DF867100AF1080AEB
:10C3F0005DE4CDF808800A2A71F1000380F04583DE
:10C4000030320123DDF808808DF83F2105930DF2CD
:10C410003F1468E61BEE101A24AA584604F0CEFC1E
:10C4200000287FF454AF269A0DF19C0A52E400BF15
:10C430002C710020B4C90020888800201BEE101A3F
:10C4400024AA584604F0BAFC00287FF440AF269A8C
:10C450000DF19C0A51E4102C259BBE4E1FDD1BEEF6
:10C46000108A102504E0103C102C0AF1080A16DD91
:10C4700001331032072BCAE90065CDE92532F2DD20
:10C4800024AA414658460DF19C0A04F097FC002866
:10C490007FF41DAF103C102CDDE92532E8DC0133C0
:10C4A0002244072BCAE90064CDE925327FF74BAC63
:10C4B0001BEE101A24AA584604F080FC00287FF4D2
:10C4C00006AF269A3FE41B99002940F35A830C9E3D
:10C4D0000E9B9E42A8BF1E46002E0BDD259B0133FE
:10C4E0003244072BCAE900462692259300F3898639
:10C4F0000AF1080A0C9D002EA8BFAD1B002D00F309
:10C5000003820C9B18F4806F2344059340F01F8234
:10C510001B9B0E998B4203DB18F0010F00F0CF84B8
:10C52000109912980A44CAE900012599269201310E
:10C530000729259100F3A5860AF1080A0E996518C6
:10C54000CC1A059BED1AA542A8BF2546002D0DDD8E
:10C55000CAF80030259BCAF8045001332A44072B3F
:10C560002692259300F3BB860AF1080A002DA8BF86
:10C57000641B002C7FF7DEAB102C259B40F37C83E3
:10C580001BEE106A102505E00AF1080A103C102C79
:10C5900040F37283013370491032072BCAE900154A
:10C5A000CDE92532F0DD24AA3146584604F006FCD8
:10C5B00000287FF48CAEDDE925320DF19C0AE5E719
:10C5C000302B3FF48BAD3023023804F8013C50ABE4
:10C5D0001B1ADDF808800593044684E518F0010F66
:10C5E0007FF482AE259BCAF800400133013201215D
:10C5F000072B26922593CAF804107FF7A5AE1BEEF1
:10C60000101A24AA584604F0D9FB00287FF45FAE24
:10C61000DDE925320DF19C0A98E60E994C1E002C9E
:10C620007FF794AE102C40F361831BEE106A102547
:10C6300005E00AF1080A103C102C40F3578301333F
:10C6400045491032072BCAE90015CDE92532F0DD46
:10C6500024AA3146584604F0B1FB00287FF437AED7
:10C66000DDE925320DF19C0AE5E71BEE101A24AA3C
:10C67000584604F0A3FB00287FF429AE269A0DF15A
:10C680009C0AFFF744BB029B13F0100340F0C180EB
:10C69000029A12F0400200F07A83089850F8042BB6
:10C6A0000890194692B2012351E418F0100355D1B5
:10C6B00018F0400200F05D83089850F8042B0890B1
:10C6C000194692B2A8E4524261EB4101CDF80880CC
:10C6D0002D2001233CE41BEE101A24AA584604F036
:10C6E0006DFB00287FF4F3ADDDE925320DF19C0AE6
:10C6F00016E61BEE101A24AA584604F05FFB002829
:10C700007FF4E5ADDDE925320DF19C0AFBE518F07B
:10C71000010F3FF40FAB2AE5089399F80030FFF7BB
:10C72000CDB950ACDFE418F4007F40F0DB8353F860
:10C73000042B0893D1170B46FFF7B6BB089B049850
:10C7400053F8041B0893C217C1E900024C46FFF7D7
:10C750008BB900BF88880020B4C90020089B53F81B
:10C76000042B089358E4B4EE488BF1EE10FA80F1F4
:10C7700094860B9B612B00F05285412B00F0C08505
:10C78000039B01330B9B23F0200500F08084472D91
:10C7900004D1039B002B08BF0123039318EE903AAA
:10C7A000002B48F480724646C0F21886B0EE48ABC3
:10C7B00000239046099307930B9B413B252B00F2E6
:10C7C0009883DFE813F06F049603960396036804DA
:10C7D0006C049603960396039603960396039603BA
:10C7E0009603960396039603960396039603960381
:10C7F0009603960396039603960396039603960371
:10C80000960396039603960396039603960368048D
:10C810006C04089B53F8042B08930123FFF797BB84
:10C82000139B002B3FF4CFA9139B1B78002B3FF4E5
:10C83000CAA999F8003048F48068FFF73FB90B9314
:10C84000CDF80880FFF7F1BB0B939A4B119318F0CA
:10C85000200100F00581089B073323F00703596886
:10C8600053F8082B089318F0010F0AD052EA01037D
:10C8700007D00B9B8DF86930302348F002088DF803
:10C88000683028F4806302930223FFF760BB0B93A8
:10C89000FFF7B6BB0B93884B1193D8E7089B012198
:10C8A00053F8042B02918DF8DC200893059137ACE6
:10C8B000FFF7AFBA1BEE101A24AA584604F07EFA0E
:10C8C00000287FF404AD269A0DF19C0A5DE4039BD9
:10C8D0000794062B224628BF062303942146CDE960
:10C8E0000C22764C029305930F92FFF76CBA40210D
:10C8F000584600F071FE20602061002800F00F868D
:10C9000040236361FFF79EB8102D259B40F35D82A5
:10C91000514610261BEE10AA04E00831103D102DE0
:10C9200040F35282013366481032072BC1E90006FA
:10C93000CDE92532F1DD24AA5146584604F03EFAED
:10C9400000287FF4C4ACDDE9253227A9E6E70E9B79
:10C95000CDF82490E31803930D9BCDF82880139E07
:10C96000059DDDF85890DDF83C800B941BEE101A05
:10C970005046002B34D0B8F1000F35D10D9B013B50
:10C98000013E0D93159BC0E90039259B01334A44B4
:10C99000072B269225936CDC0830039B96F800C089
:10C9A0005B1B6345A8BF6346002B9A460CDD259CA4
:10C9B00001341A44072CC0E900532692259400F351
:10C9C000778196F800C00830BAF1000FACBFACEB2D
:10C9D0000A046446002C0ADC65440D9B002BCAD176
:10C9E000B8F1000F00F0AC8308F1FF38CAE7102C53
:10C9F000DDF894C024DD05954FF0100A63460D461E
:10CA000004E0103C102C00F1080016DD01332C4925
:10CA10001032072BC0E9001ACDE92532F1DD24AA36
:10CA20002946584604F0CAF900287FF450AC103C5F
:10CA3000102CDDE9253227A8E8DC2946059D9C4617
:10CA40000CF1010322444460072B1D4C0460CDE926
:10CA5000253200F3C68396F800C008306544BCE771
:10CA600018F0100300F0C280089B53F8042B0893C1
:10CA7000F9E624AA5846059104F0A0F900287FF4AD
:10CA800026AC269A059927A887E70298CDF81CA01E
:10CA900050AC00F4806000250AEE10BA094BDDF8B6
:10CAA0004CA0CDF81490A3464FF00508AC460446C0
:10CAB00010E000BF508700206487002078870020A6
:10CAC000B4C90020CDCCCCCC0A2A71F1000136D3F8
:10CAD0004A463146501840F10000A3FB005626F0AC
:10CAE000030505EB9605401B151A4FF0CC3661F196
:10CAF000000E06FB05F6A5FB039503FB0E6609F089
:10CB0000010E2E44AEFB085E2D184FEA5909303550
:10CB10000BF8015C49EAC6790CF1010C0BF1FF3B03
:10CB20007608002CD0D09AF800008445CCD1BCF116
:10CB3000FF0FC9D00A2A71F1000180F08F815C4695
:10CB400050AB1B1BDDF81490CDF84CA01AEE10BAB8
:10CB5000DDF81CA0DDF80880CDF838C00593FFF79C
:10CB6000C2BA1BEE101A24AA584604F027F900286E
:10CB70007FF4ADAB9DF86710269A0DF19C0AFFF784
:10CB800096B8259BBE48CAF8000001330132012047
:10CB9000072B26922593CAF8040000F377810AF147
:10CBA000080A002940F0AF800E9908F001030B43FA
:10CBB0003FF4C0A8109B12991A44CAE90013259BA0
:10CBC00026920133072B259300F352820AF1080ABB
:10CBD0000E99CAF8004001330A44072BCDE92532EB
:10CBE000CAF804107FF7A4A8FFF7BDBB18F04002F5
:10CBF00000F0DD80089850F8042B0890194692B296
:10CC000031E61BEE101A24AA584604F0D7F8002883
:10CC10007FF45DAB269A0DF19C0AFFF7A3BA22AE12
:10CC20000822002130461D9401F034FA039B5A1C5F
:10CC300000F0DB800025CDF80890CDF81C809946E7
:10CC4000A8460CE037A9584601F09CFA431C404422
:10CC500000F0C883484508DC00F0188480461D9A1F
:10CC6000525933460435002AECD1CDF81480DDF852
:10CC70000890DDF81C80C5E001338249CAF8044001
:10CC80002244072BCAF80010CDE925327FF750A8BF
:10CC9000FFF769BB1BEE101A24AA584604F08EF861
:10CCA00000287FF414AB269A0DF19C0AFFF729B8EF
:10CCB00024AA5846059104F081F800287FF407ABB8
:10CCC00096F800C0269A059927A87DE6012BCDF895
:10CCD00008807FF4F3A9FFF793BB089B049953F8EE
:10CCE000042B4C4611600893FEF7BEBE0133654924
:10CCF000CAF804402244072BCDE92532CAF80010B7
:10CD00007FF722AB7BE4109B12981A44CAE9000318
:10CD1000259B26920133072B259300F3A9810AF165
:10CD2000080A0029BFF654AF4D42103180F20F833C
:10CD30001BEE101A102605E00AF1080A103D102D0E
:10CD400040F3058301334F481032072BCAE9000630
:10CD5000CDE92532F0DD24AA5846039104F02EF8DF
:10CD600000287FF4B4AADDE9253203990DF19C0A6D
:10CD7000E4E7089B18F400711ABF114653F8042B1E
:10CD800053F8042B089318BFD2B2FFF745B9029BA2
:10CD900013F40071089B1ABF114653F8042B53F883
:10CDA000042B089318BFD2B20123FFF7D0B8089B19
:10CDB00018F400711ABF114653F8042B53F8042BD2
:10CDC000089318BFD2B24EE58A4601332D49CAF8FE
:10CDD00004502A44072BCDE92532CAF8001000F38D
:10CDE00039810AF1080AFFF78CBB00231946009627
:10CDF0001DAA584602F0FEF903460133059000F0E3
:10CE0000F1821D94059B002B4ED0632B00F31881FB
:10CE10000023079337AC08220021304601F03AF98D
:10CE2000059D00962B461DAA2146584602F0E2F9C0
:10CE3000854240F07C83059A0023A35422EAE272E3
:10CE4000CDE90C339DF86710039302920F93FEF720
:10CE5000BABF2D218DF86710FEF7A4BF169B159958
:10CE6000ABEB030B1A465846FEF792F89AF80120EE
:10CE7000054B0AB10AF1010A4FF0000C28E600BF89
:10CE80002C710020B4C90020CDCCCCCC1BEE101AE4
:10CE900024AA584603F092FF00287FF418AA1B9991
:10CEA000269A0DF19C0A7CE6059B9DF867100F936E
:10CEB000CDE90233CDE90C330793FEF784BF0E9919
:10CEC000059865182D1ACC1AA542A8BF2546FFF76C
:10CED0004DBB089B049953F8042B089311804C46D2
:10CEE000FEF7C2BD13F9042B0893D1170B46FEF7CA
:10CEF000DBBF039A022122AB01931DAB009358467E
:10CF00001BABB0EE4A0B029202F014FA472D029AC4
:10CF1000044600F06181462D104405D12378302B62
:10CF200000F06F821B9A1044B5EE40ABF1EE10FAA0
:10CF300040F0468103461B1B0E93472D00F01081E5
:10CF4000462D00F0B5811B9B0C930C9B412D03F1EA
:10CF5000FF331B9300F0E5819DF82C200021002B6E
:10CF6000B8BF0C9B8DF87820BABFC3F101032D2206
:10CF70002B22092B8DF8792040F3DA810DF18F05F2
:10CF8000DFF81CC42A4610468CFB0321DA17C2EBDB
:10CF9000A10202EB8201A3EB4101303100F8011C38
:10CFA00019466329134600F1FF32ECDC3033D9B265
:10CFB000831E9D4202F8011C40F28B8213460DF144
:10CFC0007A0201E013F8011B02F8011B9D42F9D11E
:10CFD0000DF191030DF17A021B1A13441EAA9B1A3C
:10CFE00014930E9B149A012B1A44059240F303826A
:10CFF000059B109A1344059326F48063059A43F425
:10D0000080780023CDE90C3322EAE2720F9302927A
:10D01000099B002B40F0B1809DF867100393FEF749
:10D02000D2BE204603F0FAF902460590FEF720BF73
:10D030001BEE101A24AA584603F0C0FEFEF7EDBD01
:10D04000591C584600F0C8FA0446002800F0CA816E
:10D050000790E0E61BEE101A24AA584603F0AEFE35
:10D0600000287FF434A9269A0DF19C0AFFF749BAEB
:10D070001BEE101A24AA584603F0A0FE00287FF4E5
:10D0800026A9DDE925321B990DF19C0A49E6062304
:10D090000393FFF783BB039B02215A1C2BE7039AE0
:10D0A000032128E71BA8B0EE4A0BFAF717FEB4EEEF
:10D0B000007B20EE070BB5EE400BF1EE10FA01D12C
:10D0C00001231B93B348039BB3EE005B013B224655
:10D0D00004E0B5EE400BF1EE10FA13D020EE050B94
:10D0E000FDEEC07BB3F1FF3F17EE901A415CB8EE46
:10D0F000E76B944630EE460B02F8011B194603F12C
:10D10000FF33E6D1B6EE006BB4EEC60BF1EE10FACB
:10D1100000F34881B4EE460BF1EE10FA04D117EE9D
:10D12000903ADB0700F13E81002906DB4B1C1344DB
:10D13000302102F8011B9342FBD1131B0E93FCE636
:10D140000B9C0E9BDDF82490DDF828801396E318E5
:10D150009D42294628BF194682460591FFF7D8B956
:10D160001B9B0C93DA1C02DB039A93420CDD0B9B96
:10D17000023B0B9323F02005E7E62D2100238DF8D9
:10D1800067100393FEF722BE0C9B0E9A9342C0F2E7
:10D19000BD80F0070C9B40F13281109A1344059337
:10D1A000710503D50C9B002B00F33581059B23EA09
:10D1B000E373029367230B9300230F930D9327E7E9
:10D1C000229B8342BFF4B7AE30215A1C22921970C1
:10D1D000229B9842F9D8AEE6F30700F1A780229B84
:10D1E000A9E624AA5846059103F0E8FD00287FF43B
:10D1F0006EA896F800C0269A059927A86544FFF7FF
:10D20000ECBB1BEE101A24AA584603F0D7FD0028E9
:10D210007FF45DA8269A0DF19C0AFFF76BB978237D
:10D220008DF8693030238DF86830039B632B48F00C
:10D23000020600F3A6800023079337AC18EE903A5D
:10D24000002B48F481782BDBB0EE48AB0B9B23F02E
:10D250002005002309930B9B612B7FF4ADAAB0EE50
:10D260004A0B1BA8FAF73AFDB4EE007B20EE070B41
:10D27000B5EE400BF1EE10FA01D101231B934648A5
:10D2800021E71BEE101A24AA584603F097FD002848
:10D290007FF41DA81B9B269A0DF19C0AFFF74EB93F
:10D2A0000B9B23F020052D230993B1EE48ABD2E769
:10D2B0001B9A0C92002A06F0010340F30D8103999A
:10D2C0000B4340F0CF800C9B059366230B937205B4
:10D2D00000F1A380059B23EAE37302936CE71BEE46
:10D2E000101A24AA584603F069FD00287EF4EFAF17
:10D2F0001B9C0E9B269A1C1B0DF19C0AFFF736B94E
:10D3000058238DE700220392FEF7DABB0E9B109A9A
:10D310009A180C9B0592002B40F3AB8067230B936C
:10D32000D5E70B9A0F32D2B2012118E6A018FBE51F
:10D33000002940F0A88030228DF87A200DF17B0280
:10D34000303302F8013B1EABD31A149349E6013384
:10D350001249CAF804502A44072BCDE92532CAF8ED
:10D3600000107FF733AC1BEE101A24AA584603F0C6
:10D3700025FD00287EF4ABAFDDE925320DF19C0AD6
:10D3800026E4591C584600F027F9044650B307908C
:10D3900054E700BF6487002050870020B4C90020F4
:10D3A00067666666CDF888C012F8011C90F80FC059
:10D3B000614513460AD14FF0300E03F801EC229B71
:10D3C000591E229113F8011C8C45F6D0392916BF3D
:10D3D0000131817AC9B203F8011CAEE60023904600
:10D3E000079360E71BEE102AB2F90C3043F04003BC
:10D3F0009381FEF716BCF5077FF5FEADF8E50593C2
:10D40000CEE6B5EE40ABF1EE10FA3FF48BADC2F1D3
:10D4100001021B9287E567230B9313990B78FF2B6F
:10D4200079D000250C9A284603E001300131FF2B0A
:10D4300008D0934206DAD21A4B78002BF5D10B783C
:10D440000135F4E70C9213910D900F950F9A0D9BF7
:10D4500016991344059A01FB0323059323EAE3730A
:10D460000293D5E5109BD3181944662305910B93BD
:10D470002DE7C3F101031A4422EAE2730293672302
:10D4800005920B9398E60DF17A0259E7039BDDF8BC
:10D490000890DDF81C800593B4E418EE903A002B58
:10D4A000B4BF2D219DF86710254C264BB8BF8DF8D1
:10D4B000671028F08008FEF779BC039B0293059360
:10D4C00073239DF8671003900F900D900B93FEF758
:10D4D0007ABC0223149384E5039A134305D10123F4
:10D4E000662202930B92059366E6109B01331A4461
:10D4F00022EAE2730293662305920B935CE6089A94
:10D5000099F80130894652F8041B089241EAE1710A
:10D510000391FEF7D3BA00230F930D9396E70C23E4
:10D52000CBF800304FF0FF330493FEF781BB1BEEC6
:10D53000102A938943F040039381FEF7C8BE00BFD1
:10D540004C870020B43F002010B51A4C00292468F5
:10D550009AB02ADB009004904FF40270ADF80C00F2
:10D5600013D001394FF6FF7002910591ADF80E000E
:10D5700069462046FEF746FA421C01DA8B232360F7
:10D58000009B00221A701AB010BD4FF6FF70029176
:10D590000591ADF80E0069462046FEF733FA431CAC
:10D5A00001DA8B2323601AB010BD8B2323604FF068
:10D5B000FF30F8E7BCD60020024B0146186800F0A7
:10D5C0000BB800BFBCD60020024B0146186803F020
:10D5D00013BA00BFBCD600202DE9F04F01F10B06B5
:10D5E000162E83B0044624D8102900F2BA8001F028
:10D5F00057F9102618220220B54F3A44A2F108012B
:10D6000053688B4200F0BA805A68D96822F003024E
:10D610001A449D68E9608D60516841F0010120461F
:10D62000516003F1080501F041F9284603B0BDE857
:10D63000F08F36F0070600F19480B14200F291803D
:10D6400001F02EF9B6F5FC7FC0F09A81730A00F064
:10D650008F80042B00F26F81B30903F1390003F1CD
:10D66000380CC3009A4F3B44A3F108055B689D4208
:10D6700006D10CE0002980F22781DB689D4206D0AC
:10D680005A6822F00302911B0F29F3DD60463D69C1
:10D69000DFF850C265457CD06A6822F00302931B14
:10D6A0000F2B00F37B81002BC7E904CC80F26C8147
:10D6B000B2F5007F80F01A81D308796801334FEA10
:10D6C000521E012202FA0EF20A4357F833E0C5F85F
:10D6D00008E007EBC3010839E9607A6047F8335086
:10D6E000CEF80C50831001219940914257D8114235
:10D6F00006D120F003004900114200F10400FAD0E5
:10D7000007EBC0094D468646D5F80C80454508D143
:10D710001DE1002B80F22481D8F80C80454500F0F3
:10D720001681D8F8042022F00302931B0F2BF0DDA2
:10D730002046D8E9025408EB060146F00106C8F875
:10D740000460EC60A56043F00104C7E90411C1E97D
:10D7500002CC4C6048F8023001F0A8F808F1080546
:10D7600002E00C2323600025284603B0BDE8F08FBB
:10D770004FF4007340204FF03F0C73E7D3689A4298
:10D7800008BF02307FF440AF3D69DFF858C16545FE
:10D7900082D17A688310012199409142A7D9BD684E
:10D7A0006B6823F003094E4503D8A9EB06030F2B42
:10D7B0007ADCDFF834B1474BDBF800201B6801321C
:10D7C000334405EB090A00F0338103F580530F332E
:10D7D00023F47F6828F00F084146204603F0A2FAA0
:10D7E000411C024600F0F380824500F2EE803A4B85
:10D7F000196841441960084600F04E81DBF80010BA
:10D80000019301311BBFA2EB0A010918CBF80020DC
:10D81000196012F0070B00F01781CBF108010A44E0
:10D82000CBF5805190440831A1EB0801C1F30B0AFC
:10D8300051462046009203F075FA421CDDE90023B0
:10D8400000F04F81801A00EB0A081968BA6048F0AE
:10D8500001005144BD425060196000F02981B9F1C6
:10D860000F0F40F227816868A9F10C0C2CF0070C0F
:10D8700000F0010040EA0C0068604FF0050E05EB77
:10D880000C00BCF10F0FC0E901EE00F232815068CC
:10D890001546124B1A688A4238BF1960104B1A6835
:10D8A0008A4238BF196094E0AA1943F0010346F098
:10D8B00001066E602046BA60536000F0F7FF08353D
:10D8C000284603B0BDE8F08FD9681A44A1E600BF2E
:10D8D000A0D20020F46A0120C46A0120EC6A012071
:10D8E000F06A0120A8D20020A8D60020B2F5206F4F
:10D8F0004FEA522363D3142B00F2B78003F15C018B
:10D90000C9005B3307EB010E7958AEF1080E8E4566
:10D9100000F091804B6823F00303934202D9896899
:10D920008E45F7D1D1F80CE07A68C5E9021ECEF831
:10D930000850CD60D6E6142B59D9542B00F29D80A7
:10D94000330B03F16F0003F16E0CC3008AE60EF196
:10D95000010E1EF0030F05F108057FF4D5AE51E06E
:10D96000424445465368D8F80C1043F00103536015
:10D9700055F8083F2046D9608B6000F097FFF3E62A
:10D98000F00806F1080237E62A442046536843F0BF
:10D9900001035360083500F089FFE5E6A919204628
:10D9A00046F0010643F001046E60C7E90411C1E9C5
:10D9B00002CC4C60AB5000F079FF0835D4E69309F7
:10D9C00003F13901C90038339CE7BD425FD0BD681F
:10D9D000686820F003084645A8EB060302D80F2B21
:10D9E0003FF762AF204600F061FF0025BCE603F17F
:10D9F0005C0003F15B0CC30034E659F808394B4571
:10DA000040F0968010F0030F00F1FF30F5D17B68F5
:10DA100023EA01037B60490099423FF6C0AE19B981
:10DA2000BDE649000EF1040E1942FAD0704667E6D1
:10DA300003F11008D0E69A104FF001087B6808FA4D
:10DA400002F21A437A6070E702EB08014942C1F31F
:10DA50000B0A51462046009203F064F9431CDDE9AD
:10DA600000237FF4EFAEDA46EFE6542B25D8130BF4
:10DA700003F16F01C9006E3344E7B3F5AA7F25D8DF
:10DA8000F30B03F1780003F1770CC300EAE5294BAF
:10DA9000186840441860B1E6CAF30B0CBCF1000FE3
:10DAA0007FF4ACAEBD68C84448F001006860F0E6A1
:10DAB0001546EEE60123536094E7B3F5AA7F23D819
:10DAC000D30B03F17801C90077331BE740F25452BE
:10DAD000934223D8B30C03F17D0003F17C0CC30007
:10DAE000C0E5ABF1080BD844A8EB02084FF0000AE0
:10DAF000ABE605F108012046009302F07DFFBD680A
:10DB0000009B68681968C4E640F254518B420BD8F8
:10DB1000930C03F17D01C9007C33F3E64FF47E736F
:10DB20007F204FF07E0C9DE54FF47E717E23E9E669
:10DB30007B6870E7C46A012001292DE9F0415BD9B7
:10DB40004FF00108C64600244FF0FF35434608E079
:10DB5000A3EB05081C464FF0010E04EB0E038B42AD
:10DB600010D200EB0E0CC75C1CF80560B742EFD377
:10DB700032D04FF001082546C646444404EB0E035C
:10DB80008B42EED30127C2F80080BE4600244FF03E
:10DB9000FF363B4607E09F1B1C464FF0010E04EB8F
:10DBA0000E038B4210D200EB060C10F803801CF819
:10DBB0000EC0E045EFD817D001272646BE463C44AC
:10DBC00004EB0E038B42EED30136681C864201D370
:10DBD00017603046BDE8F081C6450ABF74440EF1B7
:10DBE000010E4FF0010EB8E7BE450ABF74440EF1B6
:10DBF000010E4FF0010ED2E701270026E8E700BF33
:10DC00002DE9F04F1646ADF2244D07AA07468A4685
:10DC1000304619461D46FFF78FFF134681460DF229
:10DC20001C4243F8045F9342FBD1002D00F0BC80FE
:10DC30006C1E721E30190DF1200812F8011FAB1A6C
:10DC4000013B3344824248F82130F6D107994A46D5
:10DC50003144304600F052F900285CD1079B029312
:10DC6000EB1A02460393034609F1FF30AAEB0501C4
:10DC70000590C9F1010004908B4601960AE022B19B
:10DC8000DDE90202884288BF11460B449B454FF0F4
:10DC900000023BD3F818015D58F821100029EED19D
:10DCA0009145494638BF1146A14211D2019D4E1EF1
:10DCB0002E445D183D4402E00131A14208D215F81E
:10DCC00001CB16F801EFE645F6D0049A1344DCE7E1
:10DCD000914505996DD9019E03EB09053D444E44DC
:10DCE00002E091425ED0614615F801CD16F801EDD3
:10DCF000E64501F1010A01F1FF3CF2D00132524543
:10DD000005D8029A13449B45039AC3D200200DF212
:10DD1000244DBDE8F08FAAEB050AA5EB09054D459A
:10DD200038BF4D4600226B1CB8180293C9F101039D
:10DD30000193035D58F8233009F1FF3B43B11A44C6
:10DD40005245E3D8B818035D58F82330002BF6D1BC
:10DD5000A14513D209EB0201394406EB0B054B46F2
:10DD600002E00133A34209D211F801CB15F801EF0B
:10DD7000E645F6D001990A441A44E1E7B9F1000FEB
:10DD8000C5D009EB02053D4406EB090101E0B342B1
:10DD9000BDD011F801ED15F801CDE6450B46F6D0E2
:10DDA000029BCCE79246A9E74FF0FF340DF1200823
:10DDB0004CE7CA46A2E700BF2DE9F0470446C0B0D1
:10DDC000002B69D0012B0D4690461F4600F087803E
:10DDD0008B425DD8CD1A022B00EB050660D0B3F55F
:10DDE000807F00F2838000214FF4807268465D1EC0
:10DDF00000F050F940460121024643781278A3EB27
:10DE0000C203DBB201300DF8031001318D42F3D8AB
:10DE100008EB07034FF0000A13F8022C18F805303E
:10DE2000A3EBC203DBB21DF803900DF80350A5EB82
:10DE30000909B44201D92BE063B92C44A64214F875
:10DE4000013C94F800C0ACEBC30C5FFA8CFC1DF8ED
:10DE50000C30F1D29D42A4EB0304EAD80F2D07D970
:10DE6000042208EB0A0104EB0A0000F047F860B94D
:10DE70002A464146204600F041F868B1BAF1030F46
:10DE80008CBFAAF1040AA7F1050A4C44B442D4D9C4
:10DE9000002040B0BDE8F087204640B0BDE8F087E4
:10DEA00013785578017845EA0345034613F8012FA6
:10DEB0009E4242EA01421ED39542EDD0013601E076
:10DEC0009542E6D0184613F8011FB34241EA0242D8
:10DED000F6D1954208BF06F1FF30D9D1D9E71178C4
:10DEE0002A4640B0BDE8F04702F030BA40B0BDE885
:10DEF000F047FFF785BE1E46EBE700BF032A70B56B
:10DF000014D940EA01039B0722D104460B46194667
:10DF100020460E680568B54204F1040403F10403C9
:10DF200016D1043A032A20461946F0D8541E9AB155
:10DF3000421E013901E0C3180CD012F801EF11F8AC
:10DF400001CFE645A4EB0203F5D0AEEB0C0070BDAB
:10DF5000541EEDE7184670BD104670BD88420DD9BD
:10DF60008B1883420AD900EB020CBAB1624613F84F
:10DF700001CD02F801CD9942F9D170470F2A0ED890
:10DF8000034602F1FF3C4AB10CF1010C013B8C4409
:10DF900011F8012B03F8012F6145F9D1704740EAD0
:10DFA00001039B0750D1A2F1100370B501F1200CC1
:10DFB00023F00F0501F1100E00F11004AC441B0911
:10DFC0005EF8105C44F8105C5EF80C5C44F80C5C85
:10DFD0005EF8085C44F8085C5EF8045C44F8045C95
:10DFE0000EF1100EE64504F11004E9D1013312F0F0
:10DFF0000C0F01EB031102F00F0400EB031327D009
:10E00000043C24F003064FEA940C1E441C1F8E4669
:10E010005EF8045B44F8045FB442F9D10CF10104EA
:10E0200002F0030203EB840301EB840102F1FF3CE5
:10E030004AB10CF1010C013B8C4411F8012B03F89F
:10E04000012F6145F9D170BD02F1FF3C03469BE70A
:10E050002246EBE700B50B4C25681446EE681A46DD
:10E0600085B003460D464CB107490095CDE9011432
:10E070003046064902F0EEFDEEF7A2FC04490C46DC
:10E08000F3E700BFBCD60020D0820020E082002051
:10E09000183A0020830730B548D0541E002A3FD0DC
:10E0A000CAB2034601E0013C3AD303F8012B9D07B5
:10E0B000F9D1032C2DD9CDB245EA05250F2C45EA1F
:10E0C000054536D9A4F1100222F00F0C03F1200E01
:10E0D000E6444FEA121C03F1100242E9045542E9FA
:10E0E000025510327245F8D10CF1010214F00C0FF8
:10E0F00003EB021204F00F0C13D0ACF1040323F075
:10E1000003030433134442F8045B9342FBD10CF045
:10E1100003042CB1C9B21C4403F8011B9C42FBD17F
:10E1200030BD64461346002CF4D1F9E7034614468B
:10E13000BFE71A46A446E0E7830710B5044610D1AE
:10E140000268A2F1013323EA020313F0803F08D1F1
:10E1500050F8042FA2F1013323EA020313F0803FA9
:10E16000F6D003781BB110F8013F002BFBD100F073
:10E17000A5FA204610BD00BF13460A4601460220FC
:10E1800003F036BF70B5054684B05BB11C4669B17B
:10E190000E4B2846D3F8E0602346B047431C0FD00F
:10E1A00004B070BD00F582740029F1D1074A2346FE
:10E1B000D2F8E06028460A4601A9B047431CEFD1D7
:10E1C00000228A2322602B6004B070BD34D100206D
:10E1D00070B50D4E0D4D761BB61006D0002455F8C7
:10E1E000043B01349847A642F9D1094E094D761BEC
:10E1F00004F010F9B61006D0002455F8043B0134A1
:10E200009847A642F9D170BDB0270060B0270060E2
:10E21000E8270060B0270060704700BF704700BF6C
:10E22000704700BF704700BF014B93F8280170474B
:10E2300034D100200048704724D20020A2EB030014
:10E24000704700BF02780B78012A28BF9A42F5D1A7
:10E250006DE9044540EA0104CDE902676FF0000C66
:10E260004FEA447212B380EA010414F0070F6AD136
:10E2700000F0070420F0070004F0030521F0070177
:10E280004FEAC505F0E8042314F0040FF1E8046731
:10E290000CFA05F462EA040266EA04060AD063EAAC
:10E2A0000403624667EA0407664603E0F0E80423D5
:10E2B000F1E8046782FA4CF582EA0604A4FA8CF4C9
:10E2C0006CBB83FA4CF583EA0705A5FA8CF595B982
:10E2D00050E9022351E9026782FA4CF582EA06040A
:10E2E000A4FA8CF483FA4CF583EA0705A5FA8CF5B9
:10E2F0002543DBD09CB92DBAB5FA85F424F0070488
:10E3000027FA04F1DDE9026723FA04F303F0FF00C2
:10E3100001F0FF01FDE80445A0EB0100704724BABD
:10E32000B4FA84F424F0070426FA04F1DDE9026764
:10E3300022FA04F202F0FF0001F0FF01FDE80445BB
:10E34000A0EB0100704714F0030F3CD110F0030460
:10E3500028D150F8082B51F8083B82FA4CF582EA94
:10E360000305A5FA8CF55DB950F8042C51F8043C6E
:10E3700082FA4CF582EA0305A5FA8CF5002DE8D067
:10E380002DBAB5FA85F424F0070423FA04F122FA31
:10E3900004F202F0FF0001F0FF01FDE80445A0EBEC
:10E3A000010070474FEAC40420F0030050F8082B26
:10E3B00021F0030151F8083B0CFA04F462EA04026C
:10E3C00063EA0403C9E710F003041AD0A1EB0401C7
:10E3D00020F00300E40750F8042B06D00FD28B780E
:10E3E0005FFAA2F4E41A06D12BB1CB785FFAB2F44B
:10E3F000E41A00D11BB920465DF8104B704701F1BB
:10E40000040150F8042BCC0721F0030151F8043B20
:10E4100048D824D222F07F4482FA4CF594EA13259E
:10E42000A5FA8CF50AD165B951F8043B84EA0204D7
:10E43000B4EB036F0ED150F8042BEBE74FEA132334
:10E4400055E035F07F454DD10878FDE80445C0F131
:10E45000000070474FEA126203F0FF0347E002EA50
:10E460001C4482FA4CF594EA1345A5FA8CF50AD1BE
:10E4700065B951F8043B84EA0204B4EB034F0CD1B4
:10E4800050F8042BEBE74FEA134330E015EA1C4544
:10E4900028D10B884FEA124229E04FEA124203EAE0
:10E4A0001C4324E002F0FF0482FA4CF594EA136561
:10E4B000A5FA8CF50AD165B951F8043B84EA020447
:10E4C000B4EB032F09D150F8042BEBE74FEA1363A9
:10E4D0000DE015F0FF0F05D10B684FEA122223F073
:10E4E0007F4304E04FF00000FDE80445704712BA96
:10E4F0001BBA82FA4CF482EA0304A4FA8CF5B5FA4A
:10E5000085F402FA04F203FA04F34FEA1260FDE81C
:10E510000445A0EB1360704738B5314B1B680546C6
:10E520000C4613B15A6B002A4ED0B4F90C301807C0
:10E530009AB21CD5216929B312F0010007D000203E
:10E54000A06060694042A06139B1002038BD9507E4
:10E5500058BF6069A0600029F7D1120658BF08466D
:10E56000F4D543F04003A3814FF0FF3038BDD1060E
:10E570002ED5520714D4216943F00803A3819AB21F
:10E580000029D9D102F42070B0F5007FD4D0214603
:10E59000284600F027F8B4F90C3021699AB2CBE78D
:10E5A000216B51B104F14002914204D0284602F09F
:10E5B00023FAB4F90C300022226321690022C4E955
:10E5C000001223F02403D7E7184601F093FEACE7CE
:10E5D000092243F040032A604FF0FF30A38138BD89
:10E5E000BCD600202DE9F0418B890C46990796B0E6
:10E5F00008D504F143030122C4E90432236016B0B4
:10E60000BDE8F081B4F90E100029064625DB6A4604
:10E6100002F0F8FA00281FDB019D05F47045A5F50E
:10E620000055B5FA85F54FF480686D094FF4006721
:10E6300041463046FEF7D0FFE0B1B4F90C30C4F8E3
:10E64000148043F0800320602061A38135BB3B43ED
:10E65000A38116B0BDE8F081A38913F0800519D01D
:10E660004FF040080025414630462F46FEF7B4FFE4
:10E670000028E2D1B4F90C309A05C0D423F003038A
:10E6800004F1430243F002030121C4E90421A38100
:10E690002260B4E74FF480682F46C9E7B4F90E1042
:10E6A000304602F0C5FA10B9B4F90C30CFE7A389AF
:10E6B00023F0030343F001031BB2C8E780EA010221
:10E6C000844612F0030F4FD111F0030F32D14DF8F1
:10E6D000044D11F0040F51F8043B0BD0A3F10132AB
:10E6E0009A4312F0803F04BF4CF8043B51F8043BBE
:10E6F00016D100BF51F8044BA3F101329A4312F036
:10E70000803FA4F101320BD14CF8043BA24312F03C
:10E71000803F04BF51F8043B4CF8044BEAD0234639
:10E720000CF8013B13F0FF0F4FEA3323F8D15DF8EB
:10E73000044B704711F0010F06D011F8012B0CF8B3
:10E74000012B002A08BF704711F0020FBFD031F82B
:10E75000022B12F0FF0F16BF2CF8022B8CF80020B2
:10E7600012F47F4FB3D1704711F8012B0CF8012B35
:10E77000002AF9D1704700BF70B50E461446054611
:10E7800010B1436B002B2FD0636ED80702D4A3893E
:10E79000990520D5A368013B002BA36019DAA26973
:10E7A00093420FDBF0B20A280CD023685A1C226077
:10E7B00005461E70636EDA0702D4A3899B050ED549
:10E7C000284670BD28462246314603F0B9FB05466F
:10E7D000F0E7F0B2E9E7A06DFFF722FDDAE7A06D00
:10E7E000FFF720FD284670BD01F084FDCCE700BF97
:10E7F00070B5054688B008460C4601F00FFE234E62
:10E800006A6B059001214318CDE9066104A8022135
:10E8100004940393AC6801900291002A31D0636E96
:10E8200013F0010FB4F90C309AB201D1980521D53B
:10E83000910406D4626E43F4005322F40052A38183
:10E840006266284601AA2146FCF7F6FE636E0028A0
:10E8500014BF4FF0FF350A25DA0702D4A3899B05C0
:10E8600002D5284608B070BDA06DFFF7DBFC284636
:10E8700008B070BDA06DFFF7D3FCB4F90C309AB2AC
:10E88000D6E7284601F036FDC9E700BF283A002048
:10E89000024B01461868FFF7ABBF00BFBCD6002093
:10E8A0000148FFF7BDBC00BFBC6A01200148FFF76B
:10E8B000B9BC00BFBC6A0120436C70B505460C466C
:10E8C0004BB153F8240080B1026843F824200023A0
:10E8D000C0E9033370BD2122042100F043FC03464C
:10E8E00068640028EDD1002070BD012101FA04F612
:10E8F000721D9200284600F035FC0028F3D0C0E9D4
:10E900000146E4E731B1436C4A6853F822000860DD
:10E9100043F82210704700BF2DE9F0410E69804690
:10E920000F461D4601F1140E0020DEF800108CB2D7
:10E9300002FB0453090C4FEA134C02FB01CC0130DB
:10E940009CB204EB0C4486424EF8044B4FEA1C4543
:10E95000EBDC3DB1BB68B34207DD07EB8603013654
:10E960005D613E613846BDE8F0817968404601311D
:10E97000FFF7A2FF0446B0B13A69023207F10C0179
:10E9800092000C30EDF772FDD8F844307A6853F8F5
:10E990002210396043F82270274607EB86030136C0
:10E9A0005D613E61DEE7034B03482246BA21FFF773
:10E9B00051FB00BF6085002074850020030C1B0400
:10E9C000D3B90004102310F07F4F04BF00020833B6
:10E9D00010F0704F04BF0001043310F0404F04BF2B
:10E9E00080000233002805DB10F0804F03F10103A3
:10E9F00008BF2023184670470023E4E7036813F09C
:10EA0000070208D0D9071FD49A0722D55B080360F4
:10EA100001221046704799B209B91B0C1022D9B2D5
:10EA200009B908321B0A190704BF1B0904329907E8
:10EA300004BF9B080232D90703D45B0802F101022C
:10EA400005D0036010467047002210467047202210
:10EA5000DFE79B08022203601046704738B5436C1D
:10EA600004460D464BB15868B0B102685A600022A6
:10EA70000123C0E90435C26038BD2122042100F021
:10EA800071FB034660640028EDD1094B0948002260
:10EA900040F24511FFF7DEFA1C220121204600F06A
:10EAA00061FB0028F1D001220223C0E90123DEE747
:10EAB00060850020748500202DE9F04F0E691569EE
:10EAC000AE4285B08846144605DB2A4623463546C5
:10EAD0000C4616469846A3686168AF19BB42B8BF9A
:10EAE0000131FFF7E9FE0190002800F08780019BCB
:10EAF00003F1140909EB870AD14505D24B460022E0
:10EB000043F8042B9A45FBD808F1140808EB860B50
:10EB100004F11403D8451A4603EB85055FD22B1B7D
:10EB2000153B23F0030304331534A54238BF0423F7
:10EB3000CDE902A7AC461F46924605E0090C29D153
:10EB4000C34509F1040948D958F8041B8DB2002DBA
:10EB5000F4D056464C46002356F8041B22681FFA90
:10EB600081FE90B2090C05FB0E00120C034405FB5C
:10EB7000012202EB13429BB243EA0243B44544F83C
:10EB8000043B4FEA1243E7D849F8073058F8041C11
:10EB9000090CD5D0D9F8003050461A464C4600260C
:10EBA0000588120C01FB052216449BB243EA06437A
:10EBB00044F8043B50F8045B22682D0C93B201FB2F
:10EBC000053303EB164384454FEA1346E8D8C345A3
:10EBD00049F8073009F10409B6D8DDE902A7002F8A
:10EBE00002DC05E0013F03D05AF8043D002BF9D0C8
:10EBF000019B18461F6105B0BDE8F08F034B044828
:10EC0000019A4FF4B171FFF725FA00BF608500202B
:10EC10007485002012F003032DE9F04114460646E6
:10EC200032D10D46A41020D0D6F84080B8F1000FA4
:10EC300033D0E3074FF0000707D4641015D0D8F89D
:10EC40000000A8B18046E307F7D542462946304682
:10EC5000FFF732FFB5B16968736C641053F8212077
:10EC60002A6043F821500546E9D12846BDE8F081E5
:10EC7000424641463046FFF71FFFC8F800000760D4
:10EC80008046E0E70546D8E7013B0F4A52F82320CB
:10EC90000023FFF741FE0546C4E701213046FFF798
:10ECA0000BFE804640B1012340F27122C0E90432DC
:10ECB000002330640360BCE7044B0548424640F241
:10ECC0004511FFF7C7F900BF8C9B0020608500202D
:10ECD000748500202DE9F0470D4614462F69AB6876
:10ECE000496807EB62177E1C9E4280464FEA621914
:10ECF00004DD5B009E4201F10101FADC4046FFF7B2
:10ED0000DBFD8446002852D0B9F1000F00F1140257
:10ED10000EDD09F105014FEA810E134600EB81017A
:10ED2000002043F8040B8B42FBD1AEF114031A44CC
:10ED3000296905F1140314F01F0E03EB81012ED095
:10ED4000CEF1200910464FF0000A1C6804FA0EF4B8
:10ED500044EA0A0440F8044B53F8044B994224FA5D
:10ED600009FAF2D84B1B153B23F00303043305F1DA
:10ED70001500814238BF0423BAF1000F18BF37468F
:10ED800042F803A0D8F844306A68CCF8107053F801
:10ED900022102960604643F82250BDE8F087043A0B
:10EDA00053F8040B42F8040F9942F9D8EAE7034BF1
:10EDB000034862464FF4EF71FFF74CF9608500207D
:10EDC000748500200B6984460069C01A16D10CF1C5
:10EDD000140C14310CEB830210B401EB830301E03B
:10EDE000944508D252F8044D53F8041D8C42F7D0D4
:10EDF00005D24FF0FF305DF8044B7047704701209B
:10EE00005DF8044B704700BF2DE9F84F0F69136997
:10EE1000FF1A002F0E4690467FD101F114051432DF
:10EE200002EB830205EB830301E09D4278D253F8A5
:10EE3000041D52F8044DA142F7D069D37168FFF761
:10EE40003BFD8146002877D03569D8F81020C7608F
:10EE500008F1140E06F1140009F1140A06F110016C
:10EE60000EEB820200EB850756464FF0000C5EF871
:10EE7000044B51F804BFA3B21CFA8BFCACEB0303A8
:10EE80004FEA144CCCEB1B4C0CEB234C9BB243EAEB
:10EE90000C43724546F8043B4FEA2C4CE7D8A2EBF2
:10EEA0000801153908F11508424521F0030404F161
:10EEB000040438BF0424204421F0030238BF002298
:10EEC00087425244544418D92646014651F8043B1F
:10EED0001CFA83FC4FEA2C4202EB13421FFA8CFC13
:10EEE0004CEA02438F4246F8043B4FEA224CEDD8ED
:10EEF000013F3F1A27F00307E21923B952F8043DF6
:10EF0000013D002BFAD0C9F810504846BDE8F88FF3
:10EF1000334601274646984690E7F9DB00278DE700
:10EF20000021FFF7C9FC814668B101220023C9E92D
:10EF300004234846BDE8F88F064B07484A4640F28E
:10EF40004521FFF787F8034B03484A4640F2372133
:10EF5000FFF780F860850020748500202DE9F043DC
:10EF6000884683B0012157EC106B1546FFF7A4FCCF
:10EF70000446002851D0C7F30A59C7F31303B9F167
:10EF8000000F01D043F48013002E019318D101A883
:10EF9000FFF734FD019A6261012200F12003226132
:10EFA000B9F1000F25D0A9F2334909EB030220463D
:10EFB000C3F13503C8F800202B6003B0BDE8F0832F
:10EFC00068460096FFF71AFD034610B3DDE900021C
:10EFD000C3F1200102FA01F10143DA4061610192BB
:10EFE000002AA26114BF022201222261B9F1000F9E
:10EFF000D9D1A3F23243C8F8003004EB8203186978
:10F00000FFF7DCFCC0EB421320462B6003B0BDE8E9
:10F01000F083009A6261019AE2E7034B03482246BB
:10F0200040F20F31FFF716F860850020748500204C
:10F0300011F0FF01034644D0820732D110B50468B5
:10F0400041EA012E4EEA0E4E8EEA0402A2F101338D
:10F0500023EA0203A4F1013222EA0402134313F06B
:10F06000803F0FD150F8044F84EA0E0CA4F1013315
:10F07000ACF1013223EA040322EA0C02134313F039
:10F08000803FEFD0037823B936E010F8013F002B22
:10F0900032D09942F9D110BD8A4211D09A07184650
:10F0A000CCD0184613F8012B002AF5D11046704732
:10F0B0009907184607D0184601330278002AF7D17D
:10F0C00070478207F7D10268A2F1013323EA0203F5
:10F0D00013F0803F08D150F8042FA2F1013323EA46
:10F0E000020313F0803FF6D00378002BE8D010F82D
:10F0F000013F002BFBD17047184610BD10B4044CE3
:10F1000003460A4620685DF8044B194600F02AB809
:10F11000BCD60020024B1B680022C3E926027047C0
:10F12000BCD600200C4B0D4819680D4AD1F8983018
:10F1300010B4D1F89C4003FB00F002FB0400A3FBD9
:10F140000232013340EB0200C1E926305DF8044B86
:10F1500020F00040704700BFBCD600202DF451586D
:10F160002D7F954C38B5A1FB02148CBBFEF734FA09
:10F170000546E0B150F8042C22F00302043A242A98
:10F1800017D8132A1AD91B2AC0E900441DD9242AEA
:10F1900014BF00F1100200F118024FF00003C0E9A3
:10F1A000024404BF04614461C2E90033936028460D
:10F1B00038BD2146FEF76EFF284638BD02460023C3
:10F1C000C2E900339360284638BD00F10802F6E733
:10F1D000FCF712FC0C2300250360E8E710B4044C94
:10F1E00003460A4620685DF8044B194601F0C8B989
:10F1F000BCD6002010B582B0049CCDE900344FF09D
:10F20000FF3303F037F802B010BD00BF2DE9F04F17
:10F2100003690C69A34283B0C0F28780013C01F10D
:10F220001405A30000F11408009355F8243058F891
:10F230002420013381469A4208EB840005EB8407C1
:10F240000190B2FBF3F63BD34FF0000CAE464046C4
:10F25000E24663465EF804BB02681FFA8BFC06FBBD
:10F260000C334FEA134C4FEA1B4B06FB0BCC9BB203
:10F27000AAEB03031FFA8CFA13FA82F3CAEB1242C9
:10F2800002EB23429BB243EA0243774540F8043B3A
:10F290004FEA224A4FEA1C43DCD2009B58F8033065
:10F2A00073B9019B043B984504D307E0984504F1EA
:10F2B000FF3403D253F80429002AF7D0C9F81040CC
:10F2C0004846FFF77FFD00282BDB0136414600232F
:10F2D00055F8040BD1F800C082B29A1A030C12FA46
:10F2E0008CF2C3EB1C4303EB224392B242EA03428B
:10F2F000AF4241F8042B4FEA2343E9D258F82420C7
:10F3000008EB84036AB9043B984504D307E09845A9
:10F3100004F1FF3403D253F80429002AF7D0C9F8C6
:10F320001040304603B0BDE8F08F002003B0BDE8C8
:10F33000F08F00BF2DE9F04F2DED028B8FB08DEDDA
:10F34000020B0191816B1A9D059357EC106B0446DB
:10F35000934641B1C26B4A60012393408B60FFF733
:10F36000D1FA0023A363B7F10008B4BF012300233F
:10F370002B60BE4BBCBF28F00048CDF80C8033EAB0
:10F38000080300F09F809DED028BB5EE408BF1EEFF
:10F3900010FA11D1059A012313601B9B002B00F07A
:10F3A0003F82B34B1B9A1360013B009300980FB050
:10F3B000BDEC028BBDE8F08F0CAA0DA92046B0EE83
:10F3C000480BFFF7CBFD5FEA1853054640F09280EB
:10F3D000DDE90C130B4403F23242202A40F3FA8297
:10F3E000C2F1400208FA02F803F21242D64048EA9B
:10F3F000060207EE102AB8EE477B581E17EE906AF9
:10F4000053EC172B4FF0010AA6F1F8739FED913BD7
:10F410009FED927B9FED935B06EE900A43EC122BDF
:10F42000B8EEE64BB7EE086B32EE466BA6EE037B0A
:10F43000A4EE057BFDEEC76BB5EEC07BF1EE10FAD6
:10F4400016EE907A08D5B8EEE66BB4EE476BF1EEA7
:10F4500010FA18BF07F1FF37162F00F24581854BD0
:10F4600003EBC70393ED007BB4EEC78BF1EE10FA0C
:10F4700057D5091A0023B1F1010807F1FF370A93A4
:10F4800000F1398100230693002F52DA069B04977E
:10F49000DB1B06937B420893019B092B4FF000076F
:10F4A0004ED8052B40F39D82043B01930026019B1F
:10F4B0009A1E032A00F22581DFE812F0AA03A703AF
:10F4C0009D037E03059AC8F3130842F20F7358EAAE
:10F4D000060813601ED11B9B002B00F09185664B24
:10F4E000009308331B9A009813600FB0BDEC028B99
:10F4F000BDE8F08F18EE906AC6F31306A3F2FF3052
:10F5000053EC182B46F07F530C994FF0000A43F44C
:10F5100040137BE71B9B002B40F03B83574B009332
:10F5200044E7091A0023B1F101080A9300F1E380CE
:10F53000069300230893019B0497092BB844B0D984
:10F5400000230126019307964FF0FF399B460021C7
:10F55000E163CDF82C902046FFF7AEF9009000282B
:10F5600000F04085009BA363B9F10E0F00F2DC8030
:10F57000002E00F0D980049B002B40F3DE833D4A2F
:10F5800003F00F0102EBC10292ED007B1A11DB05C3
:10F5900040F182833A4991ED086B02F00F0203209B
:10F5A00088EE065B5AB13649D60704D591ED006B5B
:10F5B000013027EE067B521001F10801F4D185EEEF
:10F5C000076B0A9B3BB1B7EE007BB4EEC76BF1EE65
:10F5D00010FA00F1AE8407EE900AB8EEE75BB1EEE8
:10F5E0000C7BA5EE067B17EE902A51EC170BA2F1CF
:10F5F0005071B9F1000F00F08883049E4A46079BC2
:10F60000002B00F04784B6EE003B1A4BFDEEC64BD4
:10F6100003EBC20CB8EEE47B36EE477B1CED026BCD
:10F6200083EE065B41EC160B14EE900A35EE465B5A
:10F630000099B4EEC75B3030F1EE10FA01F8010B1F
:10F6400000F3AC84B7EE002BB2EE044B4FF0000C8D
:10F6500031E000BF61436F63A787D23FB3C8608BBF
:10F66000288AC63FFB799F501344D33F0000F07FA8
:10F670002D71002070180020DC860020E886002014
:10F68000481800200CF1010C94454DDA27EE047B5C
:10F6900025EE045BFDEEC76B16EE903AB8EEE63B46
:10F6A000303337EE437BB4EEC57BF1EE10FA01F850
:10F6B000013B00F1738432EE476BB4EEC56BF1EEA3
:10F6C00010FADFD5009A049602E08A4200F05084D6
:10F6D000894611F8013D392BF7D00133DBB20B70AD
:10F6E000049B0133049355E1091A0123B1F1010888
:10F6F0000A937FF5C7AEC1F1010306934FF00008EE
:10F70000C2E60026E66331462046FFF7D5F80090B2
:10F71000002800F06784009BA3634FF0FF330B9336
:10F7200099460123B34607930D9A002A55DB0499A5
:10F730000E2952DCB74BBBF1000F03EBC10393ED75
:10F74000006B15DAB9F1000F12DC40F0F282B1EE75
:10F75000047B26EE077BB4EEC78BF1EE10FACA46A7
:10F760004E4600F26D82DDF800806FEA0B0B70E20E
:10F7700088EE067BBDEEC77B009917EE103AB9F113
:10F78000010F03F13003B8EEC75B01F8013BA5EEB2
:10F79000468B00F03483B2EE044B012311E088EE77
:10F7A000067BBDEEC77B013317EE102A4B4502F1F5
:10F7B0003002B8EEC75B01F8012BA5EE468B00F0D6
:10F7C0001E8328EE048BB5EE408BF1EE10FAE6D1E5
:10F7D000049B013304938946DCE0079B43B3019B00
:10F7E000012B40F37682089B09F1FF3A534580F2E2
:10F7F0003F82089BCDF820A0AAEB030217444FF0EC
:10F80000000AB9F1000FC0F22583069B09934B440F
:10F81000C844069301212046FFF720F906460CE074
:10F820007D4B009300980FB0BDEC028BBDE8F08FCC
:10F83000069BDDF820A0079E0993099B6BB1B8F1E8
:10F84000000F0ADD434506991A46A8BF4246891AA9
:10F850009B1A06910993A8EB0208089B63B1079BCA
:10F86000002B00F0A782BAF1000F00F30482089B7E
:10F87000B3EB0A0240F0FF8201212046FFF7EEF8C9
:10F88000002F824600F3AF80019B012B40F387815C
:10F89000002308930120002F40F0B180404410F075
:10F8A0001F0000F07A81C0F12002042A00F3888052
:10F8B00040F0F681069B002B05DD29461A462046BE
:10F8C000FFF708FA0546B8F1000F05DD514642463C
:10F8D0002046FFF7FFF982460A9B002B40F03F814C
:10F8E000B9F1000F40F32581079B002B40F0A38066
:10F8F000049B01330493DDF80080012707E02946CB
:10F9000000230A222046FFF707F801370546514633
:10F910002846FFF77BFCB94500F1300008F8010BE1
:10F92000EDDCB9F1000F009ACCBFCB464FF0010BD4
:10F930000346934400272946012220460193FFF7FE
:10F94000C9F951460546FFF73DFA002840F3AF815B
:10F950001BF8013C009A0BF1FF3B04E05A4500F014
:10F96000B1811BF8013D392B0BF10109F6D00133B0
:10F970008BF8003051462046FEF7C4FF56B12FB138
:10F98000B74203D039462046FEF7BCFF3146204639
:10F99000FEF7B8FF29462046FEF7B4FF002389F89A
:10F9A0000030DDE904231A601B9B002B3FF4FEAC02
:10F9B0000098C3F800900FB0BDEC028BBDE8F08F4B
:10F9C000C0F11C00069B03440693099B0344099362
:10F9D00080446FE7C2F1200206FA02F207EE102A15
:10F9E00009E5012663E501463A462046FFF712F98C
:10F9F000019B012B824640F3C58100230893DAF86E
:10FA000010200AEB82021069FEF7D8FFC0F1200037
:10FA100044E700BF701800202C71002031460023FD
:10FA20000A222046FEF778FF0B9B002B064640F388
:10FA3000CE8204979946099B002B05DD31461A4674
:10FA40002046FFF747F90646089B002B40F0EB8164
:10FA5000B046029B009F03F001027B1E4B440893BB
:10FA6000019B0A921343099351462846FFF7CEFBA8
:10FA7000314683462846FFF7A5F94246514681465E
:10FA80002046FFF7C1F9C26801460BF13003002A96
:10FA900042D1CDE906032846FFF794F90699029072
:10FAA0002046FEF72FFF029A079B1AB909990029F1
:10FAB00000F07E82B9F1000FC0F28381019949EA1A
:10FAC00001090A9951EA090900F07B81002A00F333
:10FAD000C681089A3B7007F101099742CB4600F0B6
:10FAE000C481294600230A222046FEF715FF464519
:10FAF000054631464FF000034FF00A02204612D06F
:10FB0000FEF70AFF4146064600230A222046FEF77A
:10FB100003FF4F468046A7E720460293FEF7F2FE1A
:10FB2000029B0122C6E7FEF7F7FE4F4606468046D7
:10FB30009AE7019B022B71DC079B002B7FF47BAFC4
:10FB4000049B5146013328460493FFF75FFBDDF821
:10FB500000B000F130030BF8013B0027EBE6514603
:10FB60002846FFF72FF90028BFF6BAAE2946002332
:10FB70000A222046FEF7D0FE049B5F1E079B054627
:10FB8000002B7FF44BAF0B9B002B40F31882994660
:10FB9000B1E6BC4B00930333A4E41C2012E7DDE97B
:10FBA000020100287FF474AEC1F31302002A00F0B2
:10FBB000F480029B08936DE601230793049B5B444A
:10FBC00003F10109B9F1010FCC460B93B8BF4FF017
:10FBD000010C0021BCF1170FE1637FF7BCAC0120E1
:10FBE0000422520002F114036345014600F10100B2
:10FBF000F7D9E163AFE401230793BBF1000F52DDB6
:10FC0000CDF82CB0D946DC46E3E700230793D5E7CF
:10FC100000230793F1E7DDF82C900497B9F1000F6A
:10FC20007FF4A1AD51464B4605222046FEF774FEF7
:10FC3000014682462846FFF7C5F800287FF793ADB6
:10FC4000049B03F1010B009B3122984603F8012B22
:10FC5000009351462046FEF755FE0BF10103DDF8F7
:10FC600000900493CDF80080002E7FF48FAE91E6D3
:10FC7000A3EB0A0AC5E5314652462046FEF7CAFF05
:10FC80002A46014606462046FEF716FF2946054647
:10FC90002046FEF737FEEAE50220B0EE485B81E43D
:10FCA000C0F13C008EE64FF0010BD9464FE403D182
:10FCB000019BDB073FF54CAED9461BF8013D302BCD
:10FCC000FAD057E6049B009A013304933123137052
:10FCD00050E6BAF1000F00F0238102F23342069B96
:10FCE00009931344DDF820A00693904492E507EEB3
:10FCF000900AB1EE0C5BB8EEE77BA6EE075B15EE63
:10FD0000902A51EC150BA2F1507141EC150BB1EE9C
:10FD1000047B36EE477BB4EEC57BF1EE10FA00F3C0
:10FD20003781B1EE455BB4EEC57BF1EE10FA7FF59D
:10FD3000FBAC4FF0000A564615E500F0F580049B39
:10FD400051495A4202F00F0001EBC00191ED006BE6
:10FD5000121128EE066B00F04281B0EE467B4B4953
:10FD600000260220D30705D591ED005B0130012666
:10FD700027EE057B521001F10801F3D1002E06FE9B
:10FD8000076B1EE4029B002B7FF437AEDDE9020116
:10FD9000C1F31302002A40F037813D4A0A40002A8D
:10FDA00000F0FA80069B01330693012308F1010855
:10FDB00008936FE52946089A2046FEF72BFF054673
:10FDC0005AE5002A12DD2946012220460193FEF75A
:10FDD00081FF51460546FEF7F5FF0028019B40F3E1
:10FDE000E180392B00F0CA800BF13103B94609F8E4
:10FDF000013B049B0133374604934646BAE538EE8F
:10FE0000088BB4EEC68BF1EE10FA0ADCB4EE468B2A
:10FE1000F1EE10FA7FF4DCAC17EE103AD8077FF55C
:10FE2000D7AC009A54E471682046FEF745FD0746BA
:10FE3000002800F0DE80336902339A0006F10C01DD
:10FE40000C30ECF713FB394601222046FEF742FF47
:10FE50008046FEE5069BA3EB09030993DAE4392B00
:10FE600000F08C80B9460133C1E7049A013237466D
:10FE7000049246465FE529462046FEF7CBFE05463E
:10FE8000FAE400BFE886002070180020481800201F
:10FE90000000F07F5E4BFDEEC65B03EBC20C1CED79
:10FEA000023BB8EEE57B36EE477B41EC160B15EED8
:10FEB000901A23EE063B00983031012A00F8011B0E
:10FEC00000F08380B2EE044B009B991827EE047B70
:10FED000FDEEC76B16EE903A303300F8013B8142DD
:10FEE000B8EEE65B37EE457BF0D1B6EE006B33EE55
:10FEF000065BB4EEC75BF1EE10FA3FF5E3AB36EE0E
:10FF0000436BB4EEC76BF1EE10FA7FF70DAC894688
:10FF1000013919F8013C302BF9D0731C049339E5F1
:10FF20000C9AC2F13602DAE60220B0EE486BFFF717
:10FF300048BBB9F1000F3FF4DAAE0B9A002A7FF705
:10FF4000F3ABB2EE044B26EE046B013007EE900AE1
:10FF5000049BB8EEE75BB1EE0C7BA6EE057B17EEDB
:10FF600090CA51EC170B5E1EACF15071FFF747BB06
:10FF7000049B013304933123FFF7B1BB049BBB46C1
:10FF800001330493392337460BF8013B4646E1E43D
:10FF90004FF0000A564653E608927BE4731C049324
:10FFA0008946F7E47FF422AFDA077FF51FAF18E741
:10FFB000392BE3D0B9F1000F3FF716AF16E7019BDD
:10FFC000022B3FF728AE0497BAE501468DE7019B67
:10FFD000022B3FF720AEDDF82C9004972BE5022092
:10FFE000FFF7EFBA0B4B0C48002240F2AF11FEF7BF
:10FFF00031F8084B08483A4640F2EF21FEF72AF85C
:02000004600496
:10000000064B0093FFF7D2B9029B0893F7E400BFB9
:100010007018002060850020EC860020DC8600201F
:1000200038B5074D0022044608462A60ECF7B6FCB6
:10003000431C00D038BD2B68002BFBD0236038BD9B
:100040001C710120B1F90C202DE9F0410C4611077B
:10005000804647D4636842F40062002BA2815EDDD3
:10006000A56A002D58D00023D8F80060C8F80030E9
:1000700093B212F4805256D10123E1694046A84759
:10008000431C67D0A389A56A5F0705D56368C01ABA
:10009000236B0BB1E36BC01AE169024600234046B3
:1000A000A847411C41D1D8F80030002B3DD01D2B72
:1000B00001D0162B56D1A3892269226023F4006354
:1000C00000216160A381216BC8F8006021B304F1B5
:1000D0004003994202D0404600F08EFC002020638D
:1000E000BDE8F0812669BEB193B2256826609A0703
:1000F0000CBF63690023AD1BA3600BE02B463246A7
:10010000E169676A4046B847B0F1000CA5EB0C0501
:10011000664417DD002DF1DC0020BDE8F081E36BC3
:10012000002B9DDCF8E7206DAEE7B4F90C302269B6
:10013000226023F40063A3810022DB046260C2D545
:100140002065C0E7A38943F040034FF0FF30A3814F
:10015000BDE8F081D8F80030002B93D01D2B06D0DD
:10016000162B04D0A38943F04003A381D5E7C8F838
:100170000060D1E738B50C46054608B1436B03B3C0
:10018000B4F90C0088B1636EDB0701D481050FD58B
:1001900028462146FFF756FF636EDA07054602D46C
:1001A000A3899B0508D5284638BD0546284638BD95
:1001B000A06DFEF735F8EBE7A06DFEF733F82846A3
:1001C00038BD00F097F8DBE7024A0349034800F026
:1001D000BBBD00BFB0D60020C9F50300C8CA0020CF
:1001E0000C4B4168994210B5044601D001F05AFF0A
:1001F000A168094B994202D0204601F053FFE16803
:10020000064B994204D02046BDE8104001F04ABF99
:1002100010BD00BF386B0120A06B0120086C0120CD
:100220002DE9F8432A4C2B4B2B48DFF8C090DFF820
:10023000C0802A4F1860002504230822294604F1B3
:100240005C00274E6566C4E90253C4E90055C4E961
:100250000455A561FDF71EFF224B6367082229465E
:1002600004F1C400C4E90749C4E90987C4E91A557F
:10027000C4E91E55C4F8CC502567C4F88050E66226
:10028000FDF708FF184BC4F8DC30294604F1680379
:10029000082204F59670C4F88430C4E92298C4E9B1
:1002A0002476C4E93455C4E93855C4F83451C4F847
:1002B000D850C4F8E850FDF7EDFE04F1D003C4E9CE
:1002C0003C98C4E93E76C4F8EC30BDE8F88300BF42
:1002D000386B0120706C0120EDD6030005E20300AD
:1002E00025E203000900010012000200A1E1030061
:1002F000C5E1030010B504460A48FDF791FF636BA2
:1003000023B9094B094A1B68626323B1BDE8104059
:100310000448FDF787BFFFF783FFBDE810400148A1
:10032000FDF780BFC06A0120706C012005D7030073
:100330000148FDF775BF00BFC06A01200148FDF705
:1003400071BF00BFC06A01200000000001F0FF0182
:10035000102A2BDB10F0070F08D010F8013B013AF0
:100360008B422DD010F0070F42B3F6D1F0B441EA22
:10037000012141EA014122F007047FF00007002338
:10038000F0E80256083C85EA010586EA010685FA8E
:1003900047F5A3FA87F586FA47F6A5FA87F68EB9E8
:1003A000EED1F0BC01F0FF0102F0070232B110F80B
:1003B000013B013A83EA010313B1F8D100207047F1
:1003C00001387047002D06BF35460338073815F051
:1003D000010F07D1013015F4807F02BF013015F401
:1003E000C03F0130F0BC0138704700BF0000000082
:1003F00000000000000000000000000000000000FD
:1004000000000000000000000000000000000000EC
:1004100000000000000000000000000090F800F064
:100420006DE9024520F007016FF0000C10F00704A1
:1004300091F820F040F049804FF000046FF0070081
:10044000D1E9002391F840F000F1080082FA4CF263
:10045000A4FA8CF283FA4CF3A2FA8CF34BBBD1E9E9
:10046000022382FA4CF200F10800A4FA8CF283FA1B
:100470004CF3A2FA8CF3E3B9D1E9042382FA4CF2EB
:1004800000F10800A4FA8CF283FA4CF3A2FA8CF380
:100490007BB9D1E9062301F1200182FA4CF200F187
:1004A0000800A4FA8CF283FA4CF3A2FA8CF3002B26
:1004B000C6D0002A04BF04301A4612BAB2FA82F239
:1004C000FDE8024500EBD2007047D1E9002304F0BB
:1004D0000305C4F100004FEAC50514F0040F91F8BC
:1004E00040F00CFA05F562EA05021CBF63EA050359
:1004F00062464FF00004A9E70CB410B51F4B002969
:100500001C689CB035DB4FF40273ADF814300290D8
:1005100006901FAB18D001394FF6FF720491079176
:10052000ADF8162002A91E9A01932046FBF76AFA3D
:10053000421C01DA8B232360029B00221A701CB03C
:10054000BDE8104002B070474FF6FF72049107916A
:10055000ADF8162002A91E9A01932046FBF752FA25
:10056000431C01DA8B2323601CB0BDE8104002B0AD
:1005700070478B2323604FF0FF30F5E7BCD6002097
:100580002DE9F84F1746002900F098800C4607F136
:100590000B058046FEF784F9162D54F8041C5BD831
:1005A00010252A46AF425CD821F003069642A4F1FA
:1005B000080962DABC4BD3F808C009EB0600844591
:1005C00000F09780D0F804C02CF0010303445B686E
:1005D000DB0768D42CF0030C06EB0C03934247DADC
:1005E000CB0710D454F8083CA9EB030ADAF804301E
:1005F00023F003018C44B444944580F211817318B4
:10060000934280F2E88039464046FCF7E5FF074612
:10061000E0B154F8043C23F001034B44A0F108027C
:10062000934200F0D280321F242A00F2F580132A70
:1006300000F2AC8003462246116819605168596087
:1006400092689A602146404600F0D6F94046FEF78F
:100650002DF93846BDE8F88F25F00705002D2A460C
:10066000A0DA0C23C8F8003000273846BDE8F88F20
:100670001E46D0E90223D3609A60731B0F2B22D849
:10068000D9F8043003F0010333434E44C9F8043071
:10069000736843F00103736040462746FEF706F98E
:1006A0003846BDE8F88FC907ADD454F8083CA9EB2B
:1006B000030ADAF8041021F00301A0E7BDE8F84FBF
:1006C0001146FCF789BFD9F8042009EB050102F0B7
:1006D00001024E4443F001032A43C9F804204B6051
:1006E000736843F0010308317360404600F084F9F9
:1006F000D2E7DCF8040020F0030B06EB0B0C05F14D
:10070000100084454DDAC9073FF57DAF54F8081C49
:10071000A9EB010ADAF8041021F003018B44B34479
:1007200058453FF76CAF5746DAF80C1057F8080FEA
:10073000321F242AC160886000F2DB80132A40F255
:10074000D6802168CAF808106168CAF80C101B2A04
:1007500000F2DF8008340AF110022168116061683C
:100760005160A16891600AEB0501ABEB050242F014
:10077000010299604A60DAF8043003F001032B4368
:100780004046CAF80430FEF791F86EE7236803602C
:10079000636843601B2A68D804F1080200F108036B
:1007A0004AE709EB05029A60ACEB050343F001034D
:1007B000536054F8043C03F001032B43404644F8D3
:1007C000043CFEF773F827464FE750F8043C23F04B
:1007D00003031E4451E75746DAF80C1057F8080F88
:1007E000321F242AC16088604CD8132A48D9216856
:1007F000CAF808106168CAF80C101B2A56D80834C9
:100800000AF110021E462368136063685360A368F0
:100810009360D1463C4630E72146FDF79FFB11E748
:10082000D0E902135746CB60996057F8081FDAF8F1
:100830000C30CB60321F242A99602DD8132A29D975
:100840002368CAF808306368CAF80C301B2A42D8FB
:1008500008340AF1100322681A6062685A60A268BC
:100860009A606646D1463C4607E7A3688360E36822
:10087000C360242A26D004F1100200F11003DBE645
:100880003A46BFE7214638461E46D146FDF766FB8D
:100890003C46F2E63B46DEE7214638466646D14610
:1008A000FDF75CFB3C46E8E6A0D20020A168CAF850
:1008B0001010E168CAF81410242A20D010340AF16C
:1008C00018029FE7236903616169416104F118021D
:1008D00000F11803B0E6A368CAF81030E368CAF85C
:1008E0001430242A21D010340AF11803B3E73A4611
:1008F00033E721463846FDF731FB164B33E72269D3
:10090000CAF818206269CAF81C2018340AF12002BB
:1009100078E7A168CAF81010E168CAF81410242A10
:100920000DD010340AF1180217E72369CAF81830FD
:100930006369CAF81C3018340AF120038BE7226976
:10094000CAF818206269CAF81C2018340AF120027B
:1009500003E700BFA0D20020F8B5244F0C4606469E
:10096000FDF79EFFBB685D68C4F57E610F3125F021
:1009700003054B1923F47F6323F00F03A3F5805481
:10098000B4F5805F07DB0021304600F0CBF9BB688F
:100990002B44984204D03046FDF788FF0020F8BD74
:1009A0006142304600F0BEF901300DD0104ABB68FC
:1009B0002D1B45F001055D60136830461B1B13605D
:1009C000FDF774FF0120F8BD0021304600F0AAF9C0
:1009D000BA68831A0F2BDEDD43F001035360054B29
:1009E00003491B68C01A0860D5E700BFA0D20020E9
:1009F000C46A0120A8D60020002961D0F8B50C46B1
:100A00000646FDF74DFF54F8042C7B4FA4F1080572
:100A100022F0010105EB010CB868DCF804306045F8
:100A200023F0030300F08B80D207CCF8043032D4DB
:100A300054F8082CAD1A1144AA6807F10800824244
:100A40006AD00CEB0304D4F804E0EC68D4601EF028
:100A5000010FA26000F0978041F001036B60CCF8B9
:100A60000010B1F5007F35D27868CB080122490922
:100A700001338A40024357F833107A6007EBC30210
:100A8000083AC5E9021247F83350CD603046BDE858
:100A9000F840FDF70BBF0CEB03025268D00710D4EF
:100AA000194407F10800DCF80830834273D0DCF801
:100AB0000C20DA60936041F001036B606950D0E76D
:100AC000704741F00103B1F5007F44F8043CCCF8D5
:100AD0000010C9D3B1F5206F4FEA512348D28B09DA
:100AE00003F1390003F13802C300F818FB58083845
:100AF000984259D05A6822F003028A4202D99B6870
:100B00009842F7D1D868C5E902308560DD6030468B
:100B1000BDE8F840FDF7CABE0CEB03025268D207ED
:100B200063D40B44DCE90212CA60916043F0010215
:100B30006A603046EB50BDE8F840FDF7B7BE0B44A5
:100B4000D10707D454F8082CAD1A1344D5E9021282
:100B5000CA60916043F001026A60284ABD60126871
:100B60009A4293D8264B30461968FFF7F5FE8DE779
:100B7000142B0AD9542B1FD80B0B03F16F0003F170
:100B80006E02C300B1E719448DE703F15C0003F185
:100B90005B02C300A9E741F00103C7E90455C5E9B9
:100BA00002006B60695071E779689210012404FAC1
:100BB00002F20A437A60A6E7B3F5AA7F06D8CB0B08
:100BC00003F1780003F17702C3008EE740F254523C
:100BD000934206D88B0C03F17D0003F17C02C30025
:100BE00083E74FF47E737E227FE741F001036B6061
:100BF000CCF800104AE700BFA0D20020ACD60020FD
:100C0000F46A012070B50C46084D034600262046C4
:100C100011461C462E60EBF7C5FE431C00D070BD8C
:100C20002B68002BFBD0236070BD00BF1C7101201E
:100C300038B5074D0022044608462A60EBF7B8FE97
:100C4000431C00D038BD2B68002BFBD0236038BD7F
:100C50001C7101200EB410B583B005AB064C53F8DF
:100C6000042B01930146206800F064F903B0BDE84D
:100C7000104003B0704700BFBCD6002010B50C4632
:100C8000B1F90E1001F01EFB002803DB236D0344B5
:100C9000236510BDA38923F48053A38110BD00BF39
:100CA0002DE9F0410C46B1F90C101F46CB05054665
:100CB00016460BD421F48051A1813B46B4F90E10A5
:100CC00032462846BDE8F04100F062B8B4F90E1093
:100CD0000223002201F0E0FAB4F90C10EAE700BFA9
:100CE00010B50C46B1F90E1001F0D6FAA389421CDA
:100CF0000EBF23F4805343F480532065A38110BDBD
:100D0000B1F90E10FFF78CB949B1FF2A02D80A7069
:100D1000012070478A2303604FF0FF307047084678
:100D2000704700BF38B5074D0022044608462A60C8
:100D3000EBF718FE431C00D038BD2B68002BFBD00E
:100D4000236038BD1C7101202DE9F84380460F4611
:100D500016464FF00009D6E90154013D11D4A3898C
:100D6000012B05F1FF3508D9B4F90E3001332146C6
:100D700003D04046B84749EA00096B1C04F16804F7
:100D8000EDD13668002EE6D14846BDE8F88300BFB5
:100D900038B50C46084D8446114620461A460023B5
:100DA0002B606446EAF7F2FD431C00D038BD2B6887
:100DB000002BFBD0236038BD1C7101202DE9F04FC2
:100DC0009368176883B09246002B70D081468A687A
:100DD00008680C46083743E0A38913F4906F2ED0BF
:100DE000D4E90416A0EB010806EB460606EBD6761E
:100DF00008F1010076102844B042324684BF06460E
:100E000032465B0537D511464846FCF7E5FB0190B5
:100E100000283AD042462169EBF728FBA289019BC2
:100E200022F4906242F08002A281A6EB080203EB5A
:100E300008006661A260236120602E46A8464246F3
:100E40005946FDF78BF8DAF80830A2682068921B43
:100E500040445B1BA2602060CAF808303BB30837EF
:100E600057E902B5002DFAD0AA4216469046B3D9EA
:100E70002E46A846E3E74846FFF782FB03460028D4
:100E8000D3D121694846FFF7B7FDA3890C2243F06F
:100E90004003C9F800204FF0FF30A3810022002357
:100EA000CAF80820CAF8043003B0BDE8F08F00206B
:100EB0000023CAF8043003B0BDE8F08F2DE9F84FE5
:100EC0004B6E9C0490462DD59368126843B38B46B5
:100ED000064602F1080959E9025A5FEA9A0715D055
:100EE000043D002401E0A7420ED055F8041F5A46E5
:100EF000304601F053FA431C04F10104F3D10023FE
:100F0000C8E90133BDE8F88FD8F808302AF0030AA1
:100F1000A3EB0A03C8F8083009F10809002BDAD15D
:100F20000020ECE7FAF788FB0023C8E90133BDE8AD
:100F3000F88F00BF2DE9F04F2DED028BC5B00DF1FC
:100F4000500A834608EE101A164600210822504621
:100F50001C460793FDF79EF8BBF1000F04D0DBF8A9
:100F60003430002B00F0A08618EE102A536EDB07F9
:100F700040F11385B2F90C108AB295040BD418EE27
:100F8000103A41F4005199815B6E8AB218EE101A42
:100F900023F400534B66100740F1058118EE103A18
:100FA0001B69002B00F0FF8002F01A030A2B00F0EF
:100FB0000A810023CDE91933CDE90D331BAA0C9327
:100FC000189291460B930593B0464446A84BD3F82C
:100FD000E450FDF729F92246034612A9CDF800A0F6
:100FE0005846A847002800F04581C0F23981129A7E
:100FF000252A034601D01C44E8E7B4EB0806054661
:1010000040F03C81002361788DF8433004F1010801
:1010100006934FF0FF371E462B2408F10108A1F17B
:1010200020035A2B00F27881DFE813F0B502760135
:101030007601B0027601760176016A0076017601CA
:101040007D028D02760188029702760192025B0092
:101050005B005B005B005B005B005B005B005B00B8
:1010600076017601760176017601760176017601C8
:1010700076015C02840076017601760176017601C4
:1010800076017601760176017601E8007601760137
:10109000760133027601DA02760176018B0576015C
:1010A0007601760176017601760176017601760188
:1010B00076015C028600760176017601CD0286001B
:1010C0007F007601C0027601FD02EA00ED027F009A
:1010D000760133027C006905760176016B057601A5
:1010E0007C00A1F13003002218F8011B02EB820200
:1010F00003EB4202A1F13003092BF5D906928EE7EA
:101100005846FDF797F843680D931846FFF786F9A0
:101110000E9005465846FDF78DF883680B93002D19
:1011200040F0D68498F8001077E798F8001046F061
:10113000200672E746F01006B40640F18E81079B48
:10114000073323F007031A46596852F8083B079201
:101150000A460029C0F27084791C00F0A28526F0AE
:101160008001039153EA020100F03F840A2B72F1DF
:10117000000180F0418530338DF80F31039E01234B
:1011800004930DF20F14049BBB42B8BF3B4603937C
:10119000002308939DF84330002B00F0CB80039B85
:1011A00001330393C6E018EE101A584618EE105A91
:1011B000FDF7B2F9002840F05286AA8902F01A031E
:1011C0000A2B7FF4F6AE18EE101AB1F90E30002B90
:1011D000FFF6EFAE4B6EDB0702D4970540F11286A7
:1011E00018EE101A23463246584600F069FE059064
:1011F000059845B0BDEC028BBDE8F08F46F01006B7
:1012000016F0200200F03681079B073323F0070316
:1012100019465A6851F8083B079126F480610391FA
:10122000002100208DF84300781C00F01082039804
:1012300020F0800653EA020040F00882002F40F0C0
:101240003885002940F0D583039B13F001030493F4
:1012500000F0118430238DF80F310DF20F1492E756
:10126000082200215046FCF715FF01231C44ADE67F
:1012700034D10020B4EB080605461BD0199B1A9AFE
:1012800001333244072BC9E900861A9219931CDDF9
:10129000002A00F0A68318EE101A18AA5846FFF785
:1012A0000DFE20BB0DF16C09059B33440593002D09
:1012B0007FF4A8AE1A9B002B40F0C18518EE103ABF
:1012C0000022B3F90C30199215E009F10809EBE797
:1012D00018EE101A18AA5846FFF7F0FD002800F083
:1012E000A680089B1BB108995846FFF785FB18EEAE
:1012F000103AB3F90C3018EE102A526E12F0010FAA
:101300009AB200F0A080500600F1B285059845B071
:10131000BDEC028BBDE8F08F0029CBD000238DF807
:1013200043300123CDE903338DF8AC102BAC0023FF
:1013300008931F4616F00203099302D0039B023361
:10134000039316F084030A9305D1069B039A9D1A12
:10135000002D00F37B82DDE91903411C9DF8432039
:1013600082B101220133C9F8042007290DF143029B
:10137000CDE91913C9F8002000F34A82084609F1A3
:1013800008090131099AE2B111AA0233C9F8002013
:1013900007294FF00202CDE91913C9F8042040F3E0
:1013A0005082002B00F0438318EE101A18AA5846FA
:1013B000FFF784FD002894D1DDE919030DF16C09D4
:1013C000411C0A9A802A00F08481049ABD1A002DDB
:1013D00000F3D781049AC9F8004013440729CDE9E6
:1013E0001913C9F8042040F36E81002B00F07582B8
:1013F00018EE101A18AA5846FFF760FD00287FF46F
:1014000070AF1A9B0DF16C09750705D5069A039903
:10141000541A002C00F36B82DDE905210398814208
:10142000ACBF521812180592002B7FF451AF0899E7
:1014300000231993002900F049815846FFF7DCFA90
:101440000DF16C09C1E59C053FF55DAF18EE104A42
:10145000A06DFCF7E7FEA28955E7F006079A00F1B8
:101460001F83710640F1198332F9043B0792DA17A2
:1014700011466EE616F01003079940F0098316F046
:10148000400000F001831A4651F8043B07919BB2DB
:10149000C3E6079B1A4600238DF84330134653F8E2
:1014A000044B0393002C00F01284532900F0658351
:1014B00016F0100540F061837B1C00F0B3843A46BF
:1014C00029462046FEF742FF0890002800F09F843E
:1014D000031B039A049323EAE3732F4607920393B3
:1014E000089557E6432902D0F50640F12D83079D64
:1014F0000822002116A82BACFCF7CCFD16AB55F842
:10150000042B21465846FCF73DFE03460133049068
:1015100000F0B384049B079523EAE373039300234D
:101520008DF8433003E7079B53F8042B0692002AFB
:1015300080F29C82069A5242CDE9062398F8001068
:1015400046F0040669E598F800108DF8434064E51C
:1015500098F8001046F080065FE5424612F8011B3D
:101560002A2900F09684A1F13003092B90464FF010
:1015700000073FF654AD18F8011B07EB870703EB94
:101580004707A1F13003092BF5D948E598F8001079
:1015900046F0010641E59DF84330002B7FF4C2ADD3
:1015A000202398F800108DF8433036E598F80010A5
:1015B0006C2903BF98F8011046F0200608F10108D5
:1015C00046F0100629E598F80010682903BF98F83E
:1015D000011046F4007608F1010846F040061CE5CB
:1015E00046F010030393039B13F0200200F00682E1
:1015F000079B073323F0070319465A6851F8083B45
:10160000079101210DE6079A46F00203039352F871
:10161000043B079247F63002ADF84420B84A0C92DA
:1016200002210022FDE5B70600F14882F50600F12F
:101630004683740600F1D583B00540F14083079BD3
:10164000059953F8042B07931170BEE40396012902
:101650003FF48CAD022944AC11D10C9803F00F017A
:101660001B09415C04F8011D43EA0273120953EAA5
:101670000201F3D1039E44AB1B1B049383E503F0EB
:101680000701DB0843EA4273D208303153EA02050E
:10169000204604F8011DF2D1039EF307EBD5302953
:1016A000E8D03023023804F8013C44AB1B1A039EF7
:1016B0000493044667E5049B1B9401221C931A9330
:1016C00019920DF16C0909F108099DE60DF16C09FB
:1016D0007BE4069A039D551B002D7FF776AE102DF7
:1016E00040F3BB83099418EE104A07E000F1020CA6
:1016F00009F108091046103D102D1EDD8149C9F879
:101700000010421C10331021072ACDE91923C9F813
:101710000410EBDD18AA002B74D0214658460DF1B9
:101720006C09FFF7CBFB00287FF4DBADDDE9190383
:10173000103D102D00F1010CE0DC099C714AC9F844
:1017400004502B44BCF1070FCDE919C3C9F80020A0
:1017500040F39481002B00F01F8318EE101A18AA92
:101760005846FFF7ABFB00287FF4BBAD049ADDE9D8
:101770001903BD1A002D00F101010DF16C097FF76D
:1017800029AE102D29DD0994102718EE104A07E024
:1017900000F1020C09F108091046103D102D1ADD68
:1017A000421C58491033072AC9E90017CDE919230B
:1017B000EEDD18AA03B3214658460DF16C09FFF778
:1017C0007DFB00287FF48DADDDE91903103D102D60
:1017D00000F1010CE4DC099C61464A4AC9F8045056
:1017E0002B440729CDE91913C9F8002000F3E7803D
:1017F00009F108090131EDE54FF0010C18460DF132
:101800006C09CAE74FF0010C18460DF16C0972E73C
:10181000002B00F0048118EE101A18AA5846FFF7A2
:101820004DFB00287FF45DADDDE919030DF16C0976
:10183000411CA7E5022311AA1C931B9201210DF163
:101840006C09084609F10809411CBAE5102D40F35E
:10185000E582DDE919130F94084618EE104A07E0F7
:1018600000F1020C09F108091046103D102D1DDD94
:101870002549C9F80010421C10331021072ACDE970
:101880001923C9F80410EBDD18AA03B32146584602
:101890000DF16C09FFF712FB00287FF422ADDDE9A2
:1018A0001903103D102D00F1010CE1DC0F9C604686
:1018B000154AC9F804502B440728CDE91903C9F883
:1018C000002000F3C18009F10809411C46E51846D3
:1018D0004FF0010C0DF16C09C7E77607199353D54A
:1018E000069A0399541A002C4EDD0DF16C09102C48
:1018F00040F3B082199918EE106A10250DE000BF70
:1019000050870020C4C9002098880020881C09F155
:1019100008091146103C102C1ADD4A1CB34810333C
:10192000072AC9E90005CDE91923EFDD18AA33B369
:1019300031465846FFF7C2FA00287FF4D2ACDDE901
:101940001913103C102C01F101000DF16C09E4DCBD
:10195000A64AC9F8044023440728CDE91903C9F869
:1019600000207FF759AD7BB118EE101A18AA58461F
:10197000FFF7A4FA00287FF4B4AC1A9B4CE50120D1
:1019800019460DF16C09C5E7DDE9053203998A4274
:10199000ACBF9B185B18059349E5B2F90C108F0595
:1019A00018EE103A8AB23FF5E8AA18EE105A986D70
:1019B000FCF736FCB5F90C108AB2FFF7DEBA002B43
:1019C0003FF479AE18EE101A18AA5846FFF776FAC7
:1019D00000287FF486AC19991A9B01310DF16C092E
:1019E000F8E419920DF16C095EE4002F7FF4C3ABAB
:1019F000039E0027049744ACFFF7C5BB039B13F07D
:101A0000100354D1039A12F0400000F06B81079943
:101A10001A4651F8043B07919BB2012101E4099A4F
:101A2000002A64D1184601210DF16C09C9E4012195
:101A300018460DF16C09C4E45B4262EB4202039666
:101A40002D200121FFF7EEBB002B00F0888018EE5F
:101A5000101A18AA5846FFF731FA00287FF441AC53
:101A6000DDE919030DF16C09411C77E498F80010C9
:101A70000793FFF7D2BA44ACFFF785BB09F1080919
:101A80000CF101016046A0E416F4007240F0978169
:101A900051F8043B0791FFF7C0BBB30500F1888103
:101AA00052F8043B0792DA171146FFF752BB079929
:101AB00051F8043B07910121FFF7B3BB079B059841
:101AC00053F8041B0793C217C1E90002FFF77DBA60
:101AD0000B9B002B3FF426AB0B9B1B78002B3FF49A
:101AE00021AB98F8001046F48066FFF796BA0223FF
:101AF00011AA1C931B9201200DF16C09A2E603961A
:101B000071E53B4B0C9316F0200259D0079B07332D
:101B100023F0070318465A6850F8083B0790F4076B
:101B200009D553EA020006D08DF84510302146F061
:101B300002068DF8441026F4806103910221FFF71C
:101B400070BB2C4B0C93DEE7079B012153F8042B51
:101B500003918DF8AC20079304912BACDFE49DF842
:101B60004320002A40F03281099A002A7FF462AEB5
:101B7000184601210DF16C0927E40021082216A85E
:101B80001394FCF787FA791C00F0BC8000250794B9
:101B90002C460CE02BA95846FCF7F4FA421C2044D2
:101BA00000F06B81B84208DC00F070810446139AA3
:101BB000525916AB0435002AECD10494079CAFE0CF
:101BC00016F0100307980CD116F0400405D01A4601
:101BD00050F8043B07909BB2A1E716F4007240F066
:101BE000E18050F8043B079099E700BF98880020F7
:101BF00050870020648700200399049744AC9E46D8
:101C000008EE90BA01F480664FF0000C234606E01F
:101C1000BEF10A0F72F1000239D3A6462A46A64940
:101C20001EEB020040F100000F46A1FB001424F05F
:101C3000030101EB9401401ABEEB00014FF0CC35DB
:101C400062F1000405FB01F507FB0455A1FB074108
:101C50000D44052704F00101A1FB071B09186408C6
:101C6000303103F8011C44EAC5740CF1010C013B4E
:101C70006D08002ECCD00B9909786145C8D1BCF114
:101C8000FF0FC5D0BEF10A0F72F100026CD21C46E4
:101C900044AB1B1B049F039E049318EE90BAFFF7FE
:101CA00072BA0396FFF762BA5846FEF723FBFFF7B6
:101CB0005BB9012903967FF4CDACFFF75CBA079BB3
:101CC000059953F8042B11600793FFF77EB9062F8F
:101CD0003B46039A794C079228BF0623049303934B
:101CE000FFF725BB039B079913F4007214BF51F84B
:101CF000043B51F8043B07911CBF0246DBB20121B3
:101D0000FFF78FBA16AB00930023194613AA584663
:101D1000FDF770FA03460133049000F0AE8013948F
:101D2000049B002B30D0632B63DC002308932BAC87
:101D30000822002116A8FCF7ADF9049D16AB00930C
:101D400013AA2B4621465846FDF754FA854240F027
:101D5000AB80039B049A07930023A3541F4622EAF7
:101D6000E2730393FFF716BA0E9A0D999B1A184661
:101D70000893F9F70DF90B99089B4A780AB10131DC
:101D80000B914FF0000C48E7039B0793049B0393D0
:101D90001F460893FFF7FEB9012118460DF16C09A3
:101DA000FFF713BB50F8043B07902246DBB2B6E6C0
:101DB00012F9043B0792DA171146FFF7CAB951F836
:101DC000043B07910246DBB2FFF727BA01231C93BD
:101DD00001210DF143031B930DF16C090B46FFF735
:101DE000CDBA079B059953F8042B07931180FFF791
:101DF000ECB8591C5846FBF7EFFB044600283CD0D2
:101E0000089095E7886DFCF70DFAFFF7E9B9039B99
:101E10000793CDE90377089FFFF7BCB919981A9B80
:101E2000013045E5039B07932046FEF7F7FA20EAC9
:101E3000E0732F46049003930895FFF7ABB918EEB3
:101E4000101A18AA5846FFF739F800283FF436AAA6
:101E5000FFF74DBA199801307AE58C466EE46B6E47
:101E6000D90705D4AB899A0502D4A86DFCF7DAF935
:101E70004FF0FF330593FFF749BA18EE102AB2F975
:101E80000C3043F040039381FFF735BA079C049769
:101E900046E7079B98F8011053F8047B0793904698
:101EA00047EAE777FFF7B9B818EE102A938943F0AD
:101EB00040039381FFF715BACDCCCCCC78870020B6
:101EC00070B50C468989ADF58E6D21F00201ADF833
:101ED0001410616E1B91E189ADF81610E16909914A
:101EE000616A0B911CA9029106914FF4806106462C
:101EF0000491079118A80021CDE900320891FCF760
:101F00008BF9DDE9003202A93046FFF713F8051E10
:101F100007DB02A93046FEF72DF9002818BF4FF065
:101F2000FF35BDF814305B0603D5A38943F04003A9
:101F3000A3811898FCF772F928460DF58E6D70BDD7
:101F4000F8B50D461446064610B1436B002B4CD035
:101F5000B4F90C20A369A360170790B21BD52369BD
:101F6000CBB1EDB281042F4622D522686169D31A24
:101F7000994229DD0133A1680139A160511C21601A
:101F8000157062699A4227D0A389DB0701D50A2D13
:101F900022D03846F8BD21463046FCF7BDFA08BBD2
:101FA000B4F90C20236990B2EDB281042F46DCD441
:101FB00042F40052A281626E616922F400526266AC
:101FC0002268D31A9942D5DC21463046FEF7D2F872
:101FD00040B922680123CEE721463046FEF7CAF811
:101FE0000028D6D04FF0FF37D3E7FEF783F9AFE7ED
:101FF0002DE9F047DFF87CA00646DAF800009846A5
:102000000F469146FCF70CF9184B1C6824B3656821
:102010001F2D24DC5EB96B1C0235DAF8000063600A
:1020200044F82570FCF7FEF80020BDE8F08704EBCB
:1020300085010123C1F88890D4F88821AB401A4368
:10204000022EC4F88821C1F80881E4D1D4F88C218B
:102050001A43C4F88C21DEE7054C1C60D7E7DAF898
:102060000000FCF7DFF84FF0FF30DEE724690120C5
:102070002869012028D1002082B049B15AB16BB142
:1020800013780B601278101E18BF012002B0704741
:1020900001A9002AF3D1104602B070476FF0010089
:1020A000F4E700BF70B500294BD006460C4610B1CE
:1020B000436B002B48D0636ED80734D5B4F90C308D
:1020C000002B3ED021463046FDF7BCFFE36A0546B3
:1020D00033B1E169304698470028B8BF4FF0FF356B
:1020E000A3891A063CD4216B41B104F14003994203
:1020F00002D03046FEF780FC00232363616C21B1DF
:102100003046FEF779FC00236364FEF711F9636E35
:102110000022DB07A2811FD5A06DFCF77FF8FEF738
:102120000DF9284670BDA3899905CBD4A06DFCF7A5
:1021300077F8B4F90C30002BC4D1656E15F00105A9
:1021400005D00025284670BDFEF7D4F8B3E7A06D92
:10215000FCF768F8284670BDA06DFCF763F8DBE774
:1021600021693046FEF748FCBDE700BF2DE9F04F7E
:102170008BB0DDE9158A149F0391814605921E46B6
:10218000B8F1000F5CD0039B002B5ED0059B1D684F
:10219000002F6AD0741E4EB3039B0493043D0026A7
:1021A00001950BE0039B2BBB019B1A68002A3AD0D8
:1021B000BC455CD2013C631C664617D0D8F80030A1
:1021C0000293019BDAF8E05053F8042F019307A91A
:1021D00043464846D8F804B0A847421C3AD000EB22
:1021E000060CBC45DED9029BC8E9003B30460BB06B
:1021F000BDE8F08F00280EDD049B019D18445A1E97
:1022000007A900F1FF3E11F8013B02F8013F7245BA
:10221000F9D101950490059B1A6804321A60019B5C
:102220001A68002AC4D1039B0BB1059B1A600CF1FC
:10223000FF3600223046C8F800200BB0BDE8F08F12
:10224000039B00F58678002BA0D1059B4FF0FF374C
:102250001D689FE706468A2100223046C9F8001013
:10226000C8F800200BB0BDE8F08F3E46BEE76646DA
:10227000BCE700BF10B584B0054C069800900798E5
:102280000190044800680294FFF770FF04B010BD8D
:1022900034D10020BCD6002038B50C46084D844609
:1022A000114620461A4600232B606446EAF782FB5B
:1022B000431C00D038BD2B68002BFBD0236038BDF9
:1022C0001C71012038B50C46084D84461146204645
:1022D0001A4600232B606446EAF75EFB431C00D0DD
:1022E00038BD2B68002BFBD0236038BD1C7101204A
:1022F0002DE9F04782B0824688461446FBF794FFEA
:10230000012803D108F1FF33FE2B36D90DF1040962
:10231000424604F15C0349465046FBF733FF421C3A
:10232000064632D020B39DF804C0002509E023689A
:102330005A1C226083F800C00135B54218D219F842
:1023400001CFA368013B002BA360F0DAA769BB4271
:1023500061462246504602DBBCF10A0FE7D1FFF787
:10236000EFFD431CE8D10646304602B0BDE8F087D9
:102370004646304602B0BDE8F0875FFA88FC8DF82B
:1023800004C006460DF10409CFE7A389304643F0A7
:102390004003A38102B0BDE8F08700BF30B5536EA3
:1023A00013F0010FB2F90C30144683B005469AB20F
:1023B00001D198051CD5900406D4626E43F40053F5
:1023C00042F40052A381626622462846FFF790FF3E
:1023D000636EDA07054602D4A3899B0502D5284619
:1023E00003B030BDA06DFBF71DFF284603B030BD24
:1023F000A06D0191FBF714FFB4F90C3001999AB26A
:10240000D9E700BF5FF800F0691700605FF800F0DF
:10241000751600605FF800F0292700605FF800F093
:0C242000091F00605FF800F081260060DA
:04242C00F8B500BF40
:1024300008B10181B0B0008400000000F5C5FE7F46
:10244000B0A80100FFFF010810041E001A0E0000D2
:10245000E1C5FE7FB0A80100FFFF010810041E00C7
:102460001A0E000008B10181B0B000840000000025
:1024700008B10181B0B0008400000000B5C5FE7F46
:10248000B0AF1200FF101901101E84070000C4072E
:10249000048E0901B00804000001000000000000E3
:1024A00091C5FE7F8408B101B0B0B000FF100D01EE
:1024B00004020608010100000000000008B10181CB
:1024C000B0B000840000000008B10181B0B0008409
:1024D000000000005DC5FE7FB0AA0100FF102901C9
:1024E00018323000006C04A40103762E0000C001F5
:1024F00018E80100E2010E00000200017D0000006A
:10250000000000000880FC1F29C5FE7FB0AB020060
:10251000FFFF01081C4A66006C04000015C5FE7F21
:10252000B0AF0400FF1019010F320A3C01840142D0
:10253000CC0100D4010400000100000000000000F4
:10254000F1C4FE7FA908B100FFFF010008B10181BD
:10255000B0B000840000000008B10181B0B0008478
:1025600000000000E0BEFE7F0100000004BFFE7F0F
:10257000C0FEFF7F1CBFFE7FC4FEFF7F44BFFE7F07
:10258000D0FEFF7F6CBFFE7F010000009CBFFE7F7E
:10259000D4FEFF7FB4BFFE7F0100000048C1FE7F74
:1025A000B0AB0280F0C1FE7F01000000ECC2FE7FF4
:1025B000B0B0AA80A4C3FE7FB8FEFF7FE4C3FE7F55
:1025C000AB08B1806CC4FE7FB4FEFF7FF8C8FE7F0D
:1025D000D0FEFF7F00C9FE7F010000000CC9FE7F16
:1025E000DCFEFF7F0CC9FE7FE0FEFF7F18C9FE7F87
:1025F0000100000030C9FE7F0084028074C9FE7FA4
:1026000001000000C4C9FE7FB0A80180F4C9FE7FAC
:10261000B0B0A8805CCAFE7F010000003CCBFE7F0A
:10262000B0B0AC8060CBFE7F010000008CCBFE7FA1
:10263000A4FEFF7F90CCFE7F010000009CCDFE7FBA
:10264000C8FEFF7F14CEFE7FB0B0A88098CEFE7F7C
:102650000100000094CEFE7FB0AA0380C0CEFE7FB2
:1026600001000000702FFF7FB4FEFF7F4C30FF7F22
:10267000D0FEFF7FC030FF7F01000000D078FF7FD9
:10268000B0A902806079FF7FB0B0A880B079FF7FE9
:1026900001000000B879FF7FB0B0AA80EC79FF7F1D
:1026A000AE71B280B07AFF7FAB3F3880107BFF7F86
:1026B00001000000187BFF7FB0B0AA80547BFF7F31
:1026C00001000000047CFF7FAA0DB280807CFF7FA8
:1026D000B0AF0880207FFF7F01000000307FFF7FC8
:1026E000AD3F0280D881FF7F01000000B483FF7FEF
:1026F00000840480C883FF7F01000000C483FF7F43
:10270000B0AD04804886FF7FB0A803806C86FF7F51
:102710003CFEFF7F7086FF7F40FEFF7F7C86FF7F51
:0427200001000000B4
:1027240000000000000000000000000000000000A5
:102734000000000000000000000000000000000095
:102744000000000000000000000000000000000085
:102754000000000000000000000000000000000075
:102764000000000000000000000000000000000065
:102774000000000000000000000000000000000055
:102784000000000000000000000000000000000045
:102794000000000000000000000000000000000035
:1027A4000000000000000000000000000000000025
:1027B4000000000000000000000000000000000015
:1027C4000000000000000000000000000000000005
:1027D40000000000000000000000000000000000F5
:1027E40000000000000000000000000000000000E5
:1027F40000000000000000000000000000000000D5
:1028040000000000000000000000000000000000C4
:1028140000000000000000000000000000000000B4
:1028240000000000000000000000000000000000A4
:102834000000000000000000000000000000000094
:102844000000000000000000000000000000000084
:102854000000000000000000000000000000000074
:102864000000000000000000000000000000000064
:102874000000000000000000000000000000000054
:102884000000000000000000000000000000000044
:102894000000000000000000000000000000000034
:1028A4000000000000000000000000000000000024
:1028B4000000000000000000000000000000000014
:1028C4000000000000000000000000000000000004
:1028D40000000000000000000000000000000000F4
:1028E40000000000000000000000000000000000E4
:1028F40000000000000000000000000000000000D4
:1029040000000000000000000000000000000000C3
:1029140000000000000000000000000000000000B3
:1029240000000000000000000000000000000000A3
:102934000000000000000000000000000000000093
:102944000000000000000000000000000000000083
:102954000000000000000000000000000000000073
:102964000000000000000000000000000000000063
:102974000000000000000000000000000000000053
:102984000000000000000000000000000000000043
:102994000000000000000000000000000000000033
:1029A4000000000000000000000000000000000023
:1029B4000000000000000000000000000000000013
:1029C4000000000000000000000000000000000003
:1029D40000000000000000000000000000000000F3
:1029E40000000000000000000000000000000000E3
:1029F40000000000000000000000000000000000D3
:102A040000000000000000000000000000000000C2
:102A140000000000000000000000000000000000B2
:102A240000000000000000000000000000000000A2
:102A34000000000000000000000000000000000092
:102A44000000000000000000000000000000000082
:102A54000000000000000000000000000000000072
:102A64000000000000000000000000000000000062
:102A74000000000000000000000000000000000052
:102A84000000000000000000000000000000000042
:102A94000000000000000000000000000000000032
:102AA40000000040FB21F93F000000002D44743E6B
:102AB400000000809846F83C0000006051CC783B50
:102AC40000000080831BF0390000004020257A3884
:102AD400000000802282E336000000001DF3693507
:102AE400000000000000F03F748515D3B0D9EF3F1B
:102AF4000F89F96C58B5EF3F515B12D00193EF3F4A
:102B04007B517D3CB872EF3FAAB968318754EF3FDF
:102B14003862756E7A38EF3FE1DE1FF59D1EEF3F98
:102B240015B7310AFE06EF3FCBA93A37A7F1EE3FBE
:102B34002234124CA6DEEE3F2D89616008CEEE3FB2
:102B4400272A36D5DABFEE3F824F9D562BB4EE3F8F
:102B5400295448DD07ABEE3F85553AB07EA4EE3FDD
:102B6400CD3B7F669EA0EE3F745FECE8759FEE3F21
:102B74008701EB7314A1EE3F13CE4C9989A5EE3F68
:102B8400DBA02A42E5ACEE3FE5C5CDB037B7EE3F5A
:102B940090F0A38291C4EE3F5D253EB203D5EE3F93
:102BA400ADD35A999FE8EE3F475EFBF276FFEE3FC6
:102BB4009C5285DD9B19EF3F6990EFDC2037EF3F96
:102BC40087A4FBDC1858EF3F5F9B7B33977CEF3F78
:102BD400DA90A4A2AFA4EF3F40456E5B76D0EF3FFE
:102BE400000000000000E8429423914BF86AAC3FD7
:102BF400F3C4FA50CEBFCE3FD6520CFF422EE63F6E
:102C04000000000000003843FE822B654715474052
:102C14009423914BF86ABC3EF3C4FA50CEBF2E3FC6
:102C2400D6520CFF422E963FFE822B654715674015
:102C340000000000000038430000FAFE422E76BF78
:102C44003A3B9EBC9AF70CBDBDFDFFFFFFFFDF3F83
:102C54003C5455555555C53F912B17CF5555A53F58
:102C640017D0A4671111813F000000000000C84282
:102C7400EF39FAFE422EE63F24C482FFBDBFCE3FA9
:102C8400B5F40CD7086BAC3FCC5046D2ABB2833F03
:102C9400843A4E9BE0D7553F00000000000000003E
:102CA400000000000000F03F6EBF881A4F3B9B3CC1
:102CB4003533FBA93DF6EF3F5DDCD89C136071BC56
:102CC4006180773E9AECEF3FD16687107A5E90BCC4
:102CD400857F6EE815E3EF3F13F6673552D28C3CDF
:102CE400748515D3B0D9EF3FFA8EF92380CE8BBC0F
:102CF400DEF6DD296BD0EF3F61C8E6614EF7603C3C
:102D0400C89B751845C7EF3F99D3335BE4A3903C48
:102D140083F3C6CA3EBEEF3F6D7B835DA69A973CA4
:102D24000F89F96C58B5EF3FFCEFFD921AB58E3C54
:102D3400F747722B92ACEF3FD19C2F703DBE3E3CC7
:102D4400A2D1D332ECA3EF3F0B6E908934036ABC5B
:102D54001BD3FEAF669BEF3F0EBD2F2A525695BC88
:102D6400515B12D00193EF3F55EA4E8CEF8050BC7B
:102D7400CC316CC0BD8AEF3F16F4D5B923C991BCE0
:102D8400E02DA9AE9A82EF3FAF555CE9E3D3803CD6
:102D9400518EA5C8987AEF3F4893A5EA151B80BCCD
:102DA4007B517D3CB872EF3F3D32DE55F01F8FBC46
:102DB400EA8D8C38F96AEF3FBF53133F8C898B3C03
:102DC40075CB6FEB5B63EF3F26EB11769CD996BC1A
:102DD400D45C0484E05BEF3F602F3A3EF7EC9A3C0E
:102DE400AAB968318754EF3F9D3886CB82E78FBC00
:102DF4001DD9FC22504DEF3F8DC3A644416F8A3C40
:102E0400D68C62883B46EF3F7D04E4B0057A803C73
:102E140096DC7D91493FEF3F94A8A8E3FD8E963C54
:102E24003862756E7A38EF3F7D4874F2185E873CDD
:102E34003FA6B24FCE31EF3FF2E71F982B47803CBD
:102E4400DD7CE265452BEF3F5E08713F7BB896BCA5
:102E54008163F5E1DF24EF3F31AB096DE1F7823C9B
:102E6400E1DE1FF59D1EEF3FFABF6F1A9B213DBCAB
:102E740090D9DAD07F18EF3FB40A0C7282378B3CBA
:102E84000B03E4A68512EF3F8FCBCE8992146E3CE0
:102E9400562F3EA9AF0CEF3FB6ABB04D754D833CFA
:102EA40015B7310AFE06EF3F4C74ACE20142863C92
:102EB40031D84CFC7001EF3F4AF8D35D39DD8F3CCB
:102EC400FF1664B208FCEE3F045B8E3B80A386BC15
:102ED400F19F925FC5F6EE3F68504BCCED4A92BC31
:102EE400CBA93A37A7F1EE3F8E2D511BF80799BCB9
:102EF40066D8056DAEECEE3FD236943EE8D171BC97
:102F0400F79FE534DBE7EE3F151BCEB3191999BCE7
:102F1400E5A813C32DE3EE3F6D4C2AA7489F853CDB
:102F24002234124CA6DEEE3F8A69287A601293BCE2
:102F34001C80AC0445DAEE3F5B8917488FA758BC68
:102F44002A2EF7210AD6EE3F1B9A49679B2C7CBC9C
:102F540097A850D9F5D1EE3F11ACC260ED63433C64
:102F64002D89616008CEEE3FEF64063B0966963C0E
:102F740057001DED41CAEE3F7903A1DAE1CC6E3C66
:102F8400D03CC1B5A2C6EE3F30120F3F8EFF933C3A
:102F9400DED3D7F02AC3EE3FB0AF7ABBCE90763CF7
:102FA400272A36D5DABFEE3F77E054EBBD1D933CBC
:102FB4000DDDFD99B2BCEE3F8EA3710034948FBC3D
:102FC400A72C9D76B2B9EE3F49A393DCCCDE87BC37
:102FD4004266CFA2DAB6EE3F5F380FBDC6DE78BCDC
:102FE400824F9D562BB4EE3FF65C7BEC461286BCBA
:102FF4000F925DCAA4B1EE3F8ED7FD180535933C00
:10300400DA27B53647AFEE3F059B8A2FB7987B3C4E
:10301400FDC797D412ADEE3F09541CE2E163903C26
:10302400295448DD07ABEE3FEAC6195085C7343C46
:10303400B746598A26A9EE3F35C0642BE632943C44
:103044004821AD156FA7EE3F9F7699614AE48CBC89
:1030540009DC76B9E1A5EE3FA84DEF3BC5338CBC46
:1030640085553AB07EA4EE3FAEE92B89785384BCF3
:1030740020C3CC3446A3EE3F58585678DDCE93BCDB
:103084002522558238A2EE3F64197E80AA10573C4F
:1030940073A94CD455A1EE3F28225EBFEFB393BC75
:1030A400CD3B7F669EA0EE3F82B93487AD126ABCE9
:1030B400BFDA0B7512A0EE3FEEA96DB8EF6763BCE3
:1030C4002F1A653CB29FEE3F5188E0543DDC80BC32
:1030D400849451F97D9FEE3FCF3E5A7E641F78BCA5
:1030E400745FECE8759FEE3FB07D8BC04AEE86BC02
:1030F4007481A5489A9FEE3F8AE6551E321986BC14
:10310400C9674256EB9FEE3FD3D4095ECB9C903CFB
:103114003F5DDE4F69A0EE3F1DA54DB9DC327BBC9F
:103124008701EB7314A1EE3F6BC06754FDEC943C34
:1031340032C13001EDA1EE3F556CD6ABE1EB653CFD
:10314400624ECF36F3A2EE3F42CFB32FC5A188BC67
:10315400121A3E5427A4EE3F34373BF1B66993BCB0
:1031640013CE4C9989A5EE3F1EFF193A845E80BCAC
:10317400ADC723461AA7EE3F6E5772D850D494BCFD
:10318400ED92449BD9A8EE3F008A0E5B67AD903C5C
:1031940099668AD9C7AAEE3FB4EAF0C12FB78D3C2D
:1031A400DBA02A42E5ACEE3FFFE7C59C60B665BCF8
:1031B4008C44B51632AFEE3F445FF35983F67B3C43
:1031C40036771599AEB1EE3F833D1EA71F0993BC18
:1031D400C6FF910B5BB4EE3F291E6C8BB8A95DBC96
:1031E400E5C5CDB037B7EE3F59B9907CF9236CBC37
:1031F4000F52C8CB44BAEE3FAAF9F422434392BC1F
:10320400504EDE9F82BDEE3F4B8E66D76CCA85BCA6
:10321400BA07CA70F1C0EE3F27CE912BFCAF713CC8
:1032240090F0A38291C4EE3FBB730AE135D26D3CAA
:103234002323E31963C8EE3F6322622204C587BCDB
:1032440065E55D7B66CCEE3FD531E2E3861C8B3CC5
:10325400332D4AEC9BD0EE3F15BBBCD3D1BB91BC04
:103264005D253EB203D5EE3FD231EE9C31CC903C8D
:1032740058B330139ED9EE3FB35A736E8469843CBD
:10328400BFFD79556BDEEE3FB49D8E97CDDF82BCDA
:103294007AF3D3BF6BE3EE3F8733CB92771A8C3C40
:1032A400ADD35A999FE8EE3FFAD9D14A8F7B90BCAF
:1032B40066B68D2907EEEE3FBAAEDC56D9C355BCCF
:1032C400FB154FB8A2F3EE3F40F6A63D0EA490BC0A
:1032D4003A59E58D72F9EE3F3493AD38F4D668BCB3
:1032E400475EFBF276FFEE3F358A586BE2EE91BC07
:1032F4004A06A130B005EF3FCDDD5F0AD7FF743C2D
:10330400D2C14B901E0CEF3FAC9892FAFBBD91BC1E
:10331400091ED75BC212EF3FB30CAF30AE6E733CE5
:103324009C5285DD9B19EF3F94FD9F5C32E38E3CFC
:103334007AD0FF5FAB20EF3FAC5909D18FE0843CDA
:103344004BD1572EF127EF3F671A4E38AFCD633C70
:10335400B5E706946D2FEF3F6819926C2C6B673CB0
:103364006990EFDC2037EF3FD2B5CC83188A80BC5C
:10337400FAC35D550B3FEF3F6FFAFF3F5DAD8FBC66
:103384007C89074A2D47EF3F49A97538AE0D90BC9B
:10339400F2890D08874FEF3FA7073DA685A3743C2C
:1033A40087A4FBDC1858EF3F0F2240209E9182BC7B
:1033B4009883C916E360EF3FAC92C1D5505A8E3C56
:1033C4008532DB03E669EF3F4B6B01AC593A843C31
:1033D40060B401F32173EF3F1F3EB40721D582BCD3
:1033E4005F9B7B33977CEF3FC90D473BB92A89BC70
:1033F40029A1F5144686EF3FD3883A6004B6743C9D
:10340400F63F8BE72E90EF3F71729D51ECC5833CE4
:10341400834CC7FB519AEF3FF091D38F12F78FBCC7
:10342400DA90A4A2AFA4EF3F7D7423E298AE8DBCE2
:10343400F1678E2D48AFEF3F0820AA41BCC38E3CF4
:10344400275A61EE1BBAEF3F32EBA9C3942B843C9D
:1034540097BA6B372BC5EF3FEE85D131A9648A3C0F
:1034640040456E5B76D0EF3FEDE33BE4BA378EBC6C
:1034740014BE9CADFDDBEF3F9DCD914D3B89773C68
:10348400D8909E81C1E7EF3F89CC6041C105533C90
:10349400F1718F2BC2F3EF3FBEF3F879EC61F63F85
:1034A4001930965BC6FEDEBF3D88AF4AED71F53F2D
:1034B400A4FCD432680BDBBFB010F0F03995F43FB4
:1034C4007BB71F0A8B41D7BF8503B8B095C9F33FBB
:1034D4007BCF6D1AE99DD3BFA564880C190DF33F0A
:1034E40031B6F2F39B1DD0BFA08E0B7B225EF23F60
:1034F400F07A3B1B1D7CC9BF3F341A4A4ABBF13FDB
:103504009F3CAF93E3F9C2BFBAE58AF05823F13F79
:103514005C8D78BFCB60B9BFA70099413F95F03F60
:10352400CE5F47B69D6FAABF000000000000F03FC9
:103534000000000000000000AC479AFD8C60EE3FE4
:103544003DF5249FCA38B33FA06A021FB3A4EC3FE1
:10355400BA913854A976C43FE6FC6A573620EB3F4B
:10356400D2E4C44A0B84CE3F2DAAA163D1C2E93F61
:103574001C65C6F04506D43FED417803E686E83F76
:10358400F89F1B2C9C8ED83F624853F5DC67E73FBD
:10359400CC7BB14EA4E0DC3F4D7E0AF7B612D7BF18
:1035A400E0326849BFCADE3FDEE3FA9F4715E7BF52
:1035B400B8C8355F4715F73F0038FAFE422EE63F9C
:1035C4003067C79357F32E3D010000000000E0BFB1
:1035D4005B3051555555D53F9045EBFFFFFFCFBFAD
:1035E4001101F124B399C93F9FC806E57555C5BFBC
:1035F400000000000000E0BF775555555555D53FF4
:10360400CBFDFFFFFFFFCFBF0CDD95999999C93F13
:10361400A74567555555C5BF30DE44A32449C23F6D
:10362400653D42A4FFFFBFBFCAD62A288471BC3FB0
:10363400FF68B043EB99B9BF85D0AFF78281B73F3C
:10364400CD45D1751352B5BF9FDEE0C3F034F73FCB
:103654000090E6797FCCD7BF1FE92C6A7813F73F37
:1036640000000DC2EE6FD7BFA0B5FA0860F2F63FB6
:1036740000E05113E313D7BF7D8C131FA6D1F63F8F
:10368400007828385BB8D6BFD1B4C50B49B1F63F32
:1036940000788090555DD6BFBA0C2F334791F63F22
:1036A40000001876D002D6BF234222189F71F63F3D
:1036B40000909086CAA8D5BFD91EA5994F52F63F4F
:1036C40000500356434FD5BFC4248FAA5633F63F48
:1036D40000406BC337F6D4BF14DC9D6BB314F63FC4
:1036E4000050A8FDA79DD4BF4C5CC65264F6F53FBC
:1036F40000A889399245D4BF4F2C91B567D8F53FBE
:1037040000B8B039F4EDD3BFDE905BCBBCBAF53F63
:1037140000708F44CE96D3BF781AD9F2619DF53FDD
:1037240000A0BD171E40D3BF875646125680F53FF2
:10373400008046EFE2E9D2BFD36BE7CE9763F53F53
:1037440000E030381B94D2BF937FA7E22547F53FB2
:103754000088DA8CC53ED2BF83450642FF2AF53F76
:1037640000902729E1E9D1BFDFBDB2DB220FF53F8D
:1037740000F8482B6D95D1BFD7DE34478FF3F43F63
:1037840000F8B99A6741D1BF4028DECF43D8F43F4F
:103794000098EF94D0EDD0BFC8A378C03EBDF43FED
:1037A4000010DB18A59AD0BF8A25E0C37FA2F43F9E
:1037B40000B86352E647D0BF3484D4240588F43F6C
:1037C40000F0864522EBCFBF0B2D191BCE6DF43FC5
:1037D40000B017754A47CFBF541839D3D953F43FB3
:1037E4000030103D44A4CEBF5A84B444273AF43F79
:1037F40000B0E9440D02CEBFFBF81541B520F43FFB
:1038040000F07729A260CDBFB1F43EDA8207F43F1D
:103814000090950401C0CCBF8FFE575D8FEEF33F3F
:10382400001089562920CCBFE94C0BA0D9D5F33F11
:103834000010818D1781CBBF2BC110C060BDF33F39
:1038440000D0D3CCC9E2CABFB8DA752B24A5F33FA4
:103854000090122E4045CABF02D09FCD228DF33F67
:1038640000F01D6877A8C9BF1C7A84C55B75F33F57
:10387400003048696D0CC9BFE236AD49CE5DF33FF7
:1038840000C045A62071C8BF40D44D987946F33F87
:10389400003014B48FD6C7BF24CBFFCE5C2FF33FC8
:1038A4000070623CB83CC7BF490DA1757718F33F5F
:1038B4000060379B9AA3C6BF90393E37C801F33FD7
:1038C40000A0B754310BC6BF41F895BB4EEBF23F95
:1038D400003024767D73C5BFD1A919020AD5F23F01
:1038E4000030C28F7BDCC4BF2AFDB7A8F9BEF23F0B
:1038F4000000D2512C46C4BFAB1B0C7A1CA9F23F6A
:10390400000083BC8AB0C3BF30B514607293F23F29
:103914000000496B991BC3BFF5A15757FA7DF23FCD
:103924000040A4905487C2BFBF3B1D9BB368F23FC5
:1039340000A079F8B9F3C1BFBDF58F839D53F23F61
:1039440000A02C25C860C1BF3B08C9AAB73EF23FFE
:103954000020F7577FCEC0BFB640A92B012AF23F03
:1039640000A0FE49DC3CC0BF3241CC967915F23F41
:1039740000804BBCBD57BFBF9BFCD21D2001F23F52
:10398400004040960837BEBF0B484D49F4ECF13F68
:103994000040F93E9817BDBF69658F52F5D8F13FD5
:1039A40000A0D84E67F9BBBF7C7E571123C5F13FF9
:1039B40000602F2079DCBABFE926CB747CB1F13FDB
:1039C400008028E7C3C0B9BFB61A2C0C019EF13F92
:1039D40000C072B346A6B8BFBD70B67BB08AF13FD3
:1039E4000000ACB3018DB7BFB6BCEF258A77F13FB9
:1039F40000003845F174B6BFDA314C358D64F13FBF
:103A04000080876D0E5EB5BFDD5F2790B951F13F31
:103A140000E0A1DE5C48B4BF4CD232A40E3FF13FBB
:103A240000A06A4DD933B3BFDAF910728B2CF13F81
:103A34000060C5F87920B2BF31B5EC28301AF13FE7
:103A440000206298460EB1BFAF3484DAFB07F13F21
:103A54000000D26A6CFAAFBFB36B4E0FEEF5F03FC5
:103A64000040774A8DDAADBFCE9F2A5D06E4F03F71
:103A7400000085E4ECBCABBF21A52C6344D2F03F2D
:103A840000C0124089A1A9BF1A98E27CA7C0F03FE8
:103A940000C002335888A7BFD136C6832FAFF03F8A
:103AA4000080D6675E71A5BF3913A098DB9DF03FF7
:103AB400008065498A5CA3BFDFE752AFAB8CF03F5F
:103AC40000401564E349A1BFFB284E2F9F7BF03FC4
:103AD4000080EB82C0729EBF198F358CB56AF03FAF
:103AE40000805252F1559ABF2CF9ECA5EE59F03FE3
:103AF400008081CF623D96BF902CD1CD4949F03FE3
:103B04000000AA8CFB2892BFA9ADF0C6C638F03FCE
:103B14000000F9207B318CBFA93279136528F03F6E
:103B24000000AA5D351984BF4873EA272418F03FC2
:103B34000000ECC2031278BF95B114060408F03FEC
:103B440000002479090460BF1AFA26F71FE0EF3F4A
:103B540000009084F3EF6F3F74EA61C21CA1EF3F51
:103B640000003D3541DC873F2E9981B01063EF3F63
:103B74000080C2C4A3CE933FCDADEE3CF625EF3F0B
:103B840000008914C19F9B3FE7139103C8E9EE3FEE
:103B9400000011CED8B0A13FABB1CB7880AEEE3FE0
:103BA40000C001D05B8AA53F9B0C9DA21A74EE3F16
:103BB4000080D840835CA93FB5990A83913AEE3FCF
:103BC400008057EF6A27AD3F569A6009E001EE3F47
:103BD40000C098E59875B03F98BB77E501CAED3F02
:103BE40000200DE3F553B23F03917C0BF292ED3FBD
:103BF4000000388BDD2EB43FCE5CFB66AC5CED3F41
:103C040000C057875906B63F9DDE5EAA2C27ED3FBC
:103C140000006A3576DAB73FCD2C6B3E6EF2EC3F8E
:103C240000601C4E43ABB93F0279A7A26DBEEC3FC6
:103C340000600DBBC778BB3F6D08376D268BEC3F2A
:103C44000020E7321343BD3F04585DBD9458EC3F58
:103C54000060DE71310ABF3F8C9FBB33B526EC3F59
:103C64000040912B1567C03F3FE7ECEE83F5EB3F37
:103C740000B092828547C13FC196DB75FDC4EB3F1E
:103C84000030CACD6E26C23F284A860C1E95EB3FF3
:103C94000050C5A6D703C33F2C3EEFC5E265EB3FFA
:103CA4000010333CC3DFC33F8B88C9674837EB3F01
:103CB40000807A6B36BAC43F4A301D214B09EB3F72
:103CC40000F0D1283993C53F7EEFF285E8DBEA3F67
:103CD40000F01824CD6AC63FA23D60311DAFEA3F13
:103CE400009066ECF840C73FA758D33FE682EA3F0E
:103CF40000F01AF5C015C83F8B7309EF4057EA3F2F
:103D04000080F65429E9C83F274BAB902A2CEA3FA0
:103D14000040F80236BBC93FD1F29313A001EA3F39
:103D240000002C1CED8BCA3F1B3CDB249FD7E93FD2
:103D340000D0015C515BCB3F90B1C70525AEE93F94
:103D440000C0BCCC6729CC3F2FCE97F22E85E93F2B
:103D5400006048D535F6CC3F754BA4EEBA5CE93F1C
:103D640000C04634BDC1CD3F3848E79DC634E93F65
:103D740000E0CFB8018CCE3FE652672F4F0DE93FEC
:103D8400009017C00955CF3F9DD7FF8E52E6E83FFC
:103D940000B81F126C0ED03F7C00CC9FCEBFE83F12
:103DA40000D0930EB871D03F0EC3BEDAC099E83F7D
:103DB4000070869E6BD4D03FFB1723AA2774E83F7C
:103DC40000D04B338736D13F089AB3AC004FE83F5D
:103DD400004823670D98D13F553E65E8492AE83FDE
:103DE4000080CCE0FFF8D13F6002F4950106E83F83
:103DF400006863D75F59D23F29A3E06325E2E73F18
:103E040000A8140930B9D23FADB5DC77B3BEE73FA3
:103E1400006043107218D33FC2259767AA9BE73FFF
:103E24000018EC6D2677D33F570617F20779E73F62
:103E34000030AFFB4FD5D33F0C13D6DBCA56E73F58
:103E440000E02FE3EE32D43FBEF3F879EC61F63FA5
:103E5400DEAA8C80F77BD5BF3D88AF4AED71F53F74
:103E6400DB6DC0A7F0BED2BFB010F0F03995F43FBF
:103E7400673A517FAE1ED0BF8503B8B095C9F33FF2
:103E8400E92482A6D831CBBFA564880C190DF33F71
:103E94005877C00A4F57C6BFA08E0B7B225EF23FF5
:103EA40000819CC72BAAC1BF3F341A4A4ABBF13FC9
:103EB4005E0E8CCE764EBABFBAE58AF05823F13F37
:103EC400CC1C615A3C97B1BFA70099413F95F03F84
:103ED4001E0CE138F452A2BF000000000000F03FC5
:103EE4000000000000000000AC479AFD8C60EE3F2B
:103EF4008459F25DAAA5AA3FA06A021FB3A4EC3FAD
:103F0400B42E36AA535EBC3FE6FC6A573620EB3F1C
:103F140008DB2077E526C53F2DAAA163D1C2E93F7E
:103F24007047220D86C2CB3FED417803E686E83F19
:103F3400E17EA0C88B05D13F624853F5DC67E73FBB
:103F440009EEB6573004D43FEF39FAFE422EE63F6D
:103F54003483B848A30ED0BF6A0BE00B5B57D53F40
:103F640023410AF2FEFFDFBF0080E03779C34143FB
:103F7400176E05B5B5B89346F5F93FE9034F384DCB
:103F8400321D30F94877825A3CBF737FDD4F157577
:103F9400000000000000F03F00000000000024408A
:103FA40000000000000059400000000000408F4065
:103FB400000000000088C34000000000006AF840D0
:103FC4000000000080842E4100000000D0126341F4
:103FD4000000000084D797410000000065CDCD416A
:103FE400000000205FA00242000000E8764837424B
:103FF400000000A2941A6D42000040E59C30A242E9
:104004000000901EC4BCD64200003426F56B0C435D
:104014000080E03779C3414300A0D8855734764304
:1040240000C84E676DC1AB43003D9160E458E14365
:10403400408CB5781DAF154450EFE2D6E41A4B44DA
:1040440092D54D06CFF08044F64AE1C7022DB5441F
:10405400B49DD9794378EA440038FAFE422EE63F0B
:104064003067C79357F32E3D000000000000E0BF07
:10407400605555555555E5BF060000000000E03F6A
:104084004E5559999999E93F7AA429555555E5BF53
:10409400E945489B5B49F2BFC33F268B2B00F03FA9
:1040A4000000000000A0F63F000000000000000037
:1040B40000C8B9F2822CD6BF8056372824B4FA3C03
:1040C400000000000080F63F000000000000000037
:1040D400000858BFBDD1D5BF20F7E0D808A51CBD46
:1040E400000000000060F63F000000000000000037
:1040F400005845177776D5BF6D50B6D5A46223BD59
:10410400000000000040F63F000000000000000036
:1041140000F82D87AD1AD5BFD567B09EE484E6BC00
:10412400000000000020F63F000000000000000036
:10413400007877955FBED4BFE03E2993691B04BD28
:10414400000000000000F63F000000000000000036
:1041540000601CC28B61D4BFCC844C482FD8133D63
:104164000000000000E0F53F000000000000000037
:1041740000A886863004D4BF3A0B82EDF342DC3CBF
:104184000000000000C0F53F000000000000000037
:10419400004869554CA6D3BF60945186C6B1203DF2
:1041A4000000000000A0F53F000000000000000037
:1041B4000080989ADD47D3BF9280C5D44D59253DE0
:1041C400000000000080F53F000000000000000037
:1041D4000020E1BAE2E8D2BFD82BB7991E7B263D76
:1041E400000000000060F53F000000000000000037
:1041F4000088DE135A89D2BF3FB0CFB614CA153D2A
:10420400000000000060F53F000000000000000016
:104214000088DE135A89D2BF3FB0CFB614CA153D09
:10422400000000000040F53F000000000000000016
:104234000078CFFB4129D2BF76DA5328245A16BD21
:10424400000000000020F53F000000000000000016
:10425400009869C198C8D1BF0454E768BCAF1FBDBA
:10426400000000000000F53F000000000000000016
:1042740000A8ABAB5C67D1BFF0A88233C61F1F3D5B
:104284000000000000E0F43F000000000000000017
:104294000048AEF98B05D1BF665A05FDC4A826BDFA
:1042A4000000000000C0F43F000000000000000017
:1042B400009073E224A3D0BF0E03F47EEE6B0CBD1A
:1042C4000000000000A0F43F000000000000000017
:1042D40000D0B4942540D0BF7F2DF49EB836F0BCF6
:1042E4000000000000A0F43F0000000000000000F7
:1042F40000D0B4942540D0BF7F2DF49EB836F0BCD6
:10430400000000000080F43F0000000000000000F6
:1043140000405E6D18B9CFBF873C99AB2A570D3D5D
:10432400000000000060F43F0000000000000000F6
:104334000060DCCBADF0CEBF24AF869CB7262B3D0E
:10434400000000000040F43F0000000000000000F6
:1043540000F02A6E0727CEBF10FF3F544F2F17BD22
:10436400000000000020F43F0000000000000000F6
:1043740000C04F6B215CCDBF1B68CABB91BA213D05
:10438400000000000000F43F0000000000000000F6
:1043940000A09AC7F78FCCBF34849F684F79273D1C
:1043A400000000000000F43F0000000000000000D6
:1043B40000A09AC7F78FCCBF34849F684F79273DFC
:1043C4000000000000E0F33F0000000000000000D7
:1043D40000902D7486C2CBBF8FB78B31B04E193D80
:1043E4000000000000C0F33F0000000000000000D7
:1043F40000C0804EC9F3CABF6690CD3F634EBA3C3D
:104404000000000000A0F33F0000000000000000D6
:1044140000B0E21FBC23CABFEAC146DC648C25BDE0
:104424000000000000A0F33F0000000000000000B6
:1044340000B0E21FBC23CABFEAC146DC648C25BDC0
:10444400000000000080F33F0000000000000000B6
:104454000050F49C5A52C9BFE3D4C104D9D12ABD37
:10446400000000000060F33F0000000000000000B6
:1044740000D02065A07FC8BF09FADB7FBFBD2B3DFC
:10448400000000000040F33F0000000000000000B6
:1044940000E0100289ABC7BF584A537290DB2B3D32
:1044A400000000000040F33F000000000000000096
:1044B40000E0100289ABC7BF584A537290DB2B3D12
:1044C400000000000020F33F000000000000000096
:1044D40000D019E70FD6C6BF66E2B2A36AE410BDE6
:1044E400000000000000F33F000000000000000096
:1044F4000090A77030FFC5BF3950109F439E1EBD6A
:10450400000000000000F33F000000000000000075
:104514000090A77030FFC5BF3950109F439E1EBD49
:104524000000000000E0F23F000000000000000076
:1045340000B0A1E3E526C5BF8F5B07908BDE20BDED
:104544000000000000C0F23F000000000000000076
:104554000080CB6C2B4DC4BF3C783561C10C173D3A
:104564000000000000C0F23F000000000000000056
:104574000080CB6C2B4DC4BF3C783561C10C173D1A
:104584000000000000A0F23F000000000000000056
:1045940000901E20FC71C3BF3A54274D8678F13C2D
:1045A400000000000080F23F000000000000000056
:1045B40000F01FF85295C2BF08C47117308D24BD96
:1045C400000000000060F23F000000000000000056
:1045D40000602FD52AB7C1BF96A31118A4802EBDA1
:1045E400000000000060F23F000000000000000036
:1045F40000602FD52AB7C1BF96A31118A4802EBD81
:10460400000000000040F23F000000000000000035
:104614000090D07C7ED7C0BFF45BE88896690A3DE1
:10462400000000000040F23F000000000000000015
:104634000090D07C7ED7C0BFF45BE88896690A3DC1
:10464400000000000020F23F000000000000000015
:1046540000E0DB3191ECBFBFF233A35C547525BDA0
:10466400000000000000F23F000000000000000015
:1046740000002B6E0727BEBF3C00F02A2C342A3DD5
:10468400000000000000F23F0000000000000000F5
:1046940000002B6E0727BEBF3C00F02A2C342A3DB5
:1046A4000000000000E0F13F0000000000000000F6
:1046B40000C05B8F545EBCBF06BE5F58570C1DBD67
:1046C4000000000000C0F13F0000000000000000F6
:1046D40000E04A3A6D92BABFC8AA5BE83539253D75
:1046E4000000000000C0F13F0000000000000000D6
:1046F40000E04A3A6D92BABFC8AA5BE83539253D55
:104704000000000000A0F13F0000000000000000D5
:1047140000A031D645C3B8BF68562F4D297C133D40
:104724000000000000A0F13F0000000000000000B5
:1047340000A031D645C3B8BF68562F4D297C133D20
:10474400000000000080F13F0000000000000000B5
:104754000060E58AD2F0B6BFDA7333C9379726BD55
:10476400000000000060F13F0000000000000000B5
:104774000020063F071BB5BF575EC6615B021F3DA5
:10478400000000000060F13F000000000000000095
:104794000020063F071BB5BF575EC6615B021F3D85
:1047A400000000000040F13F000000000000000095
:1047B40000E01B96D741B3BFDF13F9CCDA5E2C3D82
:1047C400000000000040F13F000000000000000075
:1047D40000E01B96D741B3BFDF13F9CCDA5E2C3D62
:1047E400000000000020F13F000000000000000075
:1047F4000080A3EE3665B1BF09A38F765E7C143DBD
:10480400000000000000F13F000000000000000074
:10481400008011C0300AAFBF918E36839E592D3D62
:10482400000000000000F13F000000000000000054
:10483400008011C0300AAFBF918E36839E592D3D42
:104844000000000000E0F03F000000000000000055
:1048540000801971DD42ABBF4C70D6E57A821C3DF5
:104864000000000000E0F03F000000000000000035
:1048740000801971DD42ABBF4C70D6E57A821C3DD5
:104884000000000000C0F03F000000000000000035
:1048940000C032F65874A7BFEEA1F23446FC2CBD1A
:1048A4000000000000C0F03F000000000000000015
:1048B40000C032F65874A7BFEEA1F23446FC2CBDFA
:1048C4000000000000A0F03F000000000000000015
:1048D40000C0FEB9879EA3BFAAFE26F5B702F53C29
:1048E4000000000000A0F03F0000000000000000F5
:1048F40000C0FEB9879EA3BFAAFE26F5B702F53C09
:10490400000000000080F03F0000000000000000F4
:104914000000780E9B829FBFE4097E7C268029BD1F
:10492400000000000080F03F0000000000000000D4
:104934000000780E9B829FBFE4097E7C268029BDFF
:10494400000000000060F03F0000000000000000D4
:104954000080D5071BB997BF39A6FA93548D28BD9B
:10496400000000000040F03F0000000000000000D4
:104974000000FCB0A8C08FBF9CA6D3F67C1EDFBC91
:10498400000000000040F03F0000000000000000B4
:104994000000FCB0A8C08FBF9CA6D3F67C1EDFBC71
:1049A400000000000020F03F0000000000000000B4
:1049B4000000106B2AE07FBFE440DA0D3FE219BD2E
:1049C400000000000020F03F000000000000000094
:1049D4000000106B2AE07FBFE440DA0D3FE219BD0E
:1049E400000000000000F03F000000000000000094
:1049F40000000000000000000000000000000000B3
:104A0400000000000000F03F000000000000000073
:104A14000000000000000000000000000000000092
:104A24000000000000C0EF3F000000000000000094
:104A3400000089751510803FE82B9D996BC710BD48
:104A4400000000000080EF3F0000000000000000B4
:104A5400008093585620903FD2F7E2065BDC23BDDA
:104A6400000000000040EF3F0000000000000000D4
:104A74000000C9282549983F340C5A32BAA02ABDEF
:104A8400000000000000EF3F0000000000000000F4
:104A94000040E7895D41A03F53D7F15CC011013D5F
:104AA4000000000000C0EE3F000000000000000015
:104AB40000002ED4AE66A43F28FDBD7573162CBD30
:104AC400000000000080EE3F000000000000000035
:104AD40000C09F14AA94A83F7D265AD0957919BD89
:104AE400000000000040EE3F000000000000000055
:104AF40000C0DDCD73CBAC3F0728D847F2681ABDA0
:104B0400000000000020EE3F000000000000000054
:104B140000C006C031EAAE3F7B3BC94F3E110EBD1B
:104B24000000000000E0ED3F000000000000000075
:104B3400006046D13B97B13F9B9E0D565D3225BD2B
:104B44000000000000A0ED3F000000000000000095
:104B540000E0D1A7F5BDB33FD74EDBA55EC82C3D21
:104B6400000000000060ED3F0000000000000000B5
:104B740000A0974D5AE9B53F1E1D5D3C06692CBD4A
:104B8400000000000040ED3F0000000000000000B5
:104B940000C0EA0AD300B73F32ED9DA98D1EEC3C5C
:104BA400000000000000ED3F0000000000000000D5
:104BB4000040595D5E33B93FDA47BD3A5C11233D8D
:104BC4000000000000C0EC3F0000000000000000F6
:104BD4000060AD8DC86ABB3FE568F72B809013BDBC
:104BE4000000000000A0EC3F0000000000000000F6
:104BF4000040BC015888BC3FD3AC5AC6D146263DC0
:104C0400000000000060EC3F000000000000000015
:104C140000200A8339C7BE3FE045E6AF68C02DBD1A
:104C2400000000000040EC3F000000000000000015
:104C340000E0DB3991E8BF3FFD0AA14FD63425BD22
:104C4400000000000000EC3F000000000000000035
:104C540000E027828E17C13FF2072DCE78EF213D69
:104C64000000000000E0EB3F000000000000000036
:104C740000F0237E2BAAC13F349938448EA72C3DE3
:104C84000000000000A0EB3F000000000000000056
:104C94000080860C61D1C23FA1B481CB6C9D033DE1
:104CA400000000000080EB3F000000000000000056
:104CB400009015B0FC65C33F89724B23A82FC63CF6
:104CC400000000000040EB3F000000000000000076
:104CD40000B033833D91C43F78B6FD547983253DBC
:104CE400000000000020EB3F000000000000000076
:104CF40000B0A1E4E527C53FC77D69E5E833263D5B
:104D04000000000000E0EA3F000000000000000096
:104D140000108CBE4E57C63F782E3C2C8BCF193DCD
:104D24000000000000C0EA3F000000000000000096
:104D34000070758B12F0C63FE1219CE58D1125BDF5
:104D44000000000000A0EA3F000000000000000096
:104D5400005044858D89C73F0543917010661CBD82
:104D6400000000000060EA3F0000000000000000B6
:104D7400000039EBAFBEC83FD12CE9AA543D07BDB2
:104D8400000000000040EA3F0000000000000000B6
:104D94000000F7DC5A5AC93F6FFFA05828F2073DBC
:104DA400000000000000EA3F0000000000000000D6
:104DB40000E08A3CED93CA3F69215650437228BDF6
:104DC4000000000000E0E93F0000000000000000D7
:104DD40000D05B57D831CB3FAAE1AC4E8D350CBD2A
:104DE4000000000000C0E93F0000000000000000D7
:104DF40000E03B3887D0CB3FB6125459C44B2DBD8D
:104E04000000000000A0E93F0000000000000000D6
:104E14000010F0C6FB6FCC3FD22B96C572ECF1BCF0
:104E2400000000000060E93F0000000000000000F6
:104E34000090D4B03DB1CD3F35B015F72AFF2ABD5F
:104E4400000000000040E93F0000000000000000F6
:104E54000010E7FF0E53CE3F30F441602712C23CEE
:104E6400000000000020E93F0000000000000000F6
:104E74000000DDE4ADF5CE3F118EBB651521CABC43
:104E8400000000000000E93F0000000000000000F6
:104E940000B0B36C1C99CF3F30DF0CCAECCB1B3D88
:104EA4000000000000C0E83F000000000000000017
:104EB40000584D603871D03F914EED16DB9CF83CA4
:104EC4000000000000A0E83F000000000000000017
:104ED400006061672DC4D03FE9EA3C168B18273D7A
:104EE400000000000080E83F000000000000000017
:104EF40000E827828E17D13F1CF0A5630E212CBD3C
:104F0400000000000060E83F000000000000000016
:104F140000F8ACCB5C6BD13F8116A5F7CD9A2B3D45
:104F2400000000000040E83F000000000000000016
:104F340000685A6399BFD13FB7BD4751EDA62C3DD8
:104F4400000000000020E83F000000000000000016
:104F540000B80E6D4514D23FEABA46BADE870A3D60
:104F64000000000000E0E73F000000000000000037
:104F74000090DC7CF0BED23FF404504AFA9C2A3DF7
:104F84000000000000C0E73F000000000000000037
:104F94000060D3E1F114D33FB83C21D37AE228BDB9
:104FA4000000000000A0E73F000000000000000037
:104FB4000010BE76676BD33FC877F1B0CD6E113D5C
:104FC400000000000080E73F000000000000000037
:104FD4000030337752C2D33F5CBD06B6543B183D14
:104FE400000000000060E73F000000000000000037
:104FF40000E8D523B419D43F9DE090EC36E4083D95
:10500400000000000040E73F000000000000000036
:1050140000C871C28D71D43F75D66709CE272FBDE4
:10502400000000000020E73F000000000000000036
:105034000030179EE0C9D43FA4D80A1B89202EBD96
:10504400000000000000E73F000000000000000036
:1050540000A03807AE22D53F59C7648170BE2E3DEB
:105064000000000000E0E63F000000000000000037
:1050740000D0C853F77BD53FEF405DEEEDAD1F3D4B
:105084000000000000C0E63F000000000000000037
:10509400006059DFBDD5D53FDC65A4082A0B0ABDE5
:1050A400BEF3F879EC61F63F1930965BC6FEDEBFBD
:1050B4003D88AF4AED71F53FA4FCD432680BDBBFE9
:1050C400B010F0F03995F43F7BB71F0A8B41D7BF7E
:1050D4008503B8B095C9F33F7BCF6D1AE99DD3BF63
:1050E400A564880C190DF33F31B6F2F39B1DD0BFB4
:1050F400A08E0B7B225EF23FF07A3B1B1D7CC9BF66
:105104003F341A4A4ABBF13F9F3CAF93E3F9C2BF15
:10511400BAE58AF05823F13F5C8D78BFCB60B9BF04
:10512400A70099413F95F03FCE5F47B69D6FAABF58
:10513400000000000000F03F00000000000000003C
:10514400AC479AFD8C60EE3F3DF5249FCA38B33FCF
:10515400A06A021FB3A4EC3FBA913854A976C43FA5
:10516400E6FC6A573620EB3FD2E4C44A0B84CE3FB8
:105174002DAAA163D1C2E93F1C65C6F04506D43F00
:10518400ED417803E686E83FF89F1B2C9C8ED83FC0
:10519400624853F5DC67E73FCC7BB14EA4E0DC3FCB
:1051A4000B6E49C91676D23F7AC675A06919D7BF66
:1051B400DDBAA76C0AC7DE3FC8F6BE484715E7BF8D
:1051C4002BB82A654715F73F000000000000F03FA8
:1051D400000000000000F0BF000000000000F0BF6D
:1051E400000000000000F03F83C8C96D305F6441D7
:1051F400182D4454FB21F93F000000000000F03F4B
:105204001C620CFDFFFFDFBF198F06E15355A53F5C
:105214009D359AE887C056BFC3F87B024393F93E95
:1052240003A695595455C5BFC40B23057610813F79
:1052340024CF7437EB9429BF000000000000F03F36
:10524400000000000000F0BF000000000000F0BFFC
:10525400000000000000F03F83C8C96D305F644166
:10526400182D4454FB21F93F000000000000F0BF5A
:105274001C620CFDFFFFDF3F198F06E15355A5BFEC
:105284009D359AE887C0563FC3F87B024393F9BE25
:1052940003A695595455C5BFC40B23057610813F09
:1052A40024CF7437EB9429BF0700000002000000EC
:1052B40004000000080000000300000004000000D7
:1052C40003000000020000001000000002000000C3
:1052D40002000000080000000000000000000000C0
:1052E400000000000000000000000000C849002089
:1052F400C03F0020D0530020000000000100000047
:105304000300000005000000060000000700000084
:1053140008000000090000000A000000000000006E
:1053240080B200208CB2002098B20020A4B20020E9
:1053340044B20020B474002048B2002050B20020CF
:1053440058B2002060B20020E4780020B878002031
:1053540064B2002001000000010000000000000011
:105364000000000000000000000000000000000039
:105374000000000000000000000000000000000029
:105384000000000000000000000000000000000019
:105394000100000000000000010000000300000004
:1053A4000200000000000000DB0F49BFE4CB164000
:1053B400E4CB16C000000080DB0F4940DB0F49C07E
:1053C400FF070A0F141A1214181E1214181A1E16A4
:1053D400181C1E1C1C1C1C1E1E1A1C1E1E1E1E1EFF
:1053E4001E1E1E1E1E1E1E1E1EFF0A101A1218103E
:1053F4001216161A1E161618181C1C1A1A1A1A1C1B
:105404001C1C1C1C1C1C1C1C1C1C1C1C1C1C1C1CD8
:105414001C1CFF0D16121A1218121614181C1A1836
:10542400141E181C1C1A1E1C1E1E1E1E1C1E1E1EB4
:105434001E1E1E1E1E1E1E1E1E1E1EFF111C1610CC
:10544400161C1A1A181C181C1618181E1C1C1A1CB8
:105454001E181E1E1E1E1E1E1E1E1E1E1E1E1E1E6E
:105464001E1E1E1EFF0101010101020202020404AC
:105474000404040606060607080809090A0C0C0CAD
:105484000D0E0F10111213131415161819FF010124
:105494000102020404040505050809090A0A0B0DA2
:1054A4000E10111112141517191A1C1D1F21232572
:1054B40026282B2D2F31FF010102020404060608C1
:1054C40008080A0C100C11101215141717191B1DBB
:1054D40022222326282B2D303335383B3E4144FFEE
:1054E400010102040404050608080B0B1010121035
:1054F4001315191919221E202325282A2D30333675
:10550400393C3F42464A4D510000C93F0000F03942
:105514000000DA370000A2330000842E0000502B74
:105524000000C2270000D0220000C41F0000C61BD8
:1055340000004417544D0000434653523A2030783B
:105544002530387800000000484653523A2030781D
:1055540025303878000000004D4D4641523A3078ED
:105564002530387800000000424641523A20307815
:105574002530387800000000434F44453A20307805
:105584002530387800000000454E56004C464F0048
:105594003C6E756C6C3E0000415247323A203078C4
:1055A40025780000252E39730000000043726173D2
:1055B400687265706F727420253032582530325805
:1055C400253032582530325825303258253032585B
:1055D4000A56455220252E377320435243202578FE
:1055E4000A0000002F0000002E62696E0000000017
:1055F400FF00780180014302880187018C018B013F
:10560400920191019501F601990198019A013D02D7
:105614009E012002A801A701AD01AC01B001AF01B8
:10562400B901B801BD01BC01BF01F701C601C40144
:10563400C901C701CC01CA01DD018E01F301F101E9
:10564400F501F4013A02652C3C023B023E02662C51
:105654004202410253028101540286015602890129
:1056640057028A0159028F015B0290016002930183
:105674006302940168029701690296016B02622C2D
:105684006F029C0172029D0175029F017D02642CD0
:105694008002A6018302A9018802AE0189024402A4
:1056A4008A02B1018B02B2018C0245029202B70157
:1056B4007B03FD037C03FE037D03FF03AC0386032E
:1056C400C203A303CC038C03CD038E03CE038F0349
:1056D400F203F903F803F703FB03FA03CF04C0044E
:1056E4007D1D632C511F591F531F5B1F551F5D1FC9
:1056F400571F5F1F781FF81F791FF91FB31FBC1FA7
:10570400CC1FC31FE51FEC1FFC1FF31F4E213221CA
:1057140084218321612C602C762C752C0608205D55
:105724000000060600060606000C06060012060621
:1057340000180606001E060600240606002A0606B1
:105744000030060600360606003C06060042060641
:1057540000480606004E060600540606005A0606D1
:105764000060060600660606006C06060072060661
:1057740000780606007E060600840606008A0606F1
:105784000090060600960606009C060600A2060681
:1057940000A8060600AE060600B4060600BA060611
:1057A40000C0060600C6060600CC060600D20606A1
:1057B40000D8060600DE060600E4060600EA060631
:1057C40000F0060600F6060600FC060601020606C0
:1057D40001080606010E060601140606011A06064D
:1057E4000120060601260606012C060601320606DD
:1057F40001380606013E060601440606014A06066D
:105804000150060601560606015C060601620606FC
:1058140001680606016E060601740606017A06068C
:105824000180060601860606018C0606019206061C
:1058340001980606019E060601A4060601AA0606AC
:1058440001B0060601B6060601BC060601C206063C
:1058540001C8060601CE060601D4060601DA0606CC
:1058640001E0060601E6060601EC060601F206065C
:1058740001F8060601FE060602040606020A0606EA
:105884000210060602160606021C06060222060678
:10589400022806060000000000000000005F00006F
:1058A40000000700070000147F147F1400242A7FDF
:1058B4002A1200231308646200364955225000005E
:1058C4000503000000001C224100000041221C00CE
:1058D4000014083E08140008083E0808000000A050
:1058E400600000080808080800006060000000204C
:1058F40010080402003E4141413E0000427F400046
:10590400004261514946002141454B3100181412AF
:105914007F10002745454539003C4A49493000017C
:105924007109050300364949493600064949291ECB
:10593400000036360000000056360000000814222D
:10594400410000141414141400004122140800022D
:105954000151090600324959513E007C1211127C52
:1059640000417F494936003E41414122007F414187
:10597400221C007F49494941007F09090901003E71
:105984004149497A007F0808087F0000417F4100AF
:10599400002040413F01007F08142241007F404025
:1059A4004040007F020C027F007F0408107F003E0D
:1059B4004141413E007F09090906003E4151215EF3
:1059C400007F091929460046494949310001017FF0
:1059D4000101003F4040403F000718601807003FA6
:1059E4004038403F00631408146300070870080738
:1059F40000615149454300007F4141000002040811
:105A04001020000041417F00000402010204004014
:105A14004040404000000E110E00002054545478C1
:105A2400007F484444380038444444200038444407
:105A3400487F00385454541800087E0901020018A5
:105A4400A4A4A47C007F080404780000447D4000E2
:105A5400004080847D00007F102844000000417FC6
:105A64004000007C04180478007C080404780038A2
:105A74004444443800FC242424180018242418FC2A
:105A8400007C0804040800485454542000043F4493
:105A94004020003C4040207C001C2040201C003C56
:105AA4004030403C004428102844001CA0A0A07CA6
:105AB400004464544C4414141414141414367736E7
:105AC40014000000000000004040440000005500A5
:105AD400505F5F00F0F5FC00B065DA0060EB250074
:105AE40000002200204424004022420000505200C2
:105AF400007202002002000000700000200000007C
:105B040080240100F099F90010511300F068E100BD
:105B1400E0E1E10010F19900F0F1F800F0F9F8008B
:105B24008024F100F069F900F0F1F900200002008E
:105B340020020200104212000007070080248400A3
:105B44002020690060D9E100909F6900E0E9E90044
:105B540070887800E099E900F0E8F80080E8F8003F
:105B640070F9780090F99900E044E4007019F100AC
:105B740090CA9A00F088880090999F0090DB990061
:105B84006099690080E8E900709B690090E9E90088
:105B9400E06178004044F400F0999900609999001C
:105BA400909F99009069990020629900F024F10077
:105BB4003022320010420800C044C4000000250016
:105BC400F000000000002100909F6900E0E9E90076
:105BD40070887800E099E900F0E8F80080E8F800BF
:105BE40070F9780090F99900E044E4007019F1002C
:105BF40090CA9A00F088880090999F0090DB9900E1
:105C04006099690080E8E900709B690090E9E90007
:105C1400E06178004044F400F0999900609999009B
:105C2400909F99009069990020629900F024F100F6
:105C34003022320020222200C044C40000005A0056
:105C4400000000006100E01AE000E017F800E0073F
:105C54000001013032010106390101104A01012E0F
:105C64007901010682010104A0010106B3010104C6
:105C7400CD010110DE010112F801012822020112F6
:105C84004602010AAD03DB03B103E011C303E009DB
:105C9400D80301183004E0205004B010600401223D
:105CA4008A040136C104010ED00401446105D026E2
:105CB400001E0196A01E015A001F0808101F0806A6
:105CC400201F0808301F0808401F0806601F080826
:105CD400701F4A02721F5604761F64027A1F7002F4
:105CE4007C1F7E02801F0808901F0808A01F080858
:105CF400B01F0802D01F0802E01F08027021F01034
:105D0400D024E61A302CD02F672C0106802C016495
:105D1400002D002641FFE01A0000000096300777AE
:105D24002C610EEEBA51099919C46D078FF46A708B
:105D340035A563E9A395649E3288DB0EA4B8DC79AB
:105D44001EE9D5E088D9D2972B4CB609BD7CB17E2B
:105D5400072DB8E7911DBF906410B71DF220B06AFB
:105D64004871B9F3DE41BE847DD4DA1AEBE4DD6D0B
:105D740051B5D4F4C785D38356986C13C0A86B640B
:105D84007AF962FDECC9658A4F5C0114D96C06632B
:105D9400633D0FFAF50D088DC8206E3B5E10694C0B
:105DA400E44160D5727167A2D1E4033C47D4044B4B
:105DB400FD850DD26BB50AA5FAA8B5356C98B2422B
:105DC400D6C9BBDB40F9BCACE36CD832755CDF45AB
:105DD400CF0DD6DC593DD1ABAC30D9263A00DE51DB
:105DE4008051D7C81661D0BFB5F4B42123C4B356CB
:105DF4009995BACF0FA5BDB89EB802280888055F4B
:105E0400B2D90CC624E90BB1877C6F2F114C6858AA
:105E1400AB1D61C13D2D66B69041DC760671DB0198
:105E2400BC20D2982A10D5EF8985B1711FB5B6066A
:105E3400A5E4BF9F33D4B8E8A2C9077834F9000FAA
:105E44008EA8099618980EE1BB0D6A7F2D3D6D084A
:105E5400976C6491015C63E6F4516B6B62616C1C3A
:105E6400D83065854E0062F2ED95066C7BA5011B6A
:105E7400C1F4088257C40FF5C6D9B06550E9B7120A
:105E8400EAB8BE8B7C88B9FCDF1DDD62492DDA15CA
:105E9400F37CD38C654CD4FB5861B24DCE51B53AEA
:105EA4007400BCA3E230BBD441A5DF4AD795D83DEA
:105EB4006DC4D1A4FBF4D6D36AE96943FCD96E342A
:105EC400468867ADD0B860DA732D0444E51D03330A
:105ED4005F4C0AAAC97C0DDD3C710550AA4102271A
:105EE40010100BBE86200CC925B56857B3856F20EA
:105EF40009D466B99FE461CE0EF9DE5E98C9D9294A
:105F04002298D0B0B4A8D7C7173DB359810DB42E89
:105F14003B5CBDB7AD6CBAC02083B8EDB6B3BF9AD5
:105F24000CE2B6039AD2B1743947D5EAAF77D29D61
:105F34001526DB048316DC73120B63E3843B649441
:105F44003E6A6D0DA85A6A7A0BCF0EE49DFF099341
:105F540027AE000AB19E077D44930FF0D2A30887B1
:105F640068F2011EFEC206695D5762F7CB67658061
:105F740071366C19E7066B6E761BD4FEE02BD38961
:105F84005A7ADA10CC4ADD676FDFB9F9F9EFBE8EC1
:105F940043BEB717D58EB060E8A3D6D67E93D1A101
:105FA400C4C2D83852F2DF4FF167BBD16757BCA6E1
:105FB400DD06B53F4B36B248DA2B0DD84C1B0AAF81
:105FC400F64A0336607A0441C3EF60DF55DF67A801
:105FD400EF8E6E3179BE69468CB361CB1A8366BC91
:105FE400A0D26F2536E2685295770CCC03470BBBE1
:105FF400B91602222F260555BE3BBAC5280BBDB2E1
:10600400925AB42B046AB35CA7FFD7C231CFD0B580
:106014008B9ED92C1DAEDE5BB0C2649B26F263EC72
:106024009CA36A750A936D02A906099C3F360EEB80
:106034008567077213570005824ABF95147AB8E240
:10604400AE2BB17B381BB60C9B8ED2920DBED5E520
:10605400B7EFDC7C21DFDB0BD4D2D38642E2D4F170
:10606400F8B3DD686E83DA1FCD16BE815B26B9F600
:10607400E177B06F7747B718E65A0888706A0FFF60
:10608400CA3B06665C0B0111FF9E658F69AE62F820
:10609400D3FF6B6145CF6C1678E20AA0EED20DD720
:1060A4005483044EC2B30339612667A7F71660D040
:1060B4004D476949DB776E3E4A6AD1AEDC5AD6D980
:1060C400660BDF40F03BD83753AEBCA9C59EBBDEA0
:1060D4007FCFB247E9FFB5301CF2BDBD8AC2BACA50
:1060E4003093B353A6A3B4240536D0BA9306D7CDC0
:1060F4002957DE54BF67D9232E7A66B3B84A61C4E0
:10610400021B685D942B6F2A37BE0BB4A18E0CC39F
:106114001BDF055A8DEF022D1F1C1F1E1F1E1F1F84
:106124001E1F1E1F4361726420697320746F6F20E9
:10613400736D616C6C2E0D0A00000000466F726D69
:10614400617420446F6E650D0A000000466F726D25
:106154006174204661696C65640D0A0042616420C3
:10616400636C757374657220636F756E740D0A00C9
:1061740044657669636520697320746F6F20736D5D
:10618400616C6C0D0A00000057726974696E6720B7
:10619400464154200000000057726974696E6720FC
:1061A400757063617365207461626C650D0A00002B
:1061B40057726974696E6720726F6F740D0A0000FC
:1061C400466F726D617420646F6E650D0A00000085
:1061D400466F726D6174206661696C65640D0A00B6
:1061E40045584641540000004552524F523A2564E6
:1061F4000A0000005054523A25780A0052414D5F7B
:1062040053495A453A25640A00000000523A25646D
:10621400204C3A25642053543A25640A00000000B7
:10622400533A256420553A25640A00007365747551
:1062340070000000257320307825780A00000000E3
:1062440070726F636573730064726177000000009D
:1062540073637265656E7361766572005F5F7569FD
:106264005F6576656E745F68616E646C657200006C
:106274005F5F6D6964695F6576656E745F68616EA2
:10628400646C6572000000005F5F696E69745F6131
:1062940072726179000000002E646174613A2030EA
:1062A4007825780A0000000052414D5F4241534571
:1062B4003A25780A0000000073657475703A20303E
:1062C4007825780A000000003078253034783A20A8
:1062D40025780A007564796E6C696E6B5F70726FF5
:1062E400636573730000000055444C4D00000000CA
:1062F4004E4F484541440000524553455400000068
:1063040050524F42000000002D20202B00000000BE
:10631400214C6566740000004C6566740000000042
:10632400215269676874000052696768740000004C
:10633400454E434F444552205345545550000000A8
:1063440020505245535320454E4320544F2052452C
:106354005645525345000000444953504C4159207E
:10636400534554555000000050524553533A0000D1
:10637400204C2D454E433A20464C4950313830008C
:1063840020522D454E433A204252494748544E45E7
:10639400535300004441430043414C494252415449
:1063A400494F4E3A00000000252B642E3056000061
:1063B4003E444143256420282573292E2E2E2E2E5B
:1063C4002E000000252B6C64000000002044414393
:1063D400256420282573292E2E2E2E2E2E00000013
:1063E400414443003D20252B2E3366560000000017
:1063F4003E41444325780000204144432578000071
:10640400492F4F2054455354000000005452256432
:106414002025732C204356256420252B2E336656C5
:10642400000000004841524457415245205345540E
:106434005550000050524553532052494748542068
:10644400544F205341564500202A000028656D70A2
:1064540074792900534156453F0000004C4F414494
:106464003F00000050617463682D255825730000B7
:106474003C3C3C3C2053544F524520455252203E14
:106484003E3E3E002E2E73746F72696E672E2E2E62
:106494005B2558253033585D0A0000003C3C3C3CE9
:1064A4002053544F524520455252202564203E3EED
:1064B4003E3E00002E2E6C6F6164696E672E2E2E98
:1064C4005B2558253033585D000000003D3D3D3DBF
:1064D4003D3D204354524C2F494E50555453203D7A
:1064E4003D3D3D3D3D0000003D3D3D3D3D3D3D20AC
:1064F4004354524C2F4D494449203D3D3D3D3D3D83
:106504003D0000004D4944492D4348414E4E454C01
:10651400000000004D414348494E4500454E47495F
:106524004E45202020202532640000005B50524557
:10653400535320522D454E435D000000204C6F61A3
:1065440064202620726573657420492F4F207C00D7
:10655400204C6F61642026206B65657020492F4FA5
:10656400207C000020436F707920232564207C0068
:106574004155582D494E505554000000494E53453D
:1065840052542D41555800004155582D445259201C
:106594002825732900000000204D4F44554C4154D8
:1065A400494F4E003E2573002B2D000025642573B2
:1065B40000000000252E3166257300003D3D3D3D61
:1065C4003D3D204D49582F4F555450555453203D6F
:1065D4003D3D3D3D3D0000004F5554505554000095
:1065E40050414E004C4556454C0000004D41434837
:1065F400494E4553202F20454E47494E45530000F0
:10660400492F4F20434F4E4649470000434C4B20EF
:1066140026204D4944492053455454494E4753007C
:1066240050415443482053544F52414745000000C1
:106634002E2E2573000000004D4944492D436F6EF2
:1066440074726F6C00000000434C4F434B2D536F2A
:106654007572636500000000202043562D496E705A
:1066640075740000202050686173652D4D61785663
:1066740000000000202054454D504F202842504D2A
:1066840029000000543A2537642025303264000084
:106694004D49444926434C4F434B00002E2E7374FE
:1066A4006F72696E672E2E2E0000000025362E3084
:1066B4006600000025303264000000002530336499
:1066C40000000000252B6400252E33660000000026
:1066D40042504D006E616E00696E66006F76660012
:1066E40000000B040608F10BCD0F9A135717061B75
:1066F400A61E3822BB253129982CF32F403380362F
:10670400B339D93CF33F00430146F748E14BBF4E50
:10671400915159541657C7596E5C0B5F9D6125649E
:10672400A2661669806BE16D38708672CB74077748
:106734003A79647B857D9E7FAF81B883B885B187C4
:10674400A1898A8B6C8D468F1991E492A8946696E0
:106754001C98CB99749B179DB29E48A0D7A160A3A7
:10676400E3A460A6D7A748A9B3AA19AC79ADD4AE5F
:1067740029B07AB1C4B20AB44BB587B6BDB7F0B884
:106784001DBA45BB69BC89BDA4BEBBBFCDC0DBC1BE
:10679400E5C2EBC3ECC4EAC5E4C6DAC7CCC8BAC9DF
:1067A400A5CA8CCB6FCC4FCD2CCE05CFDACFADD0D4
:1067B4007CD147D210D3D6D398D458D514D6CED6BC
:1067C40085D739D8EAD898D944DAEDDA93DB37DCBF
:1067D400D8DC77DD13DEADDE45DFDADF6DE0FDE02A
:1067E4008CE118E2A2E229E3AFE333E4B4E434E554
:1067F400B1E52DE6A7E61FE795E709E87BE8ECE8B5
:106804005BE9C8E933EA9DEA05EB6BEBD0EB34ECCA
:1068140096ECF6EC55EDB2ED0EEE68EEC1EE19EF26
:106824006FEFC4EF18F06AF0BCF00BF15AF1A7F166
:10683400F3F13EF288F2D1F219F35FF3A4F3E9F332
:106844002CF46EF4AFF4EFF42FF56DF5AAF5E6F53C
:1068540022F65CF695F6CEF606F73DF773F7A8F741
:10686400DCF710F842F874F8A6F8D6F806F935F90A
:1068740063F990F9BDF9E9F915FA3FFA69FA93FA5F
:10688400BCFAE4FA0BFB32FB58FB7EFBA3FBC8FB10
:10689400ECFB0FFC32FC54FC76FC98FCB8FCD9FCF5
:1068A400F8FC18FD36FD55FD73FD90FDADFDC9FDE9
:1068B400E5FD01FE1CFE37FE51FE6BFE85FE9EFECD
:1068C400B6FECFFEE7FEFEFE16FF2CFF43FF59FF88
:1068D4006FFF84FF9AFFAEFFC3FFD7FFEBFFFFFFFD
:1068E400FFFF0000018016802A80408055806A8066
:1068F40080809680AC80C380D980F08007811E811F
:1069040036814D8165817D819481AC81C481DD8135
:10691400F5810D8225823E8256826E8286829F8216
:10692400B782CF82E782FE8216832D8344835B8302
:10693400728389839F83B583CB83E083F5830A8441
:106944001E843284468459846C847E849084A28418
:10695400B384C484D484E484F384028511851F85BC
:106964002D853A854785548560856C857885848531
:106974008F859A85A585B085BA85C585D085DB8543
:10698400E585F085FC85078613861F862B86398668
:10699400468654866386738683869586A786BA86DA
:1069A400CF86E586FB8614872D874887658783878E
:1069B400A287C487E7870C8833885C888788B48873
:1069C400E288138947897C89B489ED89298A688A90
:1069D400A88AEB8A308B778BC18B0C8C5A8CAA8C4F
:1069E400FC8C508DA68DFE8D588EB38E108F6F8FBC
:1069F400CF8F31909390F7905C91C29129929092AD
:106A0400F7925F93C7932F949794FE946595CB95D3
:106A140030969496F7965897B89716987198CB989D
:106A240022997799C899179A639AAB9AF09A319BED
:106A34006F9BA99BDE9B109C3D9C669C8B9CAA9C97
:106A4400C69CDC9CEE9CFB9C049D079D069D009DC2
:106A5400F69CE69CD39CBA9C9E9C7D9C589C2F9C47
:106A6400039CD39B9F9B689B2F9BF39AB59A749A24
:106A7400329AEE99AA9965991F99D9989498509841
:106A84000D98CB978C974F971697DF96AD967F9678
:106A9400569632961396FB95EA95DF95DC95E1952B
:106AA400EF95059624964D967F96BC960397569738
:106AB400B3971C98919811999E99379ADC9A8D9B5B
:106AC4004C9C169DEE9DD29EC29FBFA0C8A1DDA284
:106AD400FEA32BA563A6A7A7F5A84DAAAFAB1BAD34
:106AE4008FAE0CB091B11DB3AFB448B6E6B788B958
:106AF4002EBBD7BC82BE2EC0DBC188C333C5DCC667
:106B040083C825CAC2CB59CDEACE73D0F3D16AD398
:106B1400D6D437D68BD7D2D80CDA36DB51DC5BDD52
:106B240054DE3BDF0FE0D0E07EE116E29AE208E3B8
:106B340061E3A3E3CEE3E3E3E1E3C8E397E350E3F4
:106B4400F1E27BE2EEE14BE191E0C1DFDCDEE2DD8C
:106B5400D4DCB2DB7DDA35D9DDD774D6FBD474D37B
:106B6400E0D13FD094CEDFCC21CB5CC992C7C3C562
:106B7400F2C31FC24CC07BBEADBCE4BA22B967B736
:106B8400B7B511B479B2EFB075AF0CAEB7AC76ABA4
:106B94004CAA39A93FA85FA79AA6F3A569A5FFA4A3
:106BA400B4A48BA484A49FA4DEA441A5C9A576A6FD
:106BB40048A741A85FA9A3AA0DAC9EAD53AF2EB1BF
:106BC4002EB352B59AB705BA91BC3EBF0CC2F8C4F5
:106BD40001C826CB66CEBFD12FD5B5D84FDCFADF9E
:106BE400B6E37FE754EB33EF19F304F7F2FAE1FE6F
:106BF400CE02B706990A720E40120016B0194E1D45
:106C0400D62048249F27DB2AF92DF730D3338A3640
:106C14001C39853BC43DD93FC041784301455946A1
:106C24007E4771482F49B8490C4A2A4A114AC24939
:106C34003C4980488D47644606457343AC41B23FA6
:106C4400853D283B9B38E135FA32E82FAD2C4C29A1
:106C5400C5251D22531E6D1A6A164F121E0ED90920
:106C640084052101B4FC3EF8C4F347EFCCEA55E6B1
:106C7400E5E180DD27D9E0D4ABD08DCC87C89EC4B4
:106C8400D3C02ABDA5B946B611B306B02AAD7CAAB5
:106C940001A8B9A5A7A3CCA128A0BF9E919D9E9CA5
:106CA400E89B709B359B3A9B7C9BFD9BBD9CBB9D4D
:106CB400F79E70A025A216A441A6A5A841AB12AECA
:106CC40019B151B4BAB752BB15BF03C317C750CBE0
:106CD400ACCF26D4BDD86DDD33E20DE7F7EBEEF093
:106CE400EEF5F6FA00000A05120A120F0914F31859
:106CF400CD1D93224327DA2B5430B034E938FD3CC0
:106D0400EB40AE444648AF4BE74EEE51BF545B57A1
:106D1400BF59EA5BDB5D905F0961456243630364CD
:106D24008464C664CB649064186462636F62416176
:106D3400D85F345E595C475AFF578455D652FA4F90
:106D4400EF4CBA495B46D6422D3F623B79377333E9
:106D5400552F202BD92680221B1EAB193415B910B0
:106D64003C0CC2074C03DFFE7CFA27F6E2F1B1EDDE
:106D740096E993E5ADE1E3DD3BDAB4D653D318D01D
:106D840006CD1FCA65C7D8C47BC24EC054BE8DBCD5
:106D9400FABA9CB973B880B7C4B63EB6EFB5D6B5E7
:106DA400F4B548B6D1B68FB782B8A7B9FFBA88BCD4
:106DB40040BE27C03CC27BC4E4C676C92DCC09CFF3
:106DC40007D225D561D8B8DB2ADFB2E250E600EA63
:106DD400C0ED8EF167F549F932FD1F010E05FC087F
:106DE400E70CCD10AC1481184A1C0620B1234B27A4
:106DF400D12A412E9A31DA34FF37083BF43DC240A0
:106E04006F43FB456648AE4AD24CD24EAD506252F7
:106E1400F3535D55A156BF57B8588A59375ABF5ACC
:106E2400225B615B7C5B755B4C5B015B975A0D5A23
:106E34006659A158C157C756B4558A544953F45199
:106E44008B50114F874DEF4B494A9948DE461C45FC
:106E540053438541B43FE13D0E3C3D3A6E38A43680
:106E6400DF3421336C31C12F202E8C2C052B8C293F
:106E74002328CB2683254E242C231E2224213F2085
:106E84006F1FB51E121E851D0F1DB01C691C381CFA
:106E94001F1C1D1C321C5D1C9F1CF81C661DEA1D5A
:106EA400821E301FF11FC520AC21A522AF23CA24A6
:106EB400F4252E277528C9292A2B962C0D2E8D2FC3
:106EC4001631A7323E34DB357D372439CD3A783C50
:106ED400253ED23F7E412943D24478461A48B849D8
:106EE400514BE34C6F4EF44F7151E5525154B3552D
:106EF4000B5759589D59D55A025C235D385E415F42
:106F04003E602E611262EA62B46373642465C965EB
:106F14006266EF666F67E4674D68AA68FD68446956
:106F24008169B369DC69FB69116A1F6A246A216A91
:106F3400166A056AED69CE69AA698169536921698E
:106F4400EA68B16874683568F367B0676C67276787
:106F5400E1669B6656661266CE658C654B650D656B
:106F6400D164986461642D64FD63D163A863836311
:106F7400626346632D631A630A630063FA62F9620B
:106F8400FC620563126324633A63566375639A6310
:106F9400C363F063226457649164CF6410655565DC
:106FA4009D65E96538668966DE6635678F67EA67D9
:106FB4004868A86809696C69D069356A9B6A026B7C
:106FC400696BD16B396CA16C096D706DD76D3E6EB8
:106FD400A46E096F6D6FCF6F31709170F0704D7149
:106FE400A87102725A72B07204735673A673F47362
:106FF4003F748974D074157558759875D775137660
:107004004C768476B976ED761E774C777977A477CB
:10701400CD77F47719783C785E787D789B78B8786A
:10702400D378EC7805791B793179467959796B797C
:107034007D798D799D79AC79BA79C779D579E179FA
:10704400ED79F979047A107A1B7A257A307A3B7AC9
:10705400467A507A5B7A667A717A7C7A887A947AFC
:10706400A07AAC7AB97AC67AD37AE17AEF7AFE7AE0
:107074000D7B1C7B2C7B3C7B4D7B5E7B707B827B06
:10708400947BA77BBA7BCE7BE27BF67B0B7C207C5C
:10709400357C4B7C617C777C8E7CA57CBC7CD37CF2
:1070A400EA7C027D197D317D497D617D7A7D927D09
:1070B400AA7DC27DDB7DF37D0B7E237E3C7E547EE8
:1070C4006C7E837E9B7EB37ECA7EE27EF97E107FD9
:1070D400277F3D7F547F6A7F807F967FAB7FC07F11
:1070E400D67FEA7FEA7F0000000001010202030369
:1070F4000404050506060707080809090A0A0B0B14
:107104000C0C0D0D0E0E0F0F101011111212131383
:107114001414151516161717181819191A1A1B1BF3
:107124001C1C1D1D1E1E1F1F202021212222232363
:107134002424252526262727282829292A2A2B2BD3
:107144002C2C2D2D2E2E2F2F303031313232333343
:107154003434353536363737383839393A3A3B3BB3
:107164003C3C3D3D3E3E3F3F404041414242434323
:107174004444454546464747484849494A4A4B4B93
:107184004C4C4D4D4E4E4F4F505051515252535303
:107194005454555556565757585859595A5A5B5B73
:1071A4005C5C5D5D5E5E5F5F6060616162626363E3
:1071B4006464656566666767686869696A6A6B6B53
:1071C4006C6C6D6D6E6E6F6F7070717172727373C3
:1071D4007474757576767777787879797A7A7B7B33
:1071E4007C7C7D7D7E7E7F7F8080818182828383A3
:1071F4008484858586868787888889898A8A8B8B13
:107204008C8C8D8D8E8E8F8F909091919292939382
:107214009494959596969797989899999A9A9B9BF2
:107224009C9C9D9D9E9E9F9FA0A0A1A1A2A2A3A362
:10723400A4A4A5A5A6A6A7A7A8A8A9A9AAAAABABD2
:10724400ACACADADAEAEAFAFB0B0B1B1B2B2B3B342
:10725400B4B4B5B5B6B6B7B7B8B8B9B9BABABBBBB2
:10726400BCBCBDBDBEBEBFBFC0C0C1C1C2C2C3C322
:10727400C4C4C5C5C6C6C7C7C8C8C9C9CACACBCB92
:10728400CCCCCDCDCECECFCFD0D0D1D1D2D2D3D302
:10729400D4D4D5D5D6D6D7D7D8D8D9D9DADADBDB72
:1072A400DCDCDDDDDEDEDFDFE0E0E1E1E2E2E3E3E2
:1072B400E4E4E5E5E6E6E7E7E8E8E9E9EAEAEBEB52
:1072C400ECECEDEDEEEEEFEFF0F0F1F1F2F2F3F3C2
:1072D400F4F4F5F5F6F6F7F7F8F8F9F9FAFAFBFB32
:1072E400FCFCFDFDFEFEFFFFFFFF00000180BE81F0
:1072F40077832A85D7868088248AC38B5D8DF28E16
:1073040083900E929593189595960E988399F39A77
:107314005E9CC69D299F87A0E1A138A389A4D7A517
:1073240021A767A8A8A9E6AA20AC56AD88AEB6AF37
:10733400E1B007B22AB34AB466B57EB693B7A4B82F
:10734400B2B9BCBAC3BBC7BCC7BDC4BEBEBFB4C060
:10735400A8C198C285C36FC456C53AC61BC7F9C72E
:10736400D5C8ADC982CA55CB25CCF2CCBDCD84CE0F
:1073740049CF0CD0CCD089D143D2FCD2B1D365D47F
:1073840015D5C4D570D619D7C1D766D809D9A9D906
:1073940047DAE3DA7DDB15DCABDC3EDDD0DD5FDE36
:1073A400EDDE78DF02E089E00FE193E115E294E29B
:1073B40013E38FE309E482E4F9E46EE5E2E554E6DD
:1073C400C4E633E7A0E70BE875E8DDE843E9A9E99B
:1073D4000CEA6EEACFEA2EEB8CEBE8EB43EC9DEC87
:1073E400F5EC4CEDA1EDF5ED48EE9AEEEAEE39EF51
:1073F40087EFD4EF1FF06AF0B3F0FBF041F187F1AF
:10740400CCF10FF252F293F2D3F213F351F38EF361
:10741400CBF306F440F47AF4B2F4E9F420F556F52B
:107424008BF5BEF5F1F524F655F686F6B5F6E4F6D9
:1074340012F740F76CF798F7C3F7EDF717F840F831
:1074440068F88FF8B6F8DCF802F926F94AF96EF90B
:1074540091F9B3F9D5F9F6F916FA36FA55FA74FA38
:1074640092FAAFFACCFAE9FA05FB20FB3BFB56FB98
:1074740070FB89FBA2FBBBFBD3FBEAFB02FC18FC01
:107484002FFC44FC5AFC6FFC84FC98FCACFCBFFC55
:10749400D2FCE5FCF7FC09FD1BFD2CFD3DFD4DFD7B
:1074A4005EFD6DFD7DFD8CFD9BFDAAFDB8FDC6FD59
:1074B400D4FDE1FDEFFDFCFD08FE15FE21FE2DFED1
:1074C40038FE43FE4FFE59FE64FE6FFE79FE83FED6
:1074D4008CFE96FE9FFEA8FEB1FEBAFEC2FECBFE57
:1074E400D3FEDBFEE3FEEAFEF2FEF9FE00FF07FF39
:1074F4000EFF14FF1BFF21FF27FF2DFF33FF39FF72
:107504003EFF44FF49FF4EFF53FF58FF5DFF62FFFC
:1075140066FF6BFF6FFF73FF78FF7CFF7FFF83FFC6
:1075240087FF8BFF8EFF92FF95FF98FF9BFF9FFFC6
:10753400A2FFA5FFA7FFAAFFADFFB0FFB2FFB5FFF3
:10754400B7FFB9FFBCFFBEFFC0FFC2FFC4FFC6FF49
:10755400C8FFCAFFCCFFCEFFCFFFD1FFD3FFD4FFBC
:10756400D6FFD7FFD9FFDAFFDBFFDDFFDEFFDFFF4A
:10757400E0FFE1FFE3FFE4FFE5FFE6FFE7FFE8FFED
:10758400E9FFE9FFEAFFEBFFECFFEDFFEDFFEEFFA4
:10759400EFFFF0FFF0FFF1FFF1FFF2FFF3FFF3FF66
:1075A400F4FFF4FFF5FFF5FFF6FFF6FFF6FFF7FF34
:1075B400F7FFF8FFF8FFF8FFF9FFF9FFF9FFFAFF0B
:1075C400FAFFFAFFFAFFFBFFFBFFFBFFFBFFFCFFE9
:1075D400FCFFFCFFFCFFFCFFFDFFFDFFFDFFFDFFCB
:1075E400FDFFFDFFFEFFFEFFFEFFFEFFFEFFFEFFB1
:1075F400FEFFFEFFFEFFFEFFFFFFFFFFFFFFFFFF9B
:10760400FFFFFFFFFFFFFFFFFFFFFFFFFFFFFFFF86
:10761400FFFFFFFFFFFFFFFFFFFF00000000000070
:107624000000000000000000000000000000000056
:107634000000000000000000000000000000000046
:107644000000000000000000000000000000000036
:107654000000000000000000000000000000000026
:107664000000000000000000000000000000000016
:107674000000000000000000000000000000000006
:1076840000000000000000000000000000000000F6
:1076940000000000000000000000000000000000E6
:1076A40000000000000000000000000000000000D6
:1076B40000000000000000000000000000000000C6
:1076C40000000000000000000000000000000000B6
:1076D40000000000000000000000000000000000A6
:1076E4000000000000000000000000000000000096
:1076F4000000000000000000000000000000000086
:107704000000000000000000000000000000000075
:107714000000000000000000000000000000000065
:107724000000000000000000000000000000000055
:107734000000000000000000000000000000000045
:107744000000000000000000000000000000000035
:107754000000000000000000000000000000000025
:107764000000000000000000000000000000000015
:107774000000000000000000000000000000000005
:1077840000000000000000000000000000000000F5
:1077940000000000000000000000000000000000E5
:1077A40000000000000000000000000000000000D5
:1077B40000000000000000000000000000000000C5
:1077C40001000100010001000100010001000100AD
:1077D400010001000100010001000100010001009D
:1077E4000100020002000200020002000200020086
:1077F4000200020002000300030003000300030070
:107804000300040004000400040004000500050053
:107814000500050006000600060006000700070034
:107824000700080008000800090009000A000A000F
:107834000A000B000B000C000C000D000D000E00E4
:107844000F000F00100010001100120013001300AD
:1078540014001500160017001700180019001A006C
:107864001B001C001D001F0020002100220023001B
:1078740025002600270029002A002C002D002F00B7
:10788400310032003400360038003A003C003E003B
:10789400400042004400470049004B004E005000A5
:1078A4005300560059005B005E00610065006800EB
:1078B4006B006E007200750079007D008100840009
:1078C40088008D00910095009A009E00A300A800F6
:1078D400AD00B200B700BC00C200C700CD00D300A9
:1078E400D900DF00E500EC00F200F9000001070117
:1078F4000E0116011D0125012D0135013E01460130
:107904004F01580161016A0174017D0187019101F0
:107914009C01A701B101BD01C801D301DF01EB0145
:10792400F801040211021F022C023A024802560214
:107934006502740283029302A202B302C302D40258
:10794400E502F70209031B032E03410354036803F2
:107954007C039103A603BC03D103E803FE031604CE
:107964002D0445045E0477049004AA04C504E004CD
:10797400FB041705340551056E058C05AB05CA05D6
:10798400EA050A062B064D066F069206B606DA06C7
:10799400FE0624074A0771079807C007E90713087A
:1079A4003D0868089408C008EE081C094B097A09C8
:1079B400AB09DC090F0A420A750AAA0AE00A170B86
:1079C4004E0B860BC00BFA0B350C720CAF0CED0C86
:1079D4002D0D6D0DAE0DF10D340E790EBF0E050F8C
:1079E4004D0F960FE10F2C107910C7101611661168
:1079F400B8110B125F12B4120B136313BD131814D6
:107A04007414D21431159215F4155716BD16231794
:107A14008B17F5176018CD183C19AC191E1A921A59
:107A2400071B7E1BF71B711CED1C6C1DEB1D6D1ED3
:107A3400F11E771FFE1F88201321A1213022C222AC
:107A44005523EB2383241D25B9255726F7269A278A
:107A54003F28E72890293C2AEB2A9B2B4F2C042D06
:107A6400BD2D772E342FF42FB7307C3143320E33B3
:107A7400DB33AB347E3553362B370738E538C6391C
:107A8400AA3A913B7B3C683D583E4C3F42403C41C6
:107A9400394239433D4444454E465C476D4882492A
:107AA4009A4AB64BD64CF94D1F4F4A507851AA52B8
:107AB400E0531A5558569957DF58295A775BC85CD2
:107AC4001F5E795FD7603A62A2630D657D66F267D7
:107AD4006B69E86A6B6CF26D7D6F0E71A3723D7415
:107AE400DC7580772979D67A897C427E427E0000D3
:107AF4000000000000000000000000000000000082
:107B04000000000001000100020003000400050061
:107B14000600080009000B000E00100013001600F8
:107B240019001D00210025002A00300035003B000B
:107B3400420049005100590062006B00750080004A
:107B44008B009700A400B100BF00CE00DE00EE0061
:107B540000011201250139014E0163017A019201EC
:107B6400AB01C501E001FC0119023702570277029B
:107B74009902BC02E10207032E0356038003AB0300
:107B8400D8030604350467049904CE0403053B05B1
:107B94007405AF05EB0529066906AB06EF06340745
:107BA4007C07C50710085D08AC08FE085109A60942
:107BB400FD09570AB30A110B710BD30B380C9F0C38
:107BC400080D740DE20D530EC60E3B0FB30F2E10AD
:107BD400AB102B11AD113212BA124513D213621429
:107BE400F5148B152416C0165F170018A5184D1927
:107BF400F819A61A571B0B1CC31C7E1D3C1EFD1E28
:107C0400C21F8A2056212522F722CD23A7248425AA
:107C14006526492731281D290D2A002BF72BF32C23
:107C2400F12DF42EFB2F0631153228333F345A350B
:107C340079369D37C438F039213B553C8E3DCC3ED6
:107C44000D4054419E42EE4342459A46F7475949F6
:107C5400C04A2B4C9C4D114F8A5009528D531555D7
:107C6400A3563658CE596B5B0D5DB45E60601262EC
:107C7400C963866548670F69DB6AAD6C856E62709F
:107C840045722E741C760F78097A087C0E7E198052
:107C9400298240845D868088A98AD88C0D8F48917A
:107CA4008993D1951F98739ACE9C2F9F96A104A473
:107CB40079A6F3A875ABFDAD8CB021B3BEB561B8A0
:107CC4000ABBBBBD73C031C3F6C5C3C896CB71CE66
:107CD40053D13CD42CD723DA22DD28E035E34AE61D
:107CE40066E989ECB4EFE7F222F663F9ADFCFFFF35
:107CF400FFFF0000000002000900160027003D00FD
:107D0400580078009D00C700F6002A016201A00116
:107D1400E20129027502C6021C037603D6033A0463
:107D2400A20410058205FA057506F6067B07050808
:107D340093082609BE095A0AFB0AA00B4A0CF80C40
:107D4400AA0D610E1D0FDC0FA01069113512061368
:107D5400DB13B41492157316591742183019211AEB
:107D6400171B101C0D1D0E1E131F1C20282138224A
:107D74004B2362247D259B26BC27E1280A2A352B28
:107D8400642C962DCC2E04303F317E32BF33043523
:107D94004B369537E238323A843BDA3C313E8B3FFE
:107DA400E8404742A9430C457246DB474549B24A7D
:107DB400204C914D034F7850EE516653E0545B567E
:107DC400D8575759D75A595CDB5D605FE5606C62E0
:107DD400F4637C65066791681D6AAA6B376DC56E8E
:107DE4005470E3717373047594762678B779497B7C
:107DF400DB7C6D7EFF7F91812383B5844786D887A2
:107E04006A89FA8A8B8C1B8EAA8F3991C7925494F3
:107E1400E1956D97F898829A0A9C929D199F9EA06D
:107E240023A2A5A327A5A7A626A8A3A91EAB98AC01
:107E340010AE86AFFBB06DB2DEB34CB5B9B623B8A5
:107E44008CB9F2BA55BCB7BD16BF73C0CDC124C33B
:107E54007AC4CCC51CC769C8B3C9FACA3FCC80CDA3
:107E6400BFCEFACF32D168D29AD3C9D4F4D51DD7B4
:107E740042D863D981DA9CDBB3DCC6DDD6DEE2DF2F
:107E8400EBE0F0E1F1E2EEE3E7E4DDE5CEE6BCE7CA
:107E9400A5E88BE96CEA4AEB23ECF8ECC9ED95EE26
:107EA4005EEF22F0E1F09DF154F206F3B4F35EF4D8
:107EB40003F5A4F540F6D8F66BF7F9F783F808F95B
:107EC40089F904FA7CFAEEFA5CFBC4FB28FC88FC12
:107ED400E2FC38FD89FDD5FD1CFE5EFE9CFED4FE51
:107EE40008FF37FF61FF86FFA6FFC1FFD7FFE8FF4A
:107EF400F5FFFCFFFCFF0000AAAAAA0A1109AB09BE
:107F04002311C7087660FB077B0A4507E986A106AB
:107F1400FDA20E0616758A054452130579C5A704F9
:107F24000E8846046D7BEE03A9A39E03E12256034B
:107F340054351403F82DD8029973A102567E6F02AA
:107F44007BD54102A20D180215C7F1016CACCE011C
:107F54004C71AE0163D19001708F75017A745C012C
:107F64001B4F4501DEF22F01B4371C0179F90901D9
:107F74008B17F9006574E9004FF5DA001282CD0021
:107F8400B404C1003F69B5008E9DAA001D91A000F4
:107F9400DE349700187B8E0044578600EDBD7E00CA
:107FA4009DA47700BC01710082CC6A00E2FC6400ED
:107FB400778B5F0078715A00A5A85500402B5100BB
:107FC40000F44C0005FE4800D14445003CC4410087
:107FD40074783E00EC5D3B0060713800C7AF35003B
:107FE4005116330067A230009C512E00B5212C009D
:107FF4009E102A00671C2800444326008B8324001B
:10800400ACDB2200354A2100CDCD1F0030651E00B7
:10801400330F1D00BCCA1B00C6961A005C721900FF
:10802400975C1800A3541700B7591600166B150077
:108034001188140003B0130051E212006B1E1200E9
:10804400C7631100E7B110005208100097660F00D3
:108054004BCC0E000C390E007AAC0D003E260D0000
:1080640004A60C007D2B0C0060B60B0066460B00CA
:108074004FDB0A00DA740A00CE120A00F4B40900D5
:10808400175B0900050509008FB208008A63080020
:10809400CB1708002BCF070084890700B2460700DE
:1080A400940607000BC90600F68D06003B55060032
:1080B400BD1E060063EA050014B80500B887050074
:1080C4003B590500862C05008501050027D80400CE
:1080D40057B00400068A0400236504009E4104008E
:1080E400681F040074FE0300B4DE03001AC003001A
:1080F4009CA203002C860300C06A03004E500300B8
:10810400CB3603002E1E03006D0603007FEF020032
:108114005DD90200FDC3020059AF02006A9B020050
:10812400278802008A7502008E6302002B52020027
:108134005D4102001C31020065210200311202007F
:108144007C03020041F501007CE7010028DA01000C
:1081540041CD0100C3C00100ABB40100F4A801008B
:108164009B9D01009D920100F7870100A47D010001
:10817400A3730100F16901008A6001006D570100D9
:10818400964E010003460100B23D0100A1350100F5
:10819400CD2D010034260100D41E0100AC170100CE
:1081A400B9100100FA0901006D03010010FD00007F
:1081B400E2F60000E2F000000DEB000062E50000D2
:1081C400E0DF000086DA000052D5000043D0000052
:1081D40058CB000090C60000E9C1000064BD000057
:1081E400FDB80000B6B400008CB000007FAC000005
:1081F4008DA80000B7A40000FBA00000589D00005B
:10820400CE9900005C96000000930000BC8F000033
:108214008D8C0000738900006E8600007C83000052
:108224009E800000D37D0000197B0000727800005E
:10823400DC75000056730000E07000007A6E0000E8
:10824400246C0000DC690000A3670000776500006F
:108254005A63000049610000465F00004E5D000063
:10826400635B000084590000B1570000E85500002A
:108274002A54000077520000CF500000304F000015
:108284009B4D00000F4C00008D4A00001449000073
:10829400A34700003B460000DB440000834300008A
:1082A40033420000EB400000AA3F0000713E000092
:1082B4003E3D0000123C0000ED3A0000CF390000C2
:1082C400B7380000A5370000993600009435000047
:1082D4009334000099330000A4320000B43100004C
:1082E400CA300000E42F0000042F0000282E0000F4
:1082F400512D00007E2C0000B02B0000EC0A000081
:108304004B0B0000AD0B0000120C00007B0C0000B6
:10831400E70C0000570D0000CB0D0000430E0000D9
:10832400BF0E00003F0F0000C40F00004C100000FF
:10833400DA1000006C11000004120000A01200000A
:1083440042130000E91300009614000049150000D0
:1083540002160000C1160000871700005318000021
:1083640026190000011A0000E31A0000CC1B0000CB
:10837400BD1C0000B71D0000B91E0000C41F000092
:10838400D8200000F52100001C2300004D2400002B
:1083940088250000CE2600001F2800007C2900004C
:1083A400E42A0000592C0000DA2D0000682F000098
:1083B40004310000AE320000663400002D360000A7
:1083C40003380000EA390000E13B0000E93D000009
:1083D400034000002F4200006D440000C04600002E
:1083E40026490000A14B0000324E0000DA50000084
:1083F400985300006E5600005C590000645C000055
:10840400875F0000C56200001E66000095690000D9
:108414002A6D0000DE700000B3740000A87800002C
:10842400C07C0000FC8000005C850000E289000044
:10843400908E00006693000066980000929D0000F4
:10844400EAA2000071A8000028AE000011B40000E8
:108454002CBA00007DC0000005C70000C6CD000096
:10846400C1D40000F9DB00006FE3000026EB00003C
:1084740021F3000060FB0000E7030100B90C0100D8
:10848400D6150100431F0100022901001633010023
:10849400813D0100474801006A530100ED5E01007F
:1084A400D56A010024770100DF83010007910100F0
:1084B400A29E0100B3AC01003FBB010048CA010009
:1084C400D4D90100E7E9010086FA0100B50B0200E6
:1084D4007A1D0200D92F0200D74202007A56020008
:1084E400C86A0200C67F02007A950200EBAB020064
:1084F4001FC302001DDB0200EAF302008F0D03001C
:10850400132803007D430300D65F0300247D03008A
:10851400719B0300C5BA030029DB0300A7FC030019
:10852400471F040014430400186804005E8E04000E
:10853400F0B50400D9DE040026090500E234050084
:108544001A620500DB90050032C105002DF3050019
:10855400DA260600475C060085930600A2CC0600D6
:10856400AF070700BE440700DE83070023C50700EA
:108574009F080800644E0800889608001EE1080061
:108584003C2E0900F87D090068D00900A5250A00E1
:10859400C57D0A00E3D80A0018370B0080980B0049
:1085A40035FD0B0055650C00FDD00C004D400D0051
:1085B40063B30D00602A0E0067A50E009B240F0014
:1085C4001FA80F001A301000B1BC10000E4E11008D
:1085D40059E41100BD7F12006720130084C6130004
:1085E40044721400D723150071DB15004599160059
:1085F4008A5D17007828180048FA180036D3190045
:1086040080B31A00679B1B002B8B1C0011831D0079
:1086140061831E00638C1F00629E2000ADB921009F
:1086240094DE22006C0D240089462500468A26002B
:10863400FED8270012332900E3982A00D70A2C0019
:1086440059892D00D5142F00BCAD3000825432005E
:108654009F09340092CD3500D9A03700FA83390040
:1086640080773B00F87B3D00F5913F0010BA410054
:10867400E6F443001A43460054A54800411C4B004D
:1086840096A84D000D4B50006504530066D5550067
:10869400DCBE58009DC15B0084DE5E00741662007F
:1086A400586A650022DB6800CF696C0060177000AF
:1086B400E3E473006CD377001CE47B001A18800099
:1086C40099708400D6EE880018948D00B3619200EE
:1086D400065997007A7B9C0086CAA100AD47A70083
:1086E40080F4AC009CD2B200AFE3B8007229BF00A2
:1086F400AEA5C5003E5ACC000B49D3000D74DA0078
:108704000000C90092015B022403ED03B6047E0558
:1087140047061007D907A1086A09320AFB0AC30BE6
:108724008B0C530D1B0EE30EAB0F7210391100129C
:10873400C7128E1355141B15E115A7166D173318A0
:10874400F818BD19821A461B0B1CCF1C931D561E0C
:10875400191FDC1F9F2061212322E422A623672402
:108764002725E725A72667272628E528A329612AA0
:108774001E2BDB2B982C542D102ECC2E862F413003
:10878400FB30B4316D322633DE3396344D35033647
:10879400B9366F372438D8388C393F3AF23AA43B8B
:1087A400563C073DB73D673E163FC53F73402041E9
:1087B400CD4179422543D0437A442345CC45744680
:1087C4001C47C34769480E49B349574AFA4A9D4B67
:1087D4003F4CE04C804D204EBF4E5D4FFA4F9750BA
:1087E4003351CE51685201539A533254C9545F5590
:1087F400F45589561D57B0574258D3586359F35905
:10880400815A0F5B9C5B285CB35C3D5DC65D4F5E2B
:10881400D65E5D5FE25F6760EB606E61F06171621E
:10882400F1627063EE636B64E7646265DD655666EE
:10883400CE664567BC673168A56819698B69FC69B0
:108844006C6ADB6A4A6BB76B236C8E6CF86C616D77
:10885400C96D306E956EFA6E5E6FC06F2270827055
:10886400E17040719D71F9715472AE7206735E735A
:10887400B5730A745E74B17403755475A475F37595
:1088840040768D76D87622776B77B377F9773F7811
:108894008378C678087949798979C779047A417ADD
:1088A4007C7AB57AEE7A257B5C7B917BC47BF77B03
:1088B400297C597C887CB67CE27C0E7D387D617D88
:1088C400897DB07DD57DF97D1C7E3E7E5E7E7E7E7B
:1088D4009C7EB97ED47EEF7E087F207F377F4C7FDD
:1088E400617F747F867F967FA67FB47FC17FCD7FB3
:1088F400D77FE07FE87FEF7FF57FF97FFC7FFE7F06
:10890400FF7FFE7FFC7FF97FF57FEF7FE87FE07FCD
:10891400D77FCD7FC17FB47FA67F967F867F747F0C
:10892400617F4C7F377F207F087FEF7ED47EB97EC6
:108934009C7E7E7E5E7E3E7E1C7EF97DD57DB07DF6
:10894400897D617D387D0E7DE27CB67C887C597C96
:10895400297CF77BC47B917B5C7B257BEE7AB57AA3
:108964007C7A417A047AC779897949790879C67811
:1089740083783F78F977B3776B772277D8768D76DB
:108984004076F375A47554750375B1745E740A74F6
:10899400B5735E730673AE725472F9719D71407152
:1089A400E17082702270C06F5E6FFA6E956E306EE9
:1089B400C96D616DF86C8E6C236CB76B4A6BDB6AA6
:1089C4006C6AFC698B691969A5683168BC6745677D
:1089D400CE665666DD656265E7646B64EE6370635C
:1089E400F1627162F0616E61EB606760E25F5D5F2E
:1089F400D65E4F5EC65D3D5DB35C285C9C5B0F5BE1
:108A0400815AF3596359D3584258B0571D57895660
:108A1400F4555F55C95432549A5301536852CE5198
:108A240033519750FA4F5D4FBF4E204E804DE04C6E
:108A34003F4C9D4BFA4A574AB3490E496948C347CC
:108A44001C477446CC4523457A44D0432543794298
:108A5400CD4120417340C53F163F673EB73D073DBA
:108A6400563CA43BF23A3F3A8C39D83824386F3715
:108A7400B93603364D359634DE3326336D32B43190
:108A8400FB304130862FCC2E102E542D982CDB2B0E
:108A94001E2B612AA329E52826286727A726E72570
:108AA40027256724A623E422232261219F20DC1F9B
:108AB400191F561E931DCF1C0B1C461B821ABD1971
:108AC400F81833186D17A716E1151B1555148E13D6
:108AD400C712001239117210AB0FE30E1B0E530DA7
:108AE4008B0CC30BFB0A320A6A09A108D9071007C9
:108AF40047067E05B604ED0324035B029201C90018
:108B0400000037FF6EFEA5FDDCFC13FC4AFB82FA75
:108B1400B9F9F0F827F85FF796F6CEF505F53DF4C8
:108B240075F3ADF2E5F11DF155F08EEFC7EE00EEF1
:108B340039ED72ECABEBE5EA1FEA59E993E8CDE7CE
:108B440008E743E67EE5BAE4F5E331E36DE2AAE142
:108B5400E7E024E061DF9FDEDDDD1CDD5ADC99DB2C
:108B6400D9DA19DA59D999D8DAD71BD75DD69FD56E
:108B7400E2D425D468D3ACD2F0D134D17AD0BFCFEB
:108B840005CF4CCE93CDDACC22CC6ACBB3CAFDC987
:108B940047C991C8DCC728C774C6C1C50EC55CC423
:108BA400AAC3F9C249C299C1EAC03BC08DBFE0BEA5
:108BB40033BE87BDDBBC30BC86BBDDBA34BA8CB9EE
:108BC400E4B83DB897B7F2B64DB6A9B506B563B4E7
:108BD400C1B320B380B2E0B141B1A3B006B069AF74
:108BE400CDAE32AE98ADFFAC66ACCEAB37ABA1AA7E
:108BF4000CAA77A9E3A850A8BEA72DA79DA60DA6E9
:108C04007FA5F1A464A4D8A34DA3C3A23AA2B1A1A1
:108C14002AA1A3A01EA0999F159F929E109E8F9D8E
:108C24000F9D909C129C959B199B9E9A239AAA999E
:108C34003299BB984498CF975B97E79675960496BC
:108C440094952595B6944994DD93729308939F92D5
:108C54003792D0916B910691A2904090DE8F7E8FD7
:108C64001F8FC08E638E078EAC8D528DFA8CA28CB2
:108C74004B8CF68BA28B4F8BFD8AAC8A5C8A0D8A57
:108C8400C08973892889DE8895884D880788C187BB
:108C94007D873A87F886B78677863986FC85BF85CF
:108CA40084854B851285DB84A4846F843C84098489
:108CB400D783A78378834A831E83F282C8829F82E4
:108CC400778250822B820782E481C281A2818281D1
:108CD400648147812C811181F880E080C980B4804F
:108CE4009F808C807A806A805A804C803F80338059
:108CF40029802080188011800B80078004800280E6
:108D040001800280048007800B80118018802080FD
:108D1400298033803F804C805A806A807A808C809E
:108D24009F80B480C980E080F88011812C814781C4
:108D340064818281A281C281E48107822B82508274
:108D440077829F82C882F2821E834A837883A783B4
:108D5400D78309843C846F84A484DB8412854B8587
:108D64008485BF85FC8539867786B786F8863A87F9
:108D74007D87C18707884D889588DE88288973890F
:108D8400C0890D8A5C8AAC8AFD8A4F8BA28BF68BD4
:108D94004B8CA28CFA8C528DAC8D078E638EC08E58
:108DA4001F8F7E8FDE8F4090A29006916B91D091A1
:108DB40037929F9208937293DD934994B6942595C4
:108DC400949504967596E7965B97CF974498BB98CD
:108DD4003299AA99239A9E9A199B959B129C909CCE
:108DE4000F9D8F9D109E929E159F999F1EA0A3A0DC
:108DF4002AA1B1A13AA2C3A24DA3D8A364A4F1A409
:108E04007FA50DA69DA62DA7BEA750A8E3A877A968
:108E14000CAAA1AA37ABCEAB66ACFFAC98AD32AE10
:108E2400CDAE69AF06B0A3B041B1E0B180B220B31A
:108E3400C1B363B406B5A9B54DB6F2B697B73DB89C
:108E4400E4B88CB934BADDBA86BB30BCDBBC87BDB0
:108E540033BEE0BE8DBF3BC0EAC099C149C2F9C26E
:108E6400AAC35CC40EC5C1C574C628C7DCC791C8F3
:108E740047C9FDC9B3CA6ACB22CCDACC93CD4CCE58
:108E840005CFBFCF7AD034D1F0D1ACD268D325D4BA
:108E9400E2D49FD55DD61BD7DAD799D859D919DA38
:108EA400D9DA99DB5ADC1CDDDDDD9FDE61DF24E0ED
:108EB400E7E0AAE16DE231E3F5E3BAE47EE543E6F7
:108EC40008E7CDE793E859E91FEAE5EAABEB72EC72
:108ED40039ED00EEC7EE8EEF55F01DF1E5F1ADF280
:108EE40075F33DF405F5CEF596F65FF727F8F0F83F
:108EF400B9F982FA4AFB13FCDCFCA5FD6EFE37FFD0
:108F040000000000EC740020ECAD0020F4AD002063
:108F1400FCAD002004AE00200CAE002014AE0020F6
:108F24001CAE002024AE00202CAE002034AE002065
:108F34003CAE002044AE00204CAE002054AE0020D5
:108F44005CAE002064AE00206CAE002074AE002045
:108F54007CAE002084AE00208CAE002094AE0020B5
:108F64009CAE0020A4AE0020ACAE0020B4AE002025
:108F7400BCAE0020C4AE0020CCAE0020D4AE002095
:108F8400DCAE0020E4AE0020ECAE0020F4AE002005
:108F9400FCAE002004AF00200CAF002014AF002072
:108FA4001CAF002024AF00202CAF002034AF0020E1
:108FB4003CAF002044AF00204CAF002054AF002051
:108FC4005CAF002064AF002000000000000000003F
:108FD400000000000000000000000000000000008D
:108FE400000000000000000000000000000000007D
:108FF400000600000C000000000080000001800159
:109004000002800200038003000480040005800540
:10901400000000000000000000060000070000003F
:10902400000000010002800280038004800500002B
:10903400000000000000000000000000000000002C
:10904400000600000700000000000001800180020B
:109054008003800400050000000000000000000000
:1090640000000000000000000006000007000000EF
:1090740000008000800180028003000400050000DD
:1090840000000000000000000000000000000000DC
:1090940000060000070000000000000100020003B9
:1090A4008003800480050000000000000000000030
:1090B400000000000000000000060000070000009F
:1090C400000000010002800280038004000500000B
:1090D400000000000000000000000000000000008C
:1090E400000600000700000000000001800180026B
:1090F40080030004000500000000000000000000E0
:10910400000000000000000000060000070000004E
:1091140000008000800180020003000400050000BC
:10912400000000000000000000000000000000003B
:109134000006000006000000000080010002800319
:109144008004000500000000000000000000000092
:1091540000000000000000000006000006000000FF
:10916400000080018002000380030005000000006D
:1091740000000000000000000000000000000000EB
:10918400000600000500000000000001000280034A
:109194008004000000000000000000000000000047
:1091A40000000000000000000006000005000000B0
:1091B4000000800180028003000500000000000020
:1091C400000000000000000000000000000000009B
:1091D400000600000800000000008000800100027A
:1091E400800280030004000500000000000000006D
:1091F4000000000000000000000600000500000060
:1092040000008000800280030004000000000000D1
:10921400000000000000000000000000000000004A
:1092240000060000050000000000800080018003AB
:109234000004000000000000000000000000000026
:10924400000000000000000000060000070000000D
:109254000000000180010003800300048005000079
:1092640000000000000000000000000000000000FA
:1092740000060000070000000000800000028002D9
:1092840080030004800500000000000000000000CE
:1092940000000000000000000006000007000000BD
:1092A400000080000002800280030004000500002A
:1092B40000000000000000000000000000000000AA
:1092C4000006000006000000000000010002000388
:1092D4000004000500000000000000000000000081
:1092E4000000000000000000000600000C00000068
:1092F40000007300050178010A027D020F03830355
:10930400F6038804FB048D05000000000000000043
:10931400000600000C000000000080000001800135
:10932400C00180020003800300048004000540059E
:109334000000000000000000000600000C00000017
:109344000000800000018001C0018002000380034E
:1093540000048004000580050000000000000000F7
:10936400000600000C0000000000800000018001E5
:10937400C00180020003800300044004000580054E
:1093840000000000000000000006000007000000CC
:1093940000007300EE017D028303F60371050000F3
:1093A40000000000000000000000000000000000B9
:1093B400000600000500000000008F007D0283030A
:1093C4001204000000000000000000000000000083
:1093D400000000000000000000060000060000007D
:1093E40000008F00EE01F3026C0471050000000020
:1093F4000000000000000000000000000000000069
:10940400000600000700000000007300EE01F302F4
:109414008303F60371050000000000000000000053
:10942400000000000000000000060000070000002B
:1094340000008F00EE01F3028303120471050000A3
:109444000000000000000000000000000000000018
:10945400000600000700000000000501EE017D0287
:109464008303880471050000000000000000000070
:1094740000000000000000000006000007000000DB
:10948400000005010A020F03830388048D05000010
:1094940000000000000000000000000000000000C8
:1094A40000060000070000000000E90078017D02CA
:1094B40083036C04FB0400000000000000000000B3
:1094C400000000000000000000060000070000008B
:1094D4000000050194017D02830388041705000040
:1094E4000000000000000000000000000000000078
:1094F40000060000070000000000050178017D025D
:109504008303F603FB0400000000000000000000D9
:10951400000000000000000000060000070000003A
:1095240000000501EE017D0283036C04FB040000CE
:109534000000000000000000000000000000000027
:10954400000600000800000000000501EE017D0295
:1095540083038804FB048D05000000000000000064
:1095640000000000000000000006000008000000E9
:109574000000050178017D0283036C04FB0471057E
:1095840000000000000000000000000000000000D7
:1095940000060000060000000000730078017D0250
:1095A4006C04FB0400000000000000000000000048
:1095B400000000000000000000060000060000009B
:1095C4000000050178017D0283037105000000009D
:1095D4000000000000000000000000000000000087
:1095E40000060000060000000000EE017D02830377
:1095F400F603FB040000000000000000000000006F
:10960400000000000000000000060000060000004A
:1096140000000501F30283036C04FB040000000056
:109624000000000000000000000000000000000036
:1096340000060000070000000000050178017D021B
:1096440083038804FB040000000000000000000005
:1096540000000000000000000006000007000000F9
:1096640000000501EE017D028303F603710500008D
:1096740000000000000000000000000000000000E6
:109684000006000006000000000005010A027D0239
:10969400F603FB04000000000000000000000000CE
:1096A40000000000000000000006000005000000AB
:1096B400000073007D028303FB040000000000002F
:1096C4000000000000000000000000000000000096
:1096D4000006000005000000000073007801830309
:1096E400FB04000000000000000000000000000077
:1096F400000000000000000000060000050000005B
:10970400000078017D028303FB04000000000000D8
:109714000000000000000000000000000000000045
:109724000006000005000000000078017D02F3023D
:10973400F60300000000000000000000000000002C
:109744000000000000000000000600000600000009
:1097540000007801EE017D026C04FB0400000000AF
:1097640000000000000000000000000000000000F5
:10977400518B0200558B0200598B02005D8B020055
:10978400524541445920544F000000005550444173
:10979400544500003C3C20554E43414C4942524103
:1097A400544544203E3E00003C3C202530325825A0
:1097B4003032582530325825303258253032582529
:1097C400303258203E3E0000FFFFFFFFFFFFFFFF47
:1097D400FFFFFFFFFFFFFFFF00000000424C4F426E
:1097E40020464958454400002E6C6F616465720040
:1097F4002E696E646578000068747470733A2F2F54
:109804006568326B2E6769746875622E696F2F2DD7
:109814002F3F613D2530325825303258253032589B
:109824002530325825303258253032580000000097
:109834002530325825303258253032580A253032F6
:1098440058253032582530325800000030000000CE
:109854005054520043524300504552463A000000CF
:1098640023256420253664004155442025366400B0
:1098740047465820253664004D494449253664003E
:10988400414C4C202564207573202D20252E3166F3
:10989400252500004E4F502025640000494F3A0012
:1098A40025733A2025303458202558005345513A21
:1098B40000000000434C4F434B3A2025366400001F
:1098C40025733A2025366400424C4F423A202564E1
:1098D4002025730050726F673A30782578000000B5
:1098E400426F6F746C616F6465723A3078257800EA
:1098F40050726F6753697A653A202564000000004E
:10990400455852414D3A2025644D420050726F67CC
:1099140043524333323A2030782578002530327868
:1099240000000000252E3136732025387820253597
:1099340064000000242564004154540052454C0046
:109944002E6100002E62000050617463682D25585A
:1099540000000000464F524D415420523A25640005
:10996400464F524D41542046554C4C20523A2564A2
:1099740000000000252E3136730A637263333220EF
:109984006572720A2578213D25780000637263337D
:1099940032206572720A2578213D25780000000086
:1099A400252B2E3266560000656570726F6D5F72EE
:1099B4006573746F726520256420256420307825D2
:1099C40078000000203C2D202564204F4B0A000025
:1099D400203C2D20534B495020307825780A000034
:1099E4004E4F5420454E4F554748204D454D4D4F01
:1099F40052590A2564000000524543454956494ED0
:109A0400470A25642F25640053455455503030309F
:109A1400000000004F4B20252E38730A4352433375
:109A2400323A3078255800004F4B20252E38730ADF
:109A340043524333323A3078255820523A25640051
:109A44005B20435243204641494C2030782558201E
:109A54005D00000025630000582B59002D00000014
:109A640041000000412B420042000000432B44000F
:109A7400452B46004600000047000000472B4800E5
:109A84004D4944492F5553420000000057524900A4
:109A940057524954494E472025730A43524333329F
:109AA4002025780030782578000000005550444186
:109AB40054494E472025730A4144445220257800D6
:109AC40057524954494E472025730A414444522071
:109AD400257800004352433332204D49534D4154BD
:109AE40043480000474554200000000075693A00CF
:109AF400666C6173682D666F726D61742D6B65653C
:109B0400702D70617463686573000000666C617326
:109B1400682D666F726D6174000000007265736574
:109B240074000000626C6F62730000007B226E613F
:109B34006D65223A22252E333273222C226C656EF7
:109B4400223A222564222C22707472223A2230781E
:109B54002578222C226372633332223A222558223A
:109B64007D000000736563746F7273002225782290
:109B74003A222578220000006D616368696E65737E
:109B8400000000007B226E616D65223A222573225B
:109B94002C227573616765223A20256C757D2C0033
:109BA4007B0000002276657273696F6E223A202270
:109BB400252E313673222C00226364666C61677330
:109BC400223A20223078257822000000474E442F84
:109BD4002D2D2D0043560000524E440045460000F2
:109BE40053455100656570726F6D5F73746F726574
:109BF400202564202564202D3E2025640A000000D1
:109C04002F400000252E2A73000000004F464620F6
:109C14000000000076657273696F6E2E74787400AC
:109C24002E63616C6962726174696F6E5F646174E2
:109C3400610000002320424547494E204D414C4CD1
:109C44004F43204C4F4F502025640A002320454E9B
:109C540044204D414C4C4F43204C4F4F50202564E1
:109C64000A0000005326432025303258253032584C
:109C74002530325825303258253032582530325864
:109C840000000000414343454E542D494E50555465
:109C94000000000052455345542D545249470000DA
:109CA400434C4F434B20534F555243450000000053
:109CB400545249472D494E5055540000562F4F4396
:109CC400542D494E505554005155414E54495A450E
:109CD4005200000020524F4F540000005452414E95
:109CE40053504F53450000002046494E45000000A4
:109CF4003D3D3D3D3D3D204D4F44554C4154494F24
:109D04004E53203D3D3D3D3D3D00000050415443F8
:109D1400480A524553544F524520534B49505045DD
:109D240044000000494E56414C494420504154439C
:109D340048204845414445520000000050415443E6
:109D4400480A524553544F5245204641494C4544D4
:109D5400202564003C3C3C3C204F5554204F462079
:109D640052414D203E3E3E3E000000003C3C3C3C07
:109D7400204552524F522030303030203E3E3E3E3D
:109D8400000000002020204F5554204F46204D4510
:109D94004D4F525921202000494E444558585832BD
:109DA400000000006CC00F4030000000100F0000E5
:109DB40001E6010001270000170000001200000066
:109DC4000001000014851F401AFF0000120000006B
:109DD400000000000100000018851F401BFF000068
:109DE40012000000000000000100000010851F4068
:109DF4000026FF0017000000120000000000000011
:109E040001010000010000000C851F400C851F406B
:109E1400000000006CC00F40C0000000504F000064
:109E240025E501000CFF0000130000000000000005
:109E34000000000024851F400BFF000013000000F9
:109E4400000000000000000028851F400DFF0000F6
:109E540013000000000000000000000020851F40E7
:109E64000A25240013000000120000001200000064
:109E740001020300000000001C851F4000000000D8
:109E8400000000007465726D696E61746520636121
:109E94006C6C6564207265637572736976656C7940
:109EA4000A0000007465726D696E617465206361F7
:109EB4006C6C6564206166746572207468726F7777
:109EC400696E6720616E20696E7374616E636520CC
:109ED4006F66202700000000270A00007465726D79
:109EE400696E6174652063616C6C65642077697464
:109EF400686F757420616E2061637469766520658E
:109F04007863657074696F6E0A00000020207768BA
:109F1400617428293A2020007374643A3A626164B7
:109F24005F657863657074696F6E00006261645F79
:109F340066756E6374696F6E5F63616C6C000000BC
:109F44007374643A3A6261645F616C6C6F630000BD
:109F540062617369635F737472696E673A3A5F53DF
:109F64005F6372656174650062617369635F7374D2
:109F740072696E673A3A5F535F636F6E737472759A
:109F84006374206E756C6C206E6F742076616C69DE
:109F940064000000405363616C650A25730000008F
:109FA400205452494728257329090000434C4B008B
:109FB4005B534156455D00005B4C4F41445D0000DE
:109FC4002564256300000000494E534552542D2555
:109FD4002E377300494E54004D4944490000000097
:109FE400504841534F52000025302E32665600002F
:109FF40053494E0054524900535152005354455052
:10A00400530000004E4F4953450000003E3F3F3F80
:10A014003F3F0000210000005468727500000000FA
:10A024005326482D542564005426482D5425640095
:10A034002B0000004F500000434C4B2F3100000018
:10A04400434C4B2F34000000434C4B2F313600005F
:10A05400434C4B2F33320000434C4B2F3936000016
:10A0640025732D25732D257309000000545249478B
:10A07400000000004174742E000000004465632E4B
:10A0840000000000250000005368617065000000B6
:10A09400467265712E0000005761766566726D0028
:10A0A40053524300766563746F723A3A5F4D5F7240
:10A0B40065616C6C6F635F696E7365727400000038
:10A0C400766563746F723A3A726573657276650089
:10A0D400766563746F723A3A5F4D5F646566617565
:10A0E4006C745F617070656E64000000287F0020EE
:10A0F400407A0020547F0020607A0020387A0020C3
:10A10400287F0020847A0020547F0020A87A002031
:10A11400D4790020547F0020D07A0020307A0020A7
:10A12400547F0020E07A0020F4790020547F00203E
:10A13400F47A0020307A0020547F0020087B00202D
:10A14400307A0020547F0020207B0020307A0020C9
:10A15400287F0020307B0020287F0020407B0020C7
:10A164004E31305F5F637878616269763131355F93
:10A174005F666F726365645F756E77696E644500D0
:10A184004E31305F5F637878616269763131375F71
:10A194005F636C6173735F747970655F696E666F1A
:10A1A400450000004E31305F5F6378786162697604
:10A1B4003131395F5F666F726569676E5F657863B9
:10A1C400657074696F6E45004E31305F5F637878F7
:10A1D400616269763132305F5F73695F636C6173AA
:10A1E400735F747970655F696E666F450000000087
:10A1F400537431316C6F6769635F6572726F72009B
:10A20400537431326C656E6774685F6572726F7215
:10A2140000000000537431336261645F65786365E4
:10A224007074696F6E000000537431376261645F4B
:10A2340066756E6374696F6E5F63616C6C000000B9
:10A244005374396261645F616C6C6F630000000079
:10A25400537439657863657074696F6E000000002B
:10A26400537439747970655F696E666F000000001D
:10A27400000000000000000011D7000059D70000C2
:10A2840001D8000061D3000019D4000069D3000094
:10A294000000000000000000CD1F0000B91F0000F6
:10A2A400411A0000391F0000A1200000ED1E00002B
:10A2B400351E00000000000000000000E19E0200C6
:10A2C4000000000000000000615F0000755F0000F6
:10A2D40000000000000000004936010000000000FA
:10A2E400000000000936010000000000000000002A
:10A2F400E92301009D23010000000000000000008C
:10A30400052F00000000000000000000817802001A
:10A31400B53000002D780200B93000002578020025
:10A324000000000000000000553F0100E14301006F
:10A33400A5360100D94D0100053501002D3B010072
:10A34400A5350100E93E0100012E01009D3E0100FA
:10A35400ED29010015390100412A0100712A01008B
:10A36400B52A010000000000000000000D4C0000B0
:10A37400000000000000000031BC0000BDD000005F
:10A38400D5B70000000000000000000005180060C0
:10A394000000000000000000713C02007D3C02004F
:10A3A400753C02007D3D0200ED4402001D440200A4
:10A3B4007944020019430200F93E02002D490200CB
:10A3C4008D3C0200013C0200BD450200ED3B020051
:10A3D400F13B0200F93B0200FD3B0200113F020089
:10A3E4004D470200D54602002D420200E53B020023
:10A3F400F53B02002D48020055450200F13C0200E5
:10A404000000000000000000A58D0200C9A80200A1
:10A41400C5A80200C1A80200BDA80200B9A8020094
:10A42400B5A80200B1A8020000000000000000006E
:10A43400F58902002D8E02000D830200658402005E
:10A444002D830200D183020055830200E9840200B7
:10A454008184020009830200000000000000000063
:10A4640081780200B53000002D780200B930000078
:10A47400257802000000000000000000BDE100009B
:10A4840005E2000001DF000059E20000C5DD000024
:10A49400ADDF00000000000000000000C9D600008D
:10A4A400ADD700006DD8000061D30000D9D40000FE
:10A4B40069D300000000000000000000CD1C000073
:10A4C400ED200000411A0000A51C0000451C0000FE
:10A4D4004D1F0000211D000049220000F122000050
:10A4E4000000000000000000CD1F0000B91F0000A4
:10A4F400411A0000391F0000A1200000ED1E0000D9
:10A50400351E0000000000000000000031210000A2
:10A5140071210000D51E0000A51F00005520000079
:10A524004D1E0000251F0000D51A0000B9210000AF
:10A534004D1D0000691D00005D1A0000491A00004D
:10A54400851A0000651E0000851D00008D1E000098
:10A55400D51B0000651B0000111B0000012000003A
:10A564000000000000000000E19E02002D8E0200A9
:10A57400411A0000451A0000E19E0200E19E02001B
:10A58400E19E02000000000000000000D130000045
:10A59400F13000000000000000000000914E0000B7
:10A5A40000000000000000004DEA01005DEC010025
:10A5B40021EC010069EB0100CDEB010015EB01007A
:10A5C40095EC010085ED0100C1ED01009DEE010057
:10A5D40000000000000000000D4B0200114B0200BF
:10A5E4007D490200014F0200495B0200C954020088
:10A5F4002D3202003D4B0200195B0200595C02003F
:10A6040051550200852A0200715202009D4A02003F
:10A61400A94A020071490200754902007949020001
:10A62400B54A0200D94A0200FD4A02007D4F0200E9
:10A63400214B0200554D0200C94F02009D500200FB
:10A6440000000000D47900204DCA020061CA020053
:10A65400ADC60200ADC60200DDCA02000DCA02008A
:10A66400C1CA02007DCA020041CA02000000000003
:10A67400E879002095C50200A9C50200ADC6020014
:10A68400ADC60200DDCA02000DCA02007DC602008A
:10A6940001C60200C5C50200000000000000000061
:10A6A4000D580000C1540000C5540000BDC2010093
:10A6B400D5540000E19E02000000000000000000EC
:10A6C400CD540000E1540000C9540000E19E020092
:10A6D400E19E0200E19E0200D1B7000000000000EC
:10A6E400000000000D580000C1540000C5540000D3
:10A6F400BDC20100D5540000B17C00000D8A0000E9
:10A70400218A0000B19B0000E1540000C9540000FC
:10A7140000000000000000000D580000C1540000BB
:10A72400C5540000BDC20100D5540000155C0000F2
:10A7340011580000F55B000025580000E1540000AA
:10A74400C9540000000000000000000059EE0000A1
:10A7540085F0000031EF000061D3000051E90000F2
:10A7640041FB00000000000000000000E9EE0000D2
:10A7740031F0000065F1000061D30000C9E600007B
:10A7840041FB00000000000000000000A1EE0000FA
:10A7940089EF0000D1ED000061D3000059E600000C
:10A7A40041FB0000000000000000000011EE00006A
:10A7B400DDEF0000D9F00000E1F400006DE70000D7
:10A7C400D1F10000000000000000000000000000C3
:10A7D40000000000A97C000061D30000E19E02009B
:10A7E400E19E020000000000000000000D5800007F
:10A7F400C1540000C5540000BDC20100D55400007E
:10A80400E19E02000000000000000000CD540000A2
:10A81400E1540000C954000000000000F479002055
:10A82400EDC702006DC80200E9C702000000000085
:10A83400007A00202DC80200B5C80200E9C7020052
:10A84400000000000C7A002091BD02009DBD0200B2
:10A8540095BD020000000000187A00201DBA020015
:10A8640031BA020015BA020000000000247A002068
:10A8740075BA020089BA02006DBA02000000000035
:10A884000000000059650100A1650100A97C0000D9
:10A8940061D30000B9610100B5610100BD1600007B
:10A8A400C1160000C9160000D1160000FFFFFFFF0B
:10A8B40000000000FFFFFFFF010000000200000095
:10A8C400FFFFFFFF0300000004000000FFFFFFFF85
:10A8D4000500000006000000FFFFFFFF0700000066
:10A8E400D8399D270054EA2A00A4781F007B9A17C0
:10A8F400000002000400060008000A000C000E001C
:10A90400100012001400160018001A001C001E008B
:10A914002100250029002D003100350039003D00BB
:10A924004100450049004D005100560059005D00AA
:10A9340063006B0073007B0083008B0093009B001B
:10A94400A300AB00B300BB00C300CB00D300DB000B
:10A95400E700F700070117012701370147015701F5
:10A964006701770187019701A701B701C701D701E3
:10A97400EF010F022F024F026F028F02AF02CF02CC
:10A98400EF020F032F034F036F038F03AF03CF03B4
:10A99400FF033F047F04BF04FF043F057F05BF0599
:10A9A400FF053F067F06BF06FF063F077F07BF0779
:10A9B4001F089F081F099F091F0A9F0A1F0B9F0B4F
:10A9C4001F0C9F0C1F0D9F0D1F0E9F0E1F0F9F0F1F
:10A9D4005F105F115F125F135F145F155F160F172F
:10A9E4005F185F195F1A5F1B5F1C5F1D5F1E5F1F8F
:10A9F4002C2066756E6374696F6E3A200000000047
:10AA0400617373657274696F6E20222573222066E8
:10AA140061696C65643A2066696C6520222573223D
:10AA24002C206C696E65202564257325730A00004B
:10AA34007172636F646567656E5F6D616B65416CB0
:10AA44007068616E756D6572696300006472617728
:10AA5400466F726D61744269747300006170706C4A
:10AA6400794D61736B00000066696E6465725065B0
:10AA74006E616C7479436F756E7450617474657231
:10AA84006E730000647261774C6967687446756E12
:10AA94006374696F6E4D6F64756C657300000000BC
:10AAA4007365744D6F64756C650000006765744D63
:10AAB4006F64756C6500000064726177436F646550
:10AAC400776F7264730000006765744E756D526130
:10AAD40077446174614D6F64756C657300000000A8
:10AAE40072656564536F6C6F6D6F6E436F6D7075D7
:10AAF400746544697669736F720000006F666673EB
:10AB040065745F73796D00007172636F6465676566
:10AB14006E5F6D616B654E756D65726963000000F3
:10AB2400616464456363416E64496E7465726C6507
:10AB340061766500617070656E6442697473546F08
:10AB440042756666657200006765744E756D446192
:10AB54007461436F6465776F726473006E756D43DF
:10AB6400686172436F756E7442697473000000000B
:10AB7400676574546F74616C4269747300000000FB
:10AB84007172636F646567656E5F656E636F64653C
:10AB94005365676D656E7473416476616E63656455
:10ABA400000000006765745F73796D5F6174000075
:10ABB4006765745F646174615F706F696E746572F8
:10ABC400000000007564796E6C696E6B5F6C6F6178
:10ABD400645F6D6F64756C65000000007172636F73
:10ABE400646567656E5F6973416C7068616E756DED
:10ABF40065726963000000007172636F6465676564
:10AC04006E5F6765744D6F64756C65007172636F18
:10AC1400646567656E5F67657453697A65000000F3
:10AC2400A2000000F9A2000083F9A2006E83F9A239
:10AC34004E6E83F9444E6E8315444E6E2915444E70
:10AC4400FC29154427FC29155727FC29D15727FC33
:10AC5400F5D1572734F5D157DD34F5D1C0DD34F5BE
:10AC6400DBC0DD3462DBC0DD9562DBC0999562DB5D
:10AC74003C999562433C999590433C994190433C5F
:10AC840042616C6C6F6320737563636565646564AE
:10AC9400000000002F646174612F6A656E6B696E39
:10ACA400732F776F726B73706163652F474E552DE9
:10ACB400746F6F6C636861696E2F61726D2D3131D1
:10ACC4002F7372632F6E65776C69622D6379677772
:10ACD400696E2F6E65776C69622F6C6962632F737E
:10ACE40074646C69622F6D707265632E630000007A
:10ACF4005F5F6E6577000000002020202020202068
:10AD04002020282828282820202020202020202017
:10AD14002020202020202020208810101010101027
:10AD24001010101010101010100404040404040473
:10AD3400040404101010101010104141414141410D
:10AD440001010101010101010101010101010101EF
:10AD540001010101101010101010424242424242FF
:10AD640002020202020202020202020202020202BF
:10AD74000202020210101010200000000000000067
:10AD840000000000000000000000000000000000BF
:10AD940000000000000000000000000000000000AF
:10ADA400000000000000000000000000000000009F
:10ADB400000000000000000000000000000000008F
:10ADC400000000000000000000000000000000007F
:10ADD400000000000000000000000000000000006F
:10ADE400000000000000000000000000000000005F
:10ADF400000000000000000000000000496E6669C9
:10AE04006E697479000000004E614E002F64617415
:10AE1400612F6A656E6B696E732F776F726B7370D7
:10AE24006163652F474E552D746F6F6C636861695C
:10AE34006E2F61726D2D31312F7372632F6E6577B2
:10AE44006C69622D63796777696E2F6E65776C69BB
:10AE5400622F6C6962632F7374646C69622F64740B
:10AE64006F612E6300000000494E46004E414E00C3
:10AE7400303132333435363738396162636465666C
:10AE8400000000003031323334353637383941422E
:10AE94004344454600000000286E756C6C29000090
:10AEA40030203C3D2028696E742965636C20262679
:10AEB4002028696E742965636C203C203420262682
:10AEC400207172636F646567656E5F5645525349BE
:10AED4004F4E5F4D494E203C3D2076657273696F3D
:10AEE4006E2026262076657273696F6E203C3D20A5
:10AEF4007172636F646567656E5F56455253494F5F
:10AF04004E5F4D415800000031203C3D2064656790
:10AF140072656520262620646567726565203C3D60
:10AF2400207172636F646567656E5F524545445F67
:10AF3400534F4C4F4D4F4E5F4445475245455F4D2F
:10AF44004158000030203C3D206E756D4269747399
:10AF5400202626206E756D42697473203C3D203195
:10AF6400362026262028756E7369676E6564206C0A
:10AF74006F6E672976616C203E3E206E756D426966
:10AF84007473203D3D2030003863ED3EDA0F493FB5
:10AF94005E987B3FDA0FC93F6937AC3168212233B1
:10AFA400B40F14336821A233202020202020202035
:10AFB400202020202020202020202020202020208D
:10AFC40020202020202020200CBF00200B00000087
:10AFD4000CBF00200B0000000000000018BF002080
:10AFE4000400000020BF002007000000070000004C
:10AFF40028BF00200400000030BF0020040000002F
:10B004000000000038BF00200600000038BF002008
:10B01400060000000800000040BF00200B000000F4
:10B0240040BF00200B000000080000004CBF0020BF
:10B03400050000004CBF00200500000008000000CF
:10B0440054BF00200A00000054BF00200A00000082
:10B054000800000060BF00200D00000060BF002059
:10B064000D0000000000000070BF0020030000007D
:10B0740070BF0020030000000100000074BF002026
:10B084000C00000084BF0020080000000200000043
:10B0940000000000000000000000000000000000AC
:10B0A4000000000090BF00200400000090BF0020BA
:10B0B400040000000300000098BF00200D00000001
:10B0C40098BF00200D00000004000000A8BF00206D
:10B0D40008000000A8BF00200800000000000000D5
:10B0E400B4BF002011000000B4BF00201100000014
:10B0F400000000000000000000000000000000004C
:10B10400000000000000000000000000000000003B
:10B11400000000000000000000000000000000002B
:10B12400000000000000000000000000000000001B
:10B13400C8BF002005000000C8BF002005000000B3
:10B1440000000000D0BF00200E000000D0BF00208F
:10B154000E000000000000000000000000000000DD
:10B16400000000000000000000000000E0BF00201C
:10B1740004000000E0BF00200400000009000000FB
:10B18400E8BF00200700000028BF002004000000E2
:10B1940000000000F0BF00200900000090BF002064
:10B1A4000400000005000000FCBF002012000000A5
:10B1B400FCBF002012000000060000002C920020BA
:10B1C400030000002C920020030000000000000097
:10B1D40010C000200900000010C000200900000079
:10B1E400000000001CC00020090000001CC000205A
:10B1F400090000000000000028C000200A00000030
:10B2040028C000200A0000000000000034C0002014
:10B214000400000034C00020040000000800000006
:10B224003CC00020070000003CC0002007000000D4
:10B234000000000044C000200800000044C00020BA
:10B24400080000000000000050C0002008000000BA
:10B2540050C000200800000000000000E08F002023
:10B2640011000000E08F0020110000000000000029
:10B27400E8BC0020ECBC002002000000020000003A
:10B28400F0BC0020E875002001000000020000006E
:10B29400F4BC0020F4920020020000000200000030
:10B2A40050B70020F8BC002001000000010000009D
:10B2B400FCBC0020F8BC00200100000002000000DB
:10B2C4003CB0002000BD0020080000000100000088
:10B2D4000CBD002010BD002009000000010000008A
:10B2E4001CBD002000BD002008000000010000007B
:10B2F40020BD002024BD00200A0000000200000040
:10B30400E891002030BD002002000000020000008F
:10B3140034BD002038BD0020010000000200000000
:10B324003CBD002040BD00200100000001000000E1
:10B3340044BD002048BD00200200000002000000BF
:10B344004CBD002050BD002006000000030000009A
:10B3540058BD00205CBD0020090000000100000071
:10B3640068BD00206CBD00200C000000020000003D
:10B374007CBD002080BD0020010000000100000011
:10B3840084BD0020E87500200100000002000000D8
:10B3940088BD00208CBD00200700000001000000D3
:10B3A40094BD002098BD00200200000002000000AF
:10B3B4009CBD0020BC3C00200100000002000000F5
:10B3C400A0BD0020C42E00200100000002000000E7
:10B3D400A4BD002054BD00200200000002000000B3
:10B3E400A8BD0020ACBD0020020000000200000047
:10B3F400B0BD0020B4BD0020010000000200000028
:10B40400B8BD0020BCBD0020020000000200000006
:10B41400C0BD00202C9200200300000003000000A7
:10B42400C4BD00202C920020030000000300000093
:10B43400C8BD00202C920020030000000200000080
:10B44400CCBD00202C92002003000000020000006C
:10B45400D0BD0020D4BD0020020000000200000086
:10B46400D8BD002028900020020000000100000048
:10B47400DCBD00202CBC0020010000000200000004
:10B48400EC910020E0BD002002000000020000005A
:10B49400E4BD0020E8BD002003000000020000001D
:10B4A400C09B0020ECBD0020020000000200000050
:10B4B400F0BD0020F4BD00200B00000001000000DE
:10B4C40000BE002004BE00200200000002000000B4
:10B4D40008BE00200CBE0020010000000200000095
:10B4E40010BE002014BE0020020000000200000074
:10B4F40018BE00201CBE0020020000000200000054
:10B5040020BE00203C730020010000000200000067
:10B5140024BE002080BD00200100000002000000C5
:10B5240028BE00202CBE0020020000000100000004
:10B5340030BE002034BE00200500000003000000DF
:10B544003CBE002040BE00200200000002000000BB
:10B554000CC000203C73002001000000010000002A
:10B5640044BE0020F4780020010000000100000027
:10B5740048BE00204CBE0020030000000300000071
:10B5840050BE002054BE0020020000000200000053
:10B5940058BE00205CBE0020020000000200000033
:10B5A400D4B6002060BE00200100000002000000AC
:10B5B40064BE002068BE00200200000002000000FB
:10B5C4006CBE002010790020010000000200000081
:10B5D40070BE002074BE00200300000002000000C2
:10B5E40078BE00207CBE00200200000001000000A4
:10B5F40080BE00201079002001000000010000003E
:10B6040084BE002088BE002002000000020000006A
:10B61400F0910020403D00200100000003000000E4
:10B624008CBE002090BE002002000000020000003A
:10B6340094BE002098BE0020030000000200000019
:10B644009CBE0020A0BE00201000000002000000EC
:10B65400B4BE002064790020010000000200000054
:10B66400B8BE002084700020020000000200000028
:10B67400BCBE0020C0BE0020090000000100000084
:10B68400CCBE0020C0BE0020090000000100000064
:10B69400D0BE0020D4BE00200B0000000200000039
:10B6A400E0BE0020E4BE0020030000000200000011
:10B6B4002CBD0020E8BE00200700000001000000AF
:10B6C400F0BE0020E8BE00200700000001000000DA
:10B6D400F4BE0020F8BE00200500000000000000B9
:10B6E40000BF002004BF002006000000010000008D
:10B6F4000000000000000000000000000000000046
:10B704006465636C74797065286E756C6C707472A2
:10B7140029000000202E2E2E20000000282E2E2E80
:10B72400000000002E2E2E290000000073747269A0
:10B734006E67206C69746572616C000073746400D8
:10B744005B6162693A0000003A3A00007B64656616
:10B7540061756C7420617267230000007D3A3A00C1
:10B764006175746F3A00000074656D706C61746586
:10B7740020706172616D65746572206F626A6563C1
:10B784007420666F72200000767461626C652066B6
:10B794006F72200056545420666F7220000000001F
:10B7A400636F6E737472756374696F6E20767461FF
:10B7B400626C6520666F7220000000002D696E2D9A
:10B7C4000000000074797065696E666F20666F72A0
:10B7D4002000000074797065696E666F206E616D7B
:10B7E4006520666F7220000074797065696E666FFB
:10B7F40020666E20666F7220000000006E6F6E2D52
:10B804007669727475616C207468756E6B20746FE0
:10B8140020000000636F76617269616E7420726546
:10B824007475726E207468756E6B20746F200000DE
:10B834006A61766120436C61737320666F722000C5
:10B844006775617264207661726961626C652066F5
:10B854006F722000544C5320696E69742066756EB3
:10B864006374696F6E20666F72200000544C53201D
:10B87400777261707065722066756E6374696F6E3D
:10B8840020666F72200000007265666572656E63E3
:10B89400652074656D706F726172792023000000F9
:10B8A40068696464656E20616C69617320666F7297
:10B8B400200000006E6F6E2D7472616E736163748C
:10B8C400696F6E20636C6F6E6520666F7220000076
:10B8D4005F536174200000005F416363756D000075
:10B8E4005F467261637400002C2000006F70657203
:10B8F40061746F72000000006F70657261746F7222
:10B90400200000003E280000636C000069780000FD
:10B9140071750000203A20006E6577200000000059
:10B92400756C0000756C6C00747275650000000025
:10B934006A617661207265736F75726365200000B9
:10B944006465636C74797065202800002E2E2E00C7
:10B9540074686973000000007B7061726D230000DD
:10B96400676C6F62616C20636F6E7374727563745D
:10B974006F7273206B6579656420746F200000001A
:10B98400676C6F62616C2064657374727563746F45
:10B994007273206B6579656420746F200000000069
:10B9A4007B6C616D62646128000000002923000043
:10B9B4007B756E6E616D656420747970652300001B
:10B9C400205B636C6F6E652000000000207265735D
:10B9D400747269637400000020766F6C6174696C22
:10B9E4006500000020636F6E737400002074726140
:10B9F4006E73616374696F6E5F73616665000000E6
:10BA0400206E6F657863657074000000207468723E
:10BA14006F77000026260000205F436F6D706C6511
:10BA240078000000205F496D6167696E617279007A
:10BA34003A3A2A00205F5F766563746F72280000CB
:10BA44005F474C4F42414C5F0000000028616E6F1D
:10BA54006E796D6F7573206E616D6573706163656A
:10BA6400290000006175746F000000006465636C58
:10BA740074797065286175746F29000000000042B4
:10BA8400C8801F40B8821F40080000000000004228
:10BA9400C4801F40B4821F400400000000C0004264
:10BAA40024801F4014821F401000000000C0004288
:10BAB40028801F4018821F402000000000C0004260
:10BAC4002C801F401C821F404000000000C0004228
:10BAD40034801F4024821F400001000000400042C7
:10BAE40064811F4054831F40000400000040004252
:10BAF40080811F4070831F4000000200004000420C
:10BB04007C811F406C831F40000001000040004204
:10BB140068811F4058831F40000800000040004215
:10BB24003C811F402C831F40010000000040004264
:10BB340044811F4034831F40040000000040004241
:10BB440040811F4030831F4002000000004000423B
:10BB540048811F4038831F40080000000000004255
:10BB640004811F40F4821F400000040000000042D2
:10BB740008811F40F8821F400000080000000042B6
:10BB840018811F4008831F4000008000000000420D
:10BB940014811F4004831F40000040000000004245
:10BBA40000811F40F0821F4000000200000000429C
:10BBB400FC801F40EC821F40000001000000004296
:10BBC40024811F4014831F40000000040000004231
:10BBD40028811F4018831F40000000080000004215
:10BBE4001C811F400C831F40000000010000004224
:10BBF40020811F4010831F4000000002000000420B
:10BC0400EC801F40DC821F40001000000000004256
:10BC1400F0801F40E0821F4000200000000000422E
:10BC240034811F4024831F40000000400000004274
:10BC340038811F4028831F4000000080008000429C
:10BC440094801F4084821F400000040000C0004212
:10BC540090801F4080821F400000008000800042CE
:10BC6400A8801F4098821F4000008000008000428E
:10BC7400A4801F4094821F40000040000040004206
:10BC84006C811F405C831F400010000000C0004214
:10BC940030801F4020821F4080000000004000428E
:10BCA400B0811F40A0831F400000002000400042DC
:10BCB400AC811F409C831F400000001000400042E4
:10BCC40084811F4074831F40000004000040004230
:10BCD40088811F4078831F40000008000000004254
:10BCE4002C811F401C831F400000001000000042F4
:10BCF40030811F4020831F400000002000000042CC
:10BD04000C811F40FC821F40000010000000004214
:10BD140010811F4000831F4000002000008000426B
:10BD2400C8811F40B8831F4000800000008000428B
:10BD3400C4811F40B4831F400040000000800042C3
:10BD4400C0811F40B0831F400020000000800042DB
:10BD5400BC811F40AC831F400010000000800042E3
:10BD6400D0811F40C0831F400000020000800042B9
:10BD7400CC811F40BC831F400000010000C0004272
:10BD840074801F4064821F400000000100C0004214
:10BD940080801F4070821F400000000800C00042E5
:10BDA40084801F4074821F400000001000C00042C5
:10BDB4006C801F405C821F400000400000C00042B5
:10BDC4007C801F406C821F400000000400C00042C1
:10BDD40078801F4068821F400000000200C00042BB
:10BDE40088801F4078821F40000000207172636FBA
:10BDF400646520213D204E554C4C0000287172632F
:10BE04006F646567656E5F56455253494F4E5F4D8B
:10BE1400494E202A2034202B20313729203C3D2034
:10BE2400726573756C7420262620726573756C7444
:10BE3400203C3D20287172636F646567656E5F56B0
:10BE4400455253494F4E5F4D4158202A2034202BF0
:10BE5400203137290000000069203D3D20646174D1
:10BE6400614C656E202A20380000000030203C3DE3
:10BE74002028696E74296D61736B20262620286939
:10BE84006E74296D61736B203C3D20370000000007
:10BE940062697473203E3E203135203D3D203000E0
:10BEA40062697473203E3E203138203D3D203000CD
:10BEB40050AD0020A8C5002014C6002084C5002071
:10BEC40060AD002084AD0020A8AD0020C8C50020CE
:10BED400F0C50020C8AD0020D8C800206E203C3D2D
:10BEE40020717273697A65202A2033003231203C34
:10BEF4003D20717273697A652026262071727369F8
:10BF04007A65203C3D203137372026262030203CDE
:10BF14003D20782026262078203C20717273697A8F
:10BF2400652026262030203C3D20792026262079B5
:10BF3400203C20717273697A6500000030203C3D1A
:10BF440020652026262065203C2034007172636F12
:10BF5400646567656E5F56455253494F4E5F4D4960
:10BF64004E203C3D20766572202626207665722080
:10BF74003C3D207172636F646567656E5F56455220
:10BF840053494F4E5F4D4158000000003230382075
:10BF94003C3D20726573756C74202626207265738F
:10BFA400756C74203C3D2032393634380000000072
:10BFB4007365677320213D204E554C4C207C7C20BA
:10BFC4006C656E203D3D20300000000030203C3D7B
:10BFD400206E756D4368617273202626206E756D20
:10BFE4004368617273203C3D20494E5431365F4DA5
:10BFF4004158000030203C3D206269744C656E67F6
:10C004007468202626206269744C656E6774682003
:10C014003C3D20494E5431365F4D415800000000EC
:10C0240030203C3D206363626974732026262063BC
:10C034006362697473203C3D20313600496E766139
:10C044006C6964206C6F6164206D6F646520256485
:10C054000A0000004D6F64756C65206E616D65208B
:10C0640073796D626F6C20646F65736E27742068DA
:10C074006176652074686520636F727265637420ED
:10C0840074797065210A0000284E2F4129000000B0
:10C09400020000000300000004000000060000008D
:10C0A4000400000007000000090000005B756479CB
:10C0B4006E6C696E6B20257320696E2066756E63E5
:10C0C40074696F6E2025732C206C696E652025645D
:10C0D4005D2000002A2A2A2A2A2A000034AD0020E2
:10C0E40038AD002040AD002048AD0020FB21F93FD1
:10C0F400FB2109407CD91240FB2119407A6A1F4078
:10C104007CD92240BBFD2540FB2129403A462C40E6
:10C114007A6A2F405C4731407CD932409C6B344072
:10C12400BBFD3540DB8F3740FB2139401BB43A401F
:10C134003A463C405AD83D407A6A3F404C7E4040A3
:10C144005C4741406C1042407CD942408CA2434041
:10C154009C6B4440AC344540BBFD4540CBC6464097
:10C16400DB8F4740EB584840FB214940000FC93F53
:10C17400000F494000CB9640000FC9400053FB40DC
:10C1840000CB164100ED2F41000F494100316241BF
:10C1940000537B41003A8A4100CB9641005CA341A5
:10C1A40000EDAF41007EBC41000FC94100A0D54164
:10C1B4000031E24100C2EE410053FB4100F2034270
:10C1C400003A0A420083104200CB164200141D427A
:10C1D400005C234200A5294200ED2F42003636427E
:10C1E400007E3C4200C74242000F49427172636FB5
:10C1F400646567656E5F56455253494F4E5F4D49BE
:10C204004E203C3D2076657273696F6E2026262091
:10C2140076657273696F6E203C3D207172636F6442
:10C224006567656E5F56455253494F4E5F4D4158A1
:10C23400000000007372632F71722F7172636F6458
:10C244006567656E2E63000066616C7365000000AF
:10C25400636F6465000000006461746100000000A5
:10C2640053796D626F6C2025732072656C6F636106
:10C274007465642072656C617469766520746F20DE
:10C2840025732C206F7269672076616C756520694F
:10C294007320253038582C206E65772076616C75B4
:10C2A4006520697320253038580A00000500000015
:10C2B400190000007D0000002E494F5F5354455281
:10C2C400454F0000565F4F43540000003E5452490E
:10C2D40047530000565F51545A00000040536361B5
:10C2E4006C650000303132333435363738394142E9
:10C2F400434445464748494A4B4C4D4E4F50515292
:10C30400535455565758595A2024252A2B2D2E2F2D
:10C314003A0000007465787420213D204E554C4C41
:10C324000000000074656D7020213D204E554C4C7A
:10C334000000000064696769747320213D204E5534
:10C344004C4C00006269744C656E20213D202D31F7
:10C3540000000000273027203C3D206320262620B3
:10C3640063203C3D20273927000000007265737567
:10C374006C742E6269744C656E677468203D3D2050
:10C384006269744C656E000000000000920E493C26
:10C39400B10AC93C2BC3163D2EFB483D752B7B3D92
:10C3A40004A9963D80B6AF3D36BDC83D2FBCE13DE6
:10C3B40073B2FA3D87CF093E8340163EB5AB223EA9
:10C3C400A2102F3ECF6E3B3EC2C5473E0115543EE0
:10C3D400135C603E7F9A6C3ECCCF783EC07D823E3B
:10C3E400938E883E229A8E3E32A0943E86A09A3E38
:10C3F400E59AA03E128FA63ED47CAC3EEF63B23EDB
:10C404002A44B83E491DBE3E15EFC33E53B9C93E4A
:10C41400CA7BCF3E4136D53E80E8DA3E4F92E03EBD
:10C424007533E63EBBCBEB3EEA5AF13ECBE0F63E3B
:10C43400275DFC3EE4E7003F3D9C033F824B063F03
:10C444009BF5083F6B9A0B3FDA390E3FCDD3103F73
:10C454002A68133FD9F6153FC07F183FC6021B3F19
:10C46400D17F1D3FCBF61F3F9967223F25D2243F42
:10C474005636273F1594293F4AEB2B3FDE3B2E3F90
:10C48400BB85303FC9C8323FF304353F233A373FB9
:10C494004268393F3B8F3B3FF9AE3D3F67C73F3F63
:10C4A40070D8413F01E2433F03E4453F65DE473F27
:10C4B40012D1493FF8BB4B3F029F4D3F207A4F3F7B
:10C4C4003D4D513F4918533F31DB543FE595563FAD
:10C4D4005348583F6AF2593F1A945B3F532D5D3FCE
:10C4E40005BE5E3F2146603F97C5613F5A3C633FAE
:10C4F40059AA643F880F663FD86B673F3CBF683FCB
:10C50400A7096A3F0C4B6B3F5E836C3F93B26D3F50
:10C514009ED86E3F73F56F3F0809713F5213723F07
:10C524004714733FDD0B743F0BFA743FC6DE753F4F
:10C5340007BA763FC58B773FF853783F9812793F17
:10C544009DC7793F02737A3FBE147B3FCDAC7B3FDE
:10C55400283B7C3FC9BF7C3FAC3A7D3FCCAB7D3FA1
:10C5640023137E3FB0707E3F6DC47E3F580E7F3FE5
:10C574006D4E7F3FAB847F3F0FB17F3F97D37F3FAB
:10C5840043EC7F3F11FB7F3F0000803F11FB7F3F67
:10C5940043EC7F3F97D37F3F0FB17F3FAB847F3F17
:10C5A4006D4E7F3F580E7F3F6DC47E3FB0707E3F1F
:10C5B40023137E3FCCAB7D3FAC3A7D3FC9BF7C3F6C
:10C5C400283B7C3FCDAC7B3FBE147B3F02737A3F5C
:10C5D4009DC7793F9812793FF853783FC58B773FD1
:10C5E40007BA763FC6DE753F0BFA743FDD0B743F26
:10C5F4004714733F5213723F0809713F73F56F3F3D
:10C604009ED86E3F93B26D3F5E836C3F0C4B6B3F85
:10C61400A7096A3F3CBF683FD86B673F880F663FF6
:10C6240059AA643F5A3C633F97C5613F2146603F26
:10C6340005BE5E3F532D5D3F1A945B3F6AF2593F3E
:10C644005348583FE595563F31DB543F4918533F13
:10C654003D4D513F207A4F3F029F4D3FF8BB4B3F2A
:10C6640012D1493F65DE473F03E4453F01E2433FC2
:10C6740070D8413F67C73F3FF9AE3D3F3B8F3B3FDB
:10C684004268393F233A373FF304353FC9C8323F44
:10C69400BB85303FDE3B2E3F4AEB2B3F1594293FB1
:10C6A4005636273F25D2243F9967223FCBF61F3FBA
:10C6B400D17F1D3FC6021B3FC07F183FD9F6153FEF
:10C6C4002A68133FCDD3103FDA390E3F6B9A0B3FE4
:10C6D4009BF5083F824B063F3D9C033FE4E7003F48
:10C6E400275DFC3ECBE0F63EEA5AF13EBBCBEB3E87
:10C6F4007533E63E4F92E03E80E8DA3E4136D53E61
:10C70400CA7BCF3E53B9C93E15EFC33E491DBE3E59
:10C714002A44B83EEF63B23ED47CAC3E128FA63EB0
:10C72400E59AA03E86A09A3E32A0943E229A8E3E7E
:10C73400938E883EC07D823ECCCF783E7F9A6C3EFD
:10C74400135C603E0115543EC2C5473ECF6E3B3E6E
:10C75400A2102F3EB5AB223E8340163E87CF093E42
:10C7640073B2FA3D2FBCE13D36BDC83D80B6AF3D46
:10C7740004A9963D752B7B3D2EFB483D2BC3163DEE
:10C78400B10AC93C920E493C00000000920E49BC1B
:10C79400B10AC9BC2BC316BD2EFB48BD752B7BBD8E
:10C7A40004A996BD80B6AFBD36BDC8BD2FBCE1BDE2
:10C7B40073B2FABD87CF09BE834016BEB5AB22BEA5
:10C7C400A2102FBECF6E3BBEC2C547BE011554BEDC
:10C7D400135C60BE7F9A6CBECCCF78BEC07D82BE37
:10C7E400938E88BE229A8EBE32A094BE86A09ABE34
:10C7F400E59AA0BE128FA6BED47CACBEEF63B2BED7
:10C804002A44B8BE491DBEBE15EFC3BE53B9C9BE46
:10C81400CA7BCFBE4136D5BE80E8DABE4F92E0BEB9
:10C824007533E6BEBBCBEBBEEA5AF1BECBE0F6BE37
:10C83400275DFCBEE4E700BF3D9C03BF824B06BFFF
:10C844009BF508BF6B9A0BBFDA390EBFCDD310BF6F
:10C854002A6813BFD9F615BFC07F18BFC6021BBF15
:10C86400D17F1DBFCBF61FBF996722BF25D224BF3E
:10C87400563627BF159429BF4AEB2BBFDE3B2EBF8C
:10C88400BB8530BFC9C832BFF30435BF233A37BFB5
:10C89400426839BF3B8F3BBFF9AE3DBF67C73FBF5F
:10C8A40070D841BF01E243BF03E445BF65DE47BF23
:10C8B40012D149BFF8BB4BBF029F4DBF207A4FBF77
:10C8C4003D4D51BF491853BF31DB54BFE59556BFA9
:10C8D400534858BF6AF259BF1A945BBF532D5DBFCA
:10C8E40005BE5EBF214660BF97C561BF5A3C63BFAA
:10C8F40059AA64BF880F66BFD86B67BF3CBF68BFC7
:10C90400A7096ABF0C4B6BBF5E836CBF93B26DBF4C
:10C914009ED86EBF73F56FBF080971BF521372BF03
:10C92400471473BFDD0B74BF0BFA74BFC6DE75BF4B
:10C9340007BA76BFC58B77BFF85378BF981279BF13
:10C944009DC779BF02737ABFBE147BBFCDAC7BBFDA
:10C95400283B7CBFC9BF7CBFAC3A7DBFCCAB7DBF9D
:10C9640023137EBFB0707EBF6DC47EBF580E7FBFE1
:10C974006D4E7FBFAB847FBF0FB17FBF97D37FBFA7
:10C9840043EC7FBF11FB7FBF000080BF11FB7FBF63
:10C9940043EC7FBF97D37FBF0FB17FBFAB847FBF13
:10C9A4006D4E7FBF580E7FBF6DC47EBFB0707EBF1B
:10C9B40023137EBFCCAB7DBFAC3A7DBFC9BF7CBF68
:10C9C400283B7CBFCDAC7BBFBE147BBF02737ABF58
:10C9D4009DC779BF981279BFF85378BFC58B77BFCD
:10C9E40007BA76BFC6DE75BF0BFA74BFDD0B74BF22
:10C9F400471473BF521372BF080971BF73F56FBF39
:10CA04009ED86EBF93B26DBF5E836CBF0C4B6BBF81
:10CA1400A7096ABF3CBF68BFD86B67BF880F66BFF2
:10CA240059AA64BF5A3C63BF97C561BF214660BF22
:10CA340005BE5EBF532D5DBF1A945BBF6AF259BF3A
:10CA4400534858BFE59556BF31DB54BF491853BF0F
:10CA54003D4D51BF207A4FBF029F4DBFF8BB4BBF26
:10CA640012D149BF65DE47BF03E445BF01E243BFBE
:10CA740070D841BF67C73FBFF9AE3DBF3B8F3BBFD7
:10CA8400426839BF233A37BFF30435BFC9C832BF40
:10CA9400BB8530BFDE3B2EBF4AEB2BBF159429BFAD
:10CAA400563627BF25D224BF996722BFCBF61FBFB6
:10CAB400D17F1DBFC6021BBFC07F18BFD9F615BFEB
:10CAC4002A6813BFCDD310BFDA390EBF6B9A0BBFE0
:10CAD4009BF508BF824B06BF3D9C03BFE4E700BF44
:10CAE400275DFCBECBE0F6BEEA5AF1BEBBCBEBBE83
:10CAF4007533E6BE4F92E0BE80E8DABE4136D5BE5D
:10CB0400CA7BCFBE53B9C9BE15EFC3BE491DBEBE55
:10CB14002A44B8BEEF63B2BED47CACBE128FA6BEAC
:10CB2400E59AA0BE86A09ABE32A094BE229A8EBE7A
:10CB3400938E88BEC07D82BECCCF78BE7F9A6CBEF9
:10CB4400135C60BE011554BEC2C547BECF6E3BBE6A
:10CB5400A2102FBEB5AB22BE834016BE87CF09BE3E
:10CB640073B2FABD2FBCE1BD36BDC8BD80B6AFBD42
:10CB740004A996BD752B7BBD2EFB48BD2BC316BDEA
:10CB8400B10AC9BC920E49BC00000080000000003C
:10CB9400201D9201BF2A24035D19B6047CD94706DF
:10CBA4009E5BD90749906A090568FB0A5ED38B0C22
:10CBB400E4C21B0E2B27AB0FCFF039116F10C81234
:10CBC400B17655144514E215DED96D173CB8F81842
:10CBD40026A0821A6A820B1CE54F931D7BF9191F4C
:10CBE4001C709F20C5A423227F88A6235E0C2825C1
:10CBF4008621A82628B9262885C4A329EB341F2B0F
:10CC0400BAFB982C620A112E6252872F4DC5FB3055
:10CC1400C7546E3287F2DE3357904D351420BA363E
:10CC2400B093243832DD8C39B7EEF23A70BA563C00
:10CC3400A632B83DB849173F1DF27340651ECE4178
:10CC440035C1254350CD7A448F35CD45E7EC1C479B
:10CC540065E669483315B449986CFB4AF4DF3F4CE8
:10CC6400C462814DA5E8BF4E4D65FB4F94CC335152
:10CC74006E126952F02A9B534B0ACA54D2A4F5553A
:10CC8400FAEE1D5754DD4258986464599A79825AD1
:10CC940054119D5BE020B45C7C9DC75D8A7CD75EAB
:10CCA4008DB3E35F3038EC603F00F161AC01F262B8
:10CCB4009032EF632689E864D3FBDD652081CF667B
:10CCC400BD0FBD67819EA6686C248C69A4986D6AAB
:10CCD40079F24A6B6029246CFC34F96C140DCA6D2A
:10CCE4009DA9966EB2025F6F9A102370C6CBE27054
:10CCF400D22C9E71852C5572D0C30773D1EBB573BA
:10CD0400D19D5F7445D30475CF85A5753DAF41763C
:10CD14008949D976DB4E6C7789B9FA77148484789B
:10CD24002DA90979B1238A79ADEE057A5B057D7A5F
:10CD34002363EF7A9E035D7B90E2C57BEEFB297C47
:10CD4400DE4B897CB2CEE37CEC80397D405F8A7D0A
:10CD54008F66D67DEA931D7E93E45F7EFC559D7EAF
:10CD6400C6E5D57EC491097FF657387F8F36627F3A
:10CD7400F32B877FB436A77F9655C27F8E87D87FE3
:10CD8400C0CBE97F8221F67F5A88FD7FFFFFFF7FBA
:10CD94005A88FD7F8221F67FC0CBE97F8E87D87FBA
:10CDA4009655C27FB436A77FF32B877F8F36627F79
:10CDB400F657387FC491097FC6E5D57EFC559D7E24
:10CDC40093E45F7EEA931D7E8F66D67D405F8A7D05
:10CDD400EC80397DB2CEE37CDE4B897CEEFB297C92
:10CDE40090E2C57B9E035D7B2363EF7A5B057D7ACE
:10CDF400ADEE057AB1238A792DA909791484847852
:10CE040089B9FA77DB4E6C778949D9763DAF41769B
:10CE1400CF85A57545D30475D19D5F74D1EBB573EA
:10CE2400D0C30773852C5572D22C9E71C6CBE27089
:10CE34009A102370B2025F6F9DA9966E140DCA6D8D
:10CE4400FC34F96C6029246C79F24A6BA4986D6AFD
:10CE54006C248C69819EA668BD0FBD672081CF6656
:10CE6400D3FBDD652689E8649032EF63AC01F2629E
:10CE74003F00F1613038EC608DB3E35F8A7CD75EAC
:10CE84007C9DC75DE020B45C54119D5B9A79825A05
:10CE94009864645954DD4258FAEE1D57D2A4F555EE
:10CEA4004B0ACA54F02A9B536E12695294CC3351E4
:10CEB4004D65FB4FA5E8BF4EC462814DF4DF3F4C86
:10CEC400986CFB4A3315B44965E66948E7EC1C479E
:10CED4008F35CD4550CD7A4435C12543651ECE41AD
:10CEE4001DF27340B849173FA632B83D70BA563C9C
:10CEF400B7EEF23A32DD8C39B09324381420BA36C6
:10CF040057904D3587F2DE33C7546E324DC5FB3032
:10CF14006252872F620A112EBAFB982CEB341F2B16
:10CF240085C4A32928B926288621A8265E0C28258D
:10CF34007F88A623C5A423221C709F207BF9191F78
:10CF4400E54F931D6A820B1C26A0821A3CB8F81880
:10CF5400DED96D174514E215B17655146F10C81259
:10CF6400CFF039112B27AB0FE4C21B0E5ED38B0C11
:10CF74000568FB0A49906A099E5BD9077CD9470674
:10CF84005D19B604BF2A2403201D9201000000008D
:10CF9400E0E26DFE41D5DBFCA3E649FB8426B8F94B
:10CFA40062A426F8B76F95F6FB9704F5A22C74F3E8
:10CFB4001C3DE4F1D5D854F0310FC6EE91EF37EDB6
:10CFC4004F89AAEBBBEB1DEA222692E8C44707E788
:10CFD400DA5F7DE5967DF4E31BB06CE28506E6E05E
:10CFE400E48F60DF3B5BDCDD817759DCA2F3D7DAC9
:10CFF4007ADE57D9D846D9D77B3B5CD615CBE0D45B
:10D00400460467D39EF5EED19EAD78D0B33A04CFF3
:10D0140039AB91CD790D21CCA96FB2CAECDF45C9EA
:10D02400506CDBC7CE2273C649110DC59045A9C308
:10D034005ACD47C248B6E8C0E30D8CBF9BE131BE70
:10D04400CB3EDABCB03285BB71CA32BA1913E3B82D
:10D054009B1996B7CDEA4BB6689304B50C20C0B3C0
:10D064003C9D7EB25B1740B1B39A04B06C33CCAE36
:10D0740092ED96AD10D564ACB5F535AB2E5B0AAA2E
:10D084000611E2A8AC22BDA7689B9BA666867DA577
:10D09400ACEE62A420DF4BA3846238A2768328A17D
:10D0A400734C1CA0D0C7139FC1FF0E9E54FE0D9D50
:10D0B40070CD109CDA76179B2D04229AE07E30996D
:10D0C40043F042987F61599794DB73965C6792951D
:10D0D400870DB594A0D6DB9304CB0693ECF235927E
:10D0E400635669914EFDA09066EFDC8F3A341D8F34
:10D0F4002ED3618E7BD3AA8D303CF88C2F144A8CAE
:10D104002F62A08BBB2CFB8A317A5A8AC350BE890A
:10D1140077B6268925B1938877460588EC7B7B878B
:10D12400D356F6864FDC75865311FA85A5FA8285A7
:10D13400DD9C108562FCA284701D3A841204D6839F
:10D1440022B476834E311C83147FC682C0A07582BC
:10D1540071992982166CE2816D1BA08104AA6281F7
:10D164003A1A2A813C6EF6800AA8C78071C99D804C
:10D174000DD478804CC958806AAA3D807278278083
:10D18400403416807EDE0980A6770280000000808D
:10D19400A67702807EDE098040341680727827806C
:10D1A4006AAA3D804CC958800DD4788071C99D808D
:10D1B4000AA8C7803C6EF6803A1A2A8104AA6281C2
:10D1C4006D1BA081166CE28171992982C0A07582C1
:10D1D400147FC6824E311C8322B476831204D68314
:10D1E400701D3A8462FCA284DD9C1085A5FA8285B8
:10D1F4005311FA854FDC7586D356F686EC7B7B8714
:10D204007746058825B1938877B62689C350BE89A9
:10D21400317A5A8ABB2CFB8A2F62A08B2F144A8C3A
:10D22400303CF88C7BD3AA8D2ED3618E3A341D8F7B
:10D2340066EFDC8F4EFDA09063566991ECF2359257
:10D2440004CB0693A0D6DB93870DB5945C679295C7
:10D2540094DB73967F61599743F04298E07E30994E
:10D264002D04229ADA76179B70CD109C54FE0D9DE6
:10D27400C1FF0E9ED0C7139F734C1CA0768328A1B8
:10D28400846238A220DF4BA3ACEE62A466867DA53F
:10D29400689B9BA6AC22BDA70611E2A82E5B0AAA36
:10D2A400B5F535AB10D564AC92ED96AD6C33CCAE20
:10D2B400B39A04B05B1740B13C9D7EB20C20C0B35E
:10D2C400689304B5CDEA4BB69B1996B71913E3B826
:10D2D40071CA32BAB03285BBCB3EDABC9BE131BEF7
:10D2E400E30D8CBF48B6E8C05ACD47C29045A9C3E8
:10D2F40049110DC5CE2273C6506CDBC7ECDF45C99E
:10D30400A96FB2CA790D21CC39AB91CDB33A04CF10
:10D314009EAD78D09EF5EED1460467D315CBE0D40C
:10D324007B3B5CD6D846D9D77ADE57D9A2F3D7DA75
:10D33400817759DC3B5BDCDDE48F60DF8506E6E06A
:10D344001BB06CE2967DF4E3DA5F7DE5C44707E742
:10D35400222692E8BBEB1DEA4F89AAEB91EF37ED49
:10D36400310FC6EED5D854F01C3DE4F1A22C74F371
:10D37400FB9704F5B76F95F662A426F88426B8F9EE
:10D38400A3E649FB41D5DBFCE0E26DFE00000000B2
:10D39400740000001C900020030000001C9000207A
:10D3A4000300000000000000000000006100000015
:10D3B40058BB00200E00000058BB00200E000000E7
:10D3C40068BB0020090000006200000074BB00205C
:10D3D4001100000074BB00201100000088BB002075
:10D3E4000C0000007300000098BB00200B0000003C
:10D3F400A4BB00204600000088BB00200C000000F5
:10D4040069000000ECBB00200C000000FCBB002005
:10D414003100000030BC00200D0000006F0000004F
:10D4240040BC00200C00000050BC00203100000073
:10D4340084BC00200D0000006400000094BC0020A7
:10D444000D000000A4BC002032000000D8BC002065
:10D454000E0000006E2F61006572726F7200000092
:10D464007761726E696E6700696E666F0000000016
:10D474005544594E4C494E4B5F4F4B0A0000000037
:10D484005544594E4C494E4B5F4552525F4C4F41A7
:10D49400445F554E41424C455F544F5F5849500AD2
:10D4A400000000005544594E4C494E4B5F455252C2
:10D4B4005F4C4F41445F4E4F5F4D4F52455F484173
:10D4C4004E444C45530A00005544594E4C494E4B6A
:10D4D4005F4552525F4C4F41445F494E56414C495F
:10D4E400445F4D4F44450A005544594E4C494E4BF8
:10D4F4005F4552525F4C4F41445F4455504C494341
:10D504004154455F4E414D450A00000053454D4985
:10D5140000000000494F4E4900000000444F5249AA
:10D524000000000050485259000000004C59444982
:10D53400000000004D49584F0000000041454F4C89
:10D54400000000004C4F435200000000424C552B99
:10D5540000000000424C552D0000000050454E2BA9
:10D564000000000050454E2D00000000464F4C4B7B
:10D57400000000004A4150410000000047414D4571
:10D58400000000004759505300000000415241423E
:10D5940000000000464C414D0000000057484F4C2D
:10D5A40000000000505954480000000045422F3448
:10D5B4000000000045202F340000000045412F34B6
:10D5C40000000000424841490000000047554E4118
:10D5D400000000004D4152570000000053485249DA
:10D5E40000000000505552560000000042494C41D2
:10D5F4000000000059414D41000000004B414649E4
:10D60400000000004248494D0000000044415242DD
:10D614000000000052414745000000004B48414DC6
:10D62400000000004D494D410000000050415241AE
:10D634000000000052414E470000000047414E47A1
:10D64400000000004B414D450000000050414B419B
:10D65400000000004E415442000000004B41554E72
:10D6640000000000424149520000000042544F446F
:10D67400000000004348414E000000004B544F445A
:10D68400000000004A4F47450000000043562F5653
:10D694002F4F43540000000043562F456E764765D4
:10D6A4006E5F41440000000043562F456E76476587
:10D6B4006E5F41445352000043562F4C464F0000C6
:10D6C40043562F456E76466F6C6C6F77657200001B
:10D6D4004E4F4953452F576869746550696E6B0006
:10D6E4004E4F4953452F4E45530000004E4F49536A
:10D6F400452F3830385F73717561726573000000AF
:10D704004D4944492F4D6F6E69746F7200000000DB
:10D714004D4944492F436C6F636B00004452554D8F
:10D72400532F464D2D4472756D0000004452554DE3
:10D73400532F3830386973682D4244004452554D94
:10D74400532F3830386973682D5344004452554D73
:10D75400532F3830386973682D4869486174000064
:10D764004D2D4F53432F57617665666F726D73006D
:10D774004D2D4F53432F566972742E416E616C6F59
:10D78400670000004D2D4F53432F57617665736832
:10D794006170696E670000004D2D4F53432F322D89
:10D7A4004F502D464D0000004D2D4F53432F466FD3
:10D7B400726D616E742F5044000000004D2D4F5364
:10D7C400432F4861726D6F6E696300004D2D4F5396
:10D7D400432F576176657461626C65004D2D4F531C
:10D7E400432F43686F7264004452554D532F416E6A
:10D7F400616C6F67204244004452554D532F416E73
:10D80400616C6F67205344004452554D532F416E51
:10D81400616C6F6720484832000000004452554D47
:10D82400532F416E616C6F67204848004452554D38
:10D83400532F3930396973682D4244004452554D91
:10D84400532F3930396973682D5344004452554D70
:10D85400532F436C617073004452554D532F5452EF
:10D864003930392D48694861740000004452554DDF
:10D87400532F54523930392D526964650000000029
:10D884004452554D532F5452373037004452554D5E
:10D89400532F446A656D62650000000046582F529C
:10D8A400657665726200000046582F52657665728F
:10D8B4006253430046582F5265762D446174746F49
:10D8C40072726F0046582F44656C61790000000045
:10D8D40046582F47617465642D52657665726200FF
:10D8E40046582F5265766572622D48502D4C500073
:10D8F40046582F4A5536305F63686F72757300005F
:10D904005350454543482F4C504300005350454520
:10D9140043482F53414D00004D4944492F56417807
:10D924003600000053594E54482F4478464D0000A9
:10D9340053594E54482F4478464D5F424E4B312D37
:10D944003300000053594E54482F5265736F6E6173
:10D95400746F720053594E54482F4F70656E3330B4
:10D9640033000000474E44004452554D530000001C
:10D974004D2D4F534300000053594E5448000000AE
:10D9840046580000535045454348000043230000D7
:10D9940044230000462300004723000041230000E5
:10D9A400494E534552542D3100000000494E534511
:10D9B40052542D3200000000494E534552542D3329
:10D9C40000000000494E534552542D34000000001D
:10D9D40043726173685265706F72743A000000009C
:10D9E4002020412070726F626C656D206F636375D7
:10D9F40072726564206174202873797374656D2074
:10DA040074696D65292000002020436F64652077C8
:10DA1400617320657865637574696E672066726FDB
:10DA24006D206164647265737320307800000000B7
:10DA34002020434653523A2000000000092849415F
:10DA4400434356494F4C2920496E7374727563746D
:10DA5400696F6E204163636573732056696F6C61EF
:10DA640074696F6E0000000009284441434356491D
:10DA74004F4C2920446174612041636365737320B2
:10DA840056696F6C6174696F6E00000009284D550A
:10DA94004E53544B45525229204D656D4D616E676E
:10DAA40065204661756C74206F6E20556E737461C9
:10DAB400636B696E6700000009284D53544B45524F
:10DAC4005229204D656D4D616E6765204661756C08
:10DAD40074206F6E20737461636B696E670000005D
:10DAE40009284D4C535045525229204D656D4D61C6
:10DAF4006E6765204661756C74206F6E20465020F9
:10DB04004C617A79205374617465000009284D4D85
:10DB1400415256414C4944292041636365737365FE
:10DB24006420416464726573733A203078000000A5
:10DB340020286E756C6C707472290A092020436861
:10DB440065636B20636F6465206174203078000026
:10DB5400202D2076657279206C696B656C79206163
:10DB640020627567210A09202052756E20226164A3
:10DB74006472326C696E65202D65206D79736B65F6
:10DB84007463682E696E6F2E656C662030780000B1
:10DB94002220666F722066696C656E616D65202651
:10DBA400206C696E65206E756D6265722E000000D2
:10DBB4002028537461636B2070726F626C656D29E9
:10DBC4000A092020436865636B20666F72207374B2
:10DBD40061636B206F766572666C6F77732C20615E
:10DBE4007272617920626F756E64732C2065746340
:10DBF4002E00000009284942555345525229204914
:10DC04006E737472756374696F6E20427573204508
:10DC140072726F7200000000092850524543495344
:10DC240045525229204461746120627573206572E3
:10DC3400726F72286164647265737320696E204226
:10DC440046415229000000000928494D50524543DD
:10DC540049534552522920446174612062757320EE
:10DC64006572726F72206275742061646472657388
:10DC740073206E6F742072656C6174656420746FB8
:10DC840020696E737472756374696F6E00000000AE
:10DC94000928554E53544B4552522920427573203E
:10DCA4004661756C74206F6E20756E737461636B5E
:10DCB400696E6720666F7220612072657475726E7A
:10DCC4002066726F6D20657863657074696F6E008D
:10DCD400092853544B4552522920427573204661FA
:10DCE400756C74206F6E20737461636B696E67204A
:10DCF400666F7220657863657074696F6E20656EF7
:10DD04007472790009284C535045525229204275A7
:10DD140073204661756C74206F6E204650206C61D0
:10DD24007A79207374617465207072657365727694
:10DD34006174696F6E0000000928424641525641E1
:10DD44004C494429204163636573736564204164CD
:10DD540064726573733A2030780000000928554EC8
:10DD6400444546494E5354522920556E64656669AC
:10DD74006E656420696E737472756374696F6E0086
:10DD84000928494E5653544154452920496E737409
:10DD940072756374696F6E206D616B657320696C55
:10DDA4006C6567616C20757365206F662045505300
:10DDB400522900000928494E5650432920557361C1
:10DDC4006765206661756C743A20696E76616C696A
:10DDD40064204558435F52455455524E000000009C
:10DDE40009284E4F435029204E6F20436F70726FA5
:10DDF400636573736F7200000928554E414C49479F
:10DE04004E45442920556E616C69676E65642061D6
:10DE140063636573732055736167654661756C74DC
:10DE240000000000092844495642595A45524F29D6
:10DE340020446976696465206279207A65726F008E
:10DE44002020485453523A20000000000928564527
:10DE5400435454424C2920427573204661756C74B6
:10DE6400206F6E20566563205461626C6520526594
:10DE7400616400000928464F524345442920466FF7
:10DE8400726365642048617264204661756C740035
:10DE9400202054656D706572617475726520696EB9
:10DEA40073696465207468652063686970207761AC
:10DEB4007320000020C2B0430A00000020205374E5
:10DEC40061727475702043505520636C6F636B20CE
:10DED4007370656564206973200000004D487A0AF8
:10DEE400000000004E6F2043726173682044617427
:10DEF4006120546F205265706F7274002020486F47
:10DF0400706566756C6C7920616C6C206973207720
:10DF1400656C6C2C20627574206365727461696E23
:10DF2400207479706573206F66206372617368650D
:10DF3400732063616E2774206265207265706F724E
:10DF44007465643A0000000009737475636B20699A
:10DF54006E20616E20696E66696E697465206C6FEF
:10DF64006F702028746563686E6963616C6C792CCA
:10DF7400206861726477617265207374696C6C20C7
:10DF840072756E6E696E672070726F7065726C79EF
:10DF9400290000000972656D61696E696E67206908
:10DFA4006E2061206C6F7720706F77657220736CC0
:10DFB400656570206D6F646500000000096163632E
:10DFC40065737320746F206365727461696E207069
:10DFD40065726970686572616C7320776974686FC3
:10DFE400757420746865697220636C6F636B206557
:10DFF4006E61626C6564202865672C20466C6578C8
:10E00400494F2900096368616E6765206F66204384
:10E014005055206F722062757320636C6F636B20A0
:10E02400737065656420776974686F75742075739F
:10E0340065206F6620676C697463686C6573732010
:10E044006D75780020205265626F6F74207761735C
:10E0540020636175736564206279206175746F2033
:10E064007265626F6F742061667465722066617593
:10E074006C74206F722062616420696E74657272C0
:10E0840075707420646574656374656400000000D1
:10E0940020205265626F6F7420776173206361750D
:10E0A40073656420627920736F667477617265208A
:10E0B400777269746520746F205343425F414952FB
:10E0C4004352206F7220435055206C6F636B757000
:10E0D4000000000020205265626F6F742077617326
:10E0E400206361757365642062792073656375725A
:10E0F400697479206D6F6E69746F720020205265A7
:10E10400626F6F7420776173206361757365642037
:10E11400627920706F776572206F6E2F6F6666204C
:10E12400627574746F6E000020205265626F6F74A4
:10E134002077617320636175736564206279207749
:10E1440061746368646F672031206F72203200004D
:10E1540020205265626F6F7420776173206361754C
:10E16400736564206279204A54414720626F756E5A
:10E1740064617279207363616E000000202052652F
:10E18400626F6F74207761732063617573656420B7
:10E194006279204A54414720646562756700000033
:10E1A40020205265626F6F742077617320636175FC
:10E1B400736564206279207761746368646F672093
:10E1C4003300000020205265626F6F742077617302
:10E1D400206361757365642062792074656D706570
:10E1E4007261747572652073656E736F72000000DE
:10E1F40050616E69632054656D7020457863656570
:10E20400646564205368757474696E6720446F771D
:10E214006E00000043616E20626520636175736562
:10E2240064206279204F766572636C6F636B696EEC
:10E234006720772F6F204865617473696E6B206F58
:10E2440072206F7468657220756E6B6E6F776E20C6
:10E25400726561736F6E00002020427265616463B1
:10E2640072756D6220230000207761732000000026
:10E2740020283078000000007374643A3A616C6CB2
:10E284006F6361746F720000616C6C6F6361746FB3
:10E29400720000007374643A3A62617369635F7375
:10E2A4007472696E6700000062617369635F7374FE
:10E2B40072696E67000000007374643A3A73747292
:10E2C400696E67007374643A3A62617369635F7379
:10E2D4007472696E673C636861722C207374643A6B
:10E2E4003A636861725F7472616974733C636861F4
:10E2F400723E2C207374643A3A616C6C6F6361747F
:10E304006F723C636861723E203E00007374643A2D
:10E314003A6973747265616D000000007374643A45
:10E324003A62617369635F6973747265616D3C63BA
:10E334006861722C207374643A3A636861725F7422
:10E3440072616974733C636861723E203E00000030
:10E3540062617369635F6973747265616D00000063
:10E364007374643A3A6F73747265616D00000000EF
:10E374007374643A3A62617369635F6F737472654C
:10E38400616D3C636861722C207374643A3A63680B
:10E3940061725F7472616974733C636861723E2078
:10E3A4003E00000062617369635F6F73747265613C
:10E3B4006D0000007374643A3A696F737472656136
:10E3C4006D0000007374643A3A62617369635F6953
:10E3D4006F73747265616D3C636861722C20737431
:10E3E400643A3A636861725F7472616974733C631E
:10E3F4006861723E203E000062617369635F696F09
:10E4040073747265616D0000614E0000263D00006A
:10E41400615300006161000026000000616E00008D
:10E42400616C69676E6F6620000000006177000010
:10E43400636F5F617761697420000000617A000096
:10E4440063630000636F6E73745F636173740000D1
:10E4540028290000636D00002C000000636F000099
:10E464007E000000645600002F3D00006458000048
:10E474005B2E2E2E5D3D00006461000064656C65BA
:10E4840074655B5D200000006463000064796E6164
:10E494006D69635F6361737400000000646500006C
:10E4A4002A00000064690000646C000064656C6507
:10E4B40074652000647300002E2A00006474000058
:10E4C4006476000064780000654F00005E3D000043
:10E4D400656F00005E000000657100003D3D0000B6
:10E4E400664C000066520000666C00006672000014
:10E4F400676500003E3D000067730000677400001C
:10E504005B5D00006C5300003C3C3D003C3D000062
:10E514006C6900006F70657261746F722222200052
:10E524006C7300003C3C00006C7400003C00000074
:10E534006D4900002D3D00006D4C00002A3D000097
:10E544006D6900006D6C00006D6D00002D2D0000E4
:10E554006E6100006E65775B5D0000006E65000013
:10E56400213D00006E7400006E7700006E65770038
:10E574006F5200007C3D00006F6F00007C7C000047
:10E584007C000000704C00002B3D0000706C00000B
:10E59400706D00002D3E2A00707000002B2B0000CF
:10E5A40070730000707400002D3E0000724D000076
:10E5B400253D0000725300003E3E3D0072630000A2
:10E5C4007265696E746572707265745F6361737489
:10E5D40000000000726D00007273000073500000B0
:10E5E40073697A656F662E2E2E000000735A000040
:10E5F400736300007374617469635F6361737400AF
:10E60400737300003C3D3E0073697A656F662000B9
:10E61400737A0000747200007468726F77000000EF
:10E62400747700007468726F772000007369676EF6
:10E634006564206368617200626F6F6C00000000A3
:10E64400626F6F6C65616E00636861720000000048
:10E654006279746500000000646F75626C65000087
:10E664006C6F6E6720646F75626C6500666C6F61B9
:10E67400740000005F5F666C6F61743132380000B3
:10E68400756E7369676E656420636861720000006B
:10E69400696E7400756E7369676E656420696E7463
:10E6A40000000000756E7369676E65640000000009
:10E6B4006C6F6E6700000000756E7369676E656449
:10E6C400206C6F6E670000005F5F696E74313238D2
:10E6D40000000000756E7369676E6564205F5F6992
:10E6E4006E7431323800000073686F727400000079
:10E6F400756E7369676E65642073686F7274000069
:10E70400766F69640000000077636861725F74006B
:10E714006C6F6E67206C6F6E67000000756E7369B6
:10E72400676E6564206C6F6E67206C6F6E670000A7
:10E73400646563696D616C3332000000646563690C
:10E744006D616C3634000000646563696D616C3121
:10E754003238000068616C66000000006368617212
:10E76400385F74006368617231365F7400000000C2
:10E774006368617233325F74000000004C435F438E
:10E784004F4C4C41544500004C435F435459504551
:10E79400000000004C435F4D4F4E45544152590018
:10E7A4004C435F4E554D4552494300004C435F5422
:10E7B400494D45004C435F4D455353414745530034
:10E7C400010000000000000003000000020000003F
:10E7D400080000000A0000000C000000080000000F
:10E7E4001000000010000000090000000B000000F1
:10E7F4000D0000000A0000000C0000000E000000E4
:10E8040083F9A200444E6E00FC291500D15727005D
:10E81400DD34F50062DBC0003C9995004190430073
:10E824006351FE00BBDEAB00B761C5003A6E240045
:10E83400D24D42004906E00009EA2E001C92D100A4
:10E84400EB1DFE0029B11C00E83EA700F53582004F
:10E8540044BB2E009CE98400B4267000417E5F0016
:10E86400D6913900538339009CF439008B5F8400BE
:10E8740028F9BD00F81F3B00DEFF97000F98050044
:10E88400112FEF000A5A8B006D1F6D00CF7E3600EA
:10E8940009CB2700464FB7009E663F002DEA5F0074
:10E8A400BA277500E5EBC7003D7BF100F739070097
:10E8B40092528A00FB6BEA001FB15F00085D8D0075
:10E8C400300356007BFC4600F0AB6B0020BCCF004D
:10E8D40036F49A00E3A91D005E619100081BE6006E
:10E8E40085996500A0145F008D40680080D8FF0002
:10E8F40027734D0006063100CA561500C9A87300D7
:10E904007BE260006B8CC000A2000000F9000000F4
:10E91400830000006E0000004E0000004400000070
:10E924001500000029000000FC0000002700000082
:10E9340057000000D1000000F50000003400000082
:10E94400DD000000C0000000DB00000062000000E9
:10E9540095000000990000003C0000004300000006
:10E964009000000041000000FE0000005100000083
:10E9740063000000AB000000DE000000BB000000EC
:10E98400C500000061000000B70000002400000082
:10E994006E0000003A000000420000004D0000003C
:10E9A400D2000000E0000000060000004900000062
:10E9B4002E000000EA00000009000000D100000061
:10E9C400920000001C000000FE0000001D0000007A
:10E9D400EB0000001C000000B10000002900000052
:10E9E400A70000003E000000E800000082000000D4
:10E9F40035000000F50000002E000000BB00000000
:10EA04004400000084000000E90000009C000000B5
:10EA14007000000026000000B40000005F00000049
:10EA24007E00000041000000390000009100000059
:10EA3400D6000000390000008300000053000000ED
:10EA440039000000F40000009C0000008400000075
:10EA54005F0000008B000000BD000000F900000012
:10EA6400280000003B0000001F000000F800000028
:10EA740097000000FF000000DE0000000500000019
:10EA8400980000000F000000EF0000002F000000BD
:10EA9400110000008B0000005A0000000A00000072
:10EAA4006D0000001F0000006D0000003600000033
:10EAB4007E000000CF00000027000000CB00000013
:10EAC40009000000B70000004F00000046000000ED
:10EAD4003F000000660000009E0000005F00000090
:10EAE400EA0000002D00000075000000270000006F
:10EAF400BA000000C7000000EB000000E5000000C1
:10EB0400F10000007B0000003D0000000700000051
:10EB140039000000F70000008A00000052000000E5
:10EB240092000000EA0000006B000000FB000000FF
:10EB34005F000000B10000001F0000008D00000015
:10EB44005D00000008000000560000000300000003
:10EB54003000000046000000FC0000007B000000C4
:10EB64006B000000AB000000F0000000CF000000CC
:10EB7400BC000000200000009A000000F400000027
:10EB8400360000001D000000A9000000E3000000A2
:10EB940091000000610000005E000000E60000003B
:10EBA4001B00000008000000650000009900000040
:10EBB400850000005F00000014000000A0000000B9
:10EBC40068000000400000008D000000FF0000000D
:10EBD400D8000000800000004D0000007300000019
:10EBE40027000000310000000600000006000000BD
:10EBF4001500000056000000CA0000007300000069
:10EC0400A8000000C900000060000000E20000004D
:10EC14007B000000C00000008C0000006B000000BE
:10EC24007564796E6C696E6B5F65787465726E611C
:10EC34006C5F63616C6C6F63000000007564796ED7
:10EC44006C696E6B5F65787465726E616C5F6D6123
:10EC54006C6C6F633200000025642025730A000089
:10EC6400665F6F70656E0000665F726561640000C8
:10EC7400665F74656C6C0000665F73697A6500009A
:10EC8400665F7472756E636174650000665F6C73B1
:10EC940065656B00665F636C6F736500665F7772B2
:10ECA400697465005544594E4C494E4B5F45525268
:10ECB4005F4C4F41445F4F55545F4F465F4D454D48
:10ECC4004F52590A000000005544594E4C494E4BCE
:10ECD4005F4552525F4C4F41445F494E56414C4947
:10ECE400445F5349474E0A005544594E4C494E4BD4
:10ECF4005F4552525F4C4F41445F4241445F52452D
:10ED04004C4F434154494F4E5F5441424C450A00D5
:10ED14005544594E4C494E4B5F4552525F4C4F41FE
:10ED2400445F554E4B4E4F574E5F53594D424F4CD7
:10ED34000A0000005544594E4C494E4B5F4552520F
:10ED44005F4C4F41445F52414D5F4C454E5F4C4FC9
:10ED5400570A000050726F63657373696E67206DA4
:10ED64006F64756C65206174202570206E616D651B
:10ED74006420272573272077697468206C6F616489
:10ED8400206D6F64652025640A000000416C6C6F7F
:10ED940063617465642025752062797465732066E7
:10EDA4006F72206D6F64756C652061742025700A24
:10EDB4000000000052414D206172656120666F724F
:10EDC400206D6F64756C65206174202570206973F3
:10EDD400206174202570202825752062797465735C
:10EDE400290A0000417765736F6D6521204D6F64BA
:10EDF400756C6520257020646F65736E2774206EB2
:10EE040065656420616E792052414D0A000000005E
:10EE1400436F70696564206D6F64756C65206174FF
:10EE240020257020746F2052414D2061742025707C
:10EE340020282575206279746573290A0000000072
:10EE4400436F7069656420636F646520616E64203C
:10EE540064617461206F66206D6F64756C65202534
:10EE64007020746F2052414D206174202570202839
:10EE74002575206279746573290A0000436F7069EF
:10EE840065642064617461206F66206D6F64756CC5
:10EE94006520257020746F2052414D206174202517
:10EEA4007020282575206279746573290A00000092
:10EEB4004C4F5420626173653A2025702C202E64D7
:10EEC400617461207374617274732061742025709D
:10EED4002C202E636F6465207374617274732061D7
:10EEE400742025700A000000446F6E65206C6F6109
:10EEF40064696E67206D6F64756C6520617420258C
:10EF0400700A00004170706C79696E672072656CDC
:10EF14006F636174696F6E20666F722073796D62BE
:10EF24006F6C20617420696E6465782025752C20CF
:10EF34006E616D653D25732C20747970653D256483
:10EF44002C20646174615F72656C6F633D2564207D
:10EF54006174206C6F745F6F66667365743D2575AC
:10EF64002C2076616C75653D253038580A00000008
:10EF74004170706C79696E672065787465726E2073
:10EF840072656C6F636174696F6E20666F72207353
:10EF9400796D626F6C20617420696E6465782025D8
:10EFA400752C206E616D653D2573206174206C6F36
:10EFB400745F6F66667365743D25750A0000000012
:10EFC400556E61626C6520746F207265736F6C7628
:10EFD400652072656C6F636174696F6E20666F7211
:10EFE4002065787465726E2073796D626F6C20276A
:10EFF4002573270A000000005544594E4C494E4BD6
:10F004005F4552525F494E56414C49445F4D4F440F
:10F01400554C450A00000000556E6C6F6164696EC2
:10F0240067206D6F64756C652061742025700A001B
:10F034004465616C6C6F6361746564206D656D6FAC
:10F04400727920617265612061742025700A000064
:10F0540000010000D0D600201200000000060000CD
:10F06400D02A00600A00000000020000182A006094
:10F07400B50000000007000060290060B500000032
:10F0840000220300E8D800201C0000000021030037
:10F09400B62A006009000000000300005C2900603B
:10F0A40000000000010309040CD900200000000046
:10F0B4000203090418D90020000000000303090416
:10F0C4003CD9002000000000000000000000000007
:10F0D40000000000303030303030303030303030EC
:10F0E400303030303030303030303030303030301C
:10F0F4003030303018E77172636F646567656E5F36
:10F1040056455253494F4E5F4D494E203C3D206D6C
:10F11400696E56657273696F6E202626206D696E5E
:10F1240056657273696F6E203C3D206D617856653B
:10F134007273696F6E202626206D6178566572732E
:10F14400696F6E203C3D207172636F646567656E04
:10F154005F56455253494F4E5F4D41580030203C55
:10F164003D2028696E742965636C20262620286951
:10F174006E742965636C203C3D2033202626202DA7
:10F1840031203C3D2028696E74296D61736B202603
:10F19400262028696E74296D61736B203C3D2037ED
:10F1A400006269744C656E203D3D20646174615554
:10F1B40073656442697473006269744C656E203CC3
:10F1C4003D2064617461436170616369747942696B
:10F1D4007473006269744C656E20252038203D3DAF
:10F1E400203000000000000000000000386B012007
:10F1F400A06B0120086C012000000000000000004A
:10F2040000000000000000000000000000000000FA
:10F2140000000000000000000000000000000000EA
:10F2240000000000000000000000000000000000DA
:10F2340000000000000000000000000000000000CA
:10F2440000000000000000000000000000000000BA
:10F2540000000000000000000000000000000000AA
:10F26400000000000000000000000000000000009A
:10F27400000000000000000000000000000000008A
:10F2840001000000000000000E33CDAB34126DE627
:10F29400ECDE05000B000000000000000000000090
:10F2A400000000000000000000000000000000005A
:10F2B400000000000000000000000000000000004A
:10F2C400000000000000000000000000000000003A
:10F2D400000000000000000000000000000000002A
:10F2E400000000000000000000000000000000001A
:10F2F400000000000000000000000000000000000A
:10F304000000000000000000000000000000F03FCA
:10F3140059F3F8C21F6EA501000000000000004070
:10F324006C7C00200029DE07007B9A1700003A401D
:10F33400F47600200000000000000000000000003F
:10F3440000000000000000000000000000000000B9
:10F3540000000000000000000000000000000000A9
:10F364000000000000000000000000000000000099
:10F3740000000000000000000000000000C0394050
:10F38400847600200000000000000000000000005F
:10F394000000000000000000000000000000000069
:10F3A4000000000000000000000000000000000059
:10F3B4000000000000000000000000000000000049
:10F3C400000000000000000000000000E87C0020B5
:10F3D40000000000E803000000000000107D002091
:10F3E40000000000E8030000000000000040194095
:10F3F4001CCD002000000000E8040120A804012026
:10F404000000000000000000280000004000000090
:10F414002800000040000000000000000000000080
:10F4240000000000000000000000000000000000D8
:10F4340000000000000000000000000007180000A9
:10F44400458B02000000000074C00F400C00000057
:10F45400220000000100000048851F400100000058
:10F46400300000000200000048851F40000000003A
:10F4740023000000010000004C851F400100000033
:10F48400FF000000FF00000000000000000000007A
:10F4940032024000260018007B000000FF0000003C
:10F4A40001040000FF000000F1520000FF00000012
:10F4B400FD520000FF00000009530000FF0000009F
:10F4C40015530000FF00000021530000FF0000005E
:10F4D4002D530000FF00000039530000DDC6020078
:10F4E400F9C30200FFFFFFFF0100000054B2002037
:10F4F4006CB200200076002070B200200C3F002087
:10F504005473002074B200205873002078B2002095
:10F51400407300207CB200204873002007000000E4
:10F5240003000000030000000200000003000000CC
:10F5340001000000030000000300000002000000BE
:10F544000500000003000000000300000A000000A2
:10F5540003000000020200000B0000000200000093
:10F56400010000000C000000020000000200000086
:10F574000000000000000000000000000000000087
:10F584000000000000000000000000000000000077
:10F594000000000000000000000000000000000067
:10F5A4000000000000000000000000000000000057
:10F5B4000000000000000000000000000000000047
:10F5C4000000000000000000000000000000000037
:10F5D400000000000000000000000000FFFFFFFF2B
:10F5E4000001000100010001FFFFFFFF00093D00D1
:10F5F4006502010000000000250301000000000076
:10F60400B503010000000000ED030100000000004C
:10F61400310401000000000021000000AC7400204F
:10F624006CAF002078AF002088AF002098AF002096
:10F63400A0AF0020B0AF0020C0AF0020CCAF0020AE
:10F64400E0AF0020F0AF0020FCAF00200CB00020A1
:10F654001CB000202CB0002040B0002050B000208E
:10F6640064B0002078B0002088B000209CB0002056
:10F67400ACB00020BCB00020C8B00020D8B000203E
:10F68400E8B00020FCB000200CB100201CB1002028
:10F694002CB1002038B100204CB1002060B1002012
:10F6A4006CB100207CB1002088B1002094B100200E
:10F6B400A4B10020B0B10020C0B10020D0B100201E
:10F6C400E0B10020ECB10020F8B1002004B2002029
:10F6D40010B2002024B2002034B20020FFFFFFFF4C
:10F6E40070170000C8000000FFFFFFFFA82F0000F4
:10F6F400000080BF183A0020000000000000000055
:10F7040000000000000000000000000000000000F5
:10F714003C000000000000000000000000000000A9
:10F7240000000000F0FF0190FF03909F05909F09E7
:10F73400909F0990FF09100008100008100008901D
:10F74400FF09900009907E09900009907E099000BD
:10F7540009F0FF0F0000000000000000000000009E
:10F7640000000000000000000EC0071F707C1BD0CA
:10F77400071F1C000E04000000000000000EC0075C
:10F784001F707C1BD0071F1C000E0400000000002B
:10F7940000000EC0071F707C1BD0071F1C000E0446
:10F7A4000000000000000000000000000000000055
:10F7B40000000000000000000000000000FE871FA1
:10F7C400FE4720FE2740FE2740FE2740FE2740FE3E
:10F7D4002740FE2740FE4720FE871F000000000050
:10F7E4000000000000000000000000000000000015
:10F7F400000000000000000000000000DED800DE71
:10F80400D808C6781CC67808DEDB00DEDB00000002
:10F8140000000000FCD967FCDB6F6C1B6C6CDB6CBC
:10F824006CDB6C6CDB6C6CDB6F6CDB67000000000A
:10F834000000000000000000000000008000000044
:10F844000000000080000000B86A0120804B2020E6
:10F854000000000043000000000000000000000061
:10F864000000000000000000000000000000000094
:10F874000000000043000000000000000000000041
:10F884000000000000000000000000000000000074
:10F894000000000043000000000000000000000021
:10F8A4000000000000000000000000000000000054
:10F8B4000000000043000000000000000000000001
:10F8C4000000000000000000000000000000000034
:10F8D40000000000430000000000000000000000E1
:10F8E4000000000000000000000000000000000014
:10F8F40000000000430000000000000000000000C1
:10F9040000000000000000000000000000000000F3
:10F9140000000000430000000000000000000000A0
:10F9240000000000000000000000000000000000D3
:10F93400000000002DE203009DF50300000000001C
:10F94400D8850020BC3C0020183A0020183A00203A
:10F95400183A0020183A0020183A0020183A0020DB
:10F96400183A0020183A0020183A0020FFFFFFFF41
:10F97400FFFFFFFFFFFFFFFFFFFF000001004153F8
:10F98400434949000000000000000000000000009E
:10F9940000000000000000000000000000004153CF
:10F9A400434949000000000000000000000000007E
:10F9B4000000000000000000000000000000000043
:10F9C4000000000000000000A0D20020A0D200200F
:10F9D400A8D20020A8D20020B0D20020B0D20020AB
:10F9E400B8D20020B8D20020C0D20020C0D200205B
:10F9F400C8D20020C8D20020D0D20020D0D200200B
:10FA0400D8D20020D8D20020E0D20020E0D20020BA
:10FA1400E8D20020E8D20020F0D20020F0D200206A
:10FA2400F8D20020F8D2002000D3002000D3002018
:10FA340008D3002008D3002010D3002010D30020C6
:10FA440018D3002018D3002020D3002020D3002076
:10FA540028D3002028D3002030D3002030D3002026
:10FA640038D3002038D3002040D3002040D30020D6
:10FA740048D3002048D3002050D3002050D3002086
:10FA840058D3002058D3002060D3002060D3002036
:10FA940068D3002068D3002070D3002070D30020E6
:10FAA40078D3002078D3002080D3002080D3002096
:10FAB40088D3002088D3002090D3002090D3002046
:10FAC40098D3002098D30020A0D30020A0D30020F6
:10FAD400A8D30020A8D30020B0D30020B0D30020A6
:10FAE400B8D30020B8D30020C0D30020C0D3002056
:10FAF400C8D30020C8D30020D0D30020D0D3002006
:10FB0400D8D30020D8D30020E0D30020E0D30020B5
:10FB1400E8D30020E8D30020F0D30020F0D3002065
:10FB2400F8D30020F8D3002000D4002000D4002013
:10FB340008D4002008D4002010D4002010D40020C1
:10FB440018D4002018D4002020D4002020D4002071
:10FB540028D4002028D4002030D4002030D4002021
:10FB640038D4002038D4002040D4002040D40020D1
:10FB740048D4002048D4002050D4002050D4002081
:10FB840058D4002058D4002060D4002060D4002031
:10FB940068D4002068D4002070D4002070D40020E1
:10FBA40078D4002078D4002080D4002080D4002091
:10FBB40088D4002088D4002090D4002090D4002041
:10FBC40098D4002098D40020A0D40020A0D40020F1
:10FBD400A8D40020A8D40020B0D40020B0D40020A1
:10FBE400B8D40020B8D40020C0D40020C0D4002051
:10FBF400C8D40020C8D40020D0D40020D0D4002001
:10FC0400D8D40020D8D40020E0D40020E0D40020B0
:10FC1400E8D40020E8D40020F0D40020F0D4002060
:10FC2400F8D40020F8D4002000D5002000D500200E
:10FC340008D5002008D5002010D5002010D50020BC
:10FC440018D5002018D5002020D5002020D500206C
:10FC540028D5002028D5002030D5002030D500201C
:10FC640038D5002038D5002040D5002040D50020CC
:10FC740048D5002048D5002050D5002050D500207C
:10FC840058D5002058D5002060D5002060D500202C
:10FC940068D5002068D5002070D5002070D50020DC
:10FCA40078D5002078D5002080D5002080D500208C
:10FCB40088D5002088D5002090D5002090D500203C
:10FCC40098D5002098D50020A0D50020A0D50020EC
:10FCD400A8D50020A8D50020B0D50020B0D500209C
:10FCE400B8D50020B8D50020C0D50020C0D500204C
:10FCF400C8D50020C8D50020D0D50020D0D50020FC
:10FD0400D8D50020D8D50020E0D50020E0D50020AB
:10FD1400E8D50020E8D50020F0D50020F0D500205B
:10FD2400F8D50020F8D5002000D6002000D6002009
:10FD340008D6002008D6002010D6002010D60020B7
:10FD440018D6002018D6002020D6002020D6002067
:10FD540028D6002028D6002030D6002030D6002017
:10FD640038D6002038D6002040D6002040D60020C7
:10FD740048D6002048D6002050D6002050D6002077
:10FD840058D6002058D6002060D6002060D6002027
:10FD940068D6002068D6002070D6002070D60020D7
:10FDA40078D6002078D6002080D6002080D6002087
:10FDB40088D6002088D6002090D6002090D6002037
:10FDC40098D6002098D60020FFFFFFFF0000020015
:10FDD4000000000003000000386B0120C8CA0020A6
:10FDE400C0FF2720FFFFFFFFFFFFFFFFFFFFFFFF15
:10FDF40012010002EF020140C016890480020102D0
:10FE04000301000089980200899802008998020081
:10FE14008998020089980200899802008998020052
:10FE24008998020089980200899802008998020042
:10FE34008998020089980200899802008998020032
:10FE44008998020089980200899802008998020022
:10FE54008998020089980200899802008998020012
:10FE64008998020089980200899802008998020002
:10FE740089980200899802008998020089980200F2
:10FE840089980200899802008998020089980200E2
:10FE940089980200899802008998020089980200D2
:10FEA40089980200899802008998020089980200C2
:10FEB40089980200899802008998020089980200B2
:10FEC40089980200899802008998020089980200A2
:10FED4008998020089980200899802008998020092
:10FEE4008998020089980200899802008998020082
:10FEF4008998020089980200899802008998020072
:10FF04008998020089980200899802008998020061
:10FF14008998020089980200899802008998020051
:10FF24008998020089980200899802008998020041
:10FF34008998020089980200899802008998020031
:10FF44008998020089980200899802008998020021
:10FF54008998020089980200899802008998020011
:10FF64008998020089980200899802008998020001
:10FF740089980200899802008998020089980200F1
:10FF840089980200899802008998020089980200E1
:10FF940089980200899802008998020089980200D1
:10FFA40089980200899802008998020089980200C1
:10FFB40089980200899802008998020089980200B1
:10FFC40089980200899802008998020089980200A1
:10FFD4008998020089980200899802008998020091
:10FFE4008998020089980200899802008998020081
:0CFFF40089980200899802008998020098
:02000004600595
:1000000089980200899802000000803F06ABFF0A31
:100010000002A1017508150026FF00954009018125
:1000200002954009029102C06042A20D000000400A
:100030000A036500680032006B00000022035300D1
:1000400071007500610072006500730026004300B6
:100050006900720063006C006500730020000000FE
:100060000C03000000000000000000000000000081
:100070000000000000002910040101803000000091
:100080000000000000000000000000000000000070
:100090000000000000000000000000000000000060
:1000A0000000000000000000000000000000000050
:1000B0000000000000000000000000000000000040
:1000C0000000000000000000000000000000000030
:1000D0000000000000000000000000000000000020
:1000E0000000000000000000000000000000000010
:1000F0000000000000000000000000000000000000
:1001000000000000000000000000000000000000EF
:1001100000000000000000000000000000000000DF
:1001200000000000000000000000000000000000CF
:1001300000000000000000000000000000000000BF
:1001400000000000000000000000000000000000AF
:10015000000000000000000000000000000000009F
:10016000000000000000000000000000000000008F
:10017000000000000000000000000000000000007F
:10018000000000000000000000000000000000006F
:10019000000000000000000000000000000000005F
:1001A000000000000000000000000000000000004F
:1001B000000000000000000000000000000000003F
:1001C000000000000000000000000000000000002F
:1001D000000000000000000000000000000000001F
:1001E000000000000000000000000000000000000F
:1001F00000000000000000000000000000000000FF
:1002000000000000000000000000000000000000EE
:1002100000000000000000000000000000000000DE
:1002200000000000000000000000000000000000CE
:1002300000000000000000000000000000000000BE
:1002400000000000000000000000000000000000AE
:10025000000000000000000000000000000000009E
:10026000000000000000000000000000000000008E
:10027000000000000000000000000000000000007E
:10028000000000000000000000000000000000006E
:10029000000000000000000000000000000000005E
:1002A000000000000000000000000000000000004E
:1002B000000000000000000000000000000000003E
:1002C000000000000000000000000000000000002E
:1002D000000000000000000000000000000000001E
:1002E000000000000000000000000000000000000E
:1002F00000000000000000000000000000000000FE
:1003000000000000000000000000000000000000ED
:1003100000000000000000000000000000000000DD
:1003200000000000000000000000000000000000CD
:1003300000000000000000000000000000000000BD
:1003400000000000000000000000000000000000AD
:10035000000000000000000000000000000000009D
:10036000000000000000000000000000000000008D
:10037000000000000000000000000000000000007D
:10038000000000000000000000000000000000006D
:10039000000000000000000000000000000000005D
:1003A000000000000000000000000000000000004D
:1003B000000000000000000000000000000000003D
:1003C000000000000000000000000000000000002D
:1003D000000000000000000000000000000000001D
:1003E000000000000000000000000000000000000D
:1003F00000000000000000000000000000000000FD
:1004000000000000000000000000000000000000EC
:1004100000000000000000000000000000000000DC
:1004200000000000000000000000000000000000CC
:1004300000000000000000000000000000000000BC
:1004400000000000000000000000000000000000AC
:10045000000000000000000000000000000000009C
:10046000000000000000000000000000000000008C
:10047000000000000000000000000000000000007C
:10048000000000000000000000000000000000006C
:10049000000000000000000000000000000000005C
:1004A000000000000000000000000000000000004C
:1004B000000000000000000000000000000000003C
:1004C000000000000000000000000000000000002C
:1004D000000000000000000000000000000000001C
:1004E000000000000000000000000000000000000C
:1004F00000000000000000000000000000000000FC
:1005000000000000000000000000000000000000EB
:1005100000000000000000000000000000000000DB
:1005200000000000000000000000000000000000CB
:1005300000000000000000000000000000000000BB
:1005400000000000000000000000000000000000AB
:10055000000000000000000000000000000000009B
:10056000000000000000000000000000000000008B
:10057000000000000000000000000000000000007B
:10058000000000000000000000000000000000006B
:10059000000000000000000000000000000000005B
:1005A000000000000000000000000000000000004B
:1005B000000000000000000000000000000000003B
:1005C000000000000000000000000000000000002B
:1005D000000000000000000000000000000000001B
:0405E0000000000017
:1005E400FFFFFFFFFFFFFFFFFFFFFFFFFFFFFFFF17
:1005F400FFFFFFFFFFFFFFFFFFFFFFFFFFFFFFFF07
:10060400FFFFFFFFFFFFFFFFFFFFFFFFFFFFFFFFF6
:10061400FFFFFFFFFFFFFFFFFFFFFFFFFFFFFFFFE6
:10062400FFFFFFFFFFFFFFFFFFFFFFFFFFFFFFFFD6
:10063400FFFFFFFFFFFFFFFFFFFFFFFFFFFFFFFFC6
:10064400FFFFFFFFFFFFFFFFFFFFFFFFFFFFFFFFB6
:10065400FFFFFFFFFFFFFFFFFFFFFFFFFFFFFFFFA6
:10066400FFFFFFFFFFFFFFFFFFFFFFFFFFFFFFFF96
:10067400FFFFFFFFFFFFFFFFFFFFFFFFFFFFFFFF86
:10068400FFFFFFFFFFFFFFFFFFFFFFFFFFFFFFFF76
:10069400FFFFFFFFFFFFFFFFFFFFFFFFFFFFFFFF66
:1006A400FFFFFFFFFFFFFFFFFFFFFFFFFFFFFFFF56
:1006B400FFFFFFFFFFFFFFFFFFFFFFFFFFFFFFFF46
:1006C400FFFFFFFFFFFFFFFFFFFFFFFFFFFFFFFF36
:1006D400FFFFFFFFFFFFFFFFFFFFFFFFFFFFFFFF26
:1006E400FFFFFFFFFFFFFFFFFFFFFFFFFFFFFFFF16
:1006F400FFFFFFFFFFFFFFFFFFFFFFFFFFFFFFFF06
:10070400FFFFFFFFFFFFFFFFFFFFFFFFFFFFFFFFF5
:10071400FFFFFFFFFFFFFFFFFFFFFFFFFFFFFFFFE5
:10072400FFFFFFFFFFFFFFFFFFFFFFFFFFFFFFFFD5
:10073400FFFFFFFFFFFFFFFFFFFFFFFFFFFFFFFFC5
:10074400FFFFFFFFFFFFFFFFFFFFFFFFFFFFFFFFB5
:10075400FFFFFFFFFFFFFFFFFFFFFFFFFFFFFFFFA5
:10076400FFFFFFFFFFFFFFFFFFFFFFFFFFFFFFFF95
:10077400FFFFFFFFFFFFFFFFFFFFFFFFFFFFFFFF85
:10078400FFFFFFFFFFFFFFFFFFFFFFFFFFFFFFFF75
:10079400FFFFFFFFFFFFFFFFFFFFFFFFFFFFFFFF65
:1007A400FFFFFFFFFFFFFFFFFFFFFFFFFFFFFFFF55
:1007B400FFFFFFFFFFFFFFFFFFFFFFFFFFFFFFFF45
:1007C400FFFFFFFFFFFFFFFFFFFFFFFFFFFFFFFF35
:1007D400FFFFFFFFFFFFFFFFFFFFFFFFFFFFFFFF25
:1007E400FFFFFFFFFFFFFFFFFFFFFFFFFFFFFFFF15
:1007F400FFFFFFFFFFFFFFFFFFFFFFFF0000000001
:1008040000000000000000000000000000000000E4
:1008140000000000000000000000000000000000D4
:1008240000000000000000000000000000000000C4
:1008340000000000000000000000000000000000B4
:1008440000000000000000000000000000000000A4
:100854000000000000000000000000000000000094
:100864000000000000000000000000000000000084
:100874000000000000000000000000000000000074
:100884000000000000000000000000000000000064
:100894000000000000000000000000000000000054
:1008A4000000000000000000000000000000000044
:1008B4000000000000000000000000000000000034
:1008C4000000000000000000000000000000000024
:1008D4000000000000000000000000000000000014
:1008E4000000000000000000000000000000000004
:1008F40000000000000000000000000000000000F4
:1009040000000000000000000000000000000000E3
:1009140000000000000000000000000000000000D3
:1009240000000000000000000000000000000000C3
:1009340000000000000000000000000000000000B3
:1009440000000000000000000000000000000000A3
:100954000000000000000000000000000000000093
:100964000000000000000000000000000000000083
:100974000000000000000000000000000000000073
:100984000000000000000000000000000000000063
:100994000000000000000000000000000000000053
:1009A4000000000000000000000000000000000043
:1009B4000000000000000000000000000000000033
:1009C4000000000000000000000000000000000023
:1009D4000000000000000000000000000000000013
:1009E4000000000000000000000000000000000003
:1009F40000000000000000000000000000000000F3
:100A040000000000000000000000000000000000E2
:100A140000000000000000000000000000000000D2
:100A240000000000000000000000000000000000C2
:100A340000000000000000000000000000000000B2
:100A440000000000000000000000000000000000A2
:100A54000000000000000000000000000000000092
:100A64000000000000000000000000000000000082
:100A74000000000000000000000000000000000072
:100A84000000000000000000000000000000000062
:100A94000000000000000000000000000000000052
:100AA4000000000000000000000000000000000042
:100AB4000000000000000000000000000000000032
:100AC4000000000000000000000000000000000022
:100AD4000000000000000000000000000000000012
:100AE4000000000000000000000000000000000002
:100AF40000000000000000000000000000000000F2
:100B040000000000000000000000000000000000E1
:100B140000000000000000000000000000000000D1
:100B240000000000000000000000000000000000C1
:100B340000000000000000000000000000000000B1
:100B440000000000000000000000000000000000A1
:100B54000000000000000000000000000000000091
:100B64000000000000000000000000000000000081
:100B74000000000000000000000000000000000071
:100B84000000000000000000000000000000000061
:100B94000000000000000000000000000000000051
:100BA4000000000000000000000000000000000041
:100BB4000000000000000000000000000000000031
:100BC4000000000000000000000000000000000021
:100BD4000000000000000000000000000000000011
:100BE4000000000000000000000000000000000001
:100BF40000000000000000000000000000000000F1
:100C040000000000000000000000000000000000E0
:100C140000000000000000000000000000000000D0
:100C240000000000000000000000000000000000C0
:100C340000000000000000000000000000000000B0
:100C440000000000000000000000000000000000A0
:100C54000000000000000000000000000000000090
:100C64000000000000000000000000000000000080
:100C74000000000000000000000000000000000070
:100C84000000000000000000000000000000000060
:100C94000000000000000000000000000000000050
:100CA4000000000000000000000000000000000040
:100CB4000000000000000000000000000000000030
:100CC4000000000000000000000000000000000020
:100CD4000000000000000000000000000000000010
:100CE4000000000000000000000000000000000000
:100CF40000000000000000000000000000000000F0
:100D040000000000000000000000000000000000DF
:100D140000000000000000000000000000000000CF
:100D240000000000000000000000000000000000BF
:100D340000000000000000000000000000000000AF
:100D4400000000000000000000000000000000009F
:100D5400000000000000000000000000000000008F
:100D6400000000000000000000000000000000007F
:100D7400000000000000000000000000000000006F
:100D8400000000000000000000000000000000005F
:100D9400000000000000000000000000000000004F
:100DA400000000000000000000000000000000003F
:100DB400000000000000000000000000000000002F
:100DC400000000000000000000000000000000001F
:100DD400000000000000000000000000000000000F
:100DE40000000000000000000000000000000000FF
:100DF40000000000000000000000000000000000EF
:100E040000000000000000000000000000000000DE
:100E140000000000000000000000000000000000CE
:100E240000000000000000000000000000000000BE
:100E340000000000000000000000000000000000AE
:100E4400000000000000000000000000000000009E
:100E5400000000000000000000000000000000008E
:100E6400000000000000000000000000000000007E
:100E7400000000000000000000000000000000006E
:100E8400000000000000000000000000000000005E
:100E9400000000000000000000000000000000004E
:100EA400000000000000000000000000000000003E
:100EB400000000000000000000000000000000002E
:100EC400000000000000000000000000000000001E
:100ED400000000000000000000000000000000000E
:100EE40000000000000000000000000000000000FE
:100EF40000000000000000000000000000000000EE
:100F040000000000000000000000000000000000DD
:100F140000000000000000000000000000000000CD
:100F240000000000000000000000000000000000BD
:100F340000000000000000000000000000000000AD
:100F4400000000000000000000000000000000009D
:100F5400000000000000000000000000000000008D
:100F6400000000000000000000000000000000007D
:100F7400000000000000000000000000000000006D
:100F8400000000000000000000000000000000005D
:100F9400000000000000000000000000000000004D
:100FA400000000000000000000000000000000003D
:100FB400000000000000000000000000000000002D
:100FC400000000000000000000000000000000001D
:100FD400000000000000000000000000000000000D
:100FE40000000000000000000000000000000000FD
:100FF40000000000000000000000000000000000ED
:1010040000000000000000000000000000000000DC
:1010140000000000000000000000000000000000CC
:1010240000000000000000000000000000000000BC
:1010340000000000000000000000000000000000AC
:10104400000000000000000000000000000000009C
:10105400000000000000000000000000000000008C
:10106400000000000000000000000000000000007C
:10107400000000000000000000000000000000006C
:10108400000000000000000000000000000000005C
:10109400000000000000000000000000000000004C
:1010A400000000000000000000000000000000003C
:1010B400000000000000000000000000000000002C
:1010C400000000000000000000000000000000001C
:1010D400000000000000000000000000000000000C
:1010E40000000000000000000000000000000000FC
:1010F40000000000000000000000000000000000EC
:1011040000000000000000000000000000000000DB
:1011140000000000000000000000000000000000CB
:1011240000000000000000000000000000000000BB
:1011340000000000000000000000000000000000AB
:10114400000000000000000000000000000000009B
:10115400000000000000000000000000000000008B
:10116400000000000000000000000000000000007B
:10117400000000000000000000000000000000006B
:10118400000000000000000000000000000000005B
:10119400000000000000000000000000000000004B
:1011A400000000000000000000000000000000003B
:1011B400000000000000000000000000000000002B
:1011C400000000000000000000000000000000001B
:1011D400000000000000000000000000000000000B
:1011E40000000000000000000000000000000000FB
:1011F40000000000000000000000000000000000EB
:1012040000000000000000000000000000000000DA
:1012140000000000000000000000000000000000CA
:1012240000000000000000000000000000000000BA
:1012340000000000000000000000000000000000AA
:10124400000000000000000000000000000000009A
:10125400000000000000000000000000000000008A
:10126400000000000000000000000000000000007A
:10127400000000000000000000000000000000006A
:10128400000000000000000000000000000000005A
:10129400000000000000000000000000000000004A
:1012A400000000000000000000000000000000003A
:1012B400000000000000000000000000000000002A
:1012C400000000000000000000000000000000001A
:1012D400000000000000000000000000000000000A
:1012E40000000000000000000000000000000000FA
:1012F40000000000000000000000000000000000EA
:1013040000000000000000000000000000000000D9
:1013140000000000000000000000000000000000C9
:1013240000000000000000000000000000000000B9
:1013340000000000000000000000000000000000A9
:101344000000000000000000000000000000000099
:101354000000000000000000000000000000000089
:101364000000000000000000000000000000000079
:101374000000000000000000000000000000000069
:101384000000000000000000000000000000000059
:101394000000000000000000000000000000000049
:1013A4000000000000000000000000000000000039
:1013B4000000000000000000000000000000000029
:1013C4000000000000000000000000000000000019
:1013D4000000000000000000000000000000000009
:1013E40000000000000000000000000000000000F9
:0C13F400000000000000000000000000ED
:040000056000100087
:00000001FF
